TDS (mg/l),Turbidity (NTU),pH,Flow Discharge (L/min)
187.27,4.487,6.459,21.447
475.357,8.63,8.446,9.709
365.997,8.695,6.364,37.508
299.329,4.707,7.632,18.038
78.009,9.729,6.033,50.817
77.997,0.756,7.017,53.085
29.042,0.034,6.773,61.207
433.088,3.807,6.955,60.68
300.558,6.011,7.245,67.813
354.036,6.292,7.501,23.815
10.292,4.764,7.459,73.353
484.955,1.249,7.577,52.958
416.221,1.705,8.111,44.293
106.17,8.521,8.217,65.142
90.912,8.679,7.843,50.625
91.702,6.739,6.197,53.041
152.121,6.642,8.403,3.302
262.378,5.977,8.368,80.402
215.973,2.029,7.779,42.993
145.615,4.283,7.294,52.29
305.926,6.959,6.627,39.601
69.747,5.373,7.891,55.602
146.072,0.186,8.195,6.35
183.181,9.536,7.663,39.007
228.035,8.448,7.573,67.199
392.588,2.605,6.483,93.906
99.837,6.165,6.894,85.069
257.117,9.232,7.808,96.319
296.207,0.96,6.042,78.37
23.225,5.03,7.603,63.629
303.772,4.562,7.917,42.904
85.262,4.102,6.837,13.191
32.526,8.356,6.19,25.829
474.443,3.806,8.048,27.846
482.816,0.637,6.355,43.36
404.199,0.658,6.927,61.374
152.307,0.427,7.768,62.248
48.836,4.091,8.042,46.099
342.117,7.184,8.156,28.19
220.076,2.037,7.326,6.593
61.019,6.465,7.19,98.895
247.588,6.871,8.121,94.016
17.194,2.552,7.408,19.11
454.66,6.006,7.447,60.934
129.39,6.849,7.085,30.27
331.261,4.666,6.932,20.248
155.856,3.367,7.201,68.757
260.034,6.192,6.912,78.833
273.355,9.778,6.859,41.253
92.427,4.268,8.484,6.847
484.792,3.917,6.841,40.748
387.566,4.643,6.641,53.687
469.749,0.762,6.885,89.428
447.414,5.532,7.477,66.023
298.95,3.287,8.277,71.339
460.937,1.214,7.97,21.06
44.246,4.663,8.106,72.307
97.991,0.034,8.148,50.681
22.614,4.018,8.301,82.221
162.665,1.057,6.588,22.421
194.339,0.243,7.146,51.971
135.675,8.245,6.963,21.738
414.369,9.162,6.955,29.306
178.377,2.077,7.631,83.388
140.467,5.393,7.005,69.092
271.348,2.78,7.541,73.12
70.462,4.936,6.956,7.785
401.098,4.366,6.778,73.147
37.275,2.691,6.883,49.649
493.443,7.004,8.009,46.455
386.122,1.265,7.503,41.85
99.358,0.531,8.435,85.328
2.761,7.677,8.082,18.569
407.731,6.659,7.214,81.597
353.429,4.985,6.606,92.904
364.504,4.678,7.685,17.656
385.635,4.974,7.817,99.96
37.022,4.37,7.16,99.063
179.233,3.929,6.575,62.511
57.935,4.997,7.393,27.585
431.552,5.285,6.635,43.533
311.649,6.919,8.35,17.868
165.449,7.112,7.572,12.9
31.779,3.776,6.73,70.699
155.491,4.135,6.539,58.405
162.592,3.737,7.792,56.794
364.803,5.365,7.769,25.528
318.779,4.534,7.493,24.256
443.606,8.896,7.536,98.984
236.107,6.964,7.51,63.249
59.797,8.987,6.9,82.126
356.622,7.091,8.344,38.473
380.393,9.71,7.198,84.524
280.639,6.357,6.051,72.516
385.484,9.636,6.871,35.662
246.898,1.582,6.326,72.052
261.366,0.525,6.908,92.637
213.771,5.791,7.521,22.159
12.71,9.835,6.057,55.216
53.946,4.176,8.176,96.698
15.715,2.12,7.526,82.318
318.205,5.215,6.738,62.409
157.178,6.488,6.778,7.907
254.285,3.152,7.164,41.226
453.783,7.148,6.62,65.426
124.646,9.751,6.011,41.557
205.191,8.97,6.066,99.711
377.776,2.916,6.894,75.586
114.399,3.267,6.311,19.521
38.49,3.715,6.056,49.548
144.876,3.946,8.148,39.013
80.611,1.003,6.685,59.79
464.849,7.62,7.258,45.21
404.06,3.653,6.449,24.552
316.702,8.798,6.117,72.713
435.73,9.269,7.862,11.559
401.836,0.244,6.312,53.681
93.285,9.885,6.064,31.706
446.279,7.1,7.468,96.687
269.671,5.204,6.034,31.053
403.72,3.895,7.091,34.753
448.046,5.185,6.722,71.002
159.002,3.246,6.799,13.719
55.026,6.227,6.01,33.138
113.968,0.93,8.411,69.896
213.554,6.211,7.292,4.045
409.007,2.753,7.431,31.789
430.365,0.176,7.665,1.817
3.476,5.527,7.994,15.873
255.374,5.784,7.52,60.816
208.706,4.266,7.905,46.215
111.054,0.723,7.122,16.447
59.933,8.933,6.928,8.725
168.808,6.114,8.058,6.576
471.455,1.157,8.163,9.45
161.601,5.109,6.345,10.512
259.395,4.973,7.357,9.545
351.509,0.604,7.709,6.453
181.815,6.069,6.209,70.006
485.891,8.083,8.324,94.185
481.224,7.49,7.3,85.742
125.891,2.03,7.614,27.32
248.624,8.623,6.446,21.224
150.439,3.425,6.661,5.743
142.42,9.465,6.303,16.447
18.443,0.717,6.66,57.209
304.782,4.862,7.231,99.814
251.34,5.971,8.084,86.044
25.739,2.477,7.334,51.977
139.323,7.714,6.611,42.922
454.133,6.269,6.112,15.635
119.781,0.181,7.555,42.441
72.447,6.084,7.05,59.891
244.726,4.915,8.461,59.952
492.825,1.96,7.949,56.197
121.028,9.957,8.021,82.578
336.068,8.972,6.031,51.498
380.81,2.925,7.944,47.812
118.819,5.411,6.487,31.272
364.108,3.165,7.464,18.844
183.892,7.755,7.119,1.139
316.153,9.303,7.429,32.888
316.765,3.588,6.334,63.675
267.887,8.056,7.142,56.331
45.145,4.984,6.092,53.521
417.651,3.966,6.102,77.465
160.39,9.384,7.644,24.052
93.259,5.104,8.379,68.175
20.388,4.674,7.943,61.109
295.446,6.724,7.173,34.56
338.782,2.612,6.14,22.636
8.294,3.248,6.113,56.706
256.047,9.32,6.395,94.57
113.248,6.785,8.44,8.559
322.586,8.266,6.997,95.345
87.183,2.711,8.109,47.011
345.469,5.438,7.763,71.294
193.368,9.714,7.514,80.517
468.365,3.187,8.37,16
68.76,1.605,6.576,5.451
170.533,5.109,7.137,13.721
56.737,3.878,8.162,34.754
462.347,1.596,7.379,95.699
438.67,8.886,6.616,5.235
128.971,9.907,6.522,92.06
329.992,5.686,7.882,56.568
408.611,7.747,6.032,11.132
277.6,8.59,8.285,16.122
264.825,7.01,6.046,69.244
120.926,0.442,7.577,61.237
46.551,1.576,7.512,17.578
448.608,0.71,7.446,90.529
450.209,0.099,7.186,14.157
316.551,3.06,8.131,51.646
169.515,3.924,7.648,53.301
174.605,2.41,7.955,87.18
362.978,0.646,6.289,3.193
448.555,5.299,6.125,14.509
443.543,2.733,6.071,17.897
389.938,7.96,6.368,7.225
321.016,0.081,7.668,63.517
42.07,8.425,7.235,23.73
80.814,9.548,7.881,58.09
449.277,7.161,6.479,78.479
303.215,7.336,6.917,41.444
4.599,9.336,8.221,77.116
50.736,2.091,8.339,78.009
331.751,9.946,8.304,27.079
2.531,7.735,8.046,2.559
80.404,7.266,7.721,11.225
274.367,3.611,8.284,82.529
345.948,5.458,7.785,41.125
325.981,6.539,8.385,84.071
112.135,6.203,6.062,55.204
356.09,7.05,8.304,20.542
118.625,0.824,7.389,71.511
162.7,3.556,6.279,56.26
373.246,4.34,6.537,35.829
324.816,2.606,8.13,9.684
424.612,1.726,7.265,11.128
328.806,1.389,8.457,19.663
284.154,3.664,6.294,67.62
46.837,4.934,7.031,73.069
183.858,0.63,6.83,63.461
132.601,9.465,7.29,34.39
121.995,7.652,7.584,44.607
486.505,7.309,7.654,71.246
196.549,1.729,6.003,66.326
446.023,6.038,6.222,77.528
315.569,5.297,6.088,24.873
397.406,9.825,8.161,1.444
251.319,7.477,6.783,27.378
288.452,5.758,6.918,35.441
246.259,8.508,7.126,96.091
97.621,1.551,8.123,22.555
361.226,0.152,6.035,82.814
140.386,6.902,6.297,62.629
12.158,0.983,7.713,17.586
322.736,1.154,8.41,40.947
88.555,7.447,7.607,51.506
470.229,2.705,6.653,35.071
476.964,6.286,7.3,23.389
457.432,9.174,8.437,26.032
185.079,3.165,7.32,58.935
7.728,2.171,6.934,69.122
464.159,1.066,6.959,47.428
214.092,1.305,8.418,94.232
483.327,0.622,7.797,73.128
481.81,0.876,7.718,89.284
426.505,4.32,6.58,48.091
147.224,3.209,7.399,2.473
192.549,7.066,6.892,59.615
425.568,8.702,6.601,82.008
158.461,7.848,8.239,54.117
84.746,5.306,6.958,57.222
278.401,1.024,6.707,97.522
468.077,7.098,8.329,37.248
348.015,3.628,6.493,80.385
285.031,0.857,7.864,51.002
48.588,8.425,7.632,46.907
307.504,3.382,8.301,15.412
495.027,2.182,8.08,75.091
70.042,8.715,7.763,82.506
259.165,9.021,6.786,43.657
438.687,3.39,7.239,76.59
370.384,3.548,8.361,58.531
348.508,5.796,6.058,26.498
351.242,7.334,7.986,92.448
179.746,0.631,6.63,69.98
146.796,5.933,6.463,87.955
404.681,9.528,6.581,28.865
405.057,2.621,6.149,91.72
433.536,9.088,8.48,37.102
456.62,9.502,8.175,1.944
255.671,2.692,7.303,8.428
250.758,7.542,7.788,9.845
399.148,2.388,7.391,21.507
324.982,7.376,8.029,19.466
350.983,7.974,8.112,6.732
397.896,2.472,6.582,89.644
445.003,7.159,7.149,83.003
168.998,8.121,7.587,76.52
187.791,3.586,8.446,48.434
46.991,1.677,7.707,43.09
289.14,0.92,8.244,43.111
17.971,5.754,8.115,26.915
232.799,9.781,7.455,61.218
271.322,8.23,8.234,6.849
143.271,4.358,6.944,66.22
295.417,5.366,6.948,51.872
15.25,2.795,7.952,81.836
18.674,1.631,6.336,97.301
411.3,4.821,6.765,87.784
180.095,4.635,7.521,72.272
63.53,5.219,7.05,43.846
261.122,9.528,8.352,22.238
384.997,6.039,8.396,66.822
107.911,6.058,7.256,20.958
311.445,1.28,7.348,3.006
42.674,9.965,7.812,57.75
25.841,7.728,7.143,40.019
265.677,8.772,6.475,87.726
270.318,4.143,7.867,64.932
318.715,5.021,7.844,65.078
363.046,5.221,6.612,79.001
487.926,1.941,8.082,34.23
258.15,6.895,7.534,95.859
161.478,9.03,6.591,22.911
397.593,1.637,7.63,87.296
135.416,0.863,6.584,91.173
219.486,7.382,6.663,4.865
39.228,2.732,8.12,63.55
12.675,6.239,8.324,75.193
481.324,6.958,6.642,95.429
417.99,3.219,8.32,25.887
347.987,8.151,6.597,56.623
204.476,5.5,6.293,77.539
86.647,8.69,6.146,15.687
78.219,7.633,6.605,85.445
125.121,8.686,6.963,40.96
274.613,0.202,8.319,64.335
357.298,2.435,6.605,5.162
330.099,0.9,6.914,23.071
139.967,4.421,7.835,48.34
477.433,8.9,6.755,29.632
368.948,4.675,7.711,95.826
277.177,8.497,7.08,79.698
305.86,3.272,6.491,86.623
209.8,3.396,7.835,47.165
123.865,8.956,6.068,47.891
177.986,4.258,6.731,80.714
378.923,7.898,6.89,39.366
7.197,2.366,7.146,48.604
58.036,9.488,7.7,53.33
23.001,5.746,7.149,61.109
20.364,7.593,7.486,65.347
427.73,0.895,7.489,68.394
351.829,4.927,6.933,44.957
237.087,9.01,8.335,30.22
48.917,8.77,8.39,92.095
245.808,0.468,7.455,82.845
236.736,3.037,6.179,1.34
86.601,4.433,7.228,51.779
216.926,1.723,6.461,28.186
199.252,7.3,7.208,64.63
307.925,1.845,6.471,50.761
317.547,3.466,7.76,3.095
22.652,6.633,6.201,73.049
187.306,4.821,8.383,28.263
312.93,7.386,6.488,26.763
251.568,9.612,7.652,4.161
428.245,1.165,8.292,83.005
329.347,7.096,6.62,58.305
81.467,2.303,8.336,48.999
35.284,4.145,6.972,67.905
321.21,0.329,8.401,35.192
13.256,1.359,8.428,57.378
292.888,3.198,6.47,25.678
470.115,3.42,8.078,7.233
287.737,8.996,6.484,56.573
194.085,7.418,6.566,22.898
321.644,9.722,6.21,75.254
229.126,5.991,6.391,45.732
272.808,2.417,7.581,25.789
470.732,3.277,7.123,61.226
193.051,3.198,7.977,12.545
480.595,3.265,6.83,76.381
452.675,6.73,8.422,45.766
97.896,5.308,6.125,81.452
34.681,3.854,6.157,14.672
50.389,1.491,7.753,38.872
9.111,0.221,8.219,18.823
47.221,2.188,7.989,7.058
341.503,1.075,7.225,95.579
35.594,7.854,6.674,72.938
159.488,1.125,6.034,33.235
422.438,7.242,7.274,25.369
11.636,3.857,7.189,21.228
407.234,0.734,6.861,5.258
140.927,8.127,7.445,11.164
59.082,5.796,7.822,11.188
348.369,2.358,7.752,66.96
314.471,8.947,6.658,59.876
438.736,0.453,7.463,57.251
367.536,2.018,6.372,73.712
401.74,7.52,6.304,25.866
141.017,7.094,7.965,34.905
88.72,2.893,7.734,13.543
375.307,0.62,7.92,59.183
403.417,8.581,6.381,93.358
495.253,3.137,8.287,86.451
206.309,1.957,6.333,55.945
186.009,5.161,8.175,64.816
388.206,9.102,6.881,99.239
170.402,0.435,6.264,52.218
465.379,7.658,6.717,87.188
429.206,5.725,6.454,50.565
214.497,4.254,7.227,5.739
375.436,7.441,8.374,93.531
377.271,9.658,6.82,12.076
51.562,2.292,7.53,70.715
451.276,1.436,8.229,24.558
252.626,9.129,7.575,90.203
413.229,6.69,6.905,20.848
160.025,4.38,8.477,14.867
447.762,5.733,6.469,44.433
194.601,7.456,7.308,50.171
5.419,7.73,7.992,82.074
452.691,9.199,6.002,76.478
45.643,4.268,7.755,33.499
159.657,2.934,6.666,39.11
475.031,6.397,6.424,58.09
475.304,4.157,6.685,55.606
286.719,5.946,8.417,86.343
315.919,4.2,8.23,47.775
224.223,1.53,6.534,89.457
146.605,4.694,6.293,21.302
164.332,6.909,6.91,86.895
336.259,7.993,7.481,31.125
376.187,4.933,8.168,79.137
395.79,1.652,8.415,56.973
394.809,4.147,7.878,87.681
45.603,7.863,7.498,23.894
247.21,4.129,6.356,70.448
28.779,6.965,6.185,85.047
274.764,5.072,7.49,77.892
220.765,2.412,7.348,57.034
443.852,7.962,8.115,67.865
175.458,0.842,6.807,20.455
58.534,5.249,6.099,22.43
71.496,2.089,7.059,27.462
380.755,0.671,8.423,82.973
309.109,5.029,7.989,17.577
50.561,4.996,6.084,30.593
42.053,7.069,8.187,92.123
350.485,7.448,7.179,75.768
36.382,7.278,6.912,73.579
410.93,4.096,6.867,46.059
353.121,6.317,7.488,70.534
40.674,5.769,7.326,57.007
42.419,4.216,7.642,8.075
493.32,5.972,7.434,58.076
187.135,9.472,6.36,45.772
185.321,1.929,6.643,12.282
406.4,9.058,8.103,35.082
473.624,0.535,7.658,89.585
493.001,3.084,7.121,80.567
376.689,2.881,6.457,91.476
188.13,6.264,6.019,71.991
41.75,1.312,6.78,63.623
388.573,8.823,6.137,14.785
279.202,8.286,7.206,11.614
212.111,6.521,8.055,25.429
453.177,4.584,6.713,32.106
55.599,9.33,8.119,61.097
246.313,8.307,7.761,87.854
5.677,4.993,6.313,89.182
234.33,7.019,7.611,68.553
28.152,5.669,6.379,57.817
59.409,5.879,7.637,25.194
58.763,3.31,6.357,93.857
324.605,4.621,6.981,67.44
373.022,0.781,7.416,53.812
291.684,3.573,6.126,11.292
481.086,6.958,6.383,82.762
187.435,9.532,6.801,35.55
142.856,9.631,7.156,90.158
434.3,5.557,8.146,17.673
111.798,6.066,6.468,5.811
481.611,1.857,6.869,44.038
6.077,6.953,7.189,8.752
484.939,0.707,6.739,7.118
21.58,2.847,7.564,71.659
445.572,6.684,6.642,26.48
263.851,3.103,7.931,64.246
496.482,0.498,7.263,57.512
36.898,8.319,6.216,14.935
276.927,3.103,7.567,39.192
484.651,0.631,7.423,7.54
261.549,0.748,6.846,42.746
314.699,2.518,6.028,19.054
347.874,1.78,6.502,10.535
227.271,7.743,7.014,32.382
313.779,3.217,6.5,1.339
292.157,8.047,7.444,76.019
450.579,1.738,7.781,16.66
22.723,4.929,8.14,62.958
140.482,6.88,7.617,83.426
475.206,6.52,7.723,91.807
445.132,6.011,7.521,56.2
227.828,9.248,8.464,79.04
310.066,2.285,6.653,46.022
138.691,4.937,6.666,49.528
94.061,8.84,6.316,55.13
231.849,0.779,7.214,67.344
176.676,0.559,6.24,67.322
291.828,2.333,6.675,78.752
38.867,6.33,7.207,62.077
487.197,2.599,8.394,88.381
493.105,1.902,8.41,71.214
349.081,4.588,7.859,92.966
268.048,6.136,6.973,75.293
154.764,2.486,8.163,74.132
406.898,3.007,8.189,86.179
342.366,6.136,8.275,65.925
81.308,9.457,7.6,18.778
455.464,6.747,6.504,9.214
411.269,7.829,6.228,32.267
474.9,3.668,8.287,81.625
362.86,2.723,6.139,3.149
306.708,4.543,6.74,15.854
209.122,8.071,7.217,11.505
466.364,4.563,6.055,4.68
433.032,8.467,8.267,81.218
22.609,9.888,6.718,28.679
13.183,0.72,6.071,73.164
188.232,0.454,8.484,15.049
405.277,1.496,6.778,41.484
493.638,3.844,8.192,12.53
75.208,1.31,7.134,1.246
297.065,8.707,7.658,61.703
190.445,0.231,6.603,48.617
484.957,3.158,7.257,42.247
421.059,1.847,6.644,8.787
419.164,9.315,8.378,59.232
234.347,6.695,6.152,78.22
207.41,9.12,6.687,7.657
136.704,9.723,8.233,41.932
28.188,4.971,7.2,31.844
432.361,2.343,7.5,89.296
406.451,1.937,7.629,27.003
499.859,2.229,6.177,94.484
498.318,7.086,6.044,83.012
277.716,0.404,8.345,10.916
384.494,0.514,6.679,48.583
472.383,6.081,6.951,65.251
424.824,6.421,7.705,59.714
123.674,6.653,6.591,68.244
225.272,3.719,7.833,43.204
64.58,8.059,7.146,90.57
477.026,5.336,8.142,27.766
303.087,1.055,6.696,10.316
114.321,7.971,6.51,97.819
335.85,9.531,8.079,65.544
309.064,0.6,6.816,66.261
179.081,3.914,7.03,81.935
56.779,4.875,7.984,42.723
335.787,1.465,7.589,39.237
260.154,8.677,7.104,94.965
386.159,2.841,6.625,39.291
260.082,7.83,7.911,8.769
426.091,6.71,6.451,31.475
275.953,5.98,8.321,87.481
280.469,1.921,6.376,10.401
438.327,2.207,8.012,71.954
201.741,0.473,7.061,27.374
67.008,2.407,6.465,74.831
14.391,3.454,7.006,51.941
377.569,8.331,6.554,64.021
310.155,3.664,6.34,25.076
352.04,7.546,6.598,17.644
106.482,4.394,8.168,7.268
68.186,7.849,6.265,82.732
7.272,9.763,8.431,71.338
175.294,2.398,6.012,30.042
294.959,8.623,7.646,83.854
196.122,6.218,8.141,83.536
218.737,8.173,8.335,14.638
452.079,6.516,6.36,71.655
174.128,4.239,7.746,29.936
256.995,2.281,6.268,47.252
391.827,0.7,6.882,43.584
198.271,5.355,7.83,60.418
311.043,9.903,6.865,35.366
431.182,7.38,6.783,8.252
474.76,3.273,6.29,67.592
73.537,8.272,6.166,96.097
463.294,7.69,6.288,67.119
246.058,2.816,8.189,54.421
129.122,0.143,6.028,17.199
229.568,1.182,7.732,62.893
490.016,8.773,7.922,61.498
246.309,8.366,7.42,62.257
164.376,2.952,7.827,89.339
316.7,2.852,7.631,71.916
120.073,7.929,7.139,78.557
37.932,9.377,6.957,32.021
64.44,7.791,8.353,27.767
64.023,6.056,8.43,21.471
75.951,2.427,7.628,78.059
69.414,5.257,6.493,70.16
320.437,2.335,7.12,34.867
90.94,8.08,7.241,14.97
172.834,3.87,7.895,84.82
448.394,8.337,7.669,39.044
236.981,3.816,7.287,19.785
333.779,8.241,7.701,15.297
86.16,3.333,6.06,92.048
96.145,4.401,7.942,13.886
20.434,6.155,6.529,36.608
84.468,0.703,7.641,63.587
139.295,9.482,6.285,41.4
88.505,5.736,6.286,48.269
44.351,5.078,6.089,80.46
60.318,8.394,8.276,99.924
230.389,8.658,7.511,47.255
103.167,5.223,6.905,38.504
182.135,9.273,7.969,41.27
251.709,0.647,7.565,37.542
345.197,1.132,7.55,47.903
19.656,5.968,7.218,33.978
399.705,3.541,6.02,46.799
313.95,4.642,6.646,94.6
40.88,3.281,6.273,29.335
436.789,4.047,7.656,65.536
460.436,8.226,6.622,49.206
30.539,5.935,7.125,73.507
138.439,9.973,6.884,47.757
403.101,7.869,6.358,16.894
374.13,2.737,8.396,87.369
92.261,2.643,8.334,67.901
104.675,3.359,6.212,53.061
185.236,8.433,8.068,83.277
242.261,0.273,7.221,97.642
309.127,2.302,7.934,41.531
184.457,9.049,6.378,35.953
231.267,6.399,6.331,75.606
373.735,2.268,8.227,46.006
18.342,2.191,8.245,9.491
126.218,8.626,7.165,36.087
356.675,8.938,8.175,81.055
447.603,2.561,7.669,70.963
255.839,4.205,6.463,86.422
266.057,8.346,6.822,15.516
53.586,7.71,6.34,25.148
223.706,8.139,7.935,22.259
266.309,5.184,8.463,97.162
121.235,9.115,7.366,17.724
134.622,3.26,7.64,60.195
188.642,1.567,7.865,63.658
10.036,7.087,6.561,62.27
161.04,5.394,6.84,69.475
105.724,8.546,7.031,48.908
163.749,0.812,7.486,9.285
59.881,8.437,8.126,70.422
445.264,2.933,6.636,28.829
296.796,6.549,7.177,8.511
339.551,0.401,7.879,17.809
394.586,6.096,6.218,29.435
249.221,7.173,7.282,43.812
43.46,3.688,6.361,86.271
268.553,2.154,7.348,54.114
293.421,5.376,7.92,47.725
372.72,8.332,6.592,19.935
215.83,3.235,8.124,95.967
63.79,2.525,6.837,90.943
141.888,2.789,6.477,81.792
181.541,9.491,7.163,32.992
322.959,3.593,8.19,56.601
285.389,0.036,6.172,39.496
178.048,7.817,6.819,40.889
493.258,6.993,7.633,8.141
302.887,1.286,6.894,14.864
118.613,9.849,6.177,96.156
50.891,6.081,6.83,61.398
76.43,5.008,8.052,1.625
122.979,3.822,8.42,81.109
80.341,8.987,6.099,9.617
93.284,2.44,7.423,71.107
142.548,2.858,6.263,62.464
86.687,1.224,7.701,7.232
448.383,7.591,6.02,53.563
40.117,5.955,6.037,5.696
262.256,6.091,7.942,7.375
205.198,2.185,6.186,6.067
491.189,6.512,6.763,26.289
56.019,7.655,8.395,80.375
198.928,3.579,8.463,36.883
484.735,8.013,6.404,64.314
432.754,3.488,7.402,13.36
408.536,7.581,7.398,93.354
128.951,0.337,7.131,50.92
85.444,5.512,8.312,3.435
334.322,9.695,7.885,54.203
464.688,9.812,7.911,19.268
278.381,2.818,6.674,20.386
285.806,4.414,7.086,60.437
139.99,0.63,7.219,23.412
384.746,8.733,6.747,22.184
93.522,5.686,6.237,54.555
161.84,3.851,6.316,24.31
212.718,1.128,6.452,11.941
253.805,9.468,6.509,41.417
121.205,5.302,6.606,6.148
57.418,2.829,6.639,90.627
305.31,3.502,7.139,45.702
144.315,2.707,7.274,2.296
290.619,6.018,6.772,23.241
77.181,9.3,8.268,95.824
240.57,8.567,7.383,50.143
266.295,4.604,7.969,36.53
25.912,8.265,8.311,32.196
168.302,4.231,6.408,42.28
67.207,2.523,7.07,21.965
31.687,9.834,7.083,75.164
494.98,3.039,6.886,51.322
161.177,3.237,6.022,75.392
404.937,9.897,8.04,26.184
127.32,1.339,6.279,1.144
340.751,7.605,8.489,96.657
380.114,9.358,7.932,51.695
297.819,5.118,7.45,8.894
235.788,0.025,6.387,11.271
205.92,3.751,7.288,44.033
174.434,1.116,6.653,69.831
464.765,4.162,6.631,40.268
415.31,7.9,8.074,82.195
482.513,4.387,6.952,33.577
62.149,4.319,7.127,5.515
365.434,5.568,8.107,1.821
469.17,5.817,6.219,86.085
90.617,8.563,7.487,98.462
33.248,3.084,7.446,14.147
370.56,8.217,7.063,7.142
287.237,5.659,8.074,91.526
420.914,3.005,8.357,10.975
69.886,2.951,7.163,23.612
397.634,3.611,7.14,80.363
100.814,6.227,7.255,99.8
81.828,2.308,7.808,49.115
82.133,9.203,7.67,21.866
407.287,5.749,6.557,84.924
332.599,9.2,6.16,40.037
261.533,0.464,8.373,27.992
179.415,3.426,6.653,49.551
438.6,0.228,7.596,85.724
196.223,2.723,8.071,24.067
408.3,8.62,6.751,42.96
219.567,0.366,7.589,44.98
188.472,4.361,6.27,83.444
231.34,1.176,8.425,67.925
150.689,4.168,6.145,78.268
373.805,8.389,7.095,69.645
251.36,6.231,7.342,59.675
116.106,7.368,7.976,14.109
449.787,3.491,6.303,83.462
191.946,9.444,7.102,61.121
271.776,7.093,6.749,70.416
453.236,4.218,6.78,78.096
312.119,4.265,7.947,31.858
58.449,9.187,6.014,44.294
469.916,5.764,7.873,54.588
313.854,7.064,8.026,34.939
167.453,4.17,8.253,26.595
69.636,2.237,7.567,77.906
397.013,7.236,6.834,75.619
310.036,6.078,7.068,83.348
266.731,5.013,8.424,69.973
446.946,6.24,8.203,31.861
394.299,2.083,7.159,33.373
75.837,7.939,8.358,53.252
155.861,9.482,8.057,83.724
124.245,8.911,8.253,35.283
371.973,3.214,7.707,76.828
16.766,4.06,8.144,31.264
284.945,8.084,8.229,34.514
381.229,5.951,6.23,75.484
438.383,5.479,8.413,68.179
171.041,9.266,6.834,21.615
410.629,5.36,7.1,82.875
55.316,5.149,7.98,78.676
423.226,0.42,7.662,79.944
63.744,0.694,8.233,47.565
198.644,0.074,7.001,33.535
398.648,9.132,6.933,85.128
74.959,4.084,6.079,59.233
114.626,4.686,7.157,93.167
361.126,8.454,7.81,26.129
360.018,6.092,6.753,97.587
320.574,6.095,7.157,38.543
346.974,2.965,6.548,39.063
271.362,8.339,7.932,24.643
125.9,1.658,6.151,96.538
172.848,0.531,7.763,4.932
90.799,1.916,6.947,47.862
454.225,2.677,6.104,37.183
291.696,2.823,8.134,16.767
200.426,6.705,7.219,71.611
231.003,2.178,7.498,89.934
473.642,6.767,7.83,25.113
76.676,0.911,7.638,50.268
293.115,1.472,7.827,58.243
252.944,5.088,7.906,39.658
305.727,9.219,7.473,92.232
9.055,8.596,6.914,46.69
436.062,9.688,6.608,98.295
466.059,6.505,8.257,30.225
282.567,6.758,8.425,8.251
348.325,6.25,6.894,57.922
461.25,6.228,6.281,82.511
353.619,1.471,6.556,39.451
76.27,5.437,7.677,19.325
288.144,3.861,6.432,74.086
303.358,4.425,7.95,27.818
212.065,5.236,8.308,77.204
368.222,1.284,8.409,26.97
467.184,3.595,6.023,56.172
462.784,0.634,8.395,88.88
225.42,9.797,7.85,21.257
56.619,1.185,6.21,82.249
492.421,2.585,7.038,27.278
419.449,8.913,7.75,66.406
62.331,4.827,8.392,25.128
460.421,1.356,6.41,12.342
434.948,3.842,6.319,66.738
259.419,1.159,7.181,59.894
295.638,2.002,8.42,40.747
199.501,0.52,8.428,4.632
27.381,4.382,6.57,48.053
167.599,8.066,6.798,15.722
401.427,5.86,8.27,36.588
2.316,6.063,7.837,59.034
166.75,2.006,8.431,93.996
199.084,3.439,8.233,51.62
268.698,8.452,6.538,20.284
459.928,0.879,7.899,94.676
173.173,8.579,6.121,3.565
173.477,4.837,8.045,64.639
368.751,8.371,7.504,26.977
226.109,3.18,8.39,75.994
112.302,3.388,8.4,33.791
226.22,7.516,6.127,43.446
70.429,7.85,6.401,77.271
88.193,2.296,7.211,89.884
249.184,9.729,8.199,19.073
209.463,0.845,8.036,30.333
457.423,0.685,8.411,1.428
181.197,5.955,7.545,85.801
290.294,7.227,6.641,94.766
316.132,9.609,6.063,28.665
6.547,4.049,6.557,39.071
331.769,0.253,7.688,43.467
89.018,6.029,8.316,41.565
480.535,2.897,6.802,39.895
74.331,4.329,8.189,48.112
207.312,4.885,6.987,16.225
42.675,0.645,6.771,6.71
498.437,4.86,7.272,72.629
251.098,4.263,7.106,84.81
297.693,7.125,8.284,81.209
33.538,6.457,7.171,63.036
374.98,1.852,6.693,96.912
104.953,2.061,8.106,1.153
449.027,2.51,8.497,32.635
102.57,1.79,7.62,31.692
95.344,6.572,6.626,35.618
18.275,9.944,6.597,80.199
236.033,6.521,6.144,35.798
282.421,6.067,6.193,53.181
32.854,4.099,8.287,61.78
387.764,3.126,6.241,84.693
226.644,9.111,7.211,61.97
262.195,9.69,7.745,38.749
220.381,4.968,8.126,69.779
200.382,2.902,6.428,52.038
279.82,7.701,7.094,53.312
77.62,1.325,6.629,34.18
90.964,7.656,6.64,1.159
430.893,8.189,6.76,36.229
473.058,1.249,7.468,30.969
186.655,9.769,6.041,10.934
135.372,9.855,7.022,20.665
322,9.367,6.467,98.108
204.367,4.96,8.418,28.702
12.693,2.461,7.457,52.298
78.076,5.82,8.17,55.384
357.986,4.199,6.489,56.443
329.462,2.059,8.025,5.685
13.548,4.237,7.037,77.375
110.986,6.639,6.444,73.304
115.537,0.709,7.903,97.742
335.946,3.334,7.905,19.284
9.855,0.178,8.49,55.825
52.054,7.495,7.952,80.579
399.958,6.407,6.363,13.31
89.272,0.627,6.806,79.168
326.373,9.647,7.129,27.726
119.091,0.226,6.317,28.804
49.721,5.9,7.97,94.614
121.586,7.764,7.317,32.073
361.133,7.879,8.361,58.84
427.848,0.343,7.473,44.569
415.11,9.064,7.307,8.738
198.592,9.185,6.179,95.098
334.043,5.614,6.373,22.159
102.492,4.821,8.124,27.502
146.574,0.449,8.477,38.347
448.168,5.62,7.038,50.355
6.501,4.094,8.025,15.284
42.754,7.728,7.569,63.364
103.943,4.039,8.398,51.956
13.266,6.836,6.595,30.998
90.718,1.014,7.362,69.573
291.521,1.33,7.022,51.894
210.712,1.397,7.354,84.228
446.336,0.455,6.672,85.685
408.722,5.413,7.244,98.031
170.909,7.94,7.562,7.666
129.712,6.104,6.203,41.113
189.846,5.75,7.857,50.65
295.147,6.806,7.766,24.147
134.032,3.396,8.201,92.281
312.074,3.62,7.065,9.725
204.706,3.143,6.154,43.422
276.024,7.121,7.154,19.334
218.063,1.616,6.344,68.532
147.233,0.13,7.619,70.794
474.227,5.962,6.118,87.379
381.803,9.424,6.935,41.488
70.057,6.094,6.207,77.736
434.234,7.829,6.008,55.408
243.716,6.728,8.401,81.415
447.276,4.974,8.49,9.453
399.928,7.184,7.389,46.881
212.607,8.241,6.597,15.905
11.235,2.247,8.278,79.245
134.339,3.361,8.308,16.114
270.817,2.237,8.136,1.798
316.739,4.522,7.361,93.023
128.944,8.851,6.187,48.975
69.678,3.452,6.221,98.534
417.465,3.745,8.242,45.847
492.201,8.604,8.19,59.488
262.845,5.154,7.086,74.673
85.84,5.354,6.82,28.799
136.154,8.608,7.61,14.153
9.195,4.905,8.017,66.452
457.149,6.816,7.829,51.558
58.876,0.856,7.539,82.853
288.258,1.786,6.579,5.462
137.028,4.044,6.656,54.932
277.089,4.948,7.81,19.39
325.71,9.657,8.007,62.114
414.871,9.707,6.29,76.284
103.211,8.512,6.468,27.038
5.498,3.156,7.701,48.697
68.443,9.64,6.972,42.6
450.009,6.893,7.408,75.732
436.945,3.929,7.537,60.387
298.707,7.017,7.941,12.95
300.258,0.165,8.014,97.698
332.518,1.462,6.7,91.321
87.686,8.297,7.353,58.293
457.206,6.456,6.309,77.97
209.385,3.642,8.105,2.977
191.569,5.007,8.114,20.948
259.459,9.051,6.749,77.018
23.483,6.316,6.402,11.513
83.142,3.981,6.175,5.23
369.017,1.203,7.437,61.956
41.399,2.937,6.229,4.39
301.576,9.783,7.701,19.128
122.675,4.374,7.695,8.918
194.648,4.718,7.535,53.893
144.347,4.986,8.191,68.016
177.836,8.841,6.946,19.148
359.523,6.039,8.256,47.407
148.561,6.937,6.092,2.997
283.202,3.894,6.282,27.201
238.025,0.291,7.031,18.781
331.836,9.31,7.485,17.43
468.415,9.491,6.081,23.277
366.286,9.492,7.419,80.729
107.47,9.437,6.768,95.025
15.592,8.152,8.218,70.899
131.132,6.846,7.333,8.153
297.539,8.445,7.47,63.188
25.713,6.005,8.364,73.677
248.183,1.344,7.91,12.001
298.421,3.912,7.096,30.138
167.122,9.713,7.192,43.41
385.456,3.511,7.62,31.762
53.299,8.678,6.5,52.314
37.569,0.932,6.222,13.961
364.094,3.342,6.778,45.03
247.746,3.51,7.946,73.595
344.201,0.516,6.643,46.632
217.414,1.191,6.327,21.833
123.201,1.932,6.548,80.409
409.551,8.378,7.697,40.045
399.708,0.634,7.535,43.084
347.348,2.987,7.721,36.405
136.073,0.102,6.805,29.683
295.115,6.956,8.252,60.593
180.487,6.203,7.129,19.593
45.791,6.45,7.284,77.154
458.657,3.744,8.372,48.688
68.409,2.083,8.448,88.475
475.119,7.203,7.654,93.95
223.003,8.111,8.362,38.914
92.566,1.386,7.354,16.723
270.95,4.868,6.768,51.021
436.473,2.487,6.788,27.775
366.112,1.681,7.397,43.226
403.281,7.343,7.513,38.367
329.392,5.381,7.099,45.597
346.138,2.162,8.209,50.358
424.598,3.1,7.067,63.115
124.834,9.667,6.684,1.378
244.712,8.487,6.02,26.386
110.605,8.799,8.426,17.855
493.834,4.6,8.061,71.334
472.03,6.238,7.539,83.4
19.713,3.768,8.076,72.85
352.788,0.777,8.026,97.492
462.624,4.011,8.33,8.648
90.288,5.94,6.965,47.011
283.973,2.871,7.387,90.038
457.744,8.48,6.247,32.59
16.973,1.511,8.413,80.429
348.71,3.671,8.463,56.612
148.675,1.249,7.973,97.877
462.198,4.048,7.135,37.731
485.529,0.397,7.241,42.3
472.133,2.725,7.088,17.217
237.107,4.007,6.733,16.804
431.021,4.782,7.319,86.239
422.275,5.437,6.134,41.322
159.55,2.75,8.48,62.426
414.458,5.23,7.06,75.473
18.504,5.09,8.318,44.386
298.135,3.162,7.811,95.425
115.004,8.302,6.725,93.879
60.283,5.456,6.555,68.332
38.477,3.323,8.489,99.526
348.144,9.473,7.93,1.262
169.937,8.451,6.624,1.916
362.383,9.826,6.169,7.686
32.678,6.922,7.742,94.408
157.645,3.782,6.758,60.879
269.746,2.809,6.553,92.845
395.362,6.633,7.837,13.583
159.376,9.808,7.698,4.166
312.946,6.267,7.204,54.785
442.989,8.816,8.357,18.347
307.932,3.291,7.699,86.124
116.48,4.07,8.234,42.621
12.2,9.063,6.476,77.275
435.049,7.569,6.742,52.127
10.635,9.814,6.261,53.338
437.351,7.748,6.761,68.503
264.469,4.485,8.429,34.21
469.534,5.311,8.407,94.936
399.392,9.005,7.901,40.641
498.967,5.516,7.303,40.406
175.356,2.554,7.952,71.035
383.594,4.356,7.384,63.989
200.965,5.163,6.009,99.582
239.938,0.967,7.254,85.173
313.753,7.438,7.497,29.174
436.839,1.094,6.664,11.054
492.042,4.049,6.508,11.556
384.137,8.046,6.685,36.799
208.883,4.676,7.559,48.241
210.679,8.42,6.365,64.075
368.791,3.419,7.801,85.915
119.389,9.576,7.057,98.965
55.237,2.095,6.883,41.463
177.311,0.383,8.018,55.012
143.619,8.724,7.265,60.474
148.154,7.522,6.946,56.298
116.804,2.32,8.195,9.941
21.047,9.847,6.921,12.389
8.937,5.023,8.148,88.987
493.861,9.511,7.26,67.883
213.887,5.05,6.52,68.197
192.163,4.719,7.532,81.663
339.824,4.491,6.713,9.33
109.127,3.349,6.368,42.133
474.981,5.337,6.216,25.421
393.173,4.526,6.604,66.42
44.706,0.367,7.841,22.279
208.79,2.604,8.095,69.52
439.559,2.131,8.154,39.402
472.366,8.674,6.675,44.501
233.701,5.989,7.652,81.983
306.706,7.637,6.576,35.469
83.517,9.568,7.557,26.403
495.584,6.44,8.218,85.176
115.836,9.826,6.102,68.855
471.366,3.118,8.463,40.986
324.823,1.863,8.068,50.358
303.868,4.033,7.904,35.438
256.344,4.708,7.728,55.57
115.335,8.954,7.926,14.731
88.264,5.599,8.486,88.956
110.243,2.922,7.925,55.851
93.219,7.426,6.879,39.142
389.792,5.058,7.535,57.588
175.063,1.621,6.842,16.958
28.921,5.768,8.425,8.769
484.551,9.114,8.25,55.264
441.893,8.426,7.419,7.979
463.876,5.868,7.953,66.426
497.454,3.771,8.274,80.224
86.948,0.87,6.609,98.848
198.121,4.696,7.449,77.155
379.119,7.521,7.204,97.438
348.01,3.603,7.929,3.196
76.948,2.354,6.948,56.326
407.917,9.314,7.772,17.309
112.22,8.216,7.007,25.268
111.909,6.383,6.278,73.719
268.487,1.368,6.268,26.03
296.47,1.449,6.298,18.801
290.043,1.032,6.081,37.813
45.743,6.163,7.332,9.242
438.73,1.156,7.68,15.503
132.8,8.426,6.317,15.499
64.757,9.93,7.53,23.38
444.374,3.663,7.494,87.199
477.826,4.537,6.368,30.228
431.064,7.117,7.01,28.113
404.758,9.372,7.888,13.473
327.621,8.941,6.042,2.594
275.429,0.576,6.367,16.878
43.493,1.691,8.49,72.574
204.227,7.546,7.834,97.015
186.344,6.889,7.16,74.638
129.877,1.332,7.575,85.47
361.71,5.021,8.116,78.888
247.938,7.808,8.106,30.309
40.523,2.188,6.812,73.392
110.092,8.713,7.228,75.308
341.629,0.53,7.595,26.598
38.065,7.822,6.18,92.145
425.603,6.158,8.364,99.797
247.573,3.152,7.082,56.568
240.293,7.209,6.927,32.343
296.204,7.824,8.268,36.403
412.34,9.339,6.296,58.662
173.905,3.678,6.098,1.77
339.008,6.86,7.713,31.525
282.866,6.026,6.963,5.851
133.514,5.252,7.911,62.794
439.315,8.904,6.171,60.801
398.713,0.032,6.959,59.514
329.226,2.821,6.588,15.948
425.291,5.383,7.849,94.511
433.647,1.783,6.568,53.889
354.181,9.079,7.145,56.03
418.507,6.476,8.047,54.882
348.736,4.779,8.288,52.917
340.07,8.147,7.807,93.904
309.306,4.509,7.073,60.6
376.358,5.587,7.43,49.027
79.303,0.028,7.724,76.878
440.435,3.657,8.187,25.895
435.922,1.388,8.221,20.009
14.624,6.897,8.327,44.482
412.908,4.79,8.027,2.553
64.435,3.018,6.367,30.058
167.559,4.678,7.869,42.587
371.754,2.096,8.036,58.291
80.38,9.251,8.195,54.777
408.984,0.54,8.312,37.373
416.067,8.654,7.273,34.983
253.734,5.114,7.638,1.131
3.193,6.189,6.024,88.23
143.519,3.026,7.432,23.896
308.463,9.667,7.183,36.442
490.593,2.819,8.406,3.005
315.907,5.889,8.254,95.727
129.902,9.934,7.994,49.963
317.003,8.811,6.142,3.304
269.993,5.363,7.005,25.868
389.923,9.904,7.74,88.047
53.49,7.014,6.074,38.194
380.514,2.087,6.59,69.251
270.633,4.056,8.219,61.771
481.496,3.345,6.324,47.722
170.936,3.44,6.128,83.489
316.311,7.605,7.451,4.995
466.014,5.843,8.366,91.33
51.255,0.381,8.087,72.087
468.614,8.774,8.437,86.508
343.943,2.968,7.884,2.676
33.919,9.971,7.093,9.395
150.482,9.542,8.367,21.382
354.086,9.405,7.067,59.763
33.675,8.111,6.875,10.15
291.085,2.206,7.12,93.223
172.942,5.326,8.035,75.111
310.458,2.243,8.294,80.952
22.871,2.597,6.894,58.801
435.768,6.11,7.156,63.464
486.744,0.408,8.246,22.885
484.439,9.695,6.118,91.094
374.826,9.187,7.96,65.243
65.043,3.808,7.136,42.356
379.132,5.154,6.941,88.286
12.293,4.661,7.117,86.518
11.062,8.822,7.047,1.053
161.805,6.886,7.892,92.559
244.322,2.781,8.32,36.979
385.204,4.468,7.229,42.793
341.648,4.29,8.082,9.446
222.951,9.593,7.83,87.88
136.813,1.753,6.827,54.381
498.562,0.896,7.468,90.665
213.091,8.806,7.667,78.301
225.694,8.967,6.059,89.9
81.812,8.717,6.99,94.878
397.405,5.11,8.482,88.705
346.841,6.597,7.593,21.774
110.385,5.634,6.836,7.941
41.191,0.694,6.625,62.405
340.25,5.958,6.524,16.351
327.256,0.136,7.004,86.448
136.63,3.25,6.483,94.798
475.432,9.323,6.338,13.006
75.529,3.04,6.91,24.348
216.167,9.398,7.517,62.897
471.808,2.501,6.366,72.801
209.864,3.146,6.111,51.719
319.263,6.284,6.087,37.534
198.797,7.616,6.668,31.296
137.108,5.014,6.475,66.931
491.989,8.821,7.348,74.712
204.667,0.402,7.139,29.595
447.05,9.222,6.812,33.274
114.977,1.963,8.084,46.547
106.552,8.842,7.262,45.571
15.567,4.009,6.229,84.423
325.833,8.328,6.739,44.254
184.263,6.717,8.433,97.863
432.179,1.759,8.442,31.785
236.605,9.18,6.637,69.589
484.097,2.455,6.418,76.135
92.763,2.441,7.239,63.41
434.312,8.142,7.204,37.338
388.298,1.059,7.025,26.484
385.461,2.22,7.323,60.824
422.392,5.037,6.58,66.204
380.512,8.305,6.287,26.505
313.11,1.475,7.426,34.312
65.622,5.477,8.331,86.344
16.263,7.112,6.344,81.241
460.424,8.606,7.762,19.194
308.325,9.356,7.095,93.402
398.269,7.846,6.735,63.175
240.761,6.528,8.133,50.179
58.654,4.336,7.141,20.886
62.593,1.121,7.458,73.289
342.783,7.097,7.108,92.159
215.153,9.927,6.203,7.43
100.262,7.368,7.487,52.554
245.797,0.167,7.047,87.836
32.104,4.963,6.217,95.3
290.986,6.146,7.49,8.142
134.497,6.897,6.025,79.314
398.78,7.197,6.521,28.859
155.181,5.581,7.953,54.609
227.61,2.234,6.095,78.59
5.81,9.422,7.617,54.968
36.223,6.967,8.374,11.896
196.247,2.368,6.428,59.463
239.969,3.223,7.043,12.663
300.01,9.219,7.439,35.397
145.831,8.875,7.126,56.265
347.491,4.051,7.551,99.15
430.061,0.383,7.01,72.966
389.925,0.485,6.371,31.027
19.809,2.839,6.223,87.779
240.253,6.291,7.861,23.389
52.465,5.842,6.597,39.015
121.023,6.338,8.119,65.055
493.331,7.173,7.858,41.646
71.248,0.19,6.124,73.228
249.444,1.051,6.503,65.41
309.078,3.595,6.73,67.061
351.232,1.549,7.486,42.606
279.824,0.753,8.025,6.458
4.885,6.41,6.151,87.398
163.231,8.153,6.624,8.328
258.856,7.526,6.941,46.939
43.933,8.17,6.458,30.892
175.313,6.659,7.363,30.337
16.602,7.353,7.195,23.436
39.289,2.718,6.791,27.894
198.462,9.93,7.292,95.579
66.358,1.832,6.89,97.233
283.77,2.145,6.858,57.522
344.732,2.889,6.663,52.941
400.293,9.753,7.351,5.788
100.075,9.883,7.11,80.57
83.741,7.949,6.491,17.885
52.284,6.291,6.032,15.116
318.215,5.201,6.377,42.983
353.238,9.706,6.107,35.407
15.793,6.956,7.079,10.567
468.106,9.447,6.563,15.645
25.986,3.166,7.051,99.241
270.648,3.338,6.824,73.748
354.53,8.547,7.345,60.257
435.485,1.499,7.81,31.058
357.043,9.459,7.198,43.416
400.864,5.075,6.155,63.17
169.725,9.264,6.044,78.644
407.413,3.368,6.533,94.695
40.057,7.16,7.062,13.145
447.408,4.829,6.112,19.973
273.796,6.268,6.819,57.19
408.649,5.044,8.218,93.911
226.159,9.671,6.225,45.802
321.789,6.921,8.371,63.761
263.201,2.513,8.142,30.079
365.795,9.097,8.079,81.362
40.815,2.94,8.159,60.921
30.176,3.716,6.2,38.799
123.552,1.021,6.378,54.72
79.772,9,6.336,69.781
435.892,2.861,6.278,22.138
109.607,2.589,6.819,34.803
487.933,9.203,8.076,25.801
168.448,8.055,6.63,96.056
91.059,1.411,6.611,5.254
394.849,7.693,7.69,6.588
329.354,9.13,6.242,36.218
249.098,0.785,6.901,54.265
277.682,8.252,6.739,33.561
359.601,5.474,8.118,85.836
114.227,6.692,7.286,17.769
498.167,4.929,7.616,37.098
487.397,6.978,6.323,49.307
325.163,0.341,8.322,21.014
99.771,7.627,6.806,29.719
340.114,0.333,7.767,94.794
36.099,4.553,8.387,52.502
15.326,1.51,7.272,87.097
128.841,8.236,7.269,27.667
231.311,3.137,6.293,61.625
434.136,4.541,6.976,76.561
363.585,4.288,8.131,42.737
371.353,7.725,6.338,62.847
212.747,4.811,8.294,86.459
172.967,7.89,7.668,14.938
185.519,0.735,7.052,36.119
493.825,1.916,7.366,82.566
20.055,5.515,6.376,23.859
433.516,9.471,6.544,56.055
289.338,0.748,6.716,44.364
219.308,0.431,6.962,66.825
362.629,1.566,8.289,67.133
243.334,6.412,6.919,58.27
436.712,3.99,7.31,94.731
450.351,8.256,6.405,18.357
210.86,0.719,7.84,83.674
138.414,1.964,7.401,49.452
296.175,3,7.1,66.519
456.182,6.267,8.368,28.101
105.331,6.852,8.227,10.367
311.483,1.242,7.649,77.993
315.78,9.438,8.305,25.923
366.557,3.41,7.412,39.639
65.784,7.132,8.067,5.705
357.912,5.242,7.024,65.37
454.516,2.228,6.217,69.057
89.842,8.462,8.485,90.264
118.772,8.182,6.414,89.211
485.698,3.961,6.629,70.808
90.488,5.886,6.408,32.891
427.193,2.578,6.844,38.088
246.139,6.899,6.723,38.788
123.616,3.09,7.503,13.834
435.375,8.441,8.491,94.781
222.653,2.174,6.131,81.998
257.409,0.148,7.946,15.382
179.617,2.685,6.32,94.7
296.475,1.911,6.05,84.479
81.762,5.083,7.596,91.966
195.541,2.037,8.183,29.279
484.706,7.632,6.441,34.221
129.067,2.414,6.854,47.523
328.368,7.07,6.422,23.196
162.595,5.785,8.266,47.077
386.737,9.862,6.676,1.911
65.437,9.999,7.112,87.876
484.911,8.695,8.237,17.067
226.895,7.6,7.382,50.584
118.025,3.865,8.332,92.954
36.748,7.533,8.316,82.277
84.879,9.567,7.154,77.836
259.887,0.234,7.456,60.939
168.502,5.379,6.576,44.191
414.442,2.18,8.476,45.158
215.444,5.579,6.696,9.61
124.357,4.664,7.958,7.414
308.572,5.758,6.782,84.5
353.389,5.51,6.783,41.457
83.521,9.601,6.26,6.348
83.81,5.522,7.4,66.642
18.336,8.462,6.612,68.647
368.201,3.198,6.371,23.517
331.902,4.381,6.567,41.661
237.315,4.704,6.628,57.769
422.085,2.787,7.26,60.032
402.835,3.798,6.965,51.6
292.677,5.985,6.189,37.055
434.136,5.802,7.34,7.813
102.921,6.364,7.969,3.206
55.96,3.518,7.436,46.494
134.875,3.158,8.436,21.091
28.543,6.116,6.248,93.91
265.585,1.329,8.053,64.401
468.303,2.53,7.264,58.965
19.672,0.421,7.304,41.249
61.055,0.726,7.298,33.623
226.1,2.434,6.813,18.801
466.938,0.195,6.811,6.954
158.078,2.454,7.58,63.815
253.617,6.55,6.112,78.141
20.786,0.611,7.472,85.919
74.172,4.367,7.811,72.706
493.315,9.131,6.891,89.798
482.559,7.913,6.543,98.298
2.47,3.054,6.533,96.205
475.906,9.248,6.205,59.631
319.56,3.296,6.224,23.196
433.959,0.725,6.417,11.529
227.37,9.941,6.048,99.399
257.798,8.7,6.666,31.531
244.423,4.659,6.766,4.363
333.432,6.664,8.488,39.714
69.826,6.712,8.479,75.062
14.987,1.945,6.468,89.189
153.965,2,6.533,48.279
352.34,4.696,7.23,30.109
100.927,9.116,6.372,78.062
336.716,0.1,7.26,50.873
484.956,7.825,6.998,9.517
46.95,0.575,6.812,88.887
336.301,4.782,8.057,65.925
221.875,6.379,8.07,4.644
434.071,6.868,8.47,1.897
88.575,0.585,6.558,9.684
346.313,4.186,8.221,82.374
419.058,5.838,7.345,48.649
472.307,0.66,7.479,34.195
341.624,1.351,8.241,25.68
248.587,6.636,8.357,51.179
308.924,5.216,7.817,9.221
434.452,1.618,6.87,62.101
285.305,5.352,7.224,38.672
15.194,9.127,7.538,85.986
465.474,0.156,8.072,75.688
344.763,6.426,7.645,2.818
338.257,0.737,6.914,17.483
107.838,0.064,7.045,47.929
329.443,1.507,6.126,66.209
196.932,4.229,8.311,71.797
325.616,8.023,6.22,81.808
53.297,2.818,7.45,5.873
328.923,6.257,8.179,2.83
499.707,4.112,7.052,60.45
24.106,2.343,8,72.659
488.587,5.142,8.01,78.883
203.454,7.975,6.15,16.416
435.377,8.325,7.03,96.905
391.193,8.465,7.728,23.713
283.508,3.386,7.056,25.783
369.225,7.935,7.363,16.275
439.258,2.122,7.486,5.281
202.07,7.384,6.378,81.163
163.517,9.484,7.03,1.559
333.797,0.137,6.071,46.914
403.923,4.404,6.374,10.105
381.143,6.478,7.281,5.435
398.907,7.018,7.434,93.531
217.792,1.761,6.366,82.715
408.917,9.722,7.889,40.093
60.105,6.153,6.932,46.401
272.245,1.643,8.302,86.943
2.879,0.205,6.969,79.887
162.293,7.833,6.375,69.47
183.231,0.797,7.895,54.12
198.086,1.411,7.42,61.174
347.734,5.748,6.967,39.942
194.279,6.035,6.89,53.282
224.347,6.869,6.377,54.43
118.772,3.935,6.852,86.619
186.626,7.739,6.073,22.647
113.635,9.744,7.256,25.416
36.598,2.711,8.242,21.883
301.724,7.03,7.988,58.338
334.106,9.285,6.071,69.821
309.745,6.863,8.203,24.612
231.747,6.811,7.131,68.019
189.893,2.238,6.477,63.181
431.667,5.351,7.881,32.787
259.541,5.625,6.807,23.752
239.591,7.001,6.633,88.299
12.821,9.968,6.403,57.397
170.624,0.336,7.217,70.686
190.098,0.652,6.233,92.609
199.411,0.78,7.964,21.334
290.086,7.43,7.177,35.705
266.801,1.364,7.117,44.011
303.953,6.225,6.005,24.057
382.442,3.247,8.045,84.202
406.493,4.573,7.232,9.257
359.062,2.157,7.1,24.677
477.762,8.661,7.903,19.912
9.116,5.862,6.157,95.386
97.889,9.446,6.917,63.108
3.781,5.746,7.439,71.905
323.737,1.239,7.151,11.734
449.015,1.709,6.454,20.207
121.741,9.891,6.748,81.179
463.517,7.256,6.751,57.205
30.134,0.493,8.48,5.467
467.218,7.038,6.815,57.001
175.811,4.122,6.513,48.063
50.71,3.072,8.057,16.216
242.936,1.541,7.053,59.701
128.388,8.399,7.11,18.208
142.436,0.638,7.372,81.334
153.645,2.898,7.489,62.23
401.513,3.064,7.476,87.26
269.581,1.609,6.086,43.042
155.654,5.082,8.047,51.68
305.167,0.117,6.487,76.298
358.075,3.01,6.731,55.081
136.312,9.336,6.434,57.626
206.775,3.105,7.918,55.781
60.943,3.605,7.459,49.64
90.575,4.732,7.888,80.764
340.559,5.617,7.633,49.036
90.719,8.087,6.26,90.179
262.582,1.903,6.754,81.053
354.523,8.717,7.268,69.552
53.438,7.575,6.762,89.967
283.656,7.227,6.518,54.172
128.281,0.868,8.175,82.362
481.463,0.216,7.869,24.94
241.773,5.94,6.863,8.225
402.996,8.631,7.913,68.815
275.113,5.844,7.569,30.859
21.706,2.132,6.009,63.826
316.576,0.905,6.951,8.662
475.702,6.996,6.726,95.609
300.806,7.218,6.545,51.996
409.594,1.725,6.629,1.943
442.103,0.282,8.356,48.132
114.04,4.083,7.216,79.182
106.022,5.827,8.119,86.657
305.49,7.06,6.536,46.665
205.514,8.099,6.436,13.468
419.931,6.105,8.222,90.711
450.012,1.109,7.239,98.136
176.711,6.826,8.238,7.256
118.435,9.842,6.158,8.729
390.263,9.056,8.291,56.994
137.403,8.717,7.039,53.856
411.307,3.022,6.388,59.277
211.869,7.508,7.708,32.394
333.775,8.511,7.992,5.984
47.768,6.783,6.118,58.455
311.93,2.506,8.468,15.993
225.884,9.538,7.743,34.785
293.304,4.508,6.804,58.662
84.007,1.298,6.378,21.64
368.437,1.098,6.981,54.704
431.399,6.475,6.551,71.757
108.37,4.377,7.235,7.512
47.857,0.945,7.955,62.328
11.819,7.404,7.65,51.434
320.986,7.993,7.09,10.647
303.547,7.254,6.297,70.928
273.349,2.023,8.393,31.778
115.974,6.898,6.676,19.047
195.453,0.107,6.695,28.963
297.238,3.051,7.614,55.074
248.383,3.988,7.926,58.426
493.893,8.352,8.46,17.795
68.22,3.904,8.423,93.727
347.572,0.113,8.284,33.565
202.159,3.523,7.088,27.561
214.1,4.989,6.417,19.486
358.799,9.49,7.461,12.932
346.218,9.41,6.043,98.226
495.628,1.809,6.491,67.798
64.197,1.851,6.006,78.916
52.055,1.634,6.451,40.747
362.169,7.889,7.187,42.046
289.193,0.06,6.983,98.702
137.08,1.272,6.923,20.868
39.71,5.38,8.077,33.366
42.829,2.476,7.687,20.321
447.095,0.924,8.341,28.98
95.934,3.599,7.113,66.694
161.686,2.742,6.681,31.583
113.328,5.111,6.307,87.677
177.498,9.792,7.68,5.816
34.712,1.243,8.104,36.117
259.53,3.727,6.459,86.21
33.806,9.32,8.197,62.516
400.178,8.769,7.316,77.325
116.856,3.943,6.36,33.041
270.006,6.99,7.607,37.561
440.04,0.879,7.3,88.935
325.439,7.125,6.07,75.208
266.479,9.729,6.998,39.042
162.167,5.375,7.962,22.32
166.501,4.985,7.389,11.523
334.743,1.873,6.705,86.321
497.07,6.338,8.322,70.067
330.92,5.904,6.594,61.127
278.892,6.519,6.632,77.882
365.325,0.261,6.887,91.584
232.603,5.487,8.236,76.397
30.071,5.949,7.269,42.645
281.148,2.075,7.705,18.471
478.813,2.083,8.441,71.669
87.651,2.762,7.958,25.425
345.002,7.117,6.432,78.479
100.467,6.063,7.971,34.534
267.914,8.458,7.871,16.52
48.338,2.957,6.582,26.21
225.185,9.121,6.813,27.397
378.082,7.437,7.775,38.501
173.786,3.95,6.596,26.472
332.456,0.953,6.52,23.33
397.725,2.57,7.759,39.783
463.589,9.568,8.201,86.942
117.321,3.104,6.188,7.975
199.658,3.299,7.115,30.328
76.208,1.896,7.518,56.669
496.242,8.069,7.691,87.574
463.5,2.756,8.49,29.129
269.979,3.303,7.707,35.525
421.017,4.143,7.55,79.997
260.479,4.337,8.474,37.879
311.793,4.113,6.152,85.304
44.562,5.037,6.186,46.072
377.635,8.145,7.402,57.341
63.857,8.193,6.897,56.527
413.034,7.983,6.242,12.811
391.014,1.011,6.766,36.139
354.372,7.997,7.686,24.917
18.08,1.203,8.202,68.619
151.564,1.247,6.236,93.431
131.556,9.479,7.35,22.03
180.068,8.194,6.74,10.035
43.821,5.524,7.668,51.152
468.479,8.75,7.374,39.693
276.901,9.894,8.317,4.536
152.762,6.106,6.094,92.241
198.491,6.129,7.175,94.075
223.601,7.544,6.482,85.191
300.297,2.321,7.342,28.771
257.84,1.671,8.134,13.12
459.696,7.596,8.278,59.657
248.482,3.449,6.996,28.87
496.079,1.351,8.029,20.97
425.712,3.149,6.701,64.489
104.255,3.586,6.016,75.287
465.298,9.652,8.138,53.201
58.183,6.98,6.299,32.679
408.725,5.309,6.044,51.74
190.312,9.689,6.884,60.374
438.987,9.031,6.948,6.137
434.028,5.12,6.193,44.938
402.963,9.057,8.035,60.235
395.015,4.043,7.014,13.819
152.34,2.304,7.225,45.435
40.46,2.327,6.662,35.326
201.49,6.623,7.279,86.921
86.762,5.011,7.917,49.449
347.476,6.59,8.265,43.201
173.05,6.861,8.426,25.144
487.805,0.223,7.067,95.79
320.486,0.54,8.475,96.155
411.24,5.327,6.737,37.309
66.262,1.91,6.017,92.975
431.007,6.325,7.919,62.241
461.379,5.522,6.446,78.324
243.531,5.858,6.131,9.895
303.126,3.025,8.31,3.11
382.405,6.398,7.98,51.894
87.419,8.295,6.257,8.515
251.283,9.981,7.942,89.278
199.332,8.384,8.11,82.195
73.187,5.575,8.263,71.768
183.767,1.934,7.359,4.108
34.086,6.814,7.759,46.375
12.906,9.377,7.906,8.731
67.583,2.119,7.722,92.936
481.558,2.56,7.617,61.649
274.765,1.49,7.369,16.497
482.911,7.367,7.198,56.5
216.249,4.066,8.49,12.735
155.908,0.627,6.844,15.422
253.071,8.749,6.221,9.015
219.756,5.577,7.913,87.301
52.832,3.311,6.535,55.022
320.413,3.44,7.332,33.462
108.019,2.903,6.24,1.067
309.794,4.555,7.548,47.73
325.101,3.37,8.36,51.765
76.012,5.479,7.807,34.32
30.675,7.735,6.536,48.948
390.381,6.745,8.428,10.972
229.9,2.945,6.768,92.284
29.082,5.287,7.092,26.576
497.433,8.401,7.245,94.901
28.89,0.682,8.477,49.795
347.518,0.783,6.172,85.816
491.839,5.562,7.742,58.143
119.59,6.391,6.905,84.597
71.125,2.114,6.196,2.004
60.692,7.452,8.338,19.461
151.638,6.463,7.475,36.037
50.523,9.233,7.884,30.317
346.081,1.69,6.601,94.726
31.146,7.514,7.904,40.072
254.711,0.836,8.071,97.239
498.348,5.653,7.077,65.45
406.985,5.519,7.43,83.72
307.61,3.884,8.43,39.992
153.127,8.446,8.117,19.818
311.948,0.044,7.112,5.995
263.521,5.202,7.661,65.984
213.042,2.172,7.961,97.208
65.355,7.435,6.061,12.707
443.302,0.431,7.471,77.404
224.892,8.316,8.461,37.097
97.311,8.381,8.368,99.353
183.88,8.329,8.081,87.134
207.065,1.526,6.266,23.846
413.769,6.304,8.485,76.81
366.807,0.144,7.524,73.689
384.652,8.48,6.557,76.578
5.516,7.23,7.686,9.199
208.077,5.312,8.141,81.132
240.672,7.306,6.281,26.882
9.596,0.943,8.291,59.452
129.907,5.287,8.301,12.425
380.145,2.913,6.034,56.254
68.555,9.726,8.251,90.735
267.655,8.571,8.367,18.54
107.601,7.333,6.094,85.649
6.06,9.337,6.735,44.109
120.601,3.468,6.933,32.911
487.937,9.009,6.872,6.653
400.769,3.252,7.898,53.323
479.788,7.328,6.895,20.794
243.927,7.364,8.391,94.07
54.868,0.183,8.487,24.576
273.98,3.611,6.792,59.092
227.189,0.194,7.272,56.295
422.179,9.971,7.394,34.345
49.041,1.222,7.449,85.354
244.121,5.428,6.936,19.141
75.024,7.906,6.415,81.889
162.338,2.013,6.136,21.54
368.679,4.851,6.266,4.871
238.009,6.074,8.253,94.441
187.944,1.602,6.701,64.093
197.238,7.786,6.192,63.417
229.723,2.993,7.559,27.239
392.508,2.11,6.188,14.778
446.042,5.583,6.175,70.9
477.667,4.103,7.554,52.355
393.452,9.203,7.478,32.473
157.703,8.801,6.104,32.362
344.067,4.834,7.151,89.036
218.802,3.593,7.089,89.077
127.335,3.255,7.367,28.188
420.436,2.676,7.845,79.621
19.213,5.445,6.707,23.441
450.881,8.05,7.082,80.988
230.739,3.108,7.982,13.502
318.601,1.901,8.306,76.057
329.677,4.755,8.228,56.013
447.559,0.69,7.194,12.644
318.335,7.013,7.302,61.96
306.967,5.184,7.323,20.048
33.326,4.964,8.172,20.218
259.204,3.004,8.1,45.287
75.085,9.047,6.779,96.464
368.717,0.905,6.407,89.331
256.111,8.698,6.947,82.822
340.114,3.767,6.721,85.263
20.836,8.806,8.377,50.232
42.396,7.288,6.665,38.098
358.162,1.042,6.453,88.515
36.042,8.315,8.249,9.006
35.628,6.822,6.216,99.613
6.054,0.323,6.651,55.745
478.251,1.337,7.098,54.506
368.754,6.356,7.488,29.903
176.626,6.626,6.819,17.866
148.268,7.467,7.241,68.349
174.852,7.202,6.497,36.809
387.327,6.595,7.436,30.942
330.685,7.662,7.02,17.072
92.598,5.751,8.123,53.978
87.055,2.608,7.039,59.242
49.198,9.124,7.11,44.864
330.151,0.182,7.48,2.191
382.186,3.666,6.308,49.676
132.523,7.289,6.392,27.924
10.472,4.272,7.976,14.726
41.086,0.248,6.684,58.179
483.93,0.66,7.712,67.452
147.722,6.486,6.244,52.358
384.612,9.649,8.055,61.815
312.332,5.519,8.471,61.049
190.97,5.068,6.934,13.3
102.844,3.183,7.264,22.365
60.693,2.567,7.107,1.939
307.506,0.21,8.235,98.208
387.317,2.73,6.025,21.911
321.952,4.491,7.634,81.656
265.151,1.979,7.631,78.342
20.976,0.873,6.956,70.796
484.244,7.177,6.548,45.525
399.357,8.946,6.599,58.803
146.411,9.368,8.001,19.447
489.985,6.18,6.165,11.504
300.941,0.528,7.41,35.824
291.211,7.409,6.767,82.733
374.037,1.101,6.663,56.839
405.885,6.697,7.264,76.622
328.239,7.794,8.245,89.142
64.048,7.259,7.545,56.493
169.134,9.519,7.972,37.361
464.042,7.381,7.502,85.712
112.308,6.932,7.744,23.733
186.084,2.617,7.081,3.452
216.038,9.248,8.315,6.017
219.702,1.795,7.255,58.642
306.47,9.049,7.379,89.341
471.538,3.127,7.312,56.863
120.346,1.302,6.79,41.51
60.751,8.267,6.578,58.13
98.735,0.025,6.185,67.439
443.462,8.321,7.795,76.091
322.905,2.623,6.723,35.383
142.953,8.847,6.973,39.302
407.973,6.915,8.3,3.34
430.685,6.662,7.416,65.313
423.257,3.653,6.243,77.896
459.463,0.594,7.999,51.58
126.121,8.301,6.64,38.278
377.521,1.709,7.382,33.982
230.27,3.723,7.275,64.859
420.999,6.004,6.595,33.744
364.245,4.823,6.289,60.309
388.224,1.987,6.528,92.77
328.081,1.406,6.243,33.731
88.714,1.232,6.689,7.763
272.513,8.63,8.493,87.527
492.335,0.316,7.005,28.082
468.694,9.77,8.16,98.868
21.587,1.985,7.373,84.172
82.407,1.103,7.666,43.263
65.864,5.77,6.391,63.191
362.99,0.8,6.687,28.476
408.893,6.025,7.276,9.333
106.756,8.506,8.203,53.055
252.926,0.479,6.107,43.042
420.352,7.999,7.267,97.022
366.401,3.945,6.128,60.148
271.119,1.595,7.142,74.968
295.174,1.761,7.572,14.389
254.18,9.188,7.862,72.643
148.774,1.106,6.346,6.577
282.511,8.668,6.416,61.693
344.443,5.442,7.175,84.016
436.661,0.391,8.495,48.823
318.146,4.645,6.89,22.293
380.561,8.174,7.069,44.926
80.036,7.262,7.081,84.271
230.779,4.888,6.202,71.725
4.666,8.6,7.935,60.939
123.339,1.204,6.633,69.69
363.231,9.099,7.759,83.585
495.905,8.464,7.188,16.034
49.589,7.083,7.529,84.35
200.747,8.179,6.135,80.852
400.035,5.438,8.225,48.271
102.018,6.752,6.61,40.885
277.542,5.606,7.675,93.323
366.536,3.554,7.995,82.122
307.993,5.689,7.35,98.878
94.012,2.575,6.843,64.534
177.692,4.403,8.445,4.121
391.896,2.808,6.696,16.235
277.113,1.229,8.372,82.211
2.615,3.219,6.391,64.26
380.495,8.52,6.973,20.607
17.656,3.811,6.346,2.182
372.867,7.48,6.006,27.026
101.24,1.752,6.651,14.619
479.037,4.244,6.218,87.747
183.97,1.149,8.466,88.396
163.466,1.386,7.904,84.391
74.444,6.174,6.009,10.366
152.802,6.075,6.559,14.369
438.325,2.134,7.675,14.417
498.167,4.744,6.996,26.583
184.155,8.633,8.08,8.216
224.305,1.742,7.262,98.175
361.035,0.192,7.634,85.66
443.098,6.52,7.493,7.85
296.522,0.535,7.595,15.224
195.763,9.799,6.575,26.969
206.311,6.096,6.933,77.726
347.809,4.704,6.127,71.696
1.609,4.3,7.469,63.42
309.795,5.731,7.148,91.307
177.747,0.906,7.902,4.592
397.099,9.3,6.516,16.968
46.495,6.256,7.092,19.792
294.101,1.84,6.452,6.905
240.486,5.626,7.535,62.21
321.163,1.333,8.12,21.76
32.427,0.176,7.914,48.781
289.992,6.305,8.36,68.858
280.742,6.485,8.429,59.946
280.33,5.837,7.93,29.723
301.744,1.835,6.717,42.003
338.234,6.034,6.548,34.643
402.494,0.565,7.119,85.394
134.91,6.092,8.485,42.573
412.525,5.54,7.032,7.105
249.128,6.553,6.498,62.317
38.529,8.955,8.361,20.57
29.275,8.504,6.965,34.524
167.119,9.807,7.727,33.442
392.448,9.762,7.97,8.17
353.84,7.723,8.108,95.144
394.307,9.564,8.053,55.159
258.635,8.673,8.091,16.469
220.099,7.276,7.669,56.02
73.726,0.754,7.01,45.706
164.096,0.49,7.668,35.142
217.01,8.376,8.092,47.775
44.3,4.897,6.877,67.292
110.306,8.146,6.741,20.753
299.113,3.129,6.859,54.25
367.832,3.976,7.378,81.486
499.174,7.002,6.131,23.027
466.557,9.153,7.947,52.038
321.283,0.878,6.347,96.608
210.624,8.615,6.332,80.25
318.089,7.93,6.494,59.709
392.826,3.155,7.442,75.162
59.168,3.552,6.714,53.037
204.952,0.465,6.92,98.67
419.901,0.157,8.329,17.749
191.916,4.77,8.118,72.238
285.936,0.955,8.13,1.589
293.885,1.94,7.444,13.444
92.238,8.468,8.166,72.459
181.118,5.71,7.946,76.175
167.256,6.336,8.383,4.9
13.098,1.875,6.161,34.052
12.096,8.287,6.072,12.701
415.849,8.68,6.438,89.124
136.535,5.233,8.323,45.934
259.039,9.126,7.514,44.811
149.363,8.448,7.065,82.563
470.34,7.313,7.282,69.842
129.648,7.341,8.074,92.307
214.828,1.054,8.323,93.927
436.365,2.708,7.824,32.006
420.967,0.668,7.9,65.189
93.051,0.087,6.801,54.637
401.322,1.583,7.168,59.986
229.093,8.805,8.213,62.906
241.484,2.399,7.965,6.942
66.74,9.702,7.711,89.612
40.301,5.973,6.163,14.888
363.97,2.373,6.099,43.019
248.231,4.971,6.326,29.916
218.425,2.191,7.453,55.821
364.754,9.84,7.341,96.187
382.756,8.473,8.357,41.83
79.454,0.262,7.737,60.715
305.113,9.478,6.735,14.973
67.677,7.211,6.404,46.839
375.688,0.824,8.124,91.663
328.478,6.706,7.149,93.309
478.307,6.469,7.634,55.097
34.479,2.188,7.413,77.09
28.527,7.584,6.269,1.319
141.094,0.871,6.143,53.619
130.853,4.894,6.943,73.514
123.489,0.099,6.904,33.657
453.127,9.687,7.684,90.214
124.773,7.516,7.581,78.183
135.975,1.589,8.422,77.2
379.699,3.417,8.145,3.102
224.87,1.606,7.241,19.204
388.355,7.666,7.25,71.647
32.683,0.589,7.685,56.61
243.786,8.404,6.285,58.268
16.807,9.422,8.5,2.466
31.327,6.766,7.297,44.763
453.219,2.13,8.275,78.857
69.623,3.601,8.418,66.692
266.21,4.772,7.454,57.67
205.548,6.046,6.258,69.963
173.672,6.687,7.433,85.247
449.917,5.542,7.494,85.104
10.912,3.513,7.973,46.146
331.895,8.909,6.121,31.472
481.697,0.814,7.166,37.271
280.084,4.663,8.307,52.616
468.411,7.756,8.478,9.847
26.129,0.609,6.478,59.508
209.397,7.053,8.176,45.873
130.079,8.197,6.366,76.134
365.41,6.608,8.103,28.12
490.649,0.129,6.693,7.564
128.265,1.801,8.399,89.562
327.087,3.421,7.739,7.74
99.049,2.337,6.998,92.801
282.665,9.627,6.702,50.252
231.966,6.516,6.588,6.572
486.003,2.97,7.702,13.459
304.264,9.297,8.239,53.762
174.753,7.406,7.887,2.563
57.048,2.846,8.087,91.598
75.623,3.789,7.953,79.83
112.658,1.994,8.448,50.951
125.483,9.711,7.895,92.698
425.308,5.173,6.526,26.715
280.611,8.961,7.979,85.488
261.695,3.465,6.805,80.707
57.384,8.608,8.489,58.6
430.07,0.539,6.942,32.565
361.407,9.821,6.732,56.275
33.834,9.12,6.598,95.765
353.918,3.632,7.646,9.373
271.769,7.747,6.273,20.9
40.863,7.523,8.384,64.745
229.15,9.013,6.736,68.164
242.348,3.073,6.739,17.283
82.887,4.655,6.115,80.823
472.849,8.65,6.615,92.92
424.988,7.786,7.047,8.887
334.511,3.935,6.924,97.451
231.148,8.457,6.683,28.84
205.883,0.47,6.102,31.577
325.487,7.82,6.751,5.445
272.716,2.068,7.946,50.243
31.137,2.861,7.097,95.521
256.251,4.932,6.727,16.937
403.202,4.497,6.762,58.109
229.62,5.206,7.386,28.171
25.978,5.448,6.756,2.845
393.139,3.315,7.577,98.727
100.682,1.752,8.474,71.901
129.31,7.685,6.103,73.811
82.353,4,6.422,66.633
165.108,5.058,6.448,15.23
378.376,6.447,7.118,21.463
259.693,9.096,6.104,39.181
102.441,7.076,7.194,99.551
438.915,0.455,8.322,67.585
439.791,8.386,6.029,44.796
435.289,9.894,6.912,48.988
119.398,4.725,7.902,92.298
225.62,9.696,6.386,20.447
492.495,5.473,6.194,32.766
386.006,4.596,7.577,37.717
13.584,3.314,6.025,89.865
32.602,6.576,8.004,77.902
231.966,2.298,6.167,59.488
454.61,1.049,7.311,32.158
269.351,0.272,7.85,21.018
248.906,2.924,6.605,33.745
52.737,3.958,6.259,93.016
328.39,5.521,6.439,91.112
411.052,2.927,8.137,42.774
190.21,9.841,7.764,33.228
387.806,2.917,6.495,88.575
482.238,4.41,7.79,45.177
101.883,1.033,7.772,4.831
261.665,2.606,8.494,35.228
143.569,0.483,6.979,61.122
396.427,5.595,8.162,94.514
288.797,7.511,7.116,43.035
317.291,1.957,8.244,24.772
398.957,3.679,6.229,39.065
197.985,0.166,6.438,6.649
457.545,8.395,8.125,89.985
266.514,7.8,8.048,4.309
78.977,0.633,6.764,1.096
347.95,3.649,7.492,61.799
396.631,9.553,6.957,16.245
158.381,3.92,6.026,30.312
428.59,5.262,6.065,49.607
453.072,3.552,6.136,79.42
138.452,5.961,7.485,39.364
491.761,9.782,6.698,95.754
70.356,9.975,6.36,45.866
101.008,7.747,8.353,92.079
92.112,4.043,6.303,45.781
446.995,4.944,7.685,52.099
327.146,3.567,8.235,95.85
76.052,9.856,6.41,67.815
220.162,7.078,6.537,15.788
307.649,4.489,7.435,60.257
41.732,0.121,7.271,23.297
441.208,5.205,7.303,31.657
401.802,9.839,7.387,83.977
252.603,5.231,8.375,68.532
483.563,1.824,6.135,29.401
208.88,0.221,7.901,1.464
492.055,3.547,6.581,53.587
333.96,9.182,6.934,25.767
317.336,9.966,6.223,3.803
82.977,9.454,7.114,7.265
440.964,7.294,8.011,67.652
213.745,5.581,6.247,42.014
81.117,5.907,6.689,26.985
6.304,5.39,6.933,88.09
279.878,7.07,6.26,82.684
263.7,4.189,7.906,47.153
359.677,6.692,7.967,28.283
445.129,1.216,8.09,51.21
39.703,2.657,7.46,75.54
365.748,8.36,7.268,2.064
93.706,9.037,6.656,61.644
429.089,5.39,7.638,71.303
409.532,0.316,7.111,81.863
270.397,9.27,8.427,22.445
355.121,7.021,8.42,21.14
157.175,4.14,8.263,22.357
235.584,5.984,6.9,93.212
410.818,4.298,6.92,14.957
229.633,4.653,8.132,76.7
178.899,8.868,7.823,98.688
247.106,1.611,7.761,94.682
414.125,1.037,6.699,41.579
167.604,0.027,8.083,84.096
86.881,3.14,7.449,67.344
356.007,1.474,7.117,86.978
412.989,2.2,8.164,16.955
50.319,0.112,6.986,76.729
119.937,2.272,7.635,59.069
70.986,3.327,7.165,54.471
173.971,0.316,7.482,73.161
225.175,6.079,6.101,28.033
374.413,5.688,7.153,8.385
325.574,0.97,7.391,50.71
310.464,5.95,7.232,30.911
176.187,9.987,8.119,26.384
420.724,9.445,6.778,99.854
235.644,0.027,8.21,20.588
489.552,7.954,7.009,24.322
317.071,3.536,7.736,34.054
63.132,0.637,6.217,50.203
338.089,2.96,6.5,87.042
162.552,3.217,7.903,18.463
343.164,5.232,6.031,61.981
34.821,6.611,8.421,37.484
87.441,7.491,6.477,79.895
427.869,2.459,8.253,60.586
113.59,3.218,7.29,79.714
418.521,3.084,7.411,85.654
139.638,3.627,6.21,91.301
321.441,9.997,6.913,99.572
347.075,7.779,6.391,62.268
256.327,9.75,7.315,64.116
152.655,6.931,7.377,14.917
106.322,4.063,7.774,11.404
16.595,3.897,8.196,49.275
151.973,4.886,7.17,69.675
326.581,4.169,6.583,25.572
469.152,8.283,6.834,33.389
435.602,4.65,8.118,70.313
383.032,2.956,6.365,21.954
394.224,7.749,7.568,52.616
332.492,8.544,6.033,54.324
130.143,4.204,6.614,91.778
453.598,6.678,7.479,40.825
335.366,0.588,7.141,21.844
280.22,5.295,7.234,18.216
55.495,0.45,7.651,30.022
223.528,0.292,6.586,28.613
230.179,6.129,6.702,75.27
432.282,3.033,7.711,59.779
273.324,7.425,7.346,68.56
190.2,8.961,6.036,63.399
488.4,1.394,7.676,48.643
55.36,7.245,7.55,92.899
211.274,5.145,6.197,81.925
21.012,1.121,7.869,21.871
369.952,6.516,7.305,42.943
459.038,6.095,6.512,29.502
140.019,5.156,7.398,74.823
429.171,9.265,7.489,35.101
146.109,5.211,8.3,64.381
455.385,9.905,7.855,29.929
376.981,5.092,6.755,17.993
402.453,1.159,6.295,1.91
9.003,4.705,8.133,99.468
481.405,1.823,8.115,22.732
363.335,5.971,6.438,83.392
152.376,6.931,6.155,82.386
414.697,4.684,7.78,24.36
140.761,0.977,7.806,42.148
436.377,4.686,6.443,83.775
56.29,0.815,7.671,69.291
351.843,6.821,6.697,37.618
270.349,7.904,6.652,94.965
48.267,9.624,6.811,34.892
120.947,1.488,7.301,21.995
6.202,5.324,8.011,15.525
234.384,5.675,7.247,70.431
150.633,9.225,6.745,3.871
299.179,6.273,8.21,84.738
148.619,1.455,6.138,31.118
149.96,4.364,7.993,37.611
371.597,6.548,7.961,80.381
24.071,7.003,6.634,81.604
451.447,8.631,6.496,40.601
426.132,1.805,8.187,55.829
333.902,9.515,7.397,68.242
296.611,0.591,6.115,69.172
446.151,9.838,8.227,53.871
92.665,8.578,6.873,84.566
39.485,6.603,6.855,84.303
119.755,7.35,7.608,85.031
397.289,0.727,7.653,27.554
17.335,0.415,6.883,26.434
291.403,1.018,6.358,14.842
497.719,0.874,7.381,82.814
427.848,5.474,7.563,7.005
260.723,2.154,8.151,14.395
31.82,8.602,7.211,92.695
415.687,4.457,7.614,13.386
299.489,6.955,6.136,13.007
57.466,6.529,8.236,91.002
46.929,3.199,6.818,31.7
454.813,2.432,7.581,88.261
334.6,3.425,8.29,38.388
414.643,7.967,8.026,37.99
439.489,5.863,7.594,14.383
285.886,2.535,7.759,91.944
258.723,8.178,8.302,76.407
215.214,0.548,8.03,23.339
158.473,6.992,7.525,73.052
217.298,4.391,7.647,11.266
386.94,7.313,6.368,52.857
300.962,9.275,7.175,26.172
446.262,7.5,6.752,85.208
221.69,4.42,7.08,51.602
303.545,1.51,7.656,92.2
315.654,8.064,6.373,58.931
295.849,4.607,6.043,50.894
351.317,0.753,6.992,69.7
118.717,7.191,6.805,78.613
256.182,2.919,7.051,2.511
52.112,0.489,8.328,52.706
192.256,9.028,7.768,77.796
243.834,4.831,6.819,41.342
326.112,2.81,6.448,5.467
475.266,7.164,7.546,2.738
300.326,8.859,7.644,79.591
371.797,0.003,7.209,20.609
253.133,6.879,6.532,18.317
317.052,7.67,6.071,29.667
35.466,2.099,6.664,11.115
127.196,4.896,7.143,6.275
180.927,0.893,7.97,87.354
236.247,7.467,8.134,30.976
22.824,8.475,7.032,58.657
70.012,1.082,7.99,85.922
138.407,8.165,8.483,97.769
485.766,7.716,7.792,69.161
165.674,3.469,7.821,95.066
241.021,6.903,8.274,42.929
98.049,0,6.845,79.165
305.39,9.318,6.028,93.823
140.342,5.504,8.467,6.263
103.496,6.203,7.226,32.427
258.286,6.647,7.964,74.285
2.753,5.614,8.031,32.212
3.832,8.568,6.994,2.686
109.534,6.097,7.353,80.895
18.361,9.078,7.35,17.308
54.013,5.823,6.551,32.766
169.43,1.711,6.294,91.147
401.293,9.136,7.359,21.677
286.024,6.816,6.3,89.581
256.334,6.992,6.865,42.832
146.744,9.855,6.465,91.895
465.877,0.752,7.767,87.808
198.508,4.286,8.18,42.109
43.546,2.391,7.445,92.265
308.533,6.304,7.025,63.639
56.919,8.068,8.492,48.086
172.612,9.663,6.053,53.538
253.706,4.546,6.761,7.267
437.111,7.862,6.697,80.952
246.773,9.171,6.891,29.954
351.129,6.833,6.576,27.747
496.408,2.427,6.661,71.824
65.745,6.079,6.644,37.71
137.366,9.7,7.264,51.902
197.288,9.876,6.978,42.736
210.914,6.424,7.598,50.959
205.511,8.87,7.286,22.995
453.806,2.003,6.459,88.609
357.016,2.461,8.025,61.407
303.953,9.529,7.18,24.137
154.686,1.352,6.383,10.062
411.895,1.911,6.417,54.011
477.53,4.205,7.992,47.344
410.599,5.896,7.757,93.317
0.783,6.038,7.266,23.839
318.201,2.92,6.765,88.279
25.568,9.206,7.151,76.883
128.804,9.151,7.591,48.174
29.762,3.921,8.198,87.503
301.898,4.343,7.39,86.326
343.295,7.025,6.692,71.728
57.244,6.63,6.107,11.054
191.919,3.823,6.439,16.859
228.118,4.142,7.625,59.568
184.527,3.48,6.401,25.297
60.513,2.354,7.204,55.566
209.474,4.581,7.747,56.518
375.589,6.864,6.771,59.122
35.504,7.42,7.673,57.414
40.09,7.789,7.453,38.547
177.386,3.747,7.097,21.814
470.863,7.646,8.243,52.336
334.286,0.065,7.73,50.021
339.335,4.77,6.901,28.244
180.96,7.939,8.011,6.067
296.83,6.3,7.845,21.351
5.066,4.741,7.979,55.527
318.048,6.446,7.602,54.026
456.643,9.069,6.948,14.23
306.287,5.664,6.871,60.999
436.849,7.998,7.635,42.842
361.987,9.807,6.327,65.713
60.279,7.056,8.05,88.913
451.227,5.733,6.926,31.546
33.222,0.375,7.576,35.383
266.984,3.745,7.248,68.005
71.069,5.654,7.298,94.966
5.853,7.972,7.845,49.126
211.017,4.381,7.567,17.759
147.52,9.601,6.626,93.566
243,2.718,6.186,47.508
288.6,7.446,8.101,46.609
21.87,4.19,8.212,54.441
61.502,4.86,6.411,25.998
279.321,8.025,6.774,78.685
171.584,2.962,6.706,64.463
364.587,0.968,8.344,95.532
326.146,5.203,6.512,21.185
422.802,5.288,6.416,62.294
346.246,7.972,6.455,52.147
214.966,9.683,7.825,89.581
336.483,0.553,8.22,4.006
137.691,5.917,6.983,76.319
153.157,6.813,6.34,62.683
394.493,9.858,7.464,61.147
223.21,9.426,6.525,87.657
399.19,7.125,6.16,59.39
411.211,5.218,8.216,71.876
428.781,1.615,8.177,64.925
458.318,3.842,8.44,7.881
215.493,5.851,7.185,12.17
159.433,7.252,6.735,34.511
291.099,6.354,7.924,67.894
185.586,7.141,6.451,3.618
300.537,4.292,6.608,77.487
352.793,7.276,6.639,21.098
344.203,1.437,8.379,56.392
187.276,1.626,7.825,20.915
83.43,1.628,6.334,18.421
215.265,8.909,6.232,34.085
71.297,0.76,8.107,92.229
445.049,8.015,8.006,24.547
172.939,2.336,7.677,5.804
77.23,4.684,6.49,88.342
12.724,9.16,7.201,44.454
322.911,5.859,7.507,62.485
318.451,2.101,8.33,88.692
170.302,2.841,6.424,75.809
35.856,9.204,7.289,79.854
204.814,4.271,6.394,48.529
155.609,5.87,7.11,69.047
338.56,4.599,6.5,96.413
302.89,3.784,8.09,89.089
182.297,2.233,6.637,61.63
108.946,6.862,7.043,9.452
494.018,7.182,7.019,97.99
227.001,2.749,8.166,23.323
344.137,7.89,7.894,36.715
70.276,8.545,6.144,14.895
242.795,9.207,6.168,17.495
13.768,1.612,7.378,79.782
252.728,3.039,7.069,13.699
482.009,8.604,6.689,19.748
192.103,1.985,7.982,17.978
19.498,0.035,6.322,37.648
15.478,8.708,8.435,69.774
193.993,3.264,6.06,64.74
80.012,4.145,6.296,72.745
11.676,4.463,6.778,72.954
378.107,8.483,7.273,1.297
229.262,3.379,6.54,68.769
144.622,8.923,7.841,68.773
450.042,6.169,6.894,7.149
58.069,5.273,6.096,43.285
477.959,3.256,8.194,8.786
156.983,2.437,8.36,19.892
444.202,6.241,7.546,49.485
301.471,4.469,8.016,2.189
413.354,9.105,6.303,10.405
492.007,4.916,6.672,9.407
144.203,5.118,6.813,13.33
480.568,4.167,8.402,5.928
194.741,7.893,7.281,61.596
192.756,4.248,6.019,18.681
170.194,2.693,6.95,86.398
270.704,8.62,6.019,88.595
77.073,5.968,6.595,69.412
276.856,5.915,7.137,7.431
270.852,6.108,6.808,89.269
380.951,7.188,6.082,42.45
416.825,3.131,6.291,18.93
220.221,0.338,7.377,78.099
151.167,8.106,7.739,35.323
129.667,1.289,7.011,51.101
97.312,7.218,7.829,74.561
28.824,0.823,6.408,11.011
171.224,3.753,6.305,17.786
135.124,0.63,8.099,96.887
483.209,5.222,6.848,71.641
278.854,6.531,7.081,23.881
173.639,1.714,8.369,57.805
290.234,3.716,7.06,19.611
69.598,9.302,6.009,86.681
222.022,4.424,8.345,45.413
313.117,8.025,6.035,80.88
244.449,9.272,7.656,97.22
200.889,9.743,6.807,98.107
496.924,8.983,7.176,14.624
440.157,3.174,7.368,94.536
311.703,9.626,7.021,27.759
284.689,8.124,7.936,36.603
310.33,8.372,8.327,7.236
100.656,0.152,6.216,64.914
197.569,9.542,8.001,64.768
19.73,7.781,6.322,77.927
237.773,7.68,6.201,94.68
271.512,0.815,8.39,43.388
113.875,2.326,7.223,41.336
482.014,9.623,6.382,64.272
454.727,5.007,7.425,67.074
361.072,3.979,6.658,45.079
266.693,8.399,7.161,92.014
434.985,0.873,7.562,6.165
65.326,4.169,8.173,75.884
395.255,3.757,6.008,21.586
62.41,3.499,6.535,50.038
397.105,3.077,6.241,85.298
137.884,2.101,6.243,33.631
438.545,1.729,8.364,90.069
472.021,6.404,8.34,45.618
74.398,9.194,7.873,70.573
231.338,5.089,7.608,72.545
490.494,2.98,8.12,26.821
241.704,1.592,6.146,90.165
431.774,8.301,6.299,13.337
294.366,9.715,6.793,59.417
187.665,3.492,8.081,92.972
142.892,2.91,7.181,4.068
101.612,6.015,7.259,53.594
380.899,7.753,6.573,25.397
193.27,4.554,7.621,20.053
255.638,6.301,8.22,24.143
246.163,7.165,6.824,90.366
288.64,9.606,7.548,43.126
432.789,1.65,6.83,24.354
490.37,9.974,7.982,92.828
203.792,3.922,7.187,32.84
413.759,7.232,6.849,72.623
382.264,5.724,7.05,54.18
286.764,4.867,6.228,68.237
478.024,6.981,8.165,19.085
100.237,3.958,8.395,68.174
54.632,1.261,7.194,90.676
426.981,4.889,6.553,10.99
219.575,5.219,7.662,33.327
423.484,2.019,7.131,97.288
446.545,9.356,6.631,23.294
31.229,2.275,6.096,6.896
441.732,4.092,8.224,6.451
224.16,1.549,7.992,28.255
255.216,5.358,8.073,49.992
313.296,3.076,7.1,27.614
463.191,4.893,7.883,28.809
9.558,2.246,7.453,83.311
238.422,0.538,6.937,76.927
343.861,7.792,8.107,31.774
361.353,6.411,8.497,35.144
346.266,3.407,8.248,96.998
67.218,0.475,7.94,95.065
149.698,8.656,7.869,97.337
179.358,1.698,7.626,93.981
402.219,9.307,8.134,63.181
139.38,4.786,7.233,31.524
105.352,3.404,6.454,96.98
478.724,7.418,7.92,74.539
4.432,8.768,8.299,71.413
498.91,3.707,6.853,79.964
338.411,4.073,7.957,60.248
414.235,4.332,6.684,58.743
147.31,9.223,8.357,36.772
7.158,6.926,7.709,15.923
368.935,2.476,7.423,44.414
417.072,1.85,7.95,52.22
370.238,2.304,8.033,87.903
71.425,2.636,8.231,40.758
376.714,2.302,8.253,88.419
384.461,6.585,6.132,32.434
329.27,1.159,6.307,94.523
383.058,3.874,8.065,4.855
422.961,6.251,8.365,53.008
306.802,2.909,6.769,32.838
44.302,0.653,6.022,30.147
243.814,0.818,6.807,8.86
38.825,1.26,6.957,68.448
203.772,8.358,7.903,39.862
203.553,6.579,6.119,94.956
33.005,0.645,6.532,71.53
174.41,3.911,8.235,44.846
55.499,2.786,6.387,63.102
404.118,5.78,7.898,7.534
473.844,5.228,6.903,59.325
36.158,4.811,7.657,66.949
477.558,3.145,6.185,11.51
261.288,1.378,6.716,68.561
149.783,7.424,7.062,47.927
38.431,8.799,8.143,48.482
250.312,9.442,7.409,72.634
397.258,0.586,6.113,45.531
353.543,7.399,8.005,24.2
25.113,7.265,6.136,30.53
36.451,9.471,8.336,74.097
201.437,2.529,6.529,8.029
147.645,7.422,7.22,84.242
116.192,0.546,6.181,58.638
140.502,6.312,7.404,72.97
401.741,3.508,7.243,35.025
464.614,7.689,7.026,23.051
202.551,8.633,6.089,80.653
453.056,3.648,8.197,11.119
160.748,5.256,8.007,17.42
238.218,1.174,7.583,29.207
113.014,4.169,7.431,35.771
320.238,3.608,7.737,21.162
489.491,1.831,6.36,91.35
301.747,8.945,8.332,3.691
178.907,1.481,6.712,80.543
323.909,6.357,7.641,41.696
61.46,8.901,7.517,83.775
444.33,9.12,7.592,79.801
251.542,7.932,8.197,12.983
224.675,1.761,6.74,66.975
292.932,8.174,7.872,38.466
312.392,2.766,7.496,82.28
35.888,9.224,6.19,85.251
341.309,7.091,7.035,19.716
120.966,7.853,8.095,48.386
356.976,0.85,6.788,59.846
411.267,5.828,7.206,54.864
401.979,8.211,7.222,25.925
276.25,8.616,7.545,27.977
260.085,0.286,8.21,85.961
71.438,9.392,6.434,4.237
387.673,0.433,7.262,26.974
135.705,6.145,7.061,23.084
248.348,6.934,6.74,37.696
142.137,1.073,8.299,68.924
66.914,0.48,6.02,53.694
314.779,7.849,6.305,54.522
27.166,3.847,7.833,73.397
374.323,1.071,6.659,81.404
158.793,7.627,7.808,16.828
0.067,8.492,8.081,11.695
255.565,5.874,6.637,30.821
23.426,1.612,6.48,82.928
138.085,0.152,6.363,54.633
353.488,7.008,6.5,15.14
31.345,5.501,6.668,17.21
419.669,6.508,8.172,89.929
1.91,8.132,7.925,37.33
123.412,4.342,6.005,26.273
370.452,1.245,8.185,69.68
158.135,9.4,6.197,86.218
50.946,5.453,7.638,44.799
180.117,6.153,6.379,79.322
135.197,9.334,6.156,43.574
421.356,9.316,7.899,69.451
156.674,5.721,7.168,57.907
394.466,2.976,7.498,89.55
445.936,9.971,7.063,33.18
216.909,6.808,6.168,77.272
454.972,4.084,7.849,68.71
188.659,5.598,8.051,84.044
482.039,4.158,6.104,61.147
44.645,8.883,6.939,46.554
343.51,4.825,7.393,5.896
246.907,8.235,7.513,84.13
193.824,8.402,7.445,91.084
316.356,8.243,7.732,45.516
351.929,7.222,8.417,23.004
2.182,8.549,6.976,65.068
83.477,3.872,7.392,13.048
356.523,1.147,7.748,5.044
333.193,8.425,7.481,29.72
483.024,4.982,6.967,68.311
380.519,1.274,7.56,81.606
475.386,1.153,7.625,16.529
351.27,1.592,7.462,94.669
149.026,7.51,6.513,55.656
52.682,7.109,7.265,92.601
390.912,2.038,8.211,15.829
322.075,8.469,8.172,46.34
24.093,2.813,7.877,43.65
180.025,7.93,7.743,41.758
478.4,4.888,6.383,93.148
250.201,7.315,7.149,85.092
216.365,3.814,6.277,79.633
228.85,3.471,8.043,29.326
104.441,8.414,6.728,34.565
184.354,0.353,7.917,26.671
184.907,9.747,8.036,79.555
26.178,6.482,8.231,39.89
383.784,4.325,7.885,97.89
208.252,6.281,7.412,37.067
411.09,1.227,7.495,17.809
425.174,5.141,6.801,93.056
105.997,9.851,6.442,78.488
328.677,2.353,6.327,58.74
236.141,7.223,6.455,85.985
440.078,4.35,8.335,94.995
107.87,6.525,6.411,86.276
338.907,2.049,7.809,90.547
303.876,4.705,6.462,27.853
147.651,9.801,8.438,51.574
68.3,1.953,6.916,79.734
325.82,6.364,7.03,53.076
369.299,5.756,7.011,64.542
157.814,5.651,8.041,92.362
322.416,6.151,6.546,30.239
197.565,5.022,8.078,54.401
356.603,0.169,7.643,56.79
99.608,9.001,6.551,36.594
445.108,8.27,6.164,37.459
143.705,1.742,7.937,77.135
183.893,4.133,6.547,93.022
29.046,7.705,8.223,63.74
55.756,9.801,6.324,49.306
257.931,9.511,7.541,75.286
133.796,8.994,7.73,99.783
417.74,1.584,7.644,9.158
7.347,9.145,6.79,65.507
189.547,8.784,8.189,56.055
168.673,3.769,7.925,61.414
9.664,3.945,7.276,3.259
62.184,4.599,7.508,95.612
206.821,6.562,7.416,9.455
246.432,2.608,8.367,31.44
202.145,0.229,8.241,30.531
265.469,1.412,6.589,73.578
297.566,4.401,6.657,67.423
4.962,2.82,8.454,7.111
232.048,7.645,6.591,15.821
481.75,1.067,8.384,32.56
259.516,9.175,7.624,70.706
338.771,8.953,6.125,92.994
155.932,9.088,6.839,32.232
386.996,7.396,7.19,53.032
386.461,1.07,8.083,37.888
260.648,4.381,6.821,58.158
488.007,1.314,6.776,63.169
62.775,9.877,8.301,52.311
8.474,3.33,6.198,39.513
385.079,5.853,7.379,88.099
403.578,7.794,7.261,80.39
60.104,9.206,6.143,99.842
132.791,7.555,6.219,41.857
8.776,6.745,6.955,4.836
146.654,4.66,6.335,65.486
386.571,6.054,7.195,78.559
258.98,0.942,7.522,93.742
174.048,8.839,7.728,2.026
185.87,5.438,7.366,88.079
0.677,0.401,6.949,52.157
149.9,9.199,6.324,38.107
323.229,4.893,6.619,22.972
487.097,8.686,7.049,81.598
423.53,8.569,8.31,37.01
11.797,8.158,6.507,60.851
449.28,0.614,7.033,51.655
391.599,2.471,7.831,27.052
390.188,8.755,7.763,78.99
228.998,8.99,8.414,30.519
199.003,4.581,6.477,78.944
151.458,4.4,6.041,41.545
32.847,1.751,6.806,3.978
114.118,9.684,6.374,76.975
123.302,2.131,7.371,90.028
242.039,1.909,8.247,12.859
373.722,6.607,7.721,58.938
236.905,2.428,6.339,8.104
28.922,9.388,6.29,83.159
478.895,0.109,8.279,98.808
471.362,0.058,7.219,50.004
392.595,5.049,8.309,32.026
495.664,4.881,7.841,84.729
272.241,1.634,8.483,52.557
481.384,4.945,8.178,45.454
37.803,4.117,7.036,23.553
182.84,8.903,7.896,61.986
112.691,0.093,7.178,61.025
97.917,9.763,6.583,27.021
70.401,6.244,6.603,21.93
311.207,1.518,6.993,44.418
390.661,0.468,6.279,45.631
289.149,5.381,6.444,13.713
73.481,2.349,7.252,28.33
405.562,3.012,8.385,16.875
317.977,2.451,7.444,90.243
194.083,6.502,7.021,8.359
337.065,5.535,6.607,87.997
129.952,0.78,6.49,53.261
172.596,5.265,7.646,66.867
458.743,7.912,8.121,92.402
145.252,0.812,6.997,37.173
234.994,8.897,7.377,70.559
445.071,5.783,7.767,67.498
353.861,9.506,6.146,98.846
31.102,1.481,6.877,5.559
73.652,9.936,7.824,46.088
3.921,6.443,7.712,98.966
315.461,5.675,6.133,33.46
223.837,5.153,6.595,96.601
67.137,0.237,7.7,81.855
478.967,9.396,6.679,34.593
264.83,6.44,8.036,3.881
120.947,0.916,6.074,28.754
250.302,0.21,6.476,13.248
339.81,0.508,6.703,43.417
38.12,6.094,8.313,94.013
137.352,6.14,7.991,51.749
403.483,4.997,8.21,45.303
229.832,3.068,7.101,22.36
273.289,5.317,8.056,62.522
216.408,5.163,8.134,46.082
21.95,0.194,7,77.499
82.875,2.825,8.486,52.096
222.771,0.532,8.128,88.771
104.593,9.002,8.435,78.518
24.99,7.252,8.166,15.361
421.825,9.961,7.941,14.464
490.596,3.022,8.36,3.411
396.571,8.785,7.05,37.532
426.892,6.031,7.958,6.407
120.989,4.531,6.532,45.545
480.313,2.226,7.832,24.894
98.463,7.384,7.963,50.326
475.715,9.041,7.791,16.672
497.41,2.353,8.125,55.37
355.861,1.754,7.033,96.677
490.572,6.962,7.362,64.086
284.77,9.77,6.027,56.875
129.771,7.5,6.365,79.017
218.498,2.846,7.61,1.551
296.78,4.2,7.406,28.964
36.541,3.843,6.493,98.711
311.172,8.521,6.609,78.479
490.589,7.714,6.86,9.936
95.054,5.89,7.791,33.32
396.298,2.75,7.524,44.547
453.949,9.38,6.174,93.524
471.851,6.533,7.9,59.033
480.068,9.705,6.657,8.645
260.73,5.801,7.679,51.398
488.654,8.212,6.308,29.649
378.655,8.131,8.495,34.531
80.836,3.373,6.201,12.313
238.45,9.64,7.854,46.417
359.166,0.219,7.353,67.279
123.67,7.687,6.215,76.196
320.308,9.656,6.067,69.843
333.3,3.389,6.907,66.391
81.35,6.481,8.006,87.052
282.543,5.622,6.103,33.905
385.813,7.615,7.761,22.245
249.448,8.662,7.638,9.854
6.052,6.03,6.664,17.405
4.519,8.159,6.194,15.79
178.515,3.123,8.288,91.337
463.097,2.286,6.751,18.871
114.338,4.307,6.278,10.3
317.182,6.777,7.704,40.625
111.038,1.872,6.542,17.791
160.835,6.804,7.189,13.926
424.021,3.941,6.126,36.878
364.431,7.956,8.482,92.019
47.7,0.368,7.119,4.013
214.351,6.68,8.498,21.564
14.585,6.498,6.964,82.598
240.445,9.409,6.87,25.278
331.217,7.134,8.286,44.668
59.251,7.963,6.824,10.756
144.442,9.046,7.08,79.722
198.918,6.751,6.195,73.91
459.766,2.902,8.389,13.678
496.628,8.698,6.213,94.848
22.456,7.476,7.928,59.472
380.504,4.244,7.347,80.018
185.862,7.105,6.154,76.616
196.229,8.677,6.004,52.388
377.132,9.757,8.339,75.002
459.213,9.524,7.855,24.542
475.464,3.253,7.716,3.105
288.561,4.217,7.096,34.866
178.561,1.095,6.597,16.098
393.775,2.475,7.7,98.127
125.501,8.824,7.521,92.439
282.037,3.608,7.816,15.27
179.289,6.206,6.914,35.055
328.316,6.66,8.467,51.422
120.199,7.818,6.168,40.474
95.796,1.828,6.199,70.302
459.12,3.048,8.292,50.848
50.902,4.483,7.619,56.961
252.979,3.648,6.816,68.086
110.426,9.829,7.905,3.343
19.465,8.349,7.132,2.23
18.009,4.797,6.053,18.634
87.611,8.793,7.628,72.112
433.385,3.477,6.608,24.802
141.239,7.858,6.288,92.098
475.23,2.237,6.563,8.771
290.811,7.723,7.19,58.411
218.307,4.565,6.125,3.529
290.044,1.075,8.208,97.234
258.349,2.733,7.4,22.153
379.388,4.023,6.732,59.176
141.248,7.493,7.718,95.352
176.525,0.73,8.011,4.006
447.047,6.595,7.535,51.761
473.228,7.16,6.506,53.145
446.279,6.539,6.276,35.797
209.724,7.607,8.15,65.801
390.183,1.782,6.587,54.71
238.168,5.871,6.05,25.665
248.77,9.411,7.607,70.826
102.34,6.108,6.382,47.151
295.565,6.113,8.477,47.561
93.068,7.364,8.174,95.24
165.782,3.332,7.521,53.968
427.515,7.005,8.085,78.681
103.538,9.162,7.176,86.871
35.579,0.109,7.971,58.492
34.504,8.701,7.616,78.851
470.392,2.186,6.072,31.645
253.46,4.559,8.372,19.011
204.706,8.523,8.152,69.858
405.439,8.239,8.384,92.693
417.913,8.919,7.828,5.207
166.096,9.404,7.03,76.543
346.809,4.472,6.517,3.811
385.561,6.564,6.45,46.402
327.325,3.905,6.362,68.042
75.798,3.507,6.552,41.125
437.942,4.316,7.377,30.794
269.547,7.431,7.709,19.497
141.236,5.014,6.785,97.809
212.614,8.141,7.372,57.461
18.786,7.452,6.853,13.657
63.933,0.205,7.741,5.767
382.773,6.302,8.471,25.096
0.006,4.366,7.723,54.324
208.283,4.566,6.148,75.447
261.255,8.184,7.193,98.115
27.317,5.476,7.926,83.561
486.539,8.856,7.356,61.585
113.063,7.128,8.378,66.981
152.099,5.528,6.137,52.685
151.971,7.545,6.728,44.023
115.208,0.383,6.552,78.688
0.737,0.271,7.919,18.558
364.672,0.833,7.309,34.059
483.423,4.376,6.346,97.89
112.147,2.355,6.714,57.601
331.524,9.843,7.307,50.352
370.948,5.423,8.49,85.228
424.213,6.624,6.911,76.44
211.315,2.788,6.392,33.278
151.465,3.218,7.243,62.97
162.648,3.355,6.775,19.354
356.311,6.987,7.415,6.245
408.39,4.737,7.167,98.995
90.807,5.177,7.724,73.984
185.471,5.92,8.286,93.146
450.97,7.688,6.501,83.357
403.347,0.904,8.053,43.379
492.429,7.769,8.373,86.283
377.124,5.632,6.934,78.883
196.598,6.691,6.284,26.567
295.319,3.276,8.055,62.678
330.507,4.094,7.753,31.197
39.228,2.312,6.532,24.17
272.248,9.793,7.113,9.092
354.66,4.97,7.445,54.773
83.661,9.961,6.425,39.85
390.316,4.898,7.787,9.716
291.886,2.198,7.725,72.117
476.111,5.075,8.218,72.583
21.211,0.396,7.418,24.296
132.663,9.048,7.436,95.635
300.777,8.186,7.548,78.008
148.28,7.258,6.684,80.725
357.212,6.098,7.897,1.366
379.503,5.798,7.656,97.865
51.258,9.967,8.098,99.039
256.927,2.78,7.921,51.215
254.445,7.797,7.596,98.517
184.64,5.814,6.402,61.602
466.462,9.759,8.298,14.265
413.753,8.278,6.918,81.609
348.605,9.985,8.411,56.25
357.163,5.883,7.005,34.887
230.858,2.045,6.365,24.382
460.497,5.037,8.212,52.371
347.298,7.111,7.988,69.483
364.491,7.744,7.966,87.824
430.845,0.005,6.224,60.265
137.036,5.05,8.198,42.114
403.535,2.352,7.491,63.581
97.62,8.749,7.176,50.199
172.671,1.529,8.283,65.547
167.805,6.665,7.665,61.288
489.263,2.661,6.333,97.89
428.269,3.565,7.299,62.602
350.585,9.406,7.592,69.413
363.528,2.404,8.246,89.346
281.036,0.95,6.7,91.389
473.545,0.693,7.986,14.947
248.129,5.046,8,45.927
190.259,6.417,6.32,94.334
81.518,3.273,6.043,96.017
393.103,6.903,7.454,19.813
367.222,0.61,7.974,44.927
192.178,8.573,7.386,28.586
12.597,8.166,8.033,79.283
419.499,9.855,7.556,85.365
5.709,9.365,7.633,47.455
351.85,3.562,6.07,67.89
485.129,3.993,6.221,87.127
218.831,7.46,7.813,71.242
117.487,1.341,7.907,16.486
352.436,3.14,7.355,71.487
408.564,1.185,7.475,16.736
273.215,4.549,7.536,65.721
483.518,5.52,6.262,34.02
25.834,2.112,7.67,6.588
252.398,0.266,7.196,23.422
359.227,7.194,7.506,47.37
431.32,0.2,7.408,99.408
89.628,9.734,7.908,26.315
400.002,2.216,6.796,97.899
276.354,6.639,6.934,37.058
198.277,4.348,6.979,96.041
65.858,0.597,7.906,95.654
432.648,4.722,7.078,15.147
78.637,5.168,6.443,83.043
154.894,8.547,8.458,52.214
145.023,7.323,7.233,68.934
435.707,0.793,6.273,77.831
336.351,2.092,7.676,13.329
398.341,3.119,7.848,80.098
125.234,1.164,7.251,30.977
312.437,4.569,7.616,73.505
285.873,9.843,6.432,57.792
416.415,5.146,6.92,68.782
453.044,7.419,6.405,62.665
6.078,6.829,6.968,81.232
337.01,8.499,7.407,89.561
25.918,2.157,7.106,45.461
274.429,7.538,7.483,39.825
143.816,8.814,7.254,24.977
153.388,1.715,6.795,81.57
176.479,3.468,6.359,96.734
310.646,9.701,6.632,20.337
167.025,7.808,6.502,46.326
366.35,2.826,7.769,77.263
202.264,5.639,8.05,63.968
34.177,4.043,7.801,81.688
391.88,4.9,7.609,2.598
142.879,3.552,6.77,91.223
216.383,2.793,7.777,7.074
342.722,6.748,7.513,45.102
166.228,7.785,6.117,28.301
28.293,8.74,8.269,92.891
186.961,1.553,6.2,28.239
472.224,8.229,7.257,37.96
320.867,2.548,7.283,88.946
335.74,4.273,8.093,54.203
316.141,9.014,8.283,89.922
99.496,4.545,8.349,66.436
209.167,1.971,7.424,8.84
375.47,1.599,7.698,44.044
50.686,4.73,6.221,18.462
138.926,7.627,7.22,7.448
138.16,9.972,8.245,38.008
216.009,7.874,7.139,90.934
490.184,8.77,6.174,12.649
33.751,7.478,6.502,1.67
259.35,8.954,7.074,93.574
89.682,0.763,6.594,53.48
485.338,9.299,6.981,56.299
56.652,3.964,6.832,92.917
201.801,9.216,6.797,70.318
368.942,0.757,6.228,82.854
352.277,7.152,8.207,77.279
211.364,7.357,7.732,61.574
173.262,9.969,7.558,69.151
198.806,7.689,7.516,56.51
132.138,3.826,6.991,36.184
102.666,5.572,8.058,29.25
241.52,3.666,8.325,18.419
134.267,1.96,6.014,36.046
143.731,2.485,6.198,58.113
328.378,2.22,7.687,59.166
484.269,5.488,6.59,68.659
301.819,9.062,8.279,88.063
38.49,9.127,7.669,65.533
37.792,0.548,6.921,17.918
475.712,0.799,7.038,3.544
148.645,2.451,7.727,20.49
46.033,2.551,6.352,90.902
299.522,0.949,8.209,57.198
311.824,3.885,6.012,85.012
324.252,5.877,8.447,24.197
133.701,5.782,6.419,71.278
7.555,5.434,7.855,73.436
482.508,3.387,6.1,81.144
125.447,7.065,7.079,54.016
338.013,8.265,7.576,79.558
353.315,3.463,6.176,93.609
305.004,0.855,7.108,95.782
156.454,2.963,6.758,13.418
135.548,1.374,7.246,62.806
298.834,4.674,7.261,12.235
433.048,1.559,7.963,92.336
473.367,4.628,6.309,95.584
52.953,2.21,6.207,50.46
77.414,7.387,7.005,96.029
472.368,0.276,8.219,76.858
368.268,5.547,8.138,69.898
441.497,1.695,7.4,58.495
101.316,0.01,8.222,41.271
293.793,8.692,8.013,96.414
350.57,6.715,6.695,20.508
340.056,0.989,6.425,80.451
204.076,6.641,6.753,37.378
7.697,6.116,6.568,75.571
291.463,4.734,7.557,17.205
126.551,4.193,7.462,37.957
225.127,8.871,7.496,94.668
478.791,2.451,6.473,56.172
199.518,3.983,7.98,49.634
419.901,3.291,7.084,75.459
94.27,7.712,7.181,42.288
336.23,9.165,8.492,49.809
488.503,8.498,6.706,56.5
50.947,7.977,6.985,99.009
4.16,9.868,7.691,80.732
216.791,6.971,8.201,4.94
46.313,7.511,6.317,78.578
374.192,9.828,7.838,50.795
457.274,0.07,8.296,23.836
217.01,6.34,7.057,85.497
129.356,7.39,6.717,27.783
217.202,9.178,7.694,32.721
361.724,8.838,6.615,7.236
4.527,8.42,6.961,97.783
294.727,9.458,8.242,79.743
306.646,5.374,7.476,15.662
318.844,0.069,6.237,49.465
121.011,0.111,6.824,34.338
357.026,5.446,7.568,4.207
45.696,4.353,7.204,92.795
99.635,4.512,7.651,84.102
438.735,4.004,7.904,98.706
369.362,9.177,7.202,25.009
6.873,3.592,8.467,70.242
124.188,8.562,8.287,12.699
107.203,9.029,6.15,43.708
135.403,4.995,6.666,84.827
123.78,4.469,6.751,1.798
31.263,7.61,6.461,48.589
229.47,7.08,6.78,44.035
366.367,3.285,7.062,69.409
303.366,1.025,6.129,24.555
336.436,2.649,6.318,18.155
40.575,1.31,6.241,65.419
475.745,2.947,6.116,64.484
419.246,2.618,7.204,75.427
402.545,6.377,6.835,25.444
411.492,9.545,8.339,2.616
466.355,6.857,6.257,87.918
272.127,9.266,8.315,21.428
100.141,7.841,6.216,42.379
308.392,7.279,7.548,47.382
371.441,4.141,6.619,19.546
368.959,3.248,8.067,52.562
260.725,8.463,6.154,91.515
34.229,9.054,8.381,27.864
185.556,4.519,6.118,52.514
460.383,0.091,6.603,31.561
292.224,7.925,7.16,98.092
269.166,2.851,7.89,22.839
134.427,0.099,8.378,11.824
184.224,8.05,7.07,15.119
447.673,5.174,7.893,37.338
333.232,6.852,7.818,55.732
393.694,9.147,7.428,67.133
227.173,5.412,7.727,56.679
315.124,5.032,6.095,90.648
124.192,2.907,7.104,36.669
352.73,3.052,7.965,71.521
213.801,7.965,7.186,27.55
221.273,4.49,8.184,68.494
324.661,1.635,8.084,92.656
468.14,0.945,8.159,97.862
32.003,4.729,6.325,73.24
412.372,4.65,6.61,94.302
146.192,6.535,6.074,68.363
221.96,4.711,8.457,96.356
10.957,1.435,6.59,89.904
150.523,5.078,6.918,11.555
251.316,9.068,6.687,47.938
28.088,1.594,6.099,35.398
245.548,6.898,6.653,3.673
463.555,5.939,6.245,47.224
52.697,7.486,6.986,15.687
382.22,1.506,8.417,4.609
204.836,9.416,7.746,45.057
327.587,6.21,7.767,24.006
130.118,8.471,7.133,93.594
79.746,2.466,8.028,81.457
80.231,7.394,8.271,95.661
35.246,7.81,8.404,88.265
92.823,3.974,6.247,73.068
332.11,3.84,8.199,60.167
440.845,6.578,6.563,7.48
407.063,0.934,6.993,27.315
342.567,7.356,6.864,71.363
55.216,0.429,7.688,40.717
144.594,1.906,7.495,33.211
154.903,6.641,6.273,11.293
124.978,0.983,7.957,7.948
257.503,9.718,7.099,21.789
267.777,8.684,6.006,83.623
178.443,6.263,7.036,66.639
176.895,8.191,7.291,34.754
414.278,8.876,6.172,7.042
394.646,2.595,6.378,19.649
153.898,8.494,8.484,45.539
456.894,1.948,8.178,16.169
476.408,4.133,6.333,76.497
163.371,5.583,7.451,79.075
177.212,7.139,6.948,14.55
252.817,0.301,7.359,72.96
470.56,2.905,7.176,51.712
438.16,6.085,6.12,96.276
51.284,3.574,6.789,78.969
196.365,7.75,6.314,58.945
276.686,6.517,7.222,60.758
251.566,2.344,8.268,18.712
96.932,1.459,8.489,89.469
429.408,6.29,8.361,56.366
338.47,4.505,8.464,57.836
418.954,1.69,6.038,57.966
429.382,3.264,7.824,28.347
374.178,3.03,6.682,81.397
219.605,1.081,8.164,86.372
305.273,5.469,8.034,29.501
80.183,7.636,7.059,44.735
336.823,5.755,7.183,18.736
89.627,8.263,6.663,24.616
346.975,1.276,6.722,34.262
114.799,4.356,8.453,90.297
58.776,6.094,8.222,62.99
82.642,6.76,6.48,59.207
0.996,6.958,6.689,94.729
359.37,7.29,6.272,79.341
366.201,6.514,8.472,2.589
257.467,0.942,8.268,13.309
80.681,6.953,7.38,25.528
41.777,7.248,7.732,31.088
9.564,9.935,7.87,83.572
82.874,6.934,6.51,77.221
445.428,6.868,8.337,15.399
120.768,5.148,7.317,53.859
177.136,8.679,6.231,11.803
52.673,9.968,6.993,18.116
111.181,7.79,7.504,24.977
259.612,6.125,6.882,90.624
303.876,0.79,7.748,37.206
122.676,7.267,8.205,91.666
28.866,7.086,7.93,75.323
195.516,7.756,7.607,75.191
117.102,1.246,7.28,80.546
109.777,6.537,6.636,10.501
479.931,2.957,7.137,81.647
308.15,7.603,6.732,26.006
278.439,2.404,8.335,98.409
207.888,6.84,8.268,84.972
214.472,2.95,6.39,99.668
270.453,0.09,8.057,93.775
348.215,6.334,7.757,36.613
351.073,1.133,8.438,94.227
85.847,6.593,7.158,33.693
250.056,9.256,7.805,66.268
205.979,9.692,7.295,82.046
435.263,2.359,6.174,38.815
315.709,8.093,6.117,21.183
266.252,3.536,6.305,89.594
57.697,9.005,6.74,11.225
302.819,7.875,6.648,37.133
58.602,0.739,7.821,54.517
168.603,4.071,7.79,80.67
71.421,3.373,8.428,87.016
346.037,7.852,6.776,51.652
103.126,4.103,8.346,57.766
195.93,6.846,7.532,85.529
447.837,6.024,7.238,47.234
102.158,9.756,7.67,56.351
253.903,9.378,7.757,2.825
209.636,4.277,6.43,95.161
9.062,7.236,7.879,57.111
396.379,8.295,7.813,73.03
34.523,8.989,8.494,25.543
237.128,0.681,8.28,66.002
280.339,3.021,7.712,46.543
314.213,3.202,7.781,12.135
344.316,4.344,8.365,83.186
126.636,1.693,8.418,84.095
4.989,4.962,8.067,7.308
361.722,6.632,7.918,39.67
267.828,4.974,6.278,28.863
418.059,6.658,8.076,52.121
410.694,0.664,6.633,49.391
421.663,8.76,7.409,65.986
242.547,9.391,7.013,25.501
166.814,6.179,6.864,22.948
395.779,8.814,6.776,72.609
225.647,1.314,8.139,97.644
91.721,7.974,7.923,94.688
427.487,1.191,7.309,79.407
441.28,4.08,7.661,7.679
233.155,3.238,8.461,24.54
37.85,5.856,6.994,69.273
193.913,3.015,7.378,30.281
401.769,6.373,7.334,39.969
450.887,3.674,8.34,95.415
101.736,8.608,6.879,9.544
33.487,6.339,8.466,86.263
438.675,2.153,6.762,5.98
194.702,3.361,6.272,34.456
270.88,8.474,6.478,55.985
484.033,3.865,7.066,36.282
33.282,5.358,7.624,95.759
324.159,6.489,7.292,50.933
37.053,3.478,6.941,73.65
187.734,2.94,7.405,70.504
401.907,4.753,8.097,83.674
216.736,2.149,8.097,86.527
498.591,2.842,7.816,47.165
279.53,0.621,8.381,86.437
160.581,3.04,7.476,65.692
110.056,3.207,6.019,68.92
175.26,9.618,6.727,18.15
186.267,5.897,6.821,25.265
34.357,7.874,7.368,69.079
184.787,0.454,8.262,27.298
232.119,1.065,8.095,49.514
361.369,8.145,6.58,49.507
328.365,6.235,7.298,24.17
354.383,1.91,7.648,57.083
4.182,4.048,8.469,56.812
108.834,5.387,6.078,13.773
330.842,8.436,7.16,38.73
241.995,0.604,8.47,37.217
2.657,5.967,8.443,56.647
402.247,7.17,6.827,75.184
386.405,9.779,6,2.805
274.21,8.072,7.467,14.124
33.232,2.762,8.167,30.897
383.258,7.096,6.811,81.231
291.857,7.633,8.336,48.571
390.98,7.297,6.832,51.578
375.873,8.201,7.526,41.512
401.501,9.037,7.805,42.099
259.004,0.984,6.864,97.778
70.162,1.048,6.881,89.965
335.579,7.964,7.175,72.861
310.237,2.524,8.088,33.084
371.127,0.585,6.252,51.855
84.941,4.012,7.579,69.252
97.488,8.199,7.693,40.063
445.205,1.266,7.395,52.923
374.989,6.718,8.34,15.425
454.114,0.036,7.505,10.264
379.358,1.097,7.586,17.564
298.578,3.509,7.499,75.81
327.066,0.836,7.805,19.806
444.564,8.459,6.339,92.547
289.403,8.641,8.236,37.486
316.196,7.556,6.106,17.734
78.238,2.425,7.602,82.699
236.961,5.232,7.539,46.208
358.199,1.842,6.52,39.458
135.471,2.813,6.102,33.616
101.127,5.16,6.347,33.721
156.913,7.35,6.679,66.681
120.75,0.947,8.205,54.524
107.456,2.967,8.139,47.297
212.425,9.266,6.16,45.257
453.919,4.291,6.723,15.058
253.53,9.389,8.223,82.96
93.96,9.914,6.592,92.758
38.486,5.267,8.49,80.418
348.078,2.88,6.642,45.675
191.399,7.908,7.848,97.247
410.915,1.593,7.043,62.246
329.755,2.52,6.341,77.634
398.121,7.849,6.638,74.381
135.973,4.336,7.688,71.074
346.179,2.015,6.843,64.557
132.031,6.511,7.51,21.95
469.534,7.328,6.514,30.151
318.187,1.251,7.121,88.785
162.256,2.77,7.281,18.816
134.756,2.213,7.032,16.044
95.463,3.799,6.495,29.132
347.32,7.634,7.154,36.887
109.358,7.137,7.732,55.76
297.652,6.625,8.412,60.948
132.318,0.063,7.974,79.277
330.984,1.421,6.404,8.267
407.47,2.233,6.682,21.615
389.013,2.72,6.197,51.011
380.426,1.464,6.339,25.83
93.861,4.103,6.627,87.475
44.192,0.752,6.499,64.377
349.474,7.5,6.534,49.533
184.174,7.877,6.577,1.044
216.173,5.743,6.752,86.006
15.575,0.897,6.314,46.625
129.788,8.901,6.695,53.61
16.838,9.656,7.721,70.129
439.593,2.024,6.591,93.808
121.698,7.046,6.43,16.663
278.669,8.419,6.169,8.047
19.49,5.398,7.25,13.069
333.424,3.233,8.105,74.332
161.514,4.786,6.148,13.799
448.96,5.123,7.356,50.597
444.059,4.006,7.627,70.943
162.645,9.298,7.481,71.563
450.48,7.439,8.194,41.229
498.079,2.413,8.166,70.163
412.708,5.856,6.143,95.051
422.436,6.887,6.902,3.77
124.504,1.402,7.677,67.467
288.351,3.584,8.381,52.739
33.628,9.055,8.012,22.046
47.459,5.672,6.441,31.464
499.446,2.17,6.698,83.878
163.32,1.228,7.909,59.103
374.092,5.182,7.179,2.439
403.333,5.477,7.368,96.571
429.012,3.344,7.522,66.952
498.814,6.304,6.258,44.822
120.748,0.687,8.14,71.521
20.175,1.451,8.158,21.252
205.596,5.463,7.171,26.786
65.04,0.618,7.567,16.061
11.213,8.809,7.65,40.31
180.213,1.421,6.474,90.565
391.869,6.739,6.281,39.47
283.09,3.912,6.052,29.52
156.389,3.998,8.282,70.653
327.171,7.649,6.864,87.091
116.009,4.995,6.215,25.179
7.191,7.257,7.164,80.984
382.177,5.052,6.189,31.176
311.872,5.929,6.213,25.484
381.151,7.607,7.222,47.823
19.469,6.073,7.272,7.606
418.56,6.156,7.45,86.361
309.763,7.892,7.641,87.56
281.698,9.491,7.671,68.06
312.307,3.767,7.082,30.986
432.217,5.771,7.609,17.504
293.468,0.863,6.762,70.182
290.475,3.588,7.103,11.206
495.34,4.12,6.983,41.7
378.365,8.352,6.823,9.792
221.147,5.134,6.596,43.219
353.699,7.311,6.196,14.315
194.615,0.19,7.265,4.186
114.438,4.645,7.343,45.524
298.426,9.013,6.84,57.202
464.091,2.243,8.44,44.495
464.57,0.315,7.392,18.439
170.953,4.334,8.223,8.666
263.839,7.044,7.425,13.51
105.818,4.545,6.475,72.984
497.816,4.6,8.437,2.572
490.559,6.698,8.213,86.468
324.754,2.544,7.178,84.169
402.207,7.519,6.608,88.166
357.55,1.531,6.557,87.996
296.579,3.958,8.015,67.084
26.674,6.56,6.173,84.896
227.382,8.284,7.595,73.303
337.393,7.915,7.6,30.712
338.766,7.217,6.456,75.758
186.561,3.591,7.762,61.942
470.846,1.223,7.764,3.722
83.679,2.168,6.875,78.85
250.18,8.648,7.208,87.213
345.442,8.573,8.082,52.23
348.568,9.516,7.308,49.216
324.319,0.76,7.545,43.3
137.644,5.368,7.032,72.165
78.103,6.487,6.374,22.33
317.97,7.107,8.495,77.62
299.651,6.439,7.329,29.942
89.678,7.7,6.841,26.888
352.57,3.595,7.784,81.109
227.586,1.794,7.552,18.263
333.88,2.046,6.582,86.389
418.684,0.12,8.192,97.809
84.864,3.503,6.177,32.667
9.572,0.917,7.514,92.859
389.551,3.215,7.195,57.075
304.849,6.282,6.795,26.675
349.82,8.945,8.066,45.811
419.077,8.396,7.641,80.205
401.405,2.527,7.899,66.997
480.46,1.341,7.037,49.983
267.968,1.931,8.356,26.474
244.248,9.71,6.862,72.854
200.944,5.495,7.328,32.018
76.846,1.825,8.334,33.764
286.304,8.407,6.208,74.941
138.506,3.952,6.272,56.285
460.654,8.992,8.485,19.398
291.595,2.607,8.428,69.024
296.42,3.932,7.929,26.547
177.462,5.049,7.21,76.289
25.995,8.926,7.265,48.393
15.872,8.688,6.643,59.904
211.668,5.744,7.082,60.497
42.283,2.218,7.078,15.534
303.423,4.034,6.09,65.397
440.487,9.756,7.133,86.846
441.457,6.078,7.199,89.229
329.523,7.811,7.664,69.167
105.616,4.499,7.291,96.929
431.498,5.32,8.154,60.229
443.047,4.29,6.919,26.232
98.327,7.029,7.024,66.357
368.713,8.515,7.429,91.008
143.26,5.074,6.507,36.526
401.32,4.809,6.984,27.22
498.619,3.403,7.715,96.684
15.013,1.771,7.03,76.888
448.683,9.392,8.267,5.928
311.315,3.161,7.538,56.557
486.691,8.007,6.384,24.209
232.505,7.153,7.219,29.395
423.694,7.909,7.912,9.671
31.197,9.368,7.608,23.869
167.64,6.234,8.213,51.017
33.508,8.98,7.875,8.778
487.672,1.677,6.154,89.08
408.487,6.267,6.281,77.765
426.274,7.723,7.624,38.757
468.983,2.716,6.596,13.893
42.552,7.408,7.47,99.403
192.799,7.785,7.981,56.767
35.517,8.312,7.442,42.875
105.397,3.129,7.039,20.665
114.683,6.816,7.616,21.118
234.554,3.043,6.359,79.825
134.281,7.39,7.808,52.468
50.489,4.63,7.743,98.416
83.746,5.975,7.286,95.357
73.638,4.158,6.697,21.476
486.538,1.62,7.994,99.938
379.646,1.78,7.276,98.673
483.881,0.776,6.148,80.129
219.87,6.181,8.297,39.7
139.184,8.486,7.919,23.19
399.147,0.208,7.462,11.213
163.127,0.662,7.092,6.145
149.692,4.575,8.4,82.259
116.253,7.377,7.938,94.611
64.839,1.577,7.337,77.483
128.232,2.717,7.633,76.145
177.66,2.32,6.702,42.103
336.997,3.991,6.489,64.477
31.282,2.25,6.683,67.45
105.253,3.526,6.733,26.471
404.512,7.285,7.849,74.129
73.461,6.11,6.35,15.466
171.323,0.812,7.944,30.052
432.329,6.377,7.308,59.381
77.463,4.771,6.961,54.418
41.368,9.346,6.751,70.754
242.269,2.893,7.283,58.708
151.21,7.262,6.794,5.905
281.704,7.309,7.074,97.793
401.902,2.215,7.848,76.585
68.574,9.032,7.565,88.163
290.35,4.912,7.87,80.589
252.754,6.789,7.782,22.027
72.039,1.459,8.038,93.338
311.999,2.578,6.504,98.424
136.82,5.861,8.488,8.789
243.917,3.19,7.189,16.685
41.136,4.997,7.796,99.039
229.792,3.74,7.694,30.053
153.232,6.406,7.415,82.16
411.191,4.871,8.49,8.34
28.489,0.046,6.543,73.512
209.304,6.497,7.054,70.438
229.216,4.221,6.319,93.827
362.503,3.417,6.455,73.143
287.144,0.941,7.782,5.099
333.606,2.204,6.012,45.595
388.525,2.238,8.225,35.441
431.101,9.354,7.583,57.502
156.938,4.325,7.102,43.404
269.011,0.421,6.828,28.803
420.054,1.388,6.316,66.443
494.726,0.79,8.304,31.802
444.76,5.889,7.781,85.215
185.734,1.866,6.841,32.976
97.583,4.986,6.177,52.018
244.696,3.701,6.814,82.776
370.821,8.039,6.462,82.466
246.285,3.205,7.966,59.023
241.59,4.583,7.799,38.612
419.115,7.213,7.245,56.236
180.702,4.334,8.215,85.119
429.897,7.932,6.452,22.659
203.402,6.617,7.13,13.126
164.117,4.105,7.777,58.621
226.995,5.04,6.17,57.83
381.223,9.672,6.932,30.022
63.001,6.616,7.429,44.012
98.21,9.05,6.917,9.764
475.722,1.788,7.2,13.945
87.746,4.832,7.52,83.005
283.864,9.087,6.921,46.983
289.657,3.226,6.265,10.881
244.812,9.677,6.349,96.225
322.373,0.971,7.318,21.784
114.913,9.027,6.437,32.374
276.331,4.452,8.225,97.281
186.087,0.737,8.085,18.908
330.834,8.795,6.873,96.904
70.612,2.519,8.077,72.502
285.439,0.223,7.333,43.265
92.635,1.358,6.398,59.898
139.322,6.591,7.536,51.281
109.355,9.778,7.699,80.669
91.419,1.115,6.21,7.221
412.855,4.619,6.786,81.526
142.854,1.806,6.013,97.091
463.562,7.45,6.791,43.528
484.963,1.181,6.839,19.949
285.63,2.398,7.576,11.772
71.501,1.964,6.498,35.329
187.274,5.525,6.075,13.935
398.866,8.732,6.789,23.741
183.695,5.111,8.064,65.789
43.509,0.582,6.998,42.162
278.392,5.634,7.038,90.201
422.56,7.975,7.173,46.926
397.963,1.322,7.879,16.256
87.562,0.727,7.2,14.726
336.382,1.878,6.228,69.619
110.252,7.461,6.516,63.757
109.104,5.917,6.47,71.079
437.036,5.406,7.27,34.537
124.834,2.495,6.075,91.588
131.624,3.322,6.709,12.262
0.327,9.659,7.518,4.252
435.335,2.406,6.887,74.473
396.297,9.016,7.769,68.03
313.664,5.805,6.978,49.862
375.133,1.233,8.448,5.326
76.024,4.673,8.413,12.306
229.162,9.485,8,20.335
175.61,4.186,8.386,64.234
46.888,8.634,6.512,66.642
243.065,2.564,7.877,68.015
460.37,5.709,6.804,80.502
20.03,8.439,7.813,3.455
145.73,9.207,6.935,64.683
103.77,4.858,6.724,25.905
119.073,6.397,8.397,57.533
454.217,0.03,6.525,74.05
234.035,2.532,7.896,72.285
233.15,2.787,7.687,29.502
380.288,0.935,6.759,36.175
77.246,2.797,7.146,91.813
243.633,3.211,6.357,85.04
214.993,9.688,8.303,26.444
298.455,6.686,8.42,59.117
499.779,4.26,7.831,11.62
384.724,9.881,8.124,65.733
198.933,1.532,6.207,62.514
413.777,4.761,6.96,27.128
85.354,6.471,6.827,42.762
15.232,0.556,7.412,78.448
102.224,7.17,6.458,26.288
170.206,0.999,7.408,77.068
255.29,1.403,7.636,32.322
307.565,1.597,6.331,84.117
455.303,9.289,6.329,4.02
254.927,6.832,6.089,26.557
250.638,6.554,7.902,18.585
25.122,5.555,6.828,89.166
17.456,2.928,6.564,43.423
275.58,6.209,7.945,55.014
219.089,4.101,6.358,24.966
419.59,1.454,7.068,13.707
80.34,6.896,7.862,60.226
12.486,1.296,7.435,29.047
224.519,1.907,7.385,92.957
118.739,8.177,6.394,48.159
24.807,6.601,6.452,14.678
362.299,6.31,7.456,3.355
55.796,4.182,6.059,23.996
304.16,3.963,8.173,32.672
140.525,6.903,6.876,21.49
86.748,7.4,7.042,37.195
189.876,5.102,6.646,88.017
400.723,9.693,8.192,5.747
196.047,9.557,7.606,80.322
375.385,4.124,7.125,43.153
62.743,8.206,7.463,90.735
386.386,5.433,6.951,67.038
118.467,5.118,7.164,17.327
338.697,0.55,6.894,95.99
282.891,5.74,7.027,16.317
464.572,9.006,6.787,34.293
193.661,7.801,6.194,97.902
33.083,7.863,6.093,21.973
9.578,1.599,6.435,63.487
413.429,3.584,6.629,97.773
262.368,2.332,8.226,69.203
387.622,3.159,7.528,66.613
117.213,5.795,8.396,62.533
172.542,3.648,6.849,55.99
15.052,5.607,7.004,94.966
480.746,4.385,7.799,54.832
333.934,2.866,7.445,66.666
466.603,0.954,7.32,74.145
132.748,8.918,7.439,53.243
305.732,0.114,7.46,88.884
339.25,0.017,7.914,3.257
158.775,8.268,7.67,40.132
424.055,9.968,8.393,62.046
473.581,7.271,8.37,2.878
442.428,0.153,7.055,93.753
369.533,2.267,6.089,82.812
138.732,9.718,6.028,22.685
140.808,8.086,6.308,33.846
481.68,5.668,6.187,68.038
5.142,2.369,6.933,34.761
358.025,0.144,6.132,85.819
353.123,0.209,7.562,25.599
311.345,6.12,6.475,82.011
495.054,0.218,7.285,46.995
155.94,9.936,6.258,45.884
169.986,1.834,8.069,17.675
39.47,7.107,7.95,98.354
221.399,1.551,6.966,35.138
130.524,5.401,8.276,21.257
171.693,0.806,6.464,4.212
417.286,7.668,8.035,49.858
467.742,5.849,7.365,4.194
92.867,0.862,6.824,46.081
186.254,8.486,6.211,90.362
464.315,5.47,6.428,50.299
30.904,9.216,8.157,5.288
46.18,9.166,7.517,27.173
81.395,9.205,6.593,5.826
297.606,0.778,7.24,88.321
75.236,1.21,6.27,24.771
484.038,9.877,6.247,7.441
223.357,4.876,8.269,96.489
250.759,2.382,7.145,49.227
123.329,7.697,6.904,41.158
235.48,2.643,8.373,92.781
330.957,7.272,6.998,53.553
375.589,8.373,6.841,28.864
376.934,7.843,6.682,79.405
288.946,2.74,7.413,27.907
452.18,4.016,7.396,44.84
408.704,4.133,6.04,80.514
378.524,4.913,7.635,93.213
27.803,1.674,7.971,60.984
3.439,4.525,7.54,50.976
106.224,5.108,8.175,8.541
331.762,5.317,6.691,62.085
205.599,8.199,6.48,33.333
201.203,5.173,7.743,51.935
442.293,2.308,6.471,74.715
447.781,6.631,6.228,64.38
454.588,7.973,6.242,10.596
156.939,3.194,7.921,40.327
345.528,6.453,6.072,20.75
135.817,1.469,6.724,15.961
95.305,3.419,6.323,22.815
92.316,9.092,7.887,92.148
171.054,9.113,7.259,71.538
214.979,5.753,6.514,90.902
415.475,7.024,7.876,51.139
59.946,8.54,7.876,1.111
367.463,9.586,7.308,4.409
265.727,4.899,6.69,15.325
143.973,5.616,7.466,78.291
246.41,4.156,8.334,20.964
149.971,0.72,6.129,11.058
298.041,4.228,6.667,86.238
216.922,7.906,6.712,23.625
82.203,8.049,7.58,50.739
58.292,8.924,7.628,34.608
273.348,0.515,6.516,89.759
451.207,5.272,6.54,70.77
171.979,1.074,8.321,45.938
366.5,2.007,7.891,86.443
329.331,9.002,8.336,72.946
465.777,4.968,8.074,81.079
410.491,7.585,7.005,97.779
283.303,0.644,6.305,21.112
328.515,4.168,7.574,21.046
449.193,6.742,6.88,56.094
199.759,1.334,7.064,53.728
163.397,3.258,7.065,87.043
5.406,0.645,8.341,16.435
413.276,6.513,6.172,43.079
400.49,9.709,6.483,53.263
52.227,8.27,7.52,46.95
288.429,9.746,8.209,7.643
231.991,8.456,8.295,15.637
59.355,8.552,7.397,16.203
490.284,5.772,6.086,60.007
107.348,5.183,6.907,43.457
33.617,4.063,8.297,18.639
297.424,8.181,7.25,73.929
369.433,1.821,7.817,80.494
16.222,0.562,6.673,21.803
329.359,9.479,6.063,72.554
266.146,0.038,7.446,7.298
51.633,9.768,8.087,85.738
86.262,7.289,8.476,96.31
283.987,3.285,8.117,16.431
148.179,6.978,7.385,78.83
469.158,8.179,7.522,10.633
409.37,2.454,8.06,96.164
491.784,7.709,6.05,45.755
129.835,8.044,8.379,53.992
484.862,2.494,7.328,76.626
215.617,0.419,8.38,25.63
173.759,2.041,7.911,40.487
25.175,2.006,6.381,7.931
26.383,0.652,6.413,61.847
346.006,7.26,6.884,80.134
228.964,3.8,6.66,85.332
113.261,8.844,7.098,54.099
306.985,2.522,7.51,76.815
126.429,4.532,7.091,15.841
288.816,6.39,6.141,74.598
179.604,8.775,8.439,1.449
411.776,5.246,7.063,20.29
410.348,3.735,8.128,63.829
238.675,8.67,6.185,32.733
175.41,3.102,8.025,41.65
181.28,0.794,6.434,82.781
402.857,4.45,7.699,57.539
164.09,7.851,7.655,40.497
104.53,0.308,8.275,47.111
42.344,5.859,6.802,84.995
233.347,5.945,6.272,49.074
241.066,9.285,8.161,87.66
420.454,2.865,6.829,25.463
110.619,2.788,6.581,53.842
190.496,4.405,7.216,37.534
404.203,3.569,6.365,59.538
411.812,7.363,6.742,57.976
192.306,6.418,6.963,57.56
229.562,7.589,6.693,53.25
151.643,8.2,7.126,45.989
466.277,9.23,6.962,91.127
59.322,4.309,7.936,27.527
466.875,9.847,8.296,43.961
341.933,2.157,6.252,21.91
265.786,7.144,8.058,33.893
16.33,5.34,8.329,25.649
237.798,8.169,7.717,67.302
203.874,4.768,8.491,71.054
80.609,7.839,6.838,28.397
328.205,9.302,8.076,98.378
485.575,7.323,7.684,29.138
281.094,7.761,6.809,83.011
357.377,0.672,7.762,29.967
34.225,2.05,7.274,41.906
208.833,9.743,6.472,66.807
58.179,6.932,6.435,56.209
306.398,5.614,7.783,51.114
469.241,3.67,7.78,79.628
330.889,0.444,7.327,71.064
38.402,3.691,7.254,91.503
177.333,4.989,6.45,23.854
275.332,2.115,7.073,2.616
201.604,1.731,8.178,99.986
416.822,5.084,8.137,29.058
407.336,5.859,7.652,5.252
305.916,2.399,8.493,25.488
186.729,5.874,8.233,67.209
127.668,9.003,6.363,59.223
52.937,4.732,6.998,21.464
177.449,8.574,6.33,19.436
206.586,9.273,7.165,44.99
337.911,0.924,7.941,2.337
329.08,0.958,6.389,1.236
35.054,4.76,8.201,62.068
197.63,5.881,7.423,33.203
90.889,4.259,7.872,3.368
78.406,3.265,6.113,46.521
413.651,6.41,6.235,93.62
20.958,0.021,7.552,26.237
209.591,9.681,8.095,25.855
84.102,2.321,8.185,47.33
439.665,9.171,7.721,15.698
278.52,1.09,6.502,64.156
115.69,2.381,6.488,84.086
251.214,2.349,8.203,20.258
365.743,9.962,6.283,66.215
479.059,0.046,7.715,88.912
110.223,6.396,7.334,90.405
443.091,8.697,7.054,55.735
467.152,6.723,7.101,16.077
458.21,3.627,8.363,66.258
317.707,9.583,8.154,73.747
314.91,8.935,8.162,75.677
201.605,4.34,7.017,93.5
376.199,5.733,6.267,61.912
265.647,9.675,8.495,47.145
338.719,9.826,6.363,50.753
214.229,4.498,7.289,32.833
365.748,8.474,6.662,6.669
412.236,3.02,7.277,72.029
73.218,3.718,6.762,2.965
416.465,1.648,8.242,7.347
270.148,2.092,8.421,34.079
422.333,6.569,7.025,93.175
215.651,5.108,6.175,48.83
189.52,2.311,7.658,22.303
457.53,4.029,6.942,89.808
125.585,3.732,8.465,57.597
422.106,9.874,6.223,37.611
242.01,8.536,6.298,71.856
257.048,3.88,7.749,44.671
154.234,9.139,7.897,73.268
286.521,3.426,7.178,22.619
162.606,6.679,6.693,15.868
19.635,9.666,6.775,46.633
135.999,3.903,6.845,32.64
3.19,6.799,6.563,60.91
489.177,2.959,8.127,79.09
482.874,2.663,6.163,90.249
197.578,5.742,7.018,76.292
364.185,9.793,7.869,34.833
172.903,4.531,6.01,73.009
335.547,9.376,8.195,53.459
402.715,9.144,7.766,90.702
473.378,2.538,6.183,70.981
200.106,4.018,8.237,15.873
391.649,6.433,7.218,8.731
132.964,5.18,7.631,54.84
495.166,0.96,8.205,37.139
12.885,9.937,8.203,17.642
301.764,7.527,7.022,79.968
329.753,4.377,6.594,38.167
344.023,6.182,6.644,9.515
60.194,0.876,7.915,26.964
469.265,4.953,8.324,68.012
90.592,9.308,6.181,65.146
311.377,8.966,6.038,26.984
111.338,3.374,8.057,34.779
153.608,5.314,6.967,5.933
273.229,6.974,6.691,95.373
208.597,3.4,6.471,33.389
80.113,0.649,6.866,93.012
85.468,5.054,8.429,81.574
209.072,6.016,8.443,34.183
378.641,0.058,6.829,69.721
448.982,0.956,8.409,47.889
42.064,2.073,6.75,97.688
196.552,3.481,8.136,64.21
50.123,5.411,6.53,52.388
8.296,2.938,8.066,64.159
330.859,2.762,6.884,22.805
301.225,8.693,6.489,31.333
81.51,1.451,8.337,71.557
116.906,4.955,6.535,9.288
11.854,9.528,8.48,30.956
417.474,6.25,6.271,62.337
487.345,7.172,6.025,99.574
67.73,4.312,8.177,92.641
115.738,0.199,7.467,83.39
434.205,6.461,7.054,50.581
463.232,6.319,6.205,80.67
209.814,1.104,7.437,56.334
25.311,4.622,6.984,46.387
19.696,9.153,7.209,23.129
286.975,2.051,7.576,95.142
196.448,4.611,7.6,60.222
14.326,4.611,8.401,67.86
291.626,8.108,7.638,14.967
5.651,8.246,6.849,43.654
393.686,7.593,6.824,96.502
153.216,3.655,7.193,76.009
20.129,0.72,6.648,88.399
294.176,3.495,6.941,40.192
198.842,6.798,8.105,7.581
486.9,7.027,8.149,35.796
272.099,9.65,7.569,38.223
137.62,4.536,7.457,30.811
354.719,6.324,7.068,53.144
135.746,5.392,7.59,20.021
452.122,1.506,8.015,93.829
187.361,4.612,7.845,90.845
274.934,5.448,6.089,26.899
25.287,9.507,7.828,65.497
213.061,3.665,7.8,50.613
416.182,9.801,6.247,25.757
402.824,5.423,6.376,89.813
112.159,2.425,7.97,23.875
113.04,1.917,7.397,62.838
408.653,1.417,8.054,34.2
465.199,4.529,6.462,82.785
47.68,0.219,6.077,62.413
225.029,4.45,6.405,83.427
168.727,9.884,7.131,35.424
435.344,6.701,7.308,2.105
41.762,7.598,8.144,22.944
105.563,1.19,7.791,81.627
376.234,4.731,8.476,32.37
25.647,2.862,6.197,32.647
246.268,8.941,6.326,45.514
221.054,1.813,6.211,28.193
167.201,4.587,7.346,80.903
197.286,5.88,6.667,32.849
264.97,5.14,7.709,60.791
80.684,8.302,6.332,45.652
285.998,2.315,6.258,29.448
402.716,3.774,7.15,27.266
380.08,7.921,6.94,50.688
76.95,5.281,8.073,21.874
74.625,4.021,8.094,35.218
134.087,0.294,6.294,4.899
180.537,7.534,8.031,79.24
204.228,9.722,7.41,5.32
339.849,6.203,7.259,87.355
28.34,8.565,6.237,5.691
17.336,5.169,7.849,84.969
195.955,2.317,6.149,64.772
348.582,0.144,6.694,51.089
96.718,6.534,6.239,15.35
320.752,4.931,7.327,26.421
129.914,7.821,7.613,69.323
443.043,6.947,8.227,51.703
447.845,9.88,7.835,51.92
148.644,5.103,8.403,14.19
114.997,4.272,7.902,48.035
205.652,2.867,6.745,59.437
120.266,4.769,7.369,13.108
336.192,8.729,7.145,97.459
413.032,0.424,7.415,83.175
336.546,9.779,7.43,32.429
412.175,9.933,7.755,56.775
198.496,5.978,6.208,56.338
78.158,3.315,7.867,11.557
368.975,2.23,6.359,44.38
180.237,2.765,6.066,21.568
335.635,0.501,7.297,33.989
135.322,4.751,7.454,94.443
40.615,0.573,6.087,55.581
496.291,7.185,7.288,7.623
78.101,3.719,7.336,67.556
494.21,1.994,6.131,99.865
488.64,5.449,7.779,17.602
396.909,9.738,6.526,68.609
329.711,6.951,7.986,82.602
288.904,4.917,6.777,84.562
433.051,7.769,7.195,71.045
144.72,7.375,8.23,91.077
233.841,8.917,8.015,4.177
309.695,2.047,7.955,7.353
205.595,8.589,6.401,14.319
213.743,3.01,6.12,5.288
165.142,9.41,7.514,12.875
282.116,2.811,7.027,81.878
425.287,9.268,8.273,89.749
100.764,9.638,6.874,34.262
467.217,1.455,7.026,95.761
344.544,9.745,7.315,42.426
411.637,0.857,7.991,18.026
278.095,2.186,6.671,68.449
389.758,4.442,8.355,42.611
8.1,9.936,7.35,2.924
409.19,4.886,8.102,96.669
20.069,5.504,7.314,60.192
444.957,6.944,7.93,61.72
495.981,9.683,6.129,98.285
147.034,7.834,7.998,83.517
105.159,2.242,7.31,36.904
382.682,3.03,7.124,5.141
126.513,0.976,6.279,23.016
432.781,6.445,7.854,35.801
51.421,1.807,6.328,96.065
62.978,2.574,6.481,88.978
489.576,8.881,6.316,3.131
336.919,3.268,6.016,98.736
423.444,5.666,7.655,26.455
162.165,3.976,6.677,77.762
338.242,0.74,6.374,12.543
297.121,3.629,6.8,22.811
301.575,4.081,7.248,51.038
341.266,8.957,7.259,70.658
287.68,3.245,6.918,35.194
214.531,3.792,7.237,87.452
137.961,7.829,7.068,94.079
384.291,7.59,8.057,13.134
113.136,7.983,6.074,72.138
346.177,9.538,8.17,14.059
116.666,7.956,6.61,34.736
312.665,4.076,7.804,82.137
373.539,8.215,7.013,34.299
109.357,5.087,6.736,90.832
29.972,2.777,7.538,41.736
65.487,3.029,7.922,31.67
302.998,2.238,7.125,98.923
424.723,1.45,7.166,44.709
22.498,1.845,6.147,74.355
367.076,0.632,8.31,60.346
170.659,8.885,8.117,21.046
239.264,9.31,6.995,50.531
464.43,5.868,7.912,8.664
165.986,8.405,6.783,71.166
232.668,1.836,7.826,52.375
6.841,9.017,7.292,13.115
40.799,5.064,7.152,76.909
129.296,0.672,6.141,80.652
13.926,1.413,8.414,73.649
315.688,3.09,8.094,33.577
213.199,0.436,7.983,72.594
274.073,3.093,6.762,58.193
87.324,0.599,6.724,54.844
147.966,2.36,7.433,65.226
331.912,2.657,8.116,63.379
482.651,9.944,8.337,80.115
25.208,2.355,6.672,98.612
445.192,2.392,7.519,72.901
288.441,6.868,7.81,44.735
281.96,8.594,6.566,46.705
250.139,3.871,7.019,3.899
34.697,8.756,6.469,16.831
44.938,3.401,7.747,23.589
300.456,1.97,8.159,99.042
170.479,3.296,8.194,76.547
458.634,6.094,7.675,15.013
203.295,3.671,6.868,50.339
71.641,6.729,7.653,22.14
357.359,2.369,8.161,30.464
146.677,7.01,7.565,60.853
262.735,3.474,7.032,60.305
348.916,4.559,8.3,87.309
450.132,5.577,8.088,17.293
396.096,6.862,8.206,50.243
338.181,2.387,8.258,60.284
339.817,8.359,6.985,93.116
472.962,7.218,8.149,52.126
147.912,2.341,7.426,34.726
0.556,9.75,6.095,29.922
135.977,6.648,7.59,22.394
108.946,4.524,7.177,96.274
330.917,1.575,6.688,60.691
316.856,5.332,8.426,31.049
296.731,1.648,6.138,74.766
8.122,4.295,8.365,29.638
364.389,4.087,6.398,50.88
161.765,7.199,6.942,3.572
332.528,1.924,7.043,84.81
278.289,8.219,7.828,95.699
171.365,3.261,6.539,86.71
67.288,4.44,8.465,17.94
47.209,7.723,7.873,82.702
415.759,6.254,7.975,35.354
459.199,3.08,6.266,93.692
324.894,3.862,7.191,30.609
51.717,3.058,8.364,9.851
201.014,5.948,6.675,85.439
364.47,3.326,6.363,12.548
389.91,7.257,7.213,54.602
59.109,5.798,8.326,38.219
0.015,1.457,7.217,75.929
356.069,3.103,7.012,75.141
178.298,2.214,7.626,77.838
127.241,3.903,8.342,7.265
6.449,5.16,6.123,85.979
270.15,5.068,6.383,47.167
425.575,7.545,6.332,22.699
478.816,1.892,6.213,30.591
282.872,9.465,6.755,90.371
257.231,3.428,6.573,1.593
42.528,3.002,7.372,80.37
274.436,6.852,6.818,92.469
189.99,8.055,7.013,25.755
303.568,3.785,8.355,82.378
194.363,7.468,6.389,16.948
120.15,8.837,6.971,2.606
47.483,7.668,6.643,60.853
157.459,0.342,7.373,64.974
48.322,8.274,7.841,15.864
88.448,7.745,8.042,51.734
493.668,6.693,7.288,39.164
222.052,7.6,8.137,8.55
265.936,9.794,7.963,51.266
436.809,4.311,6.393,58.929
497.784,0.672,6.614,22.5
291.357,4.609,7.679,74.238
406.237,0.464,8.437,8.188
163.471,2.943,6.94,55.549
152.872,5.869,6.575,31.036
201.352,3.096,8.173,44.171
336.254,6.854,6.499,89.454
341.096,8.22,7.744,67.325
157.62,4.204,6.086,15.739
66.605,9.001,6.047,88.744
316.198,0.798,7.129,37.911
64.163,8.401,7.641,34.787
289.246,8.286,6.356,50.652
346.711,3.22,7.91,21.324
350.306,2.987,6.322,91.509
376.736,3.051,7.334,47.321
436.43,8.114,6.771,39.988
249.979,8.317,7.881,17.926
365.125,3.297,8.01,80.465
309.586,5.926,6.165,95.331
93.32,1.389,6.482,87.09
12.845,4.688,8.232,16.988
142.271,9.988,7.039,75.41
221.517,1.588,7.192,21.212
308.553,9.476,6.42,4.845
424.98,8.243,8.487,48.963
98.123,9.722,8.308,67.368
62.775,1.796,6.005,13.304
481.74,2.135,7.377,60.946
54.022,0.169,8.181,84.521
239.246,7.247,7.076,21.692
292.782,6.441,7.092,43.351
270.687,1.781,6.948,50.381
43.016,7.911,6.072,83.29
28.513,2.992,7.976,77.366
52.742,1.35,7.142,77.163
292.794,4.226,7.328,68.225
272.172,0.91,6.639,62.161
116.87,2.632,7.96,51.38
318.887,3.713,7.984,37.592
410.034,8.519,7.382,51.81
20.789,7.925,8.262,85.518
249.065,4.428,6.29,57.488
344.655,7.246,7.967,98.575
126.156,5.686,7.396,15.111
153.885,3.408,6.578,44.674
306.819,7.259,6.331,20.828
448.968,6.835,6.753,37.145
404.962,6.191,8.141,79.187
291.565,6.18,7.969,82.653
365.111,6.83,7.613,4.14
182.411,3.845,6.226,95.384
320.483,8.691,8.387,87.315
233.091,1.623,6.764,90.592
94.968,8.839,7.517,38.301
350.869,3.423,8.008,50.199
278.232,1.25,6.332,17.682
179.311,6,7.63,40.286
455.67,3.76,6.081,13.488
10.467,8.155,6.254,86.465
157.887,4.308,7.808,58.532
28.441,6.686,6.388,14.462
383.264,3.083,7.109,88.027
351.054,2.095,6.621,8.956
165.676,3.88,7.053,92.768
337.831,6.068,6.193,11.469
197.969,6.569,7.887,72.08
378.127,5.782,6.198,64.885
227.092,9.881,8.095,78.487
206.14,6.911,7.657,56.912
467.365,9.315,7.041,35.642
125.44,1.179,8.166,28.166
60.224,0.614,6.465,94.602
292.272,3.11,6.661,44.686
484.661,1.366,6.343,84.377
188.92,5.259,6.954,72.583
31.018,5.19,8.467,65.957
169.653,5.75,6.403,97.09
252.966,7.452,8.077,56.98
80.962,9.713,7.63,73.569
329.051,8.783,6.04,85.117
498.875,1.184,8.362,5.552
225.87,3.385,8.428,99.634
177.364,2.558,8.312,26.955
200.352,1.768,7.254,70.549
57.573,5.447,6.551,95.408
441.637,5.533,6.978,76.551
207.413,2.272,7.535,23.732
193.637,7.119,6.947,36.869
329.845,7.329,7.77,42.004
221.017,0.21,7.989,59.048
324.117,3.958,6.523,60.692
30.723,8.901,7.012,79.002
406.862,5.203,8.394,86.108
470.252,3.476,6.625,9.864
324.383,2.537,6.866,28.043
477.283,2.434,6.089,35.023
75.716,0.998,6.831,2.323
238.708,8.172,6.927,42.341
300.903,0.867,6.25,36.521
290.868,2.923,6.004,53.014
200.731,0.457,7.439,10.918
169.042,7.814,6.754,41.985
63.412,0.393,6.045,60.144
195.871,3.083,8.15,80.578
81.33,5.733,7.461,76.879
367.183,4.096,6.428,41.081
104.415,2.823,8.163,39.564
29.283,2.752,6.634,4.71
276.183,7.978,6.569,9.182
297.615,9.74,8.237,87.368
435.957,3.48,6.449,80.782
288.491,0.391,8.197,3.088
172.74,0.366,8.007,88.385
401.506,7.592,6.774,61.774
270.139,5.524,6.086,80.39
39.64,7.836,6.206,50.75
282.925,6.975,6.274,15.912
454.009,9.075,8.227,36.332
198.156,8.858,7.01,45.553
148.163,7.883,6.081,75.637
71.735,4.752,7.391,81.457
75.723,3.081,6.52,74.404
216.386,5.07,6.588,48.188
297.84,5.021,6.402,66.706
40.308,6.103,7.905,30.256
469.784,1.861,6.002,98.792
377.567,6.556,7.097,17.652
293.312,4.566,6.217,72.637
414.219,6.202,7.381,16.338
40.093,2.396,6.865,28.806
238.419,4.344,6.071,75.134
315.047,2.102,7.152,73.182
414.326,8.753,7.426,13.326
391.735,4.88,6.619,68.176
138.535,2.25,7.914,21.18
470.44,0.412,6.928,97.323
62.173,6.757,7.873,60.702
437.567,2.146,7.448,1.344
485.47,9.896,8.173,21.637
88.577,5.337,7.367,23.731
361.033,2.89,6.464,25.463
20.143,6.577,8.056,56.152
202.711,2.752,7.958,21.355
258.142,8.203,8.431,41.866
290.323,3.082,6.234,18.159
467.969,9.882,7.478,67.023
336.125,6.051,7.229,57.302
240.639,8.444,7.677,63.241
404.838,0.728,8.45,96.773
475.266,3.483,7.331,40.531
11.033,7.375,7.714,22.332
491.261,6.551,6.868,99.878
43.066,1.942,6.747,6.749
407.193,3.562,6.838,81.225
140.167,2.634,6.097,17.055
66.09,6.134,6.712,66.814
219.928,3.446,6.432,47.906
321.978,3.091,7.144,84.064
190.476,2.074,7.152,73.378
27.283,4.09,7.913,18.061
299.731,1.955,7.256,66.859
451.202,9.626,7.158,22.492
191.608,1.545,6.579,17.758
108.166,9.133,8.131,9.327
221.289,4.285,6.228,12.252
24.181,3.779,8.456,70.684
410.244,2.313,7.19,99.22
413.17,6.358,6.465,67.903
294,6.855,6.886,71.138
176.551,4.676,6.038,78.488
399.892,0.557,6.416,89.012
277.344,9.185,6.838,27.505
412.966,9.803,7.386,60.85
315.729,4.31,6.324,22.447
392.203,6.137,7.69,53.038
299.281,4.503,8.111,21.658
207.071,3.219,7.431,7.337
478.973,0.773,6.742,9.74
270.557,4.561,6.303,97.654
302.545,8.184,6.039,1.596
110.244,0.17,7.83,69.326
312.825,5.821,7.571,88.843
285.804,8.808,7.191,39.977
92.419,2.175,6.255,71.103
29.794,1.833,6.518,35.54
302.18,7.723,8.038,53.368
381.846,2.551,7.2,93.634
261.701,1.92,8.407,5.191
113.386,3.78,8.5,27.45
333.261,3.925,8.002,11.493
40.053,8.741,6.645,50.097
220.917,6.184,6.578,77.278
81.683,4.06,6.634,97.683
92.23,5.344,8.467,16.389
101.147,9.54,6.838,5.349
193.354,1.132,7.766,14.697
25.575,2.077,8.398,96.906
198.897,9.625,8.049,32.693
255.854,9.573,7.494,27.45
241.647,1.772,6.422,73.772
191.392,1.451,6.437,12.947
419.573,4.211,7.231,35.558
72.663,0.497,8.38,15.336
252.848,6.549,8.261,97.458
31.021,0.775,6.415,29.227
35.578,0.58,6.719,27.65
286.933,4.852,7.472,63.806
283.009,9.578,7.194,2.645
439.017,4.268,6.298,65.7
278.937,3.565,6.923,45.932
479.896,9.98,8.387,19.229
24.347,5.32,8.379,49.148
49.004,3.752,7.399,99.9
22.033,3.859,7.588,84.042
92.638,1.95,6.555,97.442
270.635,5.122,7.855,92.68
322.786,4.389,6.131,82.221
22.793,2.708,6.552,34.14
472.985,1.605,6.015,73.264
421.083,3.112,6.964,39.762
148.306,5.087,8.126,43.523
38.594,0.583,8.456,87.466
84.944,1.537,7.669,21.313
63.472,9.477,7.862,30.363
61.642,5.429,6.657,93.12
259.281,0.634,7.301,70.26
122.924,6.931,7.841,7.425
179.07,0.618,7.243,13.04
494.753,7.389,6.221,58.375
342.157,7.5,7.852,80.077
474.49,6.511,6.549,79.488
71.278,7.322,6.244,43.068
191.07,0.88,7.195,26.592
277.366,7.268,6.187,78.983
38.379,1.367,7.574,94.463
2.094,3.395,7.601,44.969
335.217,9.427,6.642,14.59
320.91,5.029,8.411,61.363
205.394,9.674,8.061,8.092
244.822,0.889,6.274,61.539
207.722,4.776,7.871,18.122
12.003,0.624,6.883,52.082
167.686,6.302,7.876,62.924
88.541,0.787,8.002,45.226
49.212,1.754,6.378,82.902
478.36,2.588,7.655,38.096
299.68,7.487,8.157,16.348
364.328,1.64,6.808,46.927
157.682,8.466,6.201,96.39
196.574,1.319,6.068,88.138
118.462,0.352,6.275,31.797
48.483,3.95,6.011,25.028
89.516,9.794,6.817,48.846
398.757,1.103,6.748,65.861
338.773,1.017,6.276,92.745
273.464,7.512,7.628,61.719
237.545,3.122,8.48,83.776
461.217,7.173,8.252,69.911
36.367,2,6.632,11.051
140.3,4.601,7.925,89.287
174.969,2.653,8.342,20.754
391.213,4.515,8.266,37.298
496.257,7.691,8.211,84.186
120.335,7.62,7.966,97.942
437.154,5.158,6.732,31.751
415.311,9.284,6.209,38.939
112.329,2.638,7.22,49.076
199.666,2.403,6.137,50.301
204.836,6.138,8.496,75.287
489.11,6.213,6.896,81.895
90.446,0.465,8.396,99.113
399.579,6.078,7.933,80.619
167.096,3.744,7.028,30.678
365.435,7.474,6.296,36.457
210.006,8.081,6.593,62.188
289.18,5.522,7.683,68.977
416.306,0.017,8.075,9.906
402.083,6.364,8.449,35.024
433.212,7.489,6.33,21.064
29.809,2.49,6.39,51.277
346.025,4.646,6.106,17.701
69.994,9.657,6.651,58.493
207.909,2.981,8.053,47.262
274.294,2.232,6.496,40.988
201.37,2.109,7.37,65.246
259.806,5.588,7.116,42.216
498.263,9.498,6.815,40.527
67.609,6.087,7.546,65.461
337.728,3.033,7.256,6.671
198,6.386,6.837,43.816
66.505,6.248,7.722,20.345
79.368,5.969,6.7,4.819
474.637,1.594,7.608,4.434
439.801,6.346,8.393,17.594
453.521,4.302,7.822,43.96
495.766,0.186,7.046,57.103
104.158,5.398,7.869,79.794
177.72,9.893,8.023,61.162
334.61,3.497,6.815,52.486
241.901,9.656,7.763,4.6
209.195,0.962,7.086,30.492
178.906,7.325,8.046,69.535
296.89,1.143,6.738,27.781
287.797,2.736,8.344,59.84
80.729,5.708,7.437,60.786
235.87,5.928,6.883,31.208
276.736,7.752,7.048,57.588
285.143,6.153,6.869,12.283
105.054,5.936,6.366,72.97
371.136,9.124,6.171,3.23
12.6,4.522,6.804,4.497
177.416,2.253,7.147,87.156
390.106,1.618,6.905,58.448
281.946,4,6.035,17.129
130.581,7.128,7.448,60.562
347.477,0.425,6.362,37.615
283.695,1.291,6.528,27.717
398.122,1.061,6.302,81.321
367.513,5.853,7.301,48.254
305.054,2.429,6.238,30.054
244.089,1.663,6.641,94.426
66.591,5.928,7.129,17.337
130.667,7.613,6.419,15.059
209.55,3.322,7.116,10.633
299.65,5.782,6.857,13.319
256.854,0.981,8.151,26.026
144.092,9.352,7.987,70.152
3.232,3.369,8.482,67.514
248.12,9.975,7.322,76.583
142.813,9.786,7.438,57.982
367.304,7.788,8.367,49.768
11.973,0.201,6.999,43.757
292.414,5.435,7.389,87.59
470.737,0.868,6.948,35.007
87.205,8.951,7.365,89.261
235.825,7.896,6.202,28.278
45.711,9.723,7.959,16.575
312.841,6.084,8.463,26.259
275.266,5.222,6.164,50.404
203.683,5.19,8.003,92.663
260.689,3.864,6.604,18.554
448.287,4.687,6.494,58.41
98.147,6.354,7.733,22.554
11.282,9.329,6.11,68.087
430.832,5.959,7.158,47.038
288.559,8.571,6.004,73.62
445.329,8.628,7.386,85.755
298.473,5.188,7.155,34.14
405.081,3.475,8.289,93.881
214.837,6.396,7.801,47.374
374.93,4.459,6.315,93.727
456.521,0.814,6.886,23.832
286.061,3.778,8.329,89.811
90.393,9.941,7.813,34.032
134.399,0.485,7.486,75.324
99.322,6.967,7.398,96.85
123.429,8.412,6.995,91.304
153.208,6.487,7.463,46.902
277.567,5.697,7.929,35.145
293.996,7.076,6.319,61.651
213.25,4.293,8.425,70.875
307.71,0.914,6.598,54.484
40.787,9.624,7.119,84.999
43.894,4.323,6.057,6.768
85.915,6.654,7.376,60.364
259.039,5.313,6.955,52.999
106.997,0.547,6.624,4.897
141.642,9.527,8.464,2.258
200.156,7.925,7.07,61.007
405.933,1.491,7.036,12.682
6.931,9.816,7.158,77.085
324.689,7.369,6.29,94.976
334.438,4.723,6.983,18.564
399.328,6.114,6.841,80.059
466.376,1.067,7.163,59.55
10.069,5.604,8.142,45.346
76.892,0.737,6.482,65.38
443.086,5.449,7.519,80.431
229.259,5.527,6.094,97.094
282.295,8.744,6.792,66.389
331.514,7.251,7.182,74.946
339.533,2.496,6.186,61.144
465.87,8.884,7.36,56.939
498.475,5.732,6.776,7.413
360.079,6.064,8.482,16.352
143.611,1.69,7.577,38.546
439.876,8.578,6.61,65.301
24.61,9.31,6.257,8.504
115.54,7.75,6.102,54.893
448.693,9.408,6.227,2.305
128.096,3.023,7.7,76.843
110.326,8.611,8.137,67.026
69.063,4.889,6.392,52.547
429.556,1.639,7.005,57.543
250.029,6.688,6.886,93.343
337.447,6.841,7.611,90.763
119.533,2.869,6.457,79.482
379.02,0.275,8.383,34.286
380.003,1.998,7.821,11.617
156.299,3.998,8.388,32.822
205.341,1.676,6.693,75.444
104.845,1.94,7.469,61.489
488.281,3.914,7.831,70.852
322.801,9.618,7.777,11.428
467.272,7.642,6.053,16.686
151.693,3.197,8.496,66.768
390.945,9.516,8.32,37.808
382.929,6.456,6.299,37.55
345.828,4.554,7.359,39.873
482.819,4.683,6.786,79.798
196.778,4.107,8.197,70.206
65.359,2.33,7.744,11.498
335.854,3.866,6.559,35.091
364.655,5.279,6.085,67.709
287.53,5.28,6.729,97.637
103.409,7.617,6.095,91.313
252.228,3.588,6.353,25.579
156.095,7.168,7.59,7.537
213.733,5.781,7.863,57.753
322.609,9.618,7.17,41.219
372.607,3.853,7.501,19.156
116.112,9.012,6.39,65.513
202.663,8.206,6.792,16.875
134.581,6.377,7.782,35.797
99.316,6.545,6.912,79.662
391.694,0.846,6.872,68.746
454.626,9.502,6.485,61.105
185.116,1.069,7.487,93.152
375.639,5.632,8.024,13.415
448.498,3.301,7.174,69.405
423.062,4.299,6.289,12.615
91.407,6.102,8.096,14.501
478.146,9.089,6.178,51.136
188.338,4.576,7.179,3.387
169.62,9.877,6.653,50.599
31.216,5.928,8.341,1.938
243.087,1.606,7.844,60.639
54.507,1.9,7.416,31.889
124.27,7.161,7.669,9.243
158.471,0.504,7.332,78.303
404.413,4.803,6.369,39.603
437.744,1.482,7.773,44.958
151.233,4.332,7.232,38.073
429.349,7.499,7.586,9.279
428.615,4.588,6.113,46.532
382.325,1.635,6.355,66.878
73.348,2.519,7.473,90.434
345.161,3.675,7.149,76.617
472.512,0.696,6.567,8.85
341.27,5.843,6.602,17.415
165.808,6.075,7.579,5.438
250.29,0.622,6.147,12.82
322.863,4.023,7.086,48.572
255.285,4.14,7.308,22.754
59.976,3.338,6.77,65.146
156.032,5.577,8.051,4.204
401.198,3.46,6.142,85.867
430.709,4.164,8.164,68.086
68.65,7.975,7.808,96.939
476.193,1.621,7.116,95.33
164.411,6.191,8.311,69.6
331.157,5.056,7.756,16.646
375.913,3.051,8.328,22.986
405.973,7.275,7.181,28.481
472.875,5.512,7.132,43.241
156.46,4.774,7.327,57.516
429.253,6.677,6.164,68.577
65.843,8.023,8.271,8.488
352.52,9.727,7.669,61.444
370.989,6.294,7.544,6.859
338.862,8.744,8.316,82.876
126.157,0.011,8.484,5.002
436.522,5.302,6.408,39.615
84.429,2.146,7.872,42.578
26.817,0.942,7.45,57.468
358.732,5.32,7.152,10.449
237.738,7.468,8.444,93.377
424.549,4.123,8.126,38.937
191.699,6.701,7.742,40.224
84.139,4.897,6.957,25.066
418.221,4.371,7.665,78.291
274.455,2.903,7.329,1.768
94.598,3.826,6.623,11.514
360.192,3.498,7.126,47.605
255.557,6.462,6.531,96.862
302.156,1.16,7.251,4.523
230.449,0.926,7.801,7.137
414.354,6.6,6.092,71.774
414.781,5.463,7.913,73.809
354.694,4.302,6.05,89.797
52.701,1.524,7.293,58.086
419.427,4.11,7.434,40.951
335.506,7.897,7.903,45.656
348.512,8.896,7.903,43.72
181.491,7.026,7.044,97.38
439.64,0.599,6.166,38.629
362.686,6.704,7.734,10.511
56.295,2.41,7.277,29.673
203.889,3.153,6.833,96.049
443.19,1.959,6.587,43.396
23.598,7.758,6.299,32.291
480.708,6.486,6.738,31.765
339.581,6.118,7.146,1.897
315.688,6.68,7.194,63.679
135.28,2.368,7.457,72.703
124.396,4.446,6.906,35.942
471.029,6.333,8.3,87.406
149.136,6.366,7.24,74.546
387.753,7.919,7.059,60.486
196.561,2.871,6.12,70.678
69.627,7.703,7.498,77.176
5.358,4.402,7.507,53.178
272.129,6.702,7.458,40.382
487.889,4.557,8.219,13.446
184.568,9.486,7.907,41.09
178.596,1.793,8.169,55.459
172.046,6.75,6.149,94.839
260.272,5.765,6.795,16.335
220.332,1.727,6.797,75.939
439.957,0.66,7.643,24.83
252.76,7.991,7.122,95.744
253.879,1.575,7.944,59.886
69.186,1.865,6.961,43.846
491.37,9.784,6.554,35.336
124.986,7.173,6.727,20.996
36.682,2.505,6.456,71.735
331.573,5.909,6.495,63.961
297.683,5.341,6.542,89.125
207.573,8.445,6.04,60.136
211.096,7.293,7.79,17.811
392.532,8.317,6.999,68.601
97.856,2.115,6.057,88.001
410.127,6.402,6.925,99.056
324.374,0.402,8.263,68.822
209.485,0.689,7.278,29.664
229.014,7.135,8.467,56.973
128.324,0.244,7.35,51.983
376.057,5.798,8.407,51.686
256.437,8.404,6.505,8.783
160.427,3.799,6.725,20.26
298.025,0.448,7.75,52.887
497.867,7.138,8.467,80.02
217.631,9.297,8.063,18.997
460.346,7.172,7.384,17.264
172.508,5.784,6.213,76.226
27.366,2.3,6.911,69.365
102.121,0.154,6.216,49.026
209.348,6.947,6.778,5.986
109.817,2.31,6.647,47.795
0.114,8.582,6.971,83.65
457.501,4.664,8.093,2.052
421.94,5.306,6.376,11.158
371.146,7.539,6.765,81.124
83.907,7.794,6.653,52.99
60.182,6.427,6.74,66.564
33.802,9.384,6.902,74.76
362.015,9.823,6.611,30.721
464.404,9.469,8.356,30.49
215.268,8.242,7.05,27.132
59.57,7.056,6.285,17.558
256.196,6.633,7.169,31.17
174.416,1.038,6.461,95.33
187.412,2.715,6.54,9.512
310.665,0.057,6.713,24.823
359.359,1.374,6.312,32.484
55.302,4.392,7.803,16.228
17.795,1.465,7.98,8.663
497.165,9.017,6.986,17.024
116.364,8.057,7.722,53.252
26.915,0.716,6.972,60.078
94.938,2.489,6.41,22.31
19.479,8.191,6.993,50.877
195.905,8.03,7.392,1.617
401.201,9.455,6.102,60.6
170.622,9.975,7.636,1.129
222.092,9.763,7.857,64.635
337.793,4.101,8.15,48.849
254.447,2.503,6.257,11.818
430.723,7.584,6,9.752
433.018,2.993,6.183,1.682
4.955,8.064,8.31,55.613
389.023,5.34,7.914,80.848
230.367,7.939,8.089,85.798
494.42,2.759,7.293,57.354
241.616,5.08,7.317,88.83
493.448,5.64,6.746,86.336
377.285,9.431,8.107,70.124
124.302,2.666,8.074,36.945
269.197,9.367,6.98,82.892
496.068,8.049,6.823,39.776
428.765,7.309,7.846,40.923
48.683,7.869,6.065,68.129
353.186,6.054,8.15,92.864
172.79,2.441,7.116,50.502
3.491,1.895,7.103,18.544
201.74,8.663,7.673,15.103
117.377,7.251,7.614,30.922
409.435,2.132,6.665,46.308
168.665,6.151,8.358,30.469
413.762,4.475,8.466,71.48
0.299,1.587,7.315,54.723
153.91,5.319,7.403,41.266
120.583,2.815,7.386,22.127
116.784,0.962,7.214,60.936
34.093,4.67,8.363,67.736
93.562,5.901,6.612,78.633
277.775,0.469,6.27,99.094
145.681,4.021,8.324,23.902
208.697,2.577,6.533,2.496
188.433,0.307,7.873,50.544
437.952,1.257,6.51,92.476
452.649,1.39,8.4,25.627
246.478,1.829,7.978,75.832
165.078,8.034,8.297,32.632
53.4,4.395,8.377,39.729
476.701,1.471,6.211,94.825
30.113,1.003,7.083,46.641
148.825,2.979,7.62,72.807
149.033,7.98,8.006,55.436
160.201,3.645,6.604,76.627
82.143,1.599,8.287,32.419
391.581,4.041,6.552,87.813
61.249,5.553,8.165,55.343
317.453,0.296,7.282,31.607
61.923,6.276,7.289,4.782
35.268,3.951,6.935,2.308
454.715,0.097,6.259,35.983
95.064,6.739,6.868,22.354
410.625,7.124,7.067,6.215
272.315,6.288,7.198,55.732
38.928,3.419,7.848,98.89
477.724,5.296,6.88,42.81
123.481,3.872,7.016,55.659
429.823,7.006,8.265,22.761
84.405,5.836,7.881,21.287
426.971,0.818,6.057,33.509
6.614,6.431,8.03,83.67
255.89,6.872,8.475,96.097
384.721,3.707,8.349,74.233
467.398,8.758,8.09,3.035
454.601,8.43,7.573,44.403
409.812,1.752,6.695,42.65
444.096,9.043,7.636,93.585
99.61,4.409,7.739,74.811
142.092,7.237,6.704,71.725
144.484,8.141,6.638,56.913
188.527,5.051,6.992,64.938
196.66,3.991,7.603,70.162
272.278,9.155,6.733,55.703
79.94,2.309,7.389,84.638
345.623,2.57,8.248,4.653
83.783,3.616,6.738,94.197
155.154,8.595,8.415,77.585
251.673,9.388,7.183,53.367
398.22,2.201,6.252,86.172
369.735,8.639,6.138,82.97
322.767,2.582,6.847,42.52
77.887,9.706,6.647,84.142
273.523,5.974,8.109,19.645
43.723,0.071,7.844,47.451
188.682,0.341,8.211,23.996
206.758,1.475,7.473,13.315
19.906,1.876,7.089,89.566
136.994,7.676,6.676,37.328
477.825,2.228,7.458,68.754
476.816,9.691,7.545,38.135
176.164,6.361,6.982,54.868
21.55,6.925,8.341,35.456
89.547,2.178,7.6,74.53
196.109,8.927,8.094,78.86
473.89,6.678,7.551,43.623
70.6,8.644,6.791,86.102
381.758,9.565,7.842,36.175
54.341,1.256,6.576,76.484
490.629,0.966,7.492,65.356
190.808,8.034,7.006,46.142
387.617,8.661,6.375,89.003
171.296,5.838,7.033,57.653
313.834,3.66,6.776,84.178
96.008,6.526,6.281,73.6
73.011,3.057,8.06,53.725
469.032,2.384,7.246,33.316
458.824,4.881,6.866,95.163
443.734,2.162,7.262,6.618
312.717,4.837,7.886,89.554
404.134,9.566,6.046,51.133
34.518,8.398,7.367,75.125
167.395,9.416,7.198,34.079
156.852,8.063,8.233,39.037
317.823,3.548,7.39,19.884
177.979,8.12,6.343,95.48
74.253,9.229,6.972,5.287
298.234,9.47,7.553,39.296
407.192,6.832,6.115,34.135
191.062,2.114,8.212,81.495
66.134,0.397,6.169,50.657
98.344,1.472,6.076,17.741
118.742,9.655,6.005,51.392
149.949,4.621,7.709,24.366
321.398,8.55,7.14,2.694
300.473,4.65,6.257,54.91
348.04,6.608,8.141,36.68
181.251,0.241,6.507,24.65
411.999,2.499,6.816,18.052
102.044,4.363,6.444,45.916
234.52,6.306,8.317,87.092
400.469,1.715,7.895,76.055
90.079,7.646,7.81,1.458
54.932,3.644,6.11,73.384
441.842,8.174,7.307,8.199
171.465,0.98,7.439,55.252
341.935,6.798,6.956,78.225
12.674,2.933,6.804,45.876
345.023,7.954,8.13,38.293
158.051,4.022,6.058,94.008
27.87,6.653,7.563,3.897
304.906,9.343,6.986,11.491
120.402,0.206,7.665,87.163
193.404,0.111,6.495,88.738
40.29,7.703,6.597,37.9
73.582,6.464,7.467,54.48
148.989,2.93,8.45,17.275
44.88,4.944,8.437,88.544
455.413,0.419,6.622,47.437
3.024,1.924,6.256,56.845
241.93,4.245,7.476,12.688
61.624,8.34,7.05,61.867
153.84,4.797,7.904,69.887
463.03,5.864,7.32,30.177
80.847,8.738,7.276,89.719
482.916,3.088,7.616,21.187
102.897,7.007,6.316,89.841
370.783,8.617,7.693,70.631
273.339,2.026,7.221,83.254
442.239,3.565,8.05,70.21
276.997,9.798,6.347,43.414
267.28,9.832,6.752,33.826
97.729,2.232,8.376,73.673
83.115,0.664,7.383,30.518
458.245,2.709,8.323,7.124
163.919,3.977,7.723,25.454
186.041,4.41,8.316,75.768
379.912,6.188,6.795,79.529
169.412,8.995,6.226,28.384
476.031,3.303,8.006,33.464
368.964,8.5,8.011,55.385
298.715,0.935,7.547,26.935
440.448,0.419,7.449,61.011
24.803,5.04,8.287,28.922
128.531,0.597,6.441,12.967
232.518,3.925,7.541,16.328
113.489,8.968,6.124,25.804
371.953,2.415,6.352,17.623
459.604,7.06,7.093,97.46
211.885,3.024,8.053,66.179
171.066,0.449,7.833,18.747
480.775,5.567,8.435,42.966
222.426,8.349,6.112,27.644
244.524,4.095,6.953,68.768
175.825,6.173,6.397,86.86
454.774,9,6.092,40.682
284.478,7.897,6.661,43.455
381.087,1.939,6.611,40.448
405.903,7.334,7.05,45.473
170.925,5.019,6.35,4.549
216.847,7.46,7.221,59.668
424.236,4.945,8.3,95.252
181.628,1.28,7.87,78.747
396.968,5.699,8.105,86.28
470.496,4.921,8.012,23.684
311.605,5.179,6.974,61.111
370.814,8.789,7.772,89.404
402.549,8.948,7.886,7.792
422.52,4.535,6.514,87.848
197.527,4.557,8.151,7.386
25.632,5.152,7.144,98.324
200.938,5.196,6.041,9.308
336.878,9.504,7.608,37.429
225.175,6.494,7.692,6.41
374.482,2.775,7.379,6.621
178.491,5.315,6.531,86.762
317.372,6.272,7.206,7.297
93.21,6.398,7,79.47
374.685,5.853,8.437,90.781
272.848,1.777,8.062,93.57
102.032,0.336,7.905,86.54
145.956,3.378,6.453,95.561
374.304,4.275,6.828,6.128
241.301,0.618,6.949,99.664
108.016,8.15,7.232,3.028
483.636,3.441,6.076,17.485
357.563,9.136,7.483,9.014
478.567,1.544,6.895,74.656
213.553,0.569,7.404,9.616
237.55,4.823,6.022,29.976
448.978,1.891,6.804,64.17
262.525,9.374,7.922,50.304
353.639,0.103,7.253,14.486
126.086,4.126,7.972,52.632
223.363,9.267,7.747,34.726
61.725,3.844,8.137,59.008
102.99,0.931,6.019,54.311
0.472,3.029,6.653,98.961
19.633,4.98,7.372,86.488
488.642,1.852,8.353,1.363
121.177,4.666,7.699,18.425
331.655,8.363,7.141,91.401
419.55,8.726,6.325,54.406
275.33,0.493,7.233,76.187
76.572,1.609,7.103,50.847
364.058,2.753,7.946,78.791
300.126,5.949,7.033,14.145
365.625,3.61,6.797,74.052
384.873,8.44,6.224,87.091
487.705,7.167,6.116,27.299
286.782,1.005,7.098,37.468
170.821,6.246,6.867,59.468
324.232,1.13,7.388,86.956
34.22,2.55,7.78,90.872
448.699,1.779,6.1,53.908
59.691,1.731,7.241,66.148
163.921,6.164,8.155,87.418
407.873,5.636,7.138,23.898
298.656,1.76,7.303,82.696
196.818,9.902,7.217,26.924
236.718,4.218,6.974,58.519
427.274,0.971,6.275,93.532
170.002,1.206,6.316,51.638
434.825,5.839,6.448,10.248
44.067,9.791,7.981,89.685
388.399,5.72,6.688,58.912
423.774,9.49,8.37,8.044
90.909,4.441,8.025,2.042
215.173,4.358,7.711,26.867
82.75,5,7.801,12.909
353.302,6.974,6.119,63.215
267.674,3.676,7.421,60.075
317.662,8.639,8.353,84.247
98.243,0.293,6.098,51.823
105.873,4.398,6.728,26.059
20.749,5.11,6.129,5.978
161.034,6.07,7.424,2.04
279.872,2.761,6.291,92.652
428.967,4.275,7.198,15.307
333.464,4.845,7.8,50.42
217.698,6.869,6.411,79.684
476.56,7.735,7.888,92.935
359.623,7.378,6.151,20.968
465.083,3.416,6.374,23.961
263.794,9.995,6.7,18.795
129.452,8.487,7.99,16.734
26.413,2.6,8.125,46.041
363.042,1.951,6.551,63.955
60.651,3.14,6.239,70.92
151.388,4.523,8.12,33.393
266.235,8.508,7.623,62.757
282.208,7.784,6.395,1.234
300.292,8.512,7.394,88.939
83.128,2.72,8.181,87.105
189.869,5.935,6.174,54.864
308.597,2.832,6.209,25.094
484.909,1.09,6.684,97.251
363.816,6.842,7.631,81.254
461.302,1.43,6.445,2.678
381.106,6.677,8.041,47.494
295.858,6.48,7.876,11.106
96.012,8.102,7.403,14.092
333.343,1.396,6.29,1.13
311.69,7.835,8.471,69.084
301.235,9.993,7.225,26
244.893,8.51,7.13,31.179
264.328,7.518,8.489,5.656
167.221,6.622,8.16,1.787
259.656,4.218,7.141,79.48
98.778,7.305,7.047,66.48
402.587,7.242,6.24,38.85
92.888,6.315,8.316,7.92
42.483,7.963,8.109,77.805
218.123,4.488,6.775,92.709
329.154,1.213,7.883,53.216
218.858,5.591,7.907,14.756
138.377,2.65,6.57,65.601
279.086,3.844,7.534,8.08
173.501,0.174,6.638,17.387
466.434,3.828,7.975,47.603
461.323,8.088,6.385,25.654
251.186,5.427,7.672,93.091
163.942,0.098,6.815,81.078
368.566,4.698,6.09,28.4
18.356,2.915,6.309,96.416
237.385,4.776,7.637,38.451
168.162,4.047,6.6,57.269
460.268,9.32,7.578,56.837
6.002,0.412,7.037,65.309
276.407,6.836,7.732,25.119
370.332,8.51,7.232,92.283
242.509,9.592,6.771,27.302
42.702,1.776,6.365,66.819
486.231,5.313,6.853,76.81
259.005,0.436,7.587,88.27
307.093,4.992,7.851,46.237
118.305,1.255,6.401,71.457
241.749,8.379,7.661,9.453
214.575,1.139,6.448,78.024
37.448,5.133,6.555,75.81
53.08,5.211,7.328,41.65
418.736,9.717,6.723,32.032
119.91,6.55,7.654,38.64
97.479,2.878,8.389,9.966
252.456,2.408,6.372,64.143
384.374,1.282,7.426,91.39
30.973,7.565,8.308,66.907
288.404,6.908,6.441,58.472
59.605,6.099,6.917,99.08
18.231,0.408,6.309,54.642
26.372,7.628,7.605,35.237
417.082,6.419,7.673,70.761
58.986,9.639,7.66,52.621
22.576,5.872,7.355,97.237
218.95,3.04,7.866,89.898
421.997,3.815,6.09,94.737
131.204,1.758,8.394,1.101
210.856,7.229,6.555,34.087
19.961,7.077,6.304,63.095
224.539,2.007,8.353,31.524
288.807,1.585,8.076,65.988
285.454,0.77,7.912,71.78
166.213,9.12,6.262,62.705
157.767,2.331,8.019,46.368
53.312,3.442,7.523,69.979
183.399,2.805,7.83,78.257
49.747,4.136,8.445,69.913
383.298,7.14,6.486,81.388
483.137,8.706,7.261,94.778
485.037,1.826,7.883,11.149
432.536,6.864,7.084,90.736
300.396,3.526,6.137,28.078
350.433,9.805,6.279,56.813
142.603,2.989,7.505,94.295
315.385,0.072,6.713,62.387
227.825,5.156,6.345,9.333
241.009,1.507,6.85,50.424
378.888,0.445,6.502,89.54
140.959,6.983,6.06,41.797
159.02,7.323,6.38,84.948
462.321,4.607,8.208,79.624
28.112,6.769,6.03,90.737
242.817,5.382,7.935,27.044
456.4,6.298,7.884,50.159
305.182,5.967,7.411,34.186
273.204,6.658,6.521,53.893
124.872,1.996,8.195,2.893
171.638,2.687,7.188,24.926
426.024,4.4,6.433,97.43
279.609,4.461,7.073,60.71
257.371,7.744,6.487,18.159
49.79,3.674,6.94,51.323
8.014,1.625,7.242,70.101
481.843,2.515,6.9,60.768
188.493,2.147,7.643,50.69
301.607,7.317,8.34,67.722
39.858,4.703,6.87,17.527
341.557,7.086,6.889,44.381
466.283,4.162,7.846,75.276
287.833,8.897,7.326,58.366
63.058,9.835,7.072,90.722
290.861,6.698,8.035,44.932
383.174,8.638,8.228,14.086
203.208,5.079,7.476,5.827
439.919,9.346,6.463,48.267
324.341,8.316,7.166,44.32
449.624,9.918,7.261,26.395
311.753,6.231,7.081,59.461
65.644,7.792,6.656,25.767
154.846,5.429,7.181,22.416
100.897,2.591,7.116,62.6
454.413,3.548,6.524,94.549
380.2,8.94,8.259,21.075
338.199,0.559,8.213,19.099
150.483,5.915,7.899,52.416
92.022,3.725,7.002,12.824
378.226,3.867,6.926,30.115
237.079,8.846,7.791,99.085
112.895,8.538,7.52,84.263
308.311,5.988,7.501,70.906
20.167,2.729,6.31,3.576
163.085,4.755,7.546,27.242
234.278,4.083,8.255,57.397
73.979,3.536,6.215,71.318
492.327,1.028,6.848,67.169
104.549,5.431,7.273,19.361
65.177,3.018,7.715,47.162
101.767,6.608,6.224,20.652
384.531,3.192,8.182,92.433
212.753,4.312,6.101,56.184
282.708,0.524,8.144,39.636
10.505,9.925,6.069,91.884
17.216,5.076,6.384,90.492
222.913,0.242,8.001,50.906
408.328,5.412,8.15,68.991
442.619,8.704,8.456,32.566
43.353,7.726,6.289,31.459
269.182,7.009,7.316,55.407
456.615,1.395,6.193,84.818
193.986,6.577,6.391,60.119
414.783,7.663,6.436,46.445
66.848,5.724,6.158,66.75
467.697,8.927,8.232,81.417
375.712,2.77,6.316,78.947
470.667,2.421,7.573,37.689
338.309,8.696,7.564,93.63
181.702,6.254,6.497,2.56
469.091,0.014,8.496,45.628
137.783,3.531,6.868,90.845
166.086,8.579,8.263,69.905
350.404,0.273,8.371,70.695
382.658,0.032,8.372,16.491
464.702,2.813,7.882,58.624
102.401,9.14,6.635,96.728
398.999,9.015,6.302,21.943
369.273,5.188,7.425,33.391
31.897,5.532,6.9,39.474
193.612,3.32,8.078,36.629
141.383,2.437,7.862,63.078
152.245,8.152,6.691,24.223
491.473,1.063,6.043,51.063
321.389,4.874,6.593,40.624
358.838,6.344,7.418,64.804
488.309,1.037,6.197,24.952
188.601,5.196,7.646,55.759
400.92,5.775,7.679,74.296
217.265,7.425,6.423,69.603
434.767,2.348,7.491,83.594
90.329,2.933,7.517,95.66
473.843,5.695,7.195,85.543
109.386,9.831,8.383,93.882
163.11,2.175,6.27,2.733
378.096,9.859,7.017,63.264
196.878,7.143,8.207,27.505
304.106,8.261,6.966,81.091
222.287,0.896,7.062,82.085
371.185,3.004,7.671,5.729
114.166,0.577,7.664,59.96
29.229,3.715,6.057,85.237
149.965,9.813,7.139,59.154
237.154,1.053,6.834,43.128
84.01,5.624,7.569,8.601
177.399,0.061,7.389,73.297
199.992,7.127,7.627,8.389
28.696,1.972,7.634,60.194
291.654,1.296,6.637,91.845
442.172,3.37,6.616,42.492
75.871,7.71,6.926,77.246
298.904,1.066,6.605,80.181
332.37,2.298,7.707,2.024
209.667,0.085,7.507,91.579
350.549,9.684,6.541,19.689
205.366,5.921,8.21,28.987
252.319,7.199,7.152,87.207
3.677,6.514,6.318,68.973
345.86,1.444,6.532,37.814
330.671,5.949,7.35,9.7
19.2,1.314,6.846,39.237
184.125,4.012,8.128,96.667
489.516,5.69,7.237,11.357
210.368,5.589,8.288,84.767
250.973,1.191,6.255,33.205
454.965,0.344,7.671,65.802
358.631,7.982,8.214,63.523
291.035,7.259,6.732,33.233
398.902,0.818,6.339,6.375
432.183,1.274,7.142,15.733
228.444,8.926,8.403,57.019
237.554,7.691,7.584,94.937
193.025,9.962,7.61,92.651
483.353,2.54,7.679,12.234
348.583,4.878,6.099,87.648
41.612,2.365,7.114,24.147
431.48,6.228,6.194,91.077
240.28,1.154,6.79,76.091
34.377,1.272,8.054,96.165
274.859,0.719,7.641,44.731
208.582,6.936,8.489,73.427
438.875,4.941,6.43,73.792
101.997,6.177,6.993,50.121
413.232,8.793,8.024,97.477
278.844,7.403,6.539,25.123
27.305,4.617,6.384,98.635
485.923,9.844,7.069,81.4
256.308,4.563,6.959,61.994
145.438,1.125,8.451,8.483
234.703,9.927,7.141,26.677
428.929,0.228,8.152,84.287
152.452,5.499,8.22,73.087
96.338,3.091,6.395,96.307
64.536,5.036,7.788,40.282
148.93,5.587,6.694,89.551
390.024,2.401,6.237,86.321
235.813,5.569,8.187,96.647
113.741,7.561,6.731,27.973
83.092,2.665,6.863,49.959
166.365,3.834,6.81,9.015
469.962,2.682,6.501,59.501
171.513,8.206,7.086,73.5
494.062,7.25,7.071,24.563
242.615,8.712,7.022,17.796
89.582,1.7,8.291,64.314
445.57,0.736,6.849,39.92
230.178,1.194,6.076,43.23
354.836,1.61,6.446,47.641
491.856,5.331,7.804,51.636
25.088,9.709,7.477,20.357
48.347,3.572,8.379,58.196
360.228,9.585,7.736,7.841
140.913,0.382,6.486,12.238
92.151,9.269,6.302,71.441
19.681,1.812,7.302,73.412
10.923,9.125,7.663,27.366
387.243,0.562,6.414,19.285
67.217,9.482,7.504,6.345
233.86,2.008,8.163,42.47
302.948,3.027,7.819,51.395
214.176,4.909,7.66,90.046
13.553,3.807,7.973,1.244
391.751,6.675,6.26,41.18
5.257,9.748,6.51,42.509
380.945,6.064,6.095,88.769
446.652,7.215,6.362,20.408
216.42,0.88,8.283,7.553
267.771,6.278,6.555,38.779
238.492,4.538,7.655,61.619
194.604,8.858,7.729,85.956
443.712,3.882,7.613,27.633
446.967,6.795,7.385,25.88
167.908,2.282,7.215,33.272
307.535,2.594,7.05,12.705
463.454,3.761,8.292,97.744
481.029,3.041,6.024,54.521
254.48,2.539,6.134,27.95
226.412,0.497,7.231,36.812
139.347,8.367,6.826,86.73
479.436,0.643,7.021,67.699
71.407,8.874,8.495,55.767
289.915,1.255,7.938,72.756
141.275,0.653,8.194,75.826
139.504,5.63,6.921,20.227
202.484,5.024,6.599,16.709
499.396,4.912,7.92,96.703
27.483,5.745,8.019,19.387
289.271,2.871,7.375,47.011
41.286,6.629,8.24,98.295
77.26,5.024,8.418,42.304
219.781,3.347,7.178,51.97
255.23,8.265,6.557,80.038
129.396,7.277,7.293,34.699
158.229,3.936,8.474,43.672
43.484,8.476,6.732,33.885
151.61,9.203,7.544,29.452
483.279,5.369,7.735,47.71
472.354,2.15,6.535,74.843
167.439,9.158,7.471,86.862
285.427,1.895,6.786,47.541
454.798,0.484,8.136,32.779
3.092,3.275,7.787,91.248
405.342,7.27,8.066,34.257
474.185,9.233,6.499,77.725
45.663,6.373,6.086,75.113
80.724,9.518,8.126,5.928
480.373,0.924,6.967,18.586
268.77,0.608,6.449,57.712
7.098,6.042,6.23,86.895
128.816,9.661,7.291,59.805
224.972,5.027,6.375,74.528
346.454,0.515,7.417,73.707
366.58,2.212,7.818,49.942
497.711,2.448,7.338,56.519
143.756,3.379,8.259,8.057
269.11,0.436,6.389,92.846
266.662,9.049,7.235,67.76
202.823,5.156,6.408,16.295
84.581,6.709,8.19,25.157
488.728,0.672,8.331,1.461
426.659,0.541,7,27.137
249.167,5.865,6.764,32.346
301.623,8.873,6.698,68.631
113.631,5.285,8.149,48.189
271.894,8.778,7.706,84.435
347.485,8.11,8.201,9.592
257.584,0.759,6.294,70.995
495.143,2.02,7.19,87.615
305.671,6.577,7.69,42.711
185.487,4.435,8.243,29.585
386.076,2.907,6.955,45.111
85.231,4.186,6.783,79.095
192.258,4.452,8.282,91.985
173.479,9.106,6.119,7.493
215.904,1.035,7.199,53.323
390.89,2.797,7.147,64.331
242.087,5.376,6.365,2.73
397.007,6.983,6.987,18.944
288.244,6.306,7.806,7.194
171.035,9.416,6.917,29.747
404.989,7.956,6.774,21.335
119.145,5.571,7.955,49.193
112.191,2.147,8.472,65.879
252.251,4.509,7.948,84.38
130.425,6.934,8.116,31.127
4.544,8.38,8.349,5.99
324.149,9.597,8.004,1.381
255.547,6.055,8.451,84.611
222.759,5.269,7.868,87.935
483.484,0.177,7.654,10.998
285.6,0.721,7.733,2.007
431.716,1.561,8.25,80.226
69.725,0.548,7.708,64.432
284.603,4.009,7.903,56.058
433.99,3.369,6.54,53.787
291.553,6.374,8.282,77.602
359.007,5.357,7.118,30.038
186.022,5.96,6.403,39.522
46.225,4.72,7.999,8.707
228.95,2.777,6.891,57.047
197.24,9.528,6.46,96.12
433.53,0.864,6.641,29.101
121.998,9.389,6.087,92.996
483.367,3.112,6.227,73.192
479.069,5.127,7.482,24.154
123.816,1.088,8.166,66.623
174.026,0.709,7.121,37.257
447.778,4.295,7.565,13.108
483.311,7.417,8.024,10.179
221.72,2.694,6.892,2.706
160.499,5.623,7.636,79.983
263.047,2.787,6.876,88.6
343.885,3.886,7.607,48.771
136.737,9.064,6.544,52.473
368.237,8.558,8.445,69.467
25.829,5.16,6.19,70.39
24.647,2.381,7.263,33.089
193.144,1.932,6.716,16.759
176.737,9.541,7.502,43.611
157.817,2.027,7.071,70.004
245.51,8.082,6.767,80.617
160.367,3.69,6.625,9.827
96.129,9.857,6.456,59.243
154.735,3.682,7.957,6.356
487.452,3.515,6.555,82.653
205.557,6.375,7.934,67.014
222.356,9.615,7.213,69.966
288.272,9.762,6.181,76.41
491.67,7.072,6.414,50.069
120.801,7.546,8.232,30.591
340.641,5.634,7.507,78.781
357.992,7.558,6.461,77.96
303.662,8.598,7.759,14.359
44.289,4.861,8.058,90.373
338.436,6.199,6.827,22.9
32.047,5.373,7.391,31.339
298.071,5.625,6.734,22.376
369.791,8.9,6.2,96.594
105.485,3.556,6.999,30.647
420.811,2.082,7.879,97.169
15.177,4.563,7.147,64.156
421.906,2.081,7.013,18.48
230.165,4.984,6.915,55.83
108.794,9.035,7.147,88.344
66.889,6.174,6.796,56.606
476.654,8.554,7.53,14.127
36.333,1.662,6.159,29.407
99.547,9.009,8.018,23.256
173.911,6.018,6.433,13.46
310.117,0.318,7.584,33.401
272.401,6.331,7.125,66.445
62.822,9.514,7.934,38.868
144.864,0.792,8.065,44.936
119.376,5.825,6.511,32.745
106.771,9.155,7.693,99.453
205.572,0.097,6.475,59.034
352.016,6.309,6.31,83.554
108.726,4.749,8.326,44.692
183.339,3.47,6.411,17.695
195.459,6.275,6.57,84.834
488.228,0.527,6.326,76.58
477.333,7.531,7.176,33.651
400.069,0.045,8.299,61.035
120.829,3.069,6.66,10.253
34.019,5.04,7.355,3.606
158.452,3.77,7.029,81.76
133.397,3.075,6.84,94.251
252.963,8.308,7.43,35.062
388.864,9.348,7.397,60.16
429.161,8.737,6.898,72.012
422.432,5.224,8.126,74.858
179.838,8.842,6.133,48.626
343.617,9.209,6.213,61.715
156.417,4.092,8.477,66.048
30.453,2.834,7.869,11.222
350.783,0.983,8.01,64.866
4.914,4.791,7.507,51.575
204.591,9.463,7.05,38.471
164.69,5.609,7.573,26.912
346.689,6.676,6.231,64.154
383.123,1.129,7.894,17.509
152.047,1.435,7.352,81.273
405.814,4.645,8.392,18.008
146.958,9.513,7.594,77.39
223.163,3.608,6.379,81.924
363.509,8.775,7.194,94.026
346.46,1.203,6.145,46.866
493.684,6.17,7.864,7.305
112.581,6.006,7.255,68.091
331.159,8.599,6.924,28.98
304.841,0.033,8.421,10.18
457.549,1.899,8.351,85.721
78.181,2.197,8.382,14.834
375.899,9.5,6.552,51.131
284.134,1.537,7.821,79.063
137.333,0.37,8.363,20.71
237.217,5.345,7.427,89.767
166.888,5.286,6.535,33.827
289.657,8.44,8.045,40.245
444.5,9.489,8.2,14.018
284.652,5.385,7.758,64.802
315.861,9.3,6.734,50.036
259.374,7.252,6.477,97.442
25.583,2.646,7.561,70.135
116.429,9.284,7.207,76.14
246.001,6.674,7.672,20.709
155.118,4.141,6.279,71.564
90.882,6.802,6.34,56.182
252.066,4.013,6.907,40.979
161.405,1.142,6.647,78.483
129.054,7.19,7.548,97.876
231.993,8.241,6.919,10.383
66.642,7.288,7.71,79.1
463.873,2.291,7.922,92.028
433.851,9.566,6.468,32.203
353.81,0.253,8.3,36.939
53.107,3.327,7.968,79.682
387.939,2.601,7.567,95.411
403.979,0.481,8.272,93.953
383.882,4.057,6.665,6.507
56.983,6.231,7.054,87.271
321.954,8.826,6.214,59.059
417.162,9.897,7.14,42.692
288.677,8.081,7.266,84.708
323.204,4.687,7.54,80.243
229.182,7.237,6.16,51.426
264.354,8.436,6.081,41.661
17.188,4.653,7.05,47.775
319.482,7.851,6.473,32.517
40.724,4.827,7.897,68.372
217.507,3.865,7.672,89.311
146.328,5.261,6.815,25.8
272.714,6.759,6.114,82.725
66.708,7.269,6.456,36.714
345.822,3.567,7.729,14.051
397.506,5.713,8.475,5.009
81.677,9.099,6.816,48.457
52.157,9.763,8.005,57.263
72.758,2.272,8.168,1.597
438.564,1.928,6.12,65.61
264.095,6.767,8.291,52.334
233.63,4.147,7.166,99.744
53.356,0.242,8.411,11.347
324.778,3.469,7.346,70.797
434,8.067,6.588,22.486
414.093,7.974,8.437,21.428
313.027,4.947,6.608,2.853
37.639,4.726,8.206,1.648
56.199,5.795,6.433,19.476
24.654,2.194,7.687,18.375
128.74,5.26,7.028,1.043
67.831,0.11,8.43,71.998
130.024,4.756,6.462,50.864
192.529,3.361,7.022,40.218
471.491,6.749,7.599,11.276
305.188,6.384,8.444,34.056
417.487,3.808,6.76,47.588
355.176,0.073,6.992,99.807
56.252,2.523,7.154,51.549
367.96,6.333,6.632,2.931
137.549,0.724,8.043,21.566
319.554,1.076,6.23,36.098
170.481,6.47,7.762,46.137
498.836,7.558,7.335,67.754
131.776,3.215,6.605,59.469
139.565,4.897,7.232,51.417
465.336,9.457,8.075,83.952
12.322,9.455,7.114,20.429
348.344,3.075,6.305,8.71
362.663,8.1,6.102,83.982
418.189,5.939,7.944,46.754
487.22,9.755,6.826,55.782
487.801,4.776,8.328,83.901
32.638,7.747,7.543,94.636
410.92,7.681,7.091,55.648
323.155,4.974,7.411,81.413
323.671,7.956,7.143,54.934
64.175,2.61,8.265,4.299
325.094,1.223,7.145,95.63
491.241,4.252,6.26,81.959
455.909,9.436,7.493,75.589
219.565,5.007,7.557,44.741
19.974,6.353,7.913,94.312
181.147,6.242,8.333,49.495
413.195,1.326,7.108,72.358
350.75,3.903,6.88,10.959
229.672,7.069,7.227,22.667
27.551,9.72,8.25,42.996
213.447,1.68,8.45,58.549
234.512,4.104,8.428,80.75
464.278,0.951,6.574,24.846
320.543,2.424,7.242,77.661
155.826,3.768,6.649,89.109
262.659,5.406,6.92,82.027
33.028,2.306,6.079,62.619
486.284,2.276,6.402,81.189
180.03,7.778,6.993,87.873
238.934,9.626,6.912,55.955
177.642,3.236,6.697,81.206
341.256,6.88,6.576,42.692
331.116,2.581,7.872,52.725
357.661,9.28,6.736,6.209
134.072,6.729,7.766,88.466
157.834,8.027,6.922,14.897
62.626,0.494,8.005,28.343
327.755,5.985,6.418,32.429
19.899,5.276,6.394,12.474
298.841,2.93,7.699,92.254
434.848,2.624,8.287,97.033
445.416,5.8,6.357,86.654
224.519,7.065,6.184,35.29
229.652,0.332,8.337,6.468
38.485,5.674,6.293,19.106
335.383,1.705,6.626,77.438
410.63,1.404,8.324,29.311
122.328,6.231,8.007,89.368
210.65,3.109,6.857,83.678
419.42,4.409,8.386,24.458
438.56,3.6,7.42,69.652
121.59,6.483,6.181,44.787
275.285,4.701,7.758,22.28
96.247,9.635,7.343,59.421
50.939,3.524,7.431,83.899
455.56,7.403,8.485,92.753
410.254,2.573,6.381,6.814
380.017,5.088,7.642,42.455
24.383,5.526,7.147,60.838
421.864,3.291,6.68,34.461
219.022,4.718,7.734,32.449
171.198,2.793,7.671,77.421
273.238,0.06,8.141,78.468
45.677,2.156,8.197,73.163
378.323,7.001,7.405,89.954
291.218,7.71,6.814,49.976
93.295,2.802,7.324,78.993
94.116,4.08,6.898,2.11
92.124,0.374,6.693,98.756
28.501,2.371,7.379,92.004
293.899,7.792,7.645,84.294
420.174,6.06,7.476,59.189
8.749,2.058,8.386,54.871
24.502,2.574,6.747,15.863
286.385,8.168,6.931,6.342
409.748,2.091,7.669,26.332
163.369,3.342,7.501,15.947
174.807,6.644,6.005,56.521
298.173,5.611,6.781,33.922
137.106,4.609,6.634,39.398
13.304,8.997,8.1,3.613
367.614,2.197,8.166,55.313
312.825,7.414,6.71,65.96
290.378,1.591,6.255,34.106
370.842,6.157,6.513,13.994
337.615,8.706,6.441,70.669
102.941,4.579,6.594,13.769
176.241,7.243,6.587,81.869
63.055,8.204,7.2,55.056
64.929,1.36,6.799,24.507
338.098,7.058,7.4,89.974
429.3,9.198,6.86,15.035
481.366,5.764,8.037,60.517
314.174,1.861,8.377,62.134
92.051,1.269,7.01,4.693
52.825,2.597,6.124,61.362
406.425,1.035,6.599,69.727
289.378,5.134,6.255,91.103
309.143,0.697,6.862,71.185
390.731,2.234,7.613,48.959
351.639,4.399,7.297,85.477
417.229,4.739,6.607,36.025
28.107,5.654,7.918,85.696
373.76,7.056,6.329,84.553
425.426,0.472,6.57,60.762
143.068,0.806,7.69,35.118
320.224,0.609,6.493,59.529
157.081,4.232,7.697,90.684
478.986,0.418,8.442,64.017
16.712,7.461,8.078,84.161
289.896,2.23,6.4,35.118
83.252,9.392,7.301,29.939
356.11,4.864,7.056,26.329
87.945,4.463,8.479,49.634
117.692,7.805,8.411,43.766
247.185,7.132,6.318,85.568
457.417,6.073,8.272,12.148
105.857,9.351,6.484,55.851
72.12,4.223,6.799,40.937
379.488,8.085,6.884,93.819
250.31,3.801,6.717,79.051
455.893,8.383,8.133,43.902
73.307,2.595,6.825,64.421
322.964,2.893,8.042,74.814
116.44,6.779,8.486,8.043
78.38,2.127,8.102,67.698
341.715,2.292,6.865,14.809
296.842,3.053,7.778,19.706
377.414,6.789,7.335,46.66
154.731,8.894,7.966,97.966
223.986,6.746,6.383,95.264
202.736,8.278,7.595,90.325
492.045,5.436,7.934,4.399
146.124,0.689,7.903,85.431
147.409,1.005,8.409,77.84
177.274,5.544,6.146,50.379
282.297,3.278,6.864,33.217
126.161,2.206,7.191,75.803
457.645,4.663,6.774,11.596
132.843,6.665,6.774,65.394
447.908,3.85,6.44,67.516
51.738,8.025,8.032,55.816
328.281,7.385,8.27,87.9
453.493,7.349,6.206,33.656
84.375,9.852,6.387,48.338
484.163,2.952,6.571,76.108
226.442,6.447,7.272,71.952
472.858,8.555,7.978,56.684
338.41,5.795,6.179,27.941
150.793,7.895,7.592,30.131
94.151,4.145,6.373,74.379
151.868,5.905,8.429,1.569
46.509,0.557,8.247,65.621
71.934,9.858,8.374,25.579
52.33,8,6.265,67.626
211.472,8.688,7.22,19.507
397.789,6.943,6.413,38.267
70.692,1.861,7.501,75.628
65.16,0.31,6.582,75.765
321.714,8.647,7.927,21.759
98.591,3.963,7.61,38.252
48.805,2.639,7.429,50.748
83.424,5.617,8.063,59.149
461.866,4.209,7.251,74.501
410.736,6.517,6.675,3.34
177.032,4.838,7.552,12.417
327.91,6.972,8.393,16.615
268.638,8.534,7.503,19.876
338.562,1.956,7.574,3.997
341.336,3.294,8.337,92.127
314.367,4.368,7.288,17.057
133.051,9.621,8.491,8.29
19.503,3.653,6.399,47.701
227.783,3.811,7.343,94.177
445.487,6.535,6.532,96.474
284.749,4.192,7.133,67.964
416.196,9.512,6.426,18.657
495.812,8.945,6.556,1.376
81.808,5.134,6.527,34.168
345.889,6.448,6.8,13.42
337.147,0.58,6.337,75.754
489.978,6.957,8.023,96.941
492.8,7.072,6.552,9.289
343.339,3.592,7.041,40.297
121.807,2.197,6.04,90.344
399.278,9.151,6.262,73.101
53.515,4.267,8.241,87.108
390.35,6.537,8.093,92.375
455.098,0.333,8.102,41.849
191.417,4.141,7.028,69.673
315.318,8.173,6.354,71.224
215.071,3.876,6.27,63.451
218.883,6.032,7.514,33.252
155.185,2.099,8.07,83.385
381.065,4.165,8.25,77.121
468.088,9.276,6.722,45.076
470.375,5.665,6.803,42.676
87.391,9.019,6.252,2.068
437.372,9.02,7.936,84.501
368.716,9.441,6.689,29.114
126.419,8.954,7.202,47.61
33.642,0.033,8.322,41.719
133.999,9.34,7.881,68.136
456.104,1.375,6.132,39.62
316.589,0.399,6.02,18.794
360.527,0.554,7.969,86.993
128.576,3.489,7.381,19.171
359.694,6.208,7.801,3.815
14.061,4.023,6.392,20.428
187.661,0.256,8.18,46.059
313.377,4.765,7.933,42.9
73.048,4.421,8.227,79.836
411.502,7.568,6.853,20.298
117.516,2.796,6.689,77.785
326.141,2.175,6.379,10.54
202.599,2.559,8.325,47.892
298.022,3.037,6.442,86.668
53.725,5.992,6.298,41.88
8.456,4.715,6.482,96.365
454.782,3.369,7.928,63.473
134.815,3.743,8.224,75.909
409.839,3.709,8.027,51.476
499.675,9.724,7.408,43.546
105.716,2.33,8.485,9.383
132.585,8.181,6.172,12.875
331.43,7.082,8.168,57.599
482.724,0.056,7.069,61.75
457.907,9.932,7.138,98.491
251.438,7.564,6.319,85.917
397.555,6.824,6.084,84.604
67.873,4.053,6.792,29.374
488.719,5.552,6.437,41.766
482.177,2.533,7.208,11.111
81.864,0.355,6.368,58.572
149.712,8.36,6.345,7.884
50.077,8.965,8.192,45.236
135.859,1.625,8.303,57.054
407.978,7.871,8.411,23.59
189.158,7.412,7.701,77.769
44.198,1.784,7.928,67.81
171.113,4.218,8.089,15.639
490.692,4.228,7.647,98.384
314.842,7.6,6.826,54.663
208.08,8.377,6.391,3.615
83.269,0.948,6.593,35.661
493.088,5.63,8.101,97.952
410.425,7.617,7.74,90.329
140.739,7.862,7.139,15.965
35.034,1.48,6.074,85.646
28.313,5.255,6.666,62.223
60.189,8.576,7.822,3.152
290.384,3.185,7.281,75.986
464.382,4.251,7.089,41.871
248.372,8.044,6.784,40.218
421.473,0.893,7.517,38.897
222.943,8.595,8.416,60.059
354.292,3.112,8.253,71.707
365.936,0.015,6.076,65.117
86.982,2.342,7.202,24.934
180.608,0.895,6.824,70.973
318.651,0.924,7.277,14.416
35.348,6.928,7.516,97.163
180.77,2.14,6.5,47.888
267.4,9.347,7.954,10.043
498.112,5.164,7.188,58.086
237.267,4.601,8.48,58.121
408.028,4.343,6.063,4.842
216.034,6.926,6.474,2.075
398.195,4.523,7.724,99.614
297.707,1.286,7.738,39.618
443.298,8.802,7.455,25.3
205.471,4.284,8.43,55.225
302.152,0.74,7.038,1.825
315.009,5.294,7.043,2.277
208.691,6.473,8.276,12.165
72.156,2.756,7.346,80.45
46.78,8.003,6.884,25.577
8.336,6.698,7.797,50.842
436.767,6.503,7.549,23.138
118.237,4.208,6.766,54.938
105.753,9.619,6.745,51.372
368.018,2.742,6.989,40.672
160.008,5.777,6.179,43.887
253.022,3.091,8.357,65.684
81.256,7.448,6.458,84.373
479.873,0.478,6.485,32.621
425.791,0.459,7.618,53.682
431.895,8.109,7.811,85.563
203.387,4.343,7.842,17.625
381.181,3.412,6.938,97.976
71.938,6.075,8.183,75.312
4.31,7.019,7.36,37.245
9.986,2.012,7.096,38.143
293.301,1.854,8.026,21.329
227.697,9.582,6.609,27.524
259.008,5.897,8.15,59.116
3.732,3.901,7.347,1.37
211.343,8.014,8.25,3.293
359.034,5.252,6.504,98.661
221.347,2.417,8.34,24.317
366.11,2.067,7.72,83.127
116.509,3.969,7.546,61.628
406.571,8.599,7.055,45.152
294.216,0.614,8.391,73.486
105.382,2.185,7.11,5.952
118.36,8.932,7.246,75.852
314.015,1.217,7.954,85.842
414.97,6.296,6.712,28.743
207.814,2.135,6.729,30.86
129.15,6.059,7.938,11.199
433.506,3.831,6.321,85.733
334.634,1.017,8.057,80.983
224.043,5.825,7.563,43.096
243.95,6.83,7.348,38.394
102.128,6.803,6.573,43.325
313.401,6.37,7.966,42.614
179.371,5.002,8.012,43.532
497.823,5.195,7.207,15.429
240.092,6.356,6.973,2.334
242.943,6.903,6.615,76.481
282.926,6.549,7.886,35.031
458.378,5.869,7.599,49.598
400.409,1.558,6.517,31.436
225.565,2.106,7.986,38.782
359.35,2.602,8.206,8.411
293.118,9.197,6.148,37.658
246.184,7.594,7.931,46.848
96.158,5.529,8.132,83.451
231.968,2.521,8.479,32.898
122.909,1.109,6.594,9.766
457.421,8.988,6.928,76.16
167.703,8.927,8.415,38.188
476.132,1.107,6.235,91.621
266.528,7.972,7.309,95.945
315.772,4.466,7.267,87.313
271.47,3.24,7.516,23.438
64.69,7.391,6.827,26.127
187.911,6.143,8.315,79.618
49.573,7.8,6.675,45.165
311.477,0.743,7.624,30.482
223.437,3.186,7.24,30.097
388.992,3.193,6.667,58.169
110.235,3.298,6.472,89.608
82.283,5.025,8.391,62.274
203.166,2.83,7.403,62.408
463.293,4.444,7.51,74.947
355.211,3.678,7.957,76.27
209.462,7.353,6.203,91.036
258.636,6.035,7.784,17.049
42.107,6.536,6.413,98.479
492.288,2.106,7.851,33.554
333.204,3.255,6.353,28.875
142.702,0.212,8.081,51.469
292.904,1.084,7.703,27.172
54.741,2.651,6.965,24.058
482.918,0.655,6.897,96.714
87.392,6.026,6.372,11.295
324.015,9.981,8.26,99.004
122.727,1.008,6.296,62.625
358.781,8.212,7.18,95.899
388.411,1.188,6.591,89.843
336.71,6.699,8.491,65.192
307.25,6.432,7.465,59.394
446.235,9.027,6.374,99.271
39.313,1.139,7.669,52.006
165.457,3.154,8.479,18.697
124.144,0.908,7.513,99.301
494.007,4.074,7.143,33.029
194.695,9.116,6.733,9.654
366.306,7.815,6.23,71.972
342.363,7.229,6.571,45.159
106.041,5.33,7.384,39.414
119.499,8.835,7.884,63.529
140.642,4.494,8.195,6.232
205.564,1.497,7.984,70.124
117.163,8.376,6.314,50.841
9.826,2.796,7.934,49.534
439.697,0.536,7.454,90.103
482.805,1.26,7.173,83.29
170.785,6.091,7.432,53.627
169.253,6.071,6.02,58.256
3.546,2.602,6.169,80.889
340.125,7.272,7.315,41.717
412.72,7.736,6.434,67.452
73.304,9.205,7.364,54.537
79.833,5.849,6.886,50.463
395.042,7.794,8.269,98.487
308.145,7.531,8.374,2.733
22.43,2.578,8.449,42.048
311.273,3.102,8.247,93.088
154.459,4.785,8.465,92.887
184.363,0.19,7.765,75.024
384.866,2.974,8.401,59.599
405.468,4.739,7.604,69.394
200.178,1.081,8.023,26.04
473.576,1.263,6.33,49.351
203.231,4.632,7.706,54.07
385.918,7.31,8.328,7.308
241.939,8.337,7.35,86.756
448.766,5.463,6.467,46.212
453.881,4.747,7.317,89.991
43.708,3.843,7.767,39.606
468.247,1.929,7.924,41.478
412.767,1.466,7.309,25.177
395.655,7.919,6.543,64.788
100.456,4.65,8.317,55.301
402.56,7.903,7.934,91.384
425.066,7.041,6.677,43.494
144.575,1.939,8.03,65.159
476.13,5.103,6.87,71.049
24.93,4.44,6.781,32.666
74.955,4.239,8.158,88.202
268.791,5.426,8.183,38.704
287.896,9.821,6.996,64.099
322.575,8.129,6.022,61.968
8.485,9.037,6.466,42.719
480.183,0.296,8.273,19.151
22.294,1.403,8.247,59.657
71.531,0.848,7.133,38.178
7.007,2.632,6.76,38.53
283.429,4.419,6.757,49.799
466.133,6.421,8.243,68.047
332.974,5.008,6.812,73.232
411.329,9.032,7.279,43.28
6.641,9.399,7.828,12.868
271.008,1.635,6.524,79.38
229.781,8.529,6.635,67.272
249.484,4.817,6.895,80.269
36.107,4.533,7.636,32.273
342.218,7.849,8.044,91.003
251.61,0.931,7.367,27.01
382.574,8.825,6.332,29.687
242.645,6.709,7.116,54.101
74.691,8.753,6.319,99.737
324.128,9.945,6.221,21.013
86.193,5.18,7.474,84.012
436.197,0.933,8.391,1.233
306.558,1.665,8.094,24.515
78.602,3.236,7.936,35.268
481.169,1.036,7.818,65.212
259.183,8.153,8.243,12.262
36.449,2.969,7.882,13.741
313.416,9.759,7.567,15.489
126.599,7.026,6.912,66.593
401.847,1.734,6.252,12.35
408.911,4.76,7.153,40.424
489.474,4.669,8.312,16.511
250.935,4.925,7.458,38.825
227.478,5.357,6.461,71.69
376.738,0.312,7.623,28.495
66.235,6.863,7.164,62.147
273.458,4.872,8.328,25.602
273.124,7.91,6.402,74.02
44.737,8.153,7.78,77.929
208.992,2.305,7.704,31.729
426.642,0.484,8.459,3.355
428.077,7.032,7.412,13.779
49.619,9.778,8.179,49.605
45.36,4.467,6.062,38.823
131.348,2.596,6.307,35.21
437.383,1.567,6.865,58.351
64.451,2.874,7.548,16.989
359.998,3.279,7.123,46.211
50.583,4.239,6.507,21.135
311.569,6.554,7.473,98.125
178.034,2.732,7.417,5.814
394.457,0.51,7.311,2.562
116.845,3.733,6.226,56.854
319.601,8.556,8.318,7.2
117.841,4.984,7.481,81.288
356.83,9.648,6.66,82.14
436.839,5.036,7.719,43.794
63.401,2.759,6.795,83.999
433.298,1.933,7.265,74.31
296.788,6.945,6.853,14.406
63.555,5.364,8.201,86.101
213.771,6.04,8.485,87.554
80.43,7.551,6.403,32.949
350.174,7.259,6.059,77.724
379.434,0.434,6.548,89.839
52.898,8.026,7.475,74.819
253.07,5.327,6.435,10.307
407.313,3.917,8.029,10.37
468.082,5.375,7.022,98.257
256.759,6.125,7.526,54.594
475.14,1.495,7.139,64.8
267.844,4.174,8.258,91.314
197.095,3.356,6.088,1.736
424.102,3.504,7.823,43.242
246.491,0.913,7.63,57.074
235.951,1.598,7.624,1.212
245.156,1.618,7.035,62.817
423.393,3.732,6.039,85.243
415.971,8.945,7.723,6.436
201.76,2.06,8.074,80.618
166.65,4.162,6.213,97.775
245.964,3.116,7.104,92.108
286.386,7.874,6.406,54.164
119.169,0.501,7.527,86.186
396.978,1.965,7.964,77.293
243.241,2.106,7.667,81.949
167.023,9.93,6.795,40.407
53.41,5.708,6.349,48.086
119.423,1.39,7.986,24.673
474.641,2.722,6.81,6.105
152.55,1.678,6.055,60.126
84.43,1.246,7.429,31.648
230.336,7.972,6.617,50.768
153.544,4.958,8.103,96.307
17.58,6.312,6.358,7.252
161.573,3.313,7.087,87.475
272.054,5.537,6.633,9.59
275.856,2.576,7.724,65.704
178.279,3.08,7.371,34.983
223.651,6.522,7.977,10.915
482.759,1.504,7.147,75.937
188.674,6.172,6.012,70.16
129.113,8.522,6.538,64.386
121.734,1.204,8.498,96.523
228.882,8.975,7.013,3.344
379.76,0.794,7.551,44.032
102.994,3.489,8.262,56.704
354.648,6.105,6.051,36.412
10.575,5.594,7.649,67.28
209.466,0.964,6.721,90.021
387.933,7.989,6.698,70.001
169.366,9.732,6.562,57.368
281.869,1.812,8.057,74.046
102.49,8.951,6.932,11.853
370.998,5.568,6.168,63.369
26.14,9.359,6.242,41.317
426.271,1.761,6.372,32.561
99.098,7.92,8.247,51.204
437.199,0.598,7.069,80.669
176.265,8.832,8.29,41.844
361.342,6.742,8.044,70.542
159.613,3.703,8.095,59.301
452.956,1.905,6.717,91.699
63.319,8.165,6.678,45.039
89.26,6.032,7.4,82.172
246.515,3.604,7.045,84.356
40.969,4.438,7.273,46.953
97.99,8.265,6.133,49.37
471.883,3.389,8.429,34.008
488.245,0.896,6.145,50.06
188.13,9.113,6.447,25.676
461.643,3.873,7.696,85.968
272.412,3.484,6.389,25.741
134.871,2.044,6.267,26.505
351.199,8.974,6.384,89.67
329.451,2.175,6.155,53.684
494.563,6.367,6.628,11.409
132.524,8.808,6.678,35.227
336.03,0.349,7.247,70.833
26.012,8.288,7.097,41.175
56.823,4.106,7.184,42.894
1.959,6.58,7.54,50.37
499.73,3.724,6.577,23.028
401.137,6.955,6.337,42.981
393.362,2.543,8.197,22.319
254.863,0.219,7.585,35.724
150.034,9.478,6.152,53.705
75.632,0.164,8.403,69.679
142.337,8.241,7.733,63.759
187.986,1.691,6.379,57.977
378.155,3.922,8.423,59.958
269.831,8.225,6.914,51.582
38.742,2.059,8.461,61.847
9.015,8.657,6.258,38.176
51.166,4.978,6.4,90.045
205.249,3.662,7.644,59.465
466.596,6.624,6.055,93.723
318.701,3.414,6.047,41.054
400.913,3.473,7.98,40.057
233.187,7.335,6.419,96.537
180.833,3.098,8.297,73.177
54.2,2.008,7.065,52.355
437.967,8.076,8.184,72.132
391.58,8.054,7.044,40.276
84.059,4.976,7.326,76.122
256.13,5.267,6.791,21.748
243.687,6.961,7.645,95.137
312.546,5.093,6.796,46.625
473.093,4.17,6.558,10.198
289.886,9.949,6.203,84.656
270.109,1.476,6.144,89.541
25.161,5.927,6.765,73.266
31.454,8.859,7.841,63.341
93.673,6.872,6.514,92.913
16.235,8.809,6.748,62.584
371.676,3.363,8.263,79.35
361.665,2.72,7.598,47.653
68.028,8.513,8.299,72.993
418.039,3.941,8.278,99.899
77.393,7.097,6.159,38.868
150.588,1.477,8.388,72.291
124.488,7.558,6.128,15.74
186.154,5.49,8.314,63.875
127.332,2.686,7.367,32.966
244.475,4.945,7.333,86.793
203.704,6.969,7.783,36.604
493.285,0.119,8.198,45.069
27.963,6.375,7.543,98.051
71.091,5.416,7.063,22.322
26.413,2.203,6.28,56.911
312.921,7.53,7.973,86.512
27.255,3.035,6.321,32.168
418.22,2.769,7.816,2.512
255.969,4.712,7.32,89.738
263.504,6.761,6.965,62.344
280.797,9.288,7.532,23.812
85.407,1.414,7.931,28.357
98.845,3.965,8.353,80.159
159.409,0.67,6.662,64.568
296.748,7.586,8.368,73.527
105.059,4.477,8.402,58.145
58.166,7.069,8.034,79.214
485.058,3.222,8.204,82.286
10.991,8.443,7.731,39.303
401.349,5.348,6.098,90.195
394.018,9.436,7.438,51.015
148.607,0.788,7.868,16.856
67.813,5.143,8.354,22.629
72.814,7.665,7.426,73.649
348.716,6.002,7.986,38.357
321.403,0.232,7.763,26.982
391.373,9.723,6.702,60.872
468.741,2.983,6.387,78.445
345.964,2.493,7.877,11.813
77.926,4.857,6.584,45.463
121.721,5.422,6.612,77.376
421.097,7.663,7.61,90.459
104.653,3.933,7.973,2.341
36.261,4.4,7.456,65.953
351.64,5.35,8.212,60.14
201.263,3.944,6.529,52.256
460.02,9.145,6.631,16.86
325.128,8.513,7.592,74.437
45.209,4.55,8.073,39.887
473.928,0.002,7.348,24.228
129.279,9.009,6.026,85.152
168.606,1.243,7.692,31.396
201.13,2.445,8.034,20.643
25.612,1.524,6.691,31.893
248.258,1.798,6.135,18.924
61.659,8.029,7.295,77.95
200.485,5.795,6.105,19.025
175.355,9.561,7.04,71.95
386.42,2.315,6.045,17.088
401.585,4.856,6.562,23.404
76.706,9.774,6.972,34.909
183.276,8.264,6.279,95.056
186.677,7.286,6.285,91.468
75.705,1.89,8.068,9.426
399.227,7.694,6.104,34.246
353.614,3.476,7.722,35.288
95.191,5.305,8.036,21.945
183.361,6.092,6.327,44.126
52.903,6.094,6.488,75.052
314.103,7.265,7.604,10.835
60.686,6.617,6.789,67.493
492.967,0.684,7.191,26.816
390.341,4.573,8.09,64.602
195.119,6.64,6.345,68.507
289.282,2.96,7.549,73.086
455.671,3.131,8.356,86.309
277.05,1.246,6.144,90.062
87.249,4.186,6.15,76.154
189.352,9.868,7.387,48.629
421.572,2.853,8.4,5.374
322.107,5.314,6.551,93.774
325.362,7.432,6.827,60.531
433.411,0.135,6.247,53.923
446.987,9.004,6.906,24.709
459.896,3.866,6.111,68.739
47.425,8.691,6.973,99.478
272.063,0.389,7.389,33.673
370.255,1.457,8.438,80.158
378.463,3.225,8.046,29.821
303.358,3.455,8.055,49.285
83.394,8.478,6.57,22.115
398.71,0.112,6.218,51.766
360.056,6.411,7.508,46.471
43.068,1.313,7.303,4.853
231.905,8.232,7.291,38.799
86.989,7.786,6.273,7.21
168.739,4.999,7.235,45.612
9.041,2.127,6.376,98.037
200.165,6.345,7.055,30.005
274.938,1.563,6.155,52.048
309.791,1.9,8.142,13.889
331.745,6.267,6.033,16.243
418.146,9.912,8.348,36.191
107.731,8.911,8.157,49.484
60.241,5.931,7.882,70.439
425.769,5.385,8.456,46.213
78.306,9.984,6.135,3.414
487.38,5.474,7.604,27.825
421.269,4.201,8.123,3.453
250.438,9.096,6.317,91.876
490.711,2.342,7.462,3.874
48.688,0.975,6.985,5.909
151.533,6.341,7.09,30.529
319.112,0.958,8.281,63.601
175.003,3.731,7.347,36.438
464.186,4.236,6.233,7.095
32.813,5.475,8.343,83.789
274.706,9.917,6.463,70.322
295.433,2.21,8.232,40.241
326.364,3.758,8.427,68.014
127.833,1.322,8.195,28.184
182.283,6.076,7.693,53.259
421.84,7.277,7.859,88.17
97.471,4.821,7.75,11.66
413.434,2.458,7.151,84.842
281.328,6.209,6.686,79.066
381.094,5.392,6.713,94.961
356.804,1.712,7.828,51.864
103.756,4.057,7.565,28.216
284.406,4.352,7.462,35.957
433.862,9.826,7.632,64.341
216.058,8.493,7.937,14.939
483.295,7.344,7.871,35.815
226.108,8.888,6.263,72.917
71.393,7.355,6.908,57.801
194.717,9.034,6.66,7.212
475.851,0.546,7.346,50.189
159.86,4.561,6.154,52.897
434.049,7.469,7.906,70.38
440.625,5.833,6.266,2.055
175.093,1.752,6.679,43.412
41.629,3.405,7.957,88.775
362.279,3.178,6.129,3.49
155.756,2.613,7.651,67.569
391.462,3.431,8.311,23.095
221.327,5.149,7.544,39.361
242.633,8.549,7.782,88.527
388.955,7.42,7.981,36.89
191.182,8.352,6.556,55
221.564,8.836,7.452,9.875
188.095,4.162,6.773,33.146
183.67,3.46,6.624,15.023
262.973,0.576,6.481,56.594
404.4,9.305,7.464,46.519
180.884,0.658,7.986,27.193
262.127,7.411,8.19,99.963
335.364,3.781,7.071,16.174
134.72,9.488,6.932,82.723
138.761,4.196,7.718,4.54
466.707,8.166,7.951,84.837
361.767,2.827,6.633,48.222
288.593,2.991,6.743,82.991
323.86,5.955,7.333,74.972
14.65,9.98,7.111,57.691
309.051,5.176,7.764,37.785
254.754,9.363,7.261,66.886
272.875,7.862,6.279,83.422
179.712,7.959,6.415,50.827
40.737,4.36,8.255,42.072
96.67,3.865,6.568,15.147
475.372,1.919,6.125,89.729
204.35,9.639,7.829,27.463
233.342,9.594,7.71,13.229
26.355,7.471,7.5,7.556
18.783,2.963,7.256,75.327
358.591,2.452,8.424,67.825
269.047,9.886,6.3,12.925
254.353,0.665,7.275,53.484
121.562,8.436,7.41,16.117
372.375,3.555,6.056,38.974
84.118,4.189,7.03,78.504
94.967,8.32,7.957,23.556
230.356,0.906,7.178,3.744
143.14,3.542,8.188,20.14
123.731,9.52,7.612,40.649
322.619,6.991,7.915,24.927
325.486,7.549,8.011,72.5
412.259,7.575,7.724,79.129
208.854,0.606,7.873,24.81
36.543,2.032,7.738,27.594
136.833,4.913,7.376,56.447
490.003,3.682,7.416,75.499
298.129,4.109,6.475,95.978
354.869,7.814,8.069,30.755
3.679,0.147,6.78,91.196
259.103,6.605,7.339,18.994
18.764,0.001,6.624,5.065
284.615,0.631,7.74,79.457
460.385,4.083,8.438,48.383
484.21,8.409,8.005,8.609
270.276,1.45,7.548,8.04
229.102,5.546,7.419,2.348
472.509,6.785,7.224,31.326
336.805,2.295,6.512,73.801
32.45,5.123,6.87,66.866
232.863,9.114,7.016,99.967
120.123,5.122,8.361,59.799
234.902,1.573,7.064,11.937
227.733,6.278,7.465,97.872
291.072,5.922,8.306,69.604
178.385,0.27,7.296,38.03
82.135,0.906,6.629,25.452
251.86,1.568,6.953,22.995
415.101,1.363,6.939,95.667
332.006,2.595,7.787,42.523
169.184,4.541,6.74,49.194
467.762,3.717,7.826,83.843
456.104,8.906,8.223,96.423
104.674,6.121,6.84,1.435
19.709,8.761,6.338,99.034
370.654,5.27,7.596,8.471
413.805,0.899,6.902,83.847
483.932,4.633,7.335,95.082
444.918,8.22,7.585,56.55
300.267,1.941,7.019,55.62
265.026,0.912,8.312,67.232
13.921,3.294,6.999,35.93
123.328,3.889,6.768,17.415
229.807,3.063,8.214,7.575
314.252,1.352,6.341,88.229
278.626,2.508,6.311,55.185
371.318,6.823,8.339,69.713
139.883,3.859,6.522,33.873
282.476,6.325,6.371,80.894
44.071,5.363,7.338,35.642
206.833,5.491,6.117,3.946
375.08,2.485,7.55,34.354
346.7,5.215,7.132,85.182
495.321,0.236,7.601,87.713
138.946,4.317,6.71,93.537
249.095,5.726,8.264,50.448
164.765,1.82,6.676,95.703
220.302,2.566,7.594,50.419
428.475,2.195,8.363,16.238
342.105,0.706,7.002,50.702
441.221,3.479,6.404,86.993
101.756,9.79,6.171,78.783
436.681,3.539,8.408,43.971
29.881,4.605,7.909,22.042
444.3,6.531,8.297,58.531
164.537,6.485,7.747,93.191
157.294,9.499,6.856,18.572
256.044,8.576,6.308,82.877
470.345,7.94,8.323,15.585
23.891,9.516,7.224,92.04
176.115,2.308,6.991,69.632
428.286,6.171,7.444,11.809
198.027,8.872,6.266,21.04
99.578,6.241,6.773,92.765
212.397,9.774,7.595,51.249
192.776,1.004,6.25,45.896
457.708,4.393,6.338,6.769
380.967,9.774,7.276,9.32
252.558,3.796,7.559,69.473
494.185,7.396,6.468,77.916
232.639,0.304,6.083,86.834
29.119,6.948,8.396,50.778
131.137,9.346,6.069,33.529
218.035,3.827,6.005,62.927
78.451,0.213,6.808,62.269
473.783,0.279,6.556,4.432
383.424,8.92,7.434,93.941
134.144,7.225,8.236,64.613
295.402,1.067,7.203,1.64
360.725,0.546,7.933,96.004
470.639,8.048,8.273,95.312
440.818,8.099,6.473,94.646
257.596,1.205,7.221,89.001
387.326,3.015,7.605,19.279
281.072,7.8,6.83,97.74
276.352,5.254,7.849,76.431
57.371,9.566,7.763,64.435
63.069,4.811,7.053,94.324
264.767,6.77,6.22,38.728
134.431,5.098,6.029,93.206
10.518,9.43,6.923,60.963
361.42,3.987,6.205,58.35
16.243,2.298,7.954,64.949
297.638,3.266,6.836,75.662
269.597,8.528,7.665,45.047
484.407,4.979,6.866,98.08
242.107,3.543,7.99,9.763
31.801,5.443,8.221,91.469
275.844,1.332,8.094,66.085
420.548,0.054,7.211,91.082
498.425,2.806,6.21,37.507
215.172,6.05,6.929,83.071
160.149,7.117,7.061,61.983
453.327,8.266,8.401,83.28
95.621,9.267,7.414,33.177
307.714,4.121,7.602,91.813
202.857,7.405,7.955,92.5
20.541,0.747,7.421,48.008
173.644,0.575,7.496,40.631
132.614,1.248,6.613,57.944
343.046,4.486,6.147,20.818
474.395,2.113,7.803,50.125
134.024,2.869,8.122,89.785
405.733,6.479,7.03,37.152
27.68,3.585,7.372,73.869
269.061,5.574,6.768,62.689
35.275,4.124,7.126,26.878
467.016,1.69,6.522,53.645
383.176,0.74,7.9,85.407
328.975,2.362,7.23,55.937
411.948,0.577,7.368,69.988
323.76,6.186,6.093,77.764
484.472,7.957,7.556,5.891
356.979,3.397,6.507,6.074
462.329,3.871,6.958,12.381
258.566,8.162,7.032,17.137
58.532,2.226,7.122,81.333
264.089,1.192,6.569,44.123
63.436,5.011,8.125,19.341
296.247,6.462,7.07,53.648
241.247,5.997,7.53,76.571
311.288,7.139,7.535,14.866
5.023,0.568,7.517,35.096
97.42,4.282,7.398,20.243
245.665,2.386,8.057,64.991
475.252,7.591,8.032,14.547
191.805,8.727,7.043,78.328
212.186,2.813,7.59,21.574
357.348,0.952,6.257,6.802
301.896,2.534,6.227,91.176
149.463,1.04,7.2,33.988
205.408,3.224,8.251,50.772
108.85,5.382,7.625,10.998
483.011,9.737,7.673,48.467
65.317,3.994,6.394,23.034
185.918,2.2,7.133,84.197
12.919,1.668,7.002,71.662
110.89,1.73,7.957,66.667
390.236,1.926,6.345,78.345
100.588,7.623,7.348,30.078
40.032,0.61,8.278,45.911
237.227,9.974,8.231,9.57
4.985,5.227,8.131,7.711
42.383,5.443,6.937,33.58
403.813,3.576,8.353,82.452
385.737,6.903,8.013,60.169
457.569,4.715,8.128,43.027
427.258,3.291,8.331,96.732
341.588,2.651,8.343,44.775
26.166,9.257,6.6,47.419
391.424,2.91,6.319,99.26
422.755,4.364,7.727,14.005
399.541,3.503,7.408,26.306
254.24,0.862,6.819,45.877
116.451,1.859,7.711,57.558
422.665,1.895,6.155,15.66
363.581,6.936,6.118,33.553
490.381,4.066,6.886,22.806
77.846,7.82,6.485,85.14
112.832,7.09,7.796,83.627
105.899,1.92,8.37,24.744
396.27,5.629,7.654,44.058
93.454,7.429,7.637,65.513
33.33,6.33,6.016,5.768
499.28,6,7.281,88.477
12.409,7.396,8.043,51.591
417.622,0.568,7.635,23.427
182.683,7.314,6.569,40.279
420.808,2.727,8.121,90.265
277.31,5.719,8.411,3.454
450.816,2.423,6.697,15.136
463.096,8.388,6.518,20.081
4.549,4.806,6.846,6.951
37.706,6.429,6.158,23.3
125.179,7.941,8.184,81.898
334.658,8.953,8.323,53.181
444.136,7.321,7.583,60.938
229.971,1.488,7.911,16.433
303.487,8.545,7.672,28.553
94.25,6.186,6.943,91.831
402.483,6.094,7.58,21.834
483.664,9.213,8.091,90.768
134.299,2.488,8.025,66.658
247.413,2.396,6.203,50.774
43.058,5.132,7.157,18.221
279.568,7.509,6.993,67.686
251.392,4.472,7.88,88.753
72.218,6.339,7.253,16.818
221.033,4.525,6.874,1.612
167.052,6.104,7.766,74.266
260.915,8.223,7.184,60.446
292.827,1.805,6.642,50.806
4.248,6.954,8.226,46.149
380.503,7.874,6.283,50.262
356.507,4.471,6.045,38.084
183.143,3.232,6.36,9.151
26.468,0.135,6.409,77.797
377.466,7.971,7.345,47.316
477.588,3.279,7.562,82.67
120.076,3.573,7.122,98.24
161.762,3.36,6.51,18.003
91.906,4.987,6.33,79.555
288.468,7.025,7.23,97.774
77.421,7.719,7.414,72.719
178.097,3.926,6.76,25.351
348.507,6.631,6.551,89.752
280.058,7.207,6.201,79.529
193.231,2.969,6.066,45.482
210.125,0.966,6.264,57.684
281.055,8.947,7.855,72.47
2.932,6.771,6.86,13.328
39.255,6.481,6.069,92.771
440.629,0.589,7.27,98.757
38.939,8.179,7.34,33.723
353.402,5.661,7.072,71.793
460.019,8.479,6.277,42.709
135.342,9.746,7.887,3.746
185.246,9.571,7.723,95.913
284.461,8.561,6.987,15.09
440.854,0.109,6.952,8.419
470.953,8.857,6.39,83.882
369.782,0.751,7.884,4.353
43.31,8.512,7.499,69.101
334.577,2.802,6.214,93.078
205.152,6.101,6.945,41.212
235.35,0.381,8.259,7.767
24.574,7.712,7.131,22.611
95.531,1.117,6.812,94.884
395.257,4.107,7.609,47.073
226.979,8.174,6.507,54.595
150.831,6.953,7.31,16.45
192.01,0.06,7.674,91.884
427.2,4.03,8.137,52.196
374.5,0.419,7.731,53.357
136.158,6.735,6.961,58.029
58.751,9.689,7.92,76.97
125.999,6.553,8.246,21.092
460.378,2.244,7.194,94.291
290.794,3.552,6.011,18.365
266.74,9.767,8.202,20.544
298.197,2.241,6.414,2.228
183.014,5.615,6.316,2.949
403.554,4.005,6.769,43.455
261.643,7.683,6.95,19.114
58.374,8.674,7.998,21.978
64.533,3.408,6.973,98.805
268.43,6.604,6.122,93.002
468.285,5.49,7.59,32.923
154.176,2.784,7.678,34.973
434.771,2.719,8.036,29.918
382.048,5.386,6.997,88.341
123.906,1.54,6.215,10.73
18.17,8.108,7.383,58.825
50.924,0.69,6.302,19.444
364.247,0.946,6.043,76.057
99.835,3.422,7.946,63.505
185.635,1.181,7.009,39.397
250.85,4.757,7.313,10.713
362.734,3.997,7.657,76.973
56.616,7.218,7.003,8.627
203.183,9.53,6.128,28.101
242.536,7.536,6.632,26.111
270.414,1.794,6.486,58.274
409.18,9.355,8.443,51.86
85.839,3.921,7.849,28.695
403.916,4.742,7.129,43.607
346.439,4.216,6.158,44.2
277.935,2.805,6.29,57.782
349.764,8.95,8.032,89.926
206.009,3.322,8.364,15.051
69.199,5.786,6.078,56.212
332.883,2.4,8.276,2.82
262.336,7.974,6.951,70.124
319.687,7.742,6.534,64.399
168.999,2.963,6.256,69.708
453.433,6.816,7.929,48.019
293.685,7.039,7.172,19.499
42.701,5.625,8.081,45.36
224.902,6.006,6.565,3.336
378.178,5.745,7.696,38.762
397.067,0.819,6.295,84.019
247.299,6.703,6.224,34.52
447.374,4.698,6.333,59.584
133.834,4.385,8.022,26.85
205.299,8.6,7.639,14.288
449.298,0.232,6.415,52.571
448.128,2.513,6.962,4.541
342.856,1.214,7.909,90.544
429.49,0.353,6.714,77.941
44.387,2.757,8.303,99.794
432.497,9.885,8.287,99.325
160.31,2.702,7.382,73.17
89.166,6.637,7.58,77.892
119.685,1.183,7.633,53.281
208.984,6.018,6.646,22.636
125.596,9.845,6.913,81.032
160.284,2.918,6.34,27.7
67.489,8.481,8.312,65.349
148.088,9.976,7.81,73.357
286.142,5.886,6.116,56.865
220.927,3.094,7.373,66.61
173.359,6.735,6.858,29.998
373.226,8.448,8.038,76.291
446.755,1.714,6.86,94.411
378.395,4.525,7.61,48.917
166,3.192,6.414,12.977
372.221,2.834,7.397,62.352
75.99,8.608,6.735,34.8
65.159,4.217,6.412,42.491
172.814,3.391,7.548,16.011
403.851,6.035,7.597,62.953
123.174,2.194,8.458,78.938
31.627,2.299,7.673,76.878
65.855,5.203,7.289,99.394
429.372,4.093,8.282,22.007
316.892,2.95,8.071,91.5
126.601,0.54,7.372,73.529
277.648,5.208,7.278,71.041
263.79,8.166,8.355,68.692
327.718,8.514,7.543,54.298
116.594,2.354,7.784,38.486
432.201,5.996,6.217,94.391
154.684,8.559,7.796,15.958
347.066,4.087,6.662,18.422
8.062,9.321,6.289,2.655
186.329,9.03,8.124,74.199
175.855,2.081,7.728,89.505
271.742,2.59,7.019,19.418
36.368,1.804,7.079,4.408
395.066,1.961,6.493,25.166
108.89,9.079,6.024,88.483
338.519,9.311,6.873,2.602
401.606,0.519,6.371,11.015
280.938,5.936,7.054,3.474
370.442,5.642,8.085,94.372
330.93,3.905,6.287,14.415
177.765,6.317,6.229,90.141
404.429,9.474,8.255,47.87
147.351,1.703,7.863,40.091
285.606,1.204,6.133,43.225
372.699,0.334,6.199,42.448
189.478,3.638,7.712,34.831
151.384,3.376,6.926,81.269
229.673,4.308,7.81,51.292
408.982,5.033,7.011,99.107
464.961,7.578,8.419,52.259
272.542,3.921,7.736,82.029
330.733,3.306,6.117,74.765
451.637,8.269,6.826,40.709
49.273,8.498,7.409,79.075
116.039,2.328,6.355,16.342
354.45,3.147,6.006,21.131
411.872,8.251,6.198,62.269
428.515,0.794,7.311,71.445
207.554,3.258,7.581,64.739
44.67,4.484,6.232,51.435
218.891,1.871,7.663,14.623
115.367,1.799,7.543,37.903
145.598,4.249,8.35,60.884
386.134,7.545,8.102,23.381
37.764,8.402,8.358,64.146
413.791,9.792,8.415,24.194
213.835,0.74,7.102,10.688
298.032,2.167,7.22,33.109
44.826,7.566,6.704,28.003
168.68,5.406,7.271,81.234
44.85,3.277,6.377,48.878
480.772,2.056,7.679,7.34
403.631,2.805,6.062,81.741
229.816,4.293,6.589,27.6
111.801,1.772,6.52,57.22
466.728,9.642,8.345,54.611
172.298,1.076,6.362,97.187
80.492,9.856,8.227,26.239
281.582,8.419,6.311,15.373
471.887,4.232,7.627,26.584
1.915,7.398,6.8,58.07
119.062,6.715,6.79,22.537
469.224,2.133,8.496,34.707
85.543,3.391,6.565,66.147
56.622,5.131,6.506,12.532
285.094,6.378,7.473,94.585
430.922,5.429,7.852,53.703
238.555,4.73,8.456,48.876
497.282,4.432,7.754,36.941
339.586,4.983,7.405,25.321
37.037,4.344,7.023,48.857
496.416,5.413,7.488,49.141
203.947,8.88,7.502,6.556
143.701,6.328,6.544,84.891
278.94,7.226,7.678,82.255
152.154,5.975,6.511,45.333
43.229,6.43,7.225,34.339
0.714,5.783,6.65,50.394
224.792,0.269,6.782,22.922
418.432,9.996,7.535,1.083
286.158,0.336,6.161,36.076
499.604,3.951,6.03,2.783
143.423,1.051,6.327,5.03
140.228,0.969,6.422,3.918
79.875,7.935,6.495,88.126
82.032,4.259,7.935,15.217
142.593,8.011,7.117,26.179
396.42,2.728,7.175,49.536
452.878,2.565,7.611,53.402
487.544,2.512,7.823,13.085
116.145,6.161,6.009,91.042
440.649,8.15,8.142,23.877
164.128,4.523,8.471,94.316
56.42,3.792,6.305,26.431
435.012,9.736,7.628,1.257
318.053,1.168,6.006,97.214
82.365,4.866,6.123,48.888
214.916,4.085,6.713,87.996
143.629,0.981,8.116,73.7
368.397,2.682,7.631,18.723
226.708,0.284,7.115,84.682
494.64,8.77,7.096,6.057
27.372,6.078,7.165,51.248
177.508,8.15,6.778,26.157
240.95,5.216,8.194,36.797
251.567,5.995,7.42,75.946
157.968,7.009,7.21,68.655
364.62,9.08,7.163,44.568
437.374,0.918,8.34,5.546
469.36,3.309,7.809,4.952
402.547,7.09,6.362,70.518
425.29,9.584,7.092,94.934
275.273,9.808,6.721,84.879
412.944,6.381,8.467,13.096
151.752,1.936,7.038,13.001
199.239,1.192,6.17,61.442
158.457,9.46,7.028,66.104
233.694,4.339,6.803,62.032
142.79,1.948,7.499,88.654
480.806,9.339,6.565,23.869
156.422,1.045,6.09,18.057
49.022,7.296,6.24,91.503
263.409,6.253,6.708,72.493
28.55,0.877,6.871,71.461
55.272,3.387,8.086,34.203
109.695,1.499,6.675,63.159
232.175,6.045,6.079,72.944
216.625,4.771,7.952,60.427
399.846,0.043,8.172,73.886
369.737,9.757,7.231,59.415
213.159,3.496,6.712,98.221
166.852,2.582,7.93,49.708
158.234,2.224,6.022,2.234
386.998,1.588,8.31,17.171
26.036,9.991,8.164,96.452
6.411,2.951,7.362,47.483
397.772,4.055,6.694,12.932
238.573,8.714,6.082,16.426
65.441,6.419,8.5,3.866
117.783,3.687,7.905,23.408
466.252,8.983,6.847,98.678
429.751,7.497,6.048,33.553
354.893,2.279,7.598,25.775
241.113,6.437,8.467,67.094
260.162,9.224,7.768,67.746
487.622,4.965,6.209,96.816
482.885,7.336,7.006,73.23
107.635,9.711,6.273,11.887
405.552,6.904,8.28,98.574
98.621,1.024,6.826,75.273
106.769,2.446,7.833,26.662
338.047,5.951,6.212,26.858
202.501,2.756,6.321,96.04
465.772,9.575,7.699,20.071
44.505,4.054,8.109,23.531
255.763,4.572,6.504,36.534
459.261,7.016,7.046,68.268
452.057,5.242,7.549,43.543
78.265,3.821,7.991,31.815
183.319,0.766,7.57,27.495
309.561,5.964,6.239,13.384
79.697,8.676,7.357,55.079
484.011,6.858,8.212,28.068
457.375,3.815,8.17,33.817
83.475,1.277,7.463,1.772
60.578,8.163,8.489,53.593
42.704,9.417,6.263,69.946
454.722,3.883,7.196,92.826
96.812,7.286,7.938,20.516
208.142,4.108,6.353,92.017
224.426,5.023,8.432,36.752
299.506,8.365,6.885,80.437
35.868,0.834,6.875,89.783
113.379,5.303,6.533,96.175
465.745,2.146,6.72,33.219
454.205,3.398,7.444,26.785
390.645,6.444,7.073,44.517
9.701,0.272,6.483,55.911
163.503,5.938,8.023,69.374
313.979,2.834,6.156,69.496
137.595,6.695,8.087,12.548
454.793,1.416,6.687,61.57
316.945,7.358,7.24,17.619
35.953,6.456,6.953,71.425
454.503,9.712,7.427,97.681
478.883,9.112,7.99,77.319
38.856,2.833,8.473,69.779
266.18,0.273,6.765,8.671
151.682,6.554,7.385,19.279
196.42,6.029,7.165,36.169
89.826,0.274,8.497,93.414
289.036,1.227,8.022,33.758
478.99,5.847,6.993,81.563
251.536,9.118,7.192,11.271
41.457,9.065,6.615,66.538
310.001,1.515,7.888,78.132
170.111,3.846,8.113,54.749
427.963,0.432,8.412,76.918
217.339,4.693,7.415,72.643
96.42,7.531,7.677,48.221
95.553,7.9,7.115,86.686
384.382,4.99,7.523,34.821
132.794,0.959,6.872,43.115
383.617,3.814,7.844,54.446
102.944,9.321,6.057,13.939
160.843,2.296,6.071,52.016
232.743,3.198,7.79,33.087
471.598,7.468,8.327,26.41
465.866,7.336,7.581,58.107
103.436,9.122,7.816,33.631
179.11,3.881,8.06,85.695
74.7,5.146,6.904,41.588
254.993,4.674,6.27,41.891
230.291,9.278,8.333,98.212
450.38,7.693,8.346,34.811
465.003,8.314,7.105,14.017
191.784,1.331,6.543,87.782
245.869,7.918,8.231,91.783
448.118,4.33,7.771,23.419
403.354,0.233,6.021,88.326
1.828,0.601,6.269,49.961
160.03,6.779,8.458,5.3
210.887,3.72,6.095,55.334
114.858,8.681,6.706,85.029
99.786,7.343,7.371,40.268
18.892,0.217,6.461,55.549
321.685,6.869,6.58,14.921
131.255,1.924,6.882,84.377
26.174,4.226,6.674,11.582
115.49,6.247,8.008,10.348
400.957,8.727,7.251,93.422
425.745,4.561,6.697,87.474
241.533,8.085,6.783,57.913
208.035,7.83,6.1,11.509
488.927,4.145,6.123,55.053
100.282,5.01,7.795,92.134
107.68,7.005,6.282,61.623
145.934,0.311,7.189,20.626
86.379,8.908,8.106,90.677
189.683,7.698,6.921,86.68
455.417,2.494,6.864,55.112
307.674,9.812,8.183,85.372
205.973,1.794,8.162,6.58
467.205,9.141,8.2,46.657
24.232,3.245,7.43,18.631
105.138,7.631,8.381,83.917
282.944,4.564,8.047,97.148
307.776,7.365,7.039,93.139
19.779,1.558,7.574,50.831
201.519,2.695,6.304,51.589
324.577,0.999,7.378,90.915
349.035,8.651,6.658,72.453
319.07,2.963,6.709,8.386
160.282,6.945,6.314,13.706
46.76,8.202,6.895,95.221
213.556,9.014,7.203,37.223
64.377,1.063,7.501,19.549
473.812,8.93,6.762,73.818
237.585,1.973,7.981,88.089
158.63,7.369,7.302,21.449
383.152,7.288,7.595,25.892
248.974,0.085,6.695,90.094
155.017,2.206,8.035,2.304
405.984,4.919,7.561,90.887
433.576,4.2,8.156,4.887
336.504,9.186,6.4,10.445
23.482,3.597,6.952,86.365
283.161,9.37,6.283,25.594
381.647,4.594,6.539,23.245
68.252,9.644,6.986,84.569
114.335,7.374,8.236,54.677
441.248,8.293,7.393,35.711
10.061,1.049,6.826,71.709
376.364,5.861,7.867,81.165
236.887,1.427,6.049,86.414
223.386,2.976,6.925,12.816
3.548,6.236,7.502,58.672
409.699,7.262,7.458,68.144
179.912,0.392,7.519,12.531
270.383,5.309,6.529,61.402
338.65,5.653,6.843,4.162
351.315,0.788,8.329,34.816
477.99,5.007,8.435,18.03
265.67,7.138,6.78,56.559
199.86,0.532,7.611,19.918
476.852,7.603,6.603,79.125
321.055,5.764,6.921,12.993
149.075,8.332,7.981,76.025
63.232,2.181,7.253,10.792
421.277,8.333,8.124,44.797
181.091,0.946,7.572,70.155
330.235,4.038,7.572,16.985
235.408,1.995,6.085,75.482
99.465,8.76,7.874,95.388
300.843,7.049,8.445,37.967
30.342,0.254,7.183,1.018
206.671,0.095,6.396,48.206
273.307,2.912,8.442,90.342
218.023,1.433,6.725,66.836
374.336,6.303,7.023,70.625
413.962,6.638,6.193,79.454
385.622,9.42,6.277,90.912
19.406,9.52,6.541,13.356
97.064,6.589,7.371,59.431
268.304,0.057,7.394,89.083
467.411,3.59,7.516,77.813
417.478,5.131,7.46,25.645
421.267,4.992,7.238,87.586
151.604,6.033,8.005,30.116
214.724,9.606,8.335,41.678
235.353,8.852,6.674,19.378
78.686,1.089,6.325,88.637
15.534,2.66,7.063,10.208
473.451,8.331,6.066,99.417
120.356,8.243,8.208,33.539
119.974,2.754,6.599,71.37
41.69,7.306,7.373,13.744
464.254,6.72,6.288,49.298
289.869,4.735,7.383,4.973
333.518,2.015,6.097,87.962
455.788,8.886,7.922,45.197
172.81,6.779,8.389,74.533
310.754,1.69,6.767,89.557
19.4,7.048,6.646,7.791
93.386,7.414,7.12,51.633
415.623,8.869,7.55,19.765
383.384,2.228,6.472,7.832
175.321,9.888,8.008,62.581
188.405,1.534,6.496,12.296
266.777,6.007,6.014,49.702
0.121,6.572,7.311,20.495
120.622,4.19,6.288,20.574
104.116,4.75,7.746,52.776
125.241,8.909,6.419,55.984
402.953,6.453,8.043,1.344
139.837,4.97,7.176,50.576
95.761,1.283,7.416,67.305
252.132,0.073,6.466,68.173
432.823,1.25,6.367,85.138
120.675,9.562,7.578,89.635
39.268,7.641,6.639,62.663
178.202,9.671,6.965,48.701
373.826,0.357,7.199,21.207
275.345,6.802,6.574,13.549
408.397,0.443,7.989,61.301
479.796,7.821,8.349,94.712
396.331,3.81,7.08,28.543
301.902,0.958,8.294,10.846
246.671,5.68,8.207,42.962
20.035,2.801,6.415,1.048
492.161,6.596,6.433,55.804
191.741,6.582,7.194,5.898
76.114,7.05,7.315,93.166
333.354,9.925,6.853,87.123
142.144,3.867,6.782,12.375
292.889,4.653,7.078,15.543
293.384,8.046,7.726,95.391
222.865,5.784,6.211,81.542
418.059,0.373,7.776,94.26
132.484,8.431,8.316,34.116
224.316,0.515,7.909,11.985
268.846,1.708,6.479,61.923
331.812,1.021,6.219,96.704
391.986,0.779,7.226,13.866
197.404,0.257,8.391,82.071
323.023,0.55,8.048,36.602
75.305,4.424,7.407,12.435
466.324,2.529,6.357,46.445
191.529,1.265,7.785,49.385
364.761,6.587,8.032,1.899
10.171,2.261,8.338,47.971
102.594,0.189,7.53,65.1
243.541,4.184,7.286,76.702
439.126,3.104,7.548,10.757
263.628,3.186,8.358,87.777
464.935,4.453,7.57,17.607
241.898,6.689,6.644,66.17
245.225,6.165,7.59,55.711
59.873,9.373,8.199,88.121
401.328,5.177,7.418,4.826
123.483,4.726,7.257,19.965
449.806,2.134,7.833,13.075
455.412,7.554,7.652,33.428
471.655,1.408,6.142,34.546
260.115,4.911,7.813,9.773
338.547,4.213,7.019,51.918
389.258,6.583,8.352,12.508
65.507,9.176,8.427,8.361
300.479,9.466,7.122,4.284
17.149,1.678,8.422,92.985
248.783,2.618,6.777,40.277
77.421,8.116,7.707,29.085
91.461,5.183,6.188,48.745
182.524,4.53,6.362,16.611
216.219,7.106,8.161,41.21
311.586,6.019,8.234,19.864
37.214,9.707,7.332,31.135
251.846,5.84,6.849,92.497
91.313,4.66,7.128,15.721
286.988,5.428,8.174,47.911
318.702,8.085,6.527,66.425
278.355,6.127,6.737,91.882
369.148,6.47,7.964,92.378
167.805,9.714,8.338,25.479
382.553,6.184,6.232,94.372
216.384,3.803,8.009,33.808
242.092,6.913,7.613,89.597
324.051,6.595,6.577,10.227
9.179,0.138,7.89,20.637
326.997,4.673,7.82,8.821
309.293,7.429,6.355,30.604
154.924,4.99,7.256,87.511
42.897,7.796,7.896,16.768
45.468,4.509,6.479,23.26
461.612,9.833,7.157,22.402
344.64,2.929,6.302,28.195
63.551,0.921,6.767,2.849
178.362,4.3,6.545,42.961
296.241,5.417,7.263,97.653
417.786,3.491,6.353,45.36
21.83,2.423,6.958,81.521
118.317,6.721,6.688,57.572
444.874,3.771,7.865,2.473
4.583,6.314,7.749,58.965
100.7,7.791,6.237,94.705
479.512,7.61,8.384,55.798
306.701,3.753,7.862,53.265
130.836,5.679,7.54,67.352
33.496,4.497,7.194,87.218
14.096,8.708,6.445,56.911
122.373,8.788,8.405,41.237
440.743,3.437,6.02,4.671
207.957,0.917,7.731,11.995
360.167,1.676,7.269,65.223
459.143,3.67,8.256,62.275
204.02,5.642,6.952,24.664
95.639,6.568,7.297,72.173
258.559,3.314,7.856,28.687
454.042,6.675,6.119,31.192
402.187,9.377,6.136,7.078
32.915,6.52,6.529,55.478
346.286,1.586,6.366,29.482
285.949,5.797,6.016,82.075
453.732,5.419,7.557,80.345
61.241,8.707,7.99,13.716
267.018,3.503,8.393,16.839
439.731,4.229,7.102,32.778
205.012,5.987,6.699,58.505
240.997,5.244,8.16,34.909
35.23,7.19,8.111,35.675
139.072,0.404,7.562,14.866
162.253,5.635,6.683,34.224
472.561,1.217,8.271,47.57
141.334,3.152,6.446,98.487
230.434,6.616,6.109,83.959
335.652,1.574,7.992,79.505
81.092,3.088,7.409,56.422
243.221,7.03,6.616,36.649
369.27,6.508,7.677,85.838
433.428,0.91,7.917,35.396
313.13,5.773,8.111,59.687
334.527,1.473,6.705,26.46
63.142,2.523,6.064,77.865
472.888,4.592,7.275,51.939
66.287,1.093,8.14,89.622
387.336,9.936,6.52,57.321
132.408,1.654,7.053,17.266
466.797,7.813,6.641,99.302
359.98,8.298,6.033,50.695
376.907,9.945,8.246,25.82
109.53,4.287,6.338,33.599
221.52,8.741,7.917,13.002
308.907,9.575,6.867,8.32
384.987,1.729,6.694,45.606
51.98,4.794,8.353,95.235
481.183,0.6,7.643,13.175
445.11,6.207,7.717,90.37
135.174,5.814,7.899,79.877
411.38,2.041,6.852,80.836
259.162,7.979,7.409,71.285
230.903,0.373,6.676,59.592
157.217,8.062,8.086,13.017
290.484,0.266,7.498,57.99
364.945,6.568,6.609,35.846
205.466,0.788,8.249,11.425
314.61,2.512,7.452,80.579
349.656,7.219,7.238,55.108
355.561,2.804,6.086,74.751
25.983,5.112,8.275,48.471
429.874,9.152,8.381,55.62
229.127,0.496,7.406,71.522
131.208,8.111,7.106,25.448
120.882,0.653,6.899,84.858
241.507,1.268,6.67,42.674
443.416,1.193,7.436,71.14
189.174,9.941,6.32,33.282
374.863,1.802,8.298,70.545
48.409,8.968,6.44,5.309
238.028,9.909,7.864,92.997
495.843,3.838,6.767,78.903
385.219,6.31,6.565,66.816
105.264,7.791,7.395,33.064
250.721,3.926,7.913,84.416
116.812,1.618,7.817,77.001
204.78,4.338,6.584,45.855
390.042,7.719,6.826,20.548
385.612,7.808,8.172,18.376
114.05,2.305,7.808,49.331
461.112,1.75,7.782,78.557
296.284,9.206,6.672,71.732
189.962,0.44,7.98,49.863
250.968,7.347,6.896,21.238
302.536,0.464,7.003,24.684
279.945,8.379,6.719,6.706
243.203,9.054,6.303,18.503
252.466,2.974,7.051,2.263
88.206,0.739,6.042,67.775
406.366,4.807,7.14,59.236
270.88,2.985,7.813,98.808
65.54,4.171,8.402,76.515
383.079,6.65,6.197,25.378
466.222,2.098,6.703,71.081
473.653,3.57,7.235,2.205
184.509,7.826,6.426,98.63
67.758,6.438,6.292,61.829
259.2,3.263,7.131,12.847
56.305,6.643,7.452,50.353
466.994,7.653,8.051,94.121
91.79,5.925,8.495,85.12
126.383,2.395,7.936,30.593
203.318,0.002,6.553,40.218
191.582,8.028,7.87,85.502
397.331,8.226,7.343,90.101
228.158,6.976,7.127,91.545
85.384,0.766,8.339,94.841
133.605,5.852,7.755,50.554
254.557,8.21,7.704,86.29
73.727,3.897,6.029,35.35
305.828,1.98,8.163,83.973
282.874,5.876,7.983,35.399
357.351,8.263,6.747,61.223
468.852,0.489,6.73,47.378
456.127,5.97,6.134,89.401
473.038,6.432,6.127,7.586
122.358,6.024,7.671,94.931
65.783,6.5,6.466,46.747
151.138,6.314,8.309,48.658
447.543,1.304,8.106,82.954
486.027,2.349,6.872,66.952
429.662,6.19,6.95,95.417
55.009,0.177,6.818,55.115
473.714,6.347,6.231,56.307
211.679,6.654,6.079,97.199
4.655,2.392,7.13,92.718
221.197,5.981,8.358,21.661
23.035,5.341,8.293,31.388
271.939,2.607,8.025,62.909
169.277,4.63,7.571,93.998
236.717,9.096,8.141,56.772
306.585,4.266,7.288,73.549
434.401,6.298,6.45,10.306
330.951,0.354,7.71,52.74
217.024,0.778,8.302,15.613
409.714,0.813,6.049,26.803
452.791,7.782,6.629,17.464
59.88,3.503,6.664,17.425
265.966,2.276,6.248,99.179
142.256,7.473,6.564,30.526
23.531,1.7,6.96,56.983
334.273,2.465,8.35,2.988
431.385,4.309,8.151,80.832
81.451,3.314,8.365,68.343
406.207,5.854,6.301,23.649
426.698,3.378,6.07,4.57
457.17,3.93,6.275,28.184
132.643,8.629,8.286,63.229
451.977,8.845,6.394,2.505
160.331,8.277,7.432,8.461
276.169,8.648,6.569,41.525
25.254,5.697,6.052,18.424
21.941,6.462,6.212,63.549
360.187,5.572,7.774,18.291
222.24,7.856,6.456,99.368
128.146,5.51,6.573,44.145
95.207,1.111,6.943,15.683
334.977,8.096,7.643,8.31
0.201,7.606,7.173,42.635
402.946,8.203,8.362,81.1
39.625,1.904,7.085,44.445
95.745,2.716,6.498,14.967
193.118,2.958,7.34,49.382
242.429,5.081,7.127,34.4
177.498,1.339,7.968,50.685
160.356,3.854,8.338,39.723
481.958,1.822,8.091,65.141
320.79,2.648,6.973,80.559
11.716,7.064,6.54,88.759
215.088,8.548,8.286,74.388
437.504,0.229,6.965,36.147
150.728,5.659,7.926,45.397
47.278,0.361,8.474,64.535
379.192,0.852,7.444,22.763
303.007,7.051,7.2,70.475
285.156,7.356,7.75,65.329
26.788,8.14,6.485,65.992
70.25,4.742,7.221,33.999
311.275,8.598,6.781,60.555
103.912,1.668,6.411,20.575
252.035,2.497,7.525,19.78
272.441,1.345,7.439,77.084
141.754,7.975,7.903,38.576
474.213,2.287,8.182,54.915
421.232,1.555,6.551,29.981
361.187,6.231,7.949,24.35
38.997,0.771,6.918,78.207
53.065,0.449,7.572,79.624
246.391,1.067,8.126,83.792
80.357,0.002,6.64,85.59
489.133,6.97,7.502,41.727
79.26,5.622,7.201,81.088
243.734,2.099,7.976,35.248
182.061,2.33,7.743,6.199
319.693,8.11,7.924,69.244
64.518,5.018,6.72,20.697
215.158,6.985,7.761,45.696
137.353,4.528,7.515,17.223
443.876,2.377,7.142,39.762
20.293,9.704,6.946,88.602
456.864,5.656,6.829,61.702
416.497,1.31,6.024,15.666
148.785,4.061,6.424,72.825
394.645,3.293,6.147,84.937
15.607,2.141,8.121,17.473
483.433,9.334,8.15,74.666
263.297,8.809,8.115,55.363
151.641,1.991,8.045,60.822
181.292,3.521,6.553,93.963
33.203,7.623,7.229,4.62
494.675,2.085,8.27,64.24
19.646,5.916,7.899,9.068
327.454,6.998,6.005,79.169
221.368,6.54,7.149,89.717
474.458,7.064,6.027,9.566
123,7.067,6.702,3.558
266.043,9.648,7.089,95.611
241.178,3.465,8.232,92.726
351.433,8.786,7.636,92.451
34.005,0.218,6.906,94.029
96.895,2.882,7.227,50.51
107.282,0.487,8.043,97.713
369.075,6.512,6.749,89.339
94.569,1.008,7.538,10.669
286.746,8.457,6.656,81.458
107.622,6.466,7.2,71.532
430.812,0.288,6.062,14.276
471.093,7.148,8.131,74.054
259.246,8.62,6.121,49.007
176.154,6.611,6.561,85.529
117.029,0.305,6.834,82.061
24.891,8.579,7.563,94.291
134.25,7.325,7.8,8.453
327.118,3.785,6.201,71.314
266.808,3.286,6.109,38.33
472.021,4.798,7.997,77.823
198.139,8.671,7.78,60.654
346.932,2.521,8.079,50.062
244.661,1.01,7.691,1.419
256.288,8.646,7.878,61.11
133.887,0.263,6.948,42.618
227.475,9.11,7.475,33.92
235.392,3.057,8.013,98.888
353.321,5.082,6.43,70.336
470.32,1.323,7.057,54.449
164.661,9.023,7.851,87.004
21.1,7.498,7.332,23.483
248.148,9.242,7.704,62.371
272.231,6.832,6.732,86.232
84.22,1.847,6.081,13.235
380.232,3.083,6.073,24.373
492.465,4.868,8.357,9.181
472.887,6.073,8.361,99.252
98.553,9.265,6.528,58.51
437.682,3.84,6.369,49.459
352.247,7.031,6.045,34.505
226.923,9.61,6.578,45.496
270.305,1.524,6.836,77.81
424.8,8.627,6.603,91.755
240.067,4.207,7.993,11.39
186.604,7.324,7.874,30.663
246.624,2.935,6.203,19.724
289.565,3.34,7.743,44.113
94.539,0.271,7.301,53.518
450.454,9.714,6.33,72.407
337.093,8.135,7.849,87.69
316.634,0.939,6.215,54.671
49.748,9.995,6.443,49.388
302.087,6.05,6.373,58
60.48,8.537,8.348,88.953
39.349,0.667,7.745,65.206
263.655,3.895,7.028,78.95
201.393,6.697,8.056,72.23
294.405,1.064,6.54,92.427
44.611,4.889,8.328,81.877
215.492,4.427,7.742,34.779
87.393,2.16,7.399,85.582
493.55,3.003,7.987,47.277
280.575,9.671,7.612,84.875
343.718,2.886,8.218,90.669
162.709,2.134,8.073,68.842
47.369,5.362,6.495,72.169
487.935,6.71,6.599,14.97
143.13,7.251,6.163,33.061
211.904,7.542,6.55,56.216
324.932,0.368,6.859,1.348
12.349,3.938,6.072,84.881
405.13,7.74,6.787,37.578
268.289,9.049,7.929,72.616
139.109,6.022,8.101,77.16
30.804,0.523,6.022,55.26
81.249,3.966,6.018,79.232
447.517,0.742,6.366,68.558
343.012,7.485,8.181,36.625
124.951,0.635,7.173,81.799
32.8,1.857,8.457,63.969
345.308,4.17,8.218,16.86
286.204,4.626,8.225,77.51
202.26,4.065,6.321,67.943
181.806,4.634,7.188,29.18
108.407,7.132,8.484,84.356
334.806,3.693,6.373,38.027
485.334,5.478,7.436,55.721
87.858,3.034,6.861,34.973
298.558,3.536,6.97,72.712
212.093,6.138,8.227,58.536
223.344,4.905,7.47,47.559
127.074,7.23,7.897,3.012
412.567,5.605,7.683,61.111
242.628,8.036,7.323,62.613
271.703,4.434,7.979,18.942
152.38,4.91,8.427,33.899
90.904,6.7,8.417,88
42.955,2.212,7.974,55.367
357.06,3.859,7.218,44.073
98.117,6.248,6.408,93.66
345.038,0.289,6.111,81.383
195.188,4.37,6.579,10.65
207.887,5.988,6.851,86.034
234.589,9.674,6.325,15.824
183.854,8.77,6.562,18.305
50.31,2.807,6.209,8.459
154.816,5.072,7.309,48.654
331.867,0.564,6.316,64.824
332.892,2.408,7.857,75.618
143.112,7.749,6.832,3.646
230.051,1.233,7.68,18.608
96.724,2.577,8.206,62.501
105.186,9.44,6.215,53.033
11.524,8.239,8.473,6.084
448.373,7.818,7.613,93.606
105.353,8.646,6.133,76.093
113.767,7.496,6.785,36.521
139.801,1.206,8.216,54.103
63.704,5.166,7.491,38.051
319.631,4.442,6.718,46.074
37.571,3.112,8.351,60.022
67.101,8.34,7.968,40.448
322.378,4.641,7.839,62.451
169.83,0.603,8.221,47.05
353.974,2.75,7.924,66.069
278.712,2.286,6.717,26.96
128.011,8.875,7.46,17.948
325.414,6.474,8.106,2.345
58.137,5.604,6.452,60.596
268.205,5.066,6.408,98.097
218.574,6.501,6.397,42.618
133.937,7.549,6.486,22.05
302.002,5.544,6.258,2.298
435.667,9.383,8.094,51.766
499.452,9.768,8.046,99.278
303.881,9.953,6.378,98.394
202.353,6.694,7.764,11.034
112.604,9.326,7.567,81.824
128.548,4.045,6.69,18.159
239.727,8.596,6.568,81.126
183.639,9.092,6.626,85.501
456.907,9.041,7.827,1.766
184.148,8.308,6.798,24.489
186.722,4.066,6.695,6.599
191.767,1.589,6.056,50.392
418.31,3.34,8.271,3.645
325.394,7.673,7.882,62.982
307.084,2.329,7.182,56.275
167.072,4.783,8.357,38.56
408.952,5.654,6.734,46.718
19.182,6.039,7.687,99.019
435.399,9.357,6.763,17.598
256.375,6.615,6.786,73.373
199.125,7.863,8.112,64.886
248.584,5.819,7.968,66.706
333.708,8.336,6.735,35.226
6.383,2.637,6.203,22.431
435.776,2.099,6.894,65.431
223.37,9.263,7.9,91.36
171.483,6.935,6.251,97.623
69.123,6.715,7.68,48.61
219.733,4.673,8.224,43.136
248.161,3.767,6.448,35.545
201.823,5.557,8.156,81.188
339.33,1.206,6.128,26.285
210.448,4.547,7.667,51.79
480.709,4.554,7.978,35.16
299.639,5.383,7.112,87.694
403.739,6.347,6.509,28.985
54.678,9.573,8.312,68.962
198.646,6.522,6.05,59.286
168.424,8.837,7.388,33.509
284.741,5.563,6.932,26.223
430.557,6.269,7.153,80.575
39.169,0.698,7.341,51.54
36.287,1.333,7.337,61.535
425.159,5.797,6.509,96.247
106.425,3.957,7.699,40.404
334.377,7.988,6.048,81.614
271.439,5.432,6.053,64.238
416.447,8.823,7.196,59.76
62.544,9.723,7.355,6.402
64.891,1.476,6.687,91.323
278.409,3.948,7.379,23.631
473.189,6.65,7.29,47.846
207.499,3.055,6.873,75.449
163.471,2.67,7.629,52.71
303.345,8.137,8.395,1.429
465.224,9.804,7.227,94.955
418.464,7.738,7.965,3.028
497.742,5.237,6.619,9.901
11.284,4.425,7.905,23.189
56.429,5.396,7.622,60.297
304.734,4.628,7.599,97.143
410.288,5.029,8.233,92.343
142.622,2.035,6.583,65.482
119.606,9.037,6.921,74.427
393.488,7.545,6.208,71.476
28.191,6.81,7.815,69.008
184.691,9.499,8.11,81.427
252.905,2.844,7.015,34.649
280.174,0.812,6.892,22.891
364.308,8.261,7.647,35.417
177.423,9.984,6.189,5.812
306.342,5.784,6.735,96.737
292.688,0.588,6.916,74.211
273.808,7.805,7.296,22.13
320.242,0.737,7.191,26.323
129.725,5.4,6.522,99.268
42.324,2.775,7.352,77.043
59.636,9.15,8.315,43.14
112.291,4.513,6.068,21.458
250.099,8.985,7.701,5.002
420.221,2.991,7.562,67.262
350.647,3.874,8.311,78.218
394.52,9.471,7.613,11.667
175.488,2.013,7.562,1.237
202.327,5.785,7.925,36.385
196.841,3.885,6.67,67.077
95.937,7.742,7.489,92.456
30.608,1.293,7.299,88.074
295.458,4.372,7.096,69.164
494.608,6.989,6.199,81.591
83.415,4.07,6.732,36.231
23.342,0.585,6.7,25.265
389.766,7.051,7.811,13.297
126.293,5.032,8.302,18.982
414.822,0.113,6.577,96.33
351.968,6.127,6.187,93.066
472.837,9.199,8.5,5.645
204.464,1.11,7.728,47.524
330.985,5.907,8.216,37.96
232.427,7.287,6.36,65.526
315.294,0.708,8.002,33.511
224.799,0.226,8.033,28.78
94.316,4.642,6.379,81.108
253.949,7.912,6.404,94.764
264.292,1.607,6.739,21.077
405.302,8.366,6.542,24.294
367.76,6.566,8.439,42.493
331.896,3.322,6.907,70.924
56.694,5.158,7.903,17.539
360.308,9.656,8.013,47.325
250.153,2.164,6.965,84.244
447.05,4.995,7.706,24.173
459.935,6.245,6.27,5.718
27.578,1.38,6.992,90.776
410.321,0.435,8.418,78.966
18.849,0.135,6.421,70.182
183.585,3.247,6.964,9.646
271.15,0.739,7.976,90.034
74.05,8.038,7.664,31.221
373.157,9.973,7.579,21.938
4.177,0.613,8.133,49.262
84.3,4.327,6.073,92.357
290.398,0.257,7.928,99.461
357.194,1.34,8.206,61.797
458.322,3.229,6.04,95.595
352.748,3.937,7.397,45.88
335.89,9.398,6.871,3.937
197.171,3.958,6.127,28.29
0.642,4.963,7.044,30.881
60.08,2.456,7.61,78.488
267.277,0.001,8.298,13.3
337.565,8.993,7.551,18.316
208.724,0.817,8.142,61.813
365.34,9.642,6.304,13.931
260.931,1.308,6.526,50.056
37.088,6.049,8.426,4.472
96.008,9.994,8.219,67.219
419.999,1.385,6.588,90.929
362.456,4.239,7.552,87.615
447.381,7.804,6.907,8.288
58.779,0.322,7.171,59.509
495.111,6.898,8.152,11.28
104.703,0.804,7.839,6.299
5.89,2.365,6.596,61.428
498.711,1.601,6.79,57.673
140.537,9.073,6.724,10.29
334.01,1.805,7.952,36.626
88.341,0.404,7.225,32.349
290.114,5.876,8.377,34.904
452.017,3.462,8.042,33.986
160.091,4.057,6.528,82.641
335.127,1.191,7.965,36.007
93.952,7.482,7.265,33.713
312.398,6.016,6.634,3.932
168.225,3.642,6.908,79.25
105.604,1.716,8.43,66.328
156.591,5.935,7.21,34.802
89.421,7.786,7.799,45.732
450.958,3.124,7.193,79.613
198.593,0.259,6.929,35.078
122.64,2.143,7.991,47.864
224.204,6.824,8.121,2.959
160.268,9.891,6.18,91.913
372.21,0.134,6.697,37.753
485.61,3.062,7.27,30.347
219.017,0.62,6.791,61.303
430.517,3.163,7.959,53.143
282.932,4.059,6.287,40.692
78.618,9.209,7.994,92.313
345.311,0.806,7.545,36.935
256.717,7.771,6.723,99.839
325.303,3.955,6.861,79.124
444.844,8.113,6.457,90.43
220.217,5.134,6.631,28.993
450.589,0.393,7.793,7.954
375.335,9.462,6.94,42.501
244.302,0.827,7.719,32.025
301.611,5.977,7.285,7.006
162.791,8.777,6.363,8.077
491.799,0.798,7.248,18.253
333.676,5.539,7.891,38.402
21.923,8.243,6.744,93.589
163.311,9.863,7.62,66.119
311.657,7.243,6.498,40.443
28.167,2.783,6.339,80.141
11.942,6.996,6.901,57.281
225.012,7.058,6.973,42.327
166.345,7,7.903,15.292
219.149,8.543,7.15,92.777
131.347,0.874,6.203,62.765
82.359,1.084,7.585,44.487
344.572,6.406,7.173,44.39
257.286,9.539,6.829,76.739
100.077,4.658,8.006,18.766
159.795,9.606,6.386,42.337
295.904,9.381,8.283,7.238
36.115,9.029,6.835,8.912
73.727,9.099,7.152,53.103
36.623,8.983,8.323,38.7
406.159,8.199,7.903,72.232
376.205,6.95,6.186,98.686
376.656,0.244,7.446,86.083
358.163,1.323,6.776,44.748
334.693,1.342,7.271,38.408
238.496,0.235,7.857,58.922
321.139,1.167,7.24,10.073
19.181,9.197,6.178,98.778
310.732,6.638,7.325,98.118
388.939,3.121,6.06,92.372
250.179,7.934,6.871,66.558
178.757,4.884,7.195,50.809
138.713,1.421,7.612,70.962
321.401,8.845,7.266,32.125
346.401,3.387,6.38,85.371
435.484,6.989,8.331,14.327
171.167,2.906,7.626,80.544
384.886,5.001,6.792,86.881
280.678,8.163,8.415,17.846
441.418,1.568,8.206,48.378
263.906,9.773,6.359,89.274
258.815,0.702,7.639,95.97
288.939,5.34,7.4,81.325
374.658,9.16,6.482,94.15
482.345,9.457,6.584,93.763
36.782,2.321,7.409,97.992
26.717,1.44,6.803,41.926
468.775,7.244,8.087,29.407
264.938,0.42,6.244,63.661
307.452,4.852,8.285,19.696
241.212,7.964,8.101,56.145
46.829,5.603,7.847,58.349
384.045,1.88,6.656,80.837
373.612,4.87,7.787,36.817
155.852,9.213,7.097,60.581
153.12,6.172,7.584,90.424
418.921,7.215,6.781,42.753
36.179,3.363,8.09,57.601
440.553,1.885,6.101,78.95
128.331,2.556,7.729,25.715
296.492,5.332,8.072,11.234
467.997,2.802,7.616,68.498
339.061,5.42,6.48,37.677
207.215,7.078,6.712,38.779
344.767,7.344,7.287,93.079
171.99,1.647,6.824,41.38
138.629,7.504,6.012,95.414
498.342,6.727,6.102,11.531
375.395,0.12,7.919,34.955
322.36,0.589,6.209,69.601
177.645,6.462,8.32,13.474
24.58,3.837,7.107,39.317
15.528,1.461,7.895,85.323
277.091,0.444,6.314,76.415
381.016,1.594,8.316,28.928
268.69,9.575,6.085,36.289
420.393,7.276,6.105,51.003
16.713,5.277,6.136,73.397
183.376,9.415,6.259,16.036
118.535,6.191,7.217,53.238
223.636,7.256,7.971,8.263
36.188,2.827,6.712,40.384
477.066,5.89,7.864,19.908
111.628,1.435,7.935,31.595
461.154,4.045,8.271,33.817
212.947,0.332,6.373,77.242
492.762,2.166,6.339,27.251
277.029,0.749,6.305,66.713
465.416,3.878,6.898,53.794
2.674,8.43,7.224,80.618
374.119,3.779,7.154,32.835
451.525,8.316,6.643,99.471
69.86,6.565,7.555,30.282
48.063,5.095,6.846,58.375
212.286,2.369,6.915,63.59
466.839,9.222,6.264,54.279
271.193,0.542,7.481,86.025
263.728,6.889,7.638,12.185
70.563,6.212,7.895,60.129
0.395,4.41,8.26,51.127
405.07,2.403,7.915,42.304
43.787,4.307,6.589,35.276
316.925,8.728,6.589,16.135
457.308,8.368,8.288,65.347
104.326,9.414,7.975,12.653
332.636,3.078,7.956,83.1
39.349,3.871,7.799,45.325
301.878,0.187,6.668,60.936
81.966,9.429,8.119,8.703
367.977,3.294,6.357,10.246
150.616,4.042,6.875,24.354
231.696,9.078,6.866,78.194
299.715,5.266,7.4,49.097
85.637,5.662,7.159,31.775
370.819,1.762,7.15,85.097
151.32,4.987,7.384,19.999
331.186,9.182,7.039,26.689
79.142,5.587,6.625,77.896
344.059,2.551,7.66,3.677
64.094,0.312,7.977,22.811
212.678,3.363,7.197,52.612
123.603,5.726,7.624,91.589
374.188,0.426,7.338,27.322
131.018,6.098,6.147,22.097
440.859,5.234,7.058,97.517
445.91,7.834,6.025,52.927
98.221,0.289,7.655,7.188
306.923,7.808,7.27,28.373
43.859,5.209,6.317,53.833
195.769,3.705,7.355,8.126
356.661,9.654,8.246,69.563
329.712,1.601,6.851,52.726
312.35,5.413,8.456,71.262
141.27,3.21,8.398,34.832
189.012,5.275,7.963,42.577
51.473,5.523,8.034,92.885
359.511,0.894,7.026,21.858
251.944,6.611,7.006,4.912
354.383,6.345,8.386,98.239
124.472,7.695,6.915,1.734
162.219,0.907,6.242,88.936
167.108,2.973,6.382,82.771
12.871,6.501,7.776,49.275
170.524,1.367,6.957,70.829
401.652,6.776,6.498,11.403
448.649,0.59,8.034,76.603
259.109,3.349,7.222,78.592
227.751,8.467,7.419,6.083
15.412,7.743,6.385,50.227
439.602,6.448,6.482,94.867
6.505,8.705,6.315,95.163
472.375,7.093,7.286,98.467
244.608,5.194,7.939,66.01
170.967,9.797,7.831,14.97
462.109,6.949,6.653,41.876
12.195,6.014,8.129,72.967
290.712,4.089,6.264,29.1
274.466,9.024,6.285,81.204
109.66,2.957,8.123,86.275
214.444,0.092,6.611,76.591
326.132,1.967,7.77,34.868
363.566,1.095,6.023,74.406
0.358,3.19,6.234,8.156
468.427,8.259,7.523,34.187
82.263,6.515,6.456,76.795
116.79,1.69,6.071,79.687
131.737,7.888,7.167,32.559
18.91,5.042,6.826,96.071
61.526,5.127,8.006,28.055
493.175,3.621,8.047,66.341
157.608,8.646,7.536,88.017
57.651,3.183,6.733,55.589
53.496,0.941,7.154,41.837
359.73,3.027,7.756,21.929
427.284,7.154,6.173,20.448
128.476,6.576,6.831,16.733
10.455,1.88,8.056,44.859
111.545,1.118,7.015,55.244
28.258,6.609,7.562,84.066
51.697,6.764,6.241,22.517
215.754,3.661,7.943,75.766
114.959,8.428,6.251,69.717
257.973,9.782,8.154,63.817
126.747,2.056,6.267,34.595
470.269,5.771,8.227,32.481
452.972,0.053,6.909,76.135
283.403,7.131,7.561,28.179
177.212,4.143,8.116,33.642
190.573,1.933,6.026,96.554
205.926,7.522,6.664,99.848
363.79,8.106,8.271,1.17
225.819,1.112,6.97,68.99
428.365,0.41,7.766,54.015
472.047,3.341,6.35,46.557
167.973,6.26,7.696,28.29
280.347,7.934,6.183,51.208
47.528,5.461,7.793,46.201
100.235,5.807,6.81,40.73
206.733,7.999,7.165,85.132
103.101,5.288,6.416,27.794
438.28,6.112,7.57,60.15
79.143,5.162,6.844,86.557
227.83,8.805,6.958,97.921
302.85,2.355,7.63,60.672
345.932,2.64,6.447,52.484
191.535,1.28,8.13,84.211
434.55,8.195,7.848,19.656
284.16,4.118,7.444,63.372
219.754,3.479,6.321,7.354
33.62,9.813,7.718,66.342
232.345,9.268,6.045,79.785
410.368,9.72,8.011,7.238
307.271,1.423,6.759,84.994
416.081,8.913,6.293,13.213
247.006,3.287,6.411,18.408
59.231,0.127,8.408,83.804
6.82,3.913,7.935,13.346
151.61,5.092,6.595,67.712
348.995,1.082,8.409,30.187
395.13,5.377,6.35,25.588
147.876,8.195,7.834,65.365
247.827,3.777,7.642,11.569
210.559,3.526,8.054,57.888
205.261,3.388,6.954,92.528
115.674,9.231,7.005,85.289
68.186,0.488,7.561,85.26
98.344,4.451,6.996,30.989
27.666,2.646,6.103,70.427
99.065,8.938,7.824,78.231
4.6,0.961,7.602,90.239
313.629,4.114,7.059,27.149
158.188,4.068,6.757,76.325
486.572,8.884,6.802,23.995
96.859,2.155,7.853,3.751
172.914,6.449,7.823,48.702
178.921,1.344,8.047,76.823
4.226,9.54,7.905,22.223
419.604,5.93,7.895,5.811
15.997,6.263,6.629,38.005
470.09,4.338,6.254,21.085
446.037,3.423,7.904,38.827
267.761,2.127,6.247,92.162
271.798,6.04,8.455,74.646
326.889,9.546,8.188,37.921
193.525,3.598,7.334,33.18
323.611,8.832,6.88,92.198
22.384,1.488,7.317,88.996
27.024,9.361,7.836,60.805
228.615,3.505,7.891,36.401
274.811,3.797,6.184,79.441
443.909,4.628,8.012,66.71
52.33,7.182,7.604,56.902
411.324,7.197,6.101,74.117
105.024,4.796,6.783,14.312
197.042,5.232,7.277,93.085
158.301,0.3,6.471,97.319
200.078,3.043,6.388,36.09
75.248,3.46,6.036,94.733
251.785,5.587,8.279,79.787
400.821,5.583,6.14,94.162
220.767,7.099,6.915,91.828
245.307,7.17,6.514,20.889
424.384,2.352,7.853,26.743
353.029,7.702,7.768,26.799
245.227,0.196,8.016,10.335
128.848,7.162,7.542,40.371
442.463,1.021,7.479,36.9
288.51,7.296,7.018,35.052
110.574,5.271,7.591,35.546
134.56,4.373,6.288,7.145
401.567,6.907,7.711,19.412
22.073,0.364,6.26,30.295
496.046,2.235,8.154,89.009
65.176,6.164,7.264,92.726
398.034,8.472,7.326,29.236
197.388,3.811,7.462,69.722
246.108,2.588,7.94,85.212
440.325,5.187,7.196,51.111
206.456,6.223,7.069,75.799
268.747,4.201,6.721,97.611
24.65,8.767,6.32,17.059
1.174,5.234,6.476,7.971
122.4,0.358,6.001,64.362
340.292,2.231,8.174,51.34
60.632,4.506,7.912,30.364
56.881,6.977,6.547,91.742
205.48,2.198,6.006,84.737
323.919,9.763,7.23,27.176
356.036,3.186,7.031,77.645
89.225,5.325,7.94,83.012
39.794,0.19,7.007,33.208
470.199,8.849,8.16,10.816
130.333,7.888,6.24,85.191
426.673,1.955,6.915,10.582
431.746,9.332,8.335,48.382
386.261,3.158,6.029,20.242
84.417,6.922,6.977,92.819
410.901,8.19,6.649,11.605
384.625,7.409,7.33,12.573
298.361,9.176,6.697,70.471
168.601,8.643,8.175,21.35
131.254,9.946,8.343,14.104
60.945,1.826,8.123,17.651
254.879,3.048,6.996,59.994
292.63,6.362,8.475,23.04
179.669,7.33,7.838,38.347
237.68,5.346,6.889,85.124
181.757,0.739,6.234,18.392
320.503,8.416,7.668,82.801
450.63,9.609,7.821,77.765
81.96,4.055,6.306,83.286
190.704,2.248,7.374,35.355
70.434,0.193,8.468,47.764
312.472,2.373,6.816,70.994
364.435,6.999,6.755,4.705
465.956,9.116,8.258,66.712
139.436,0.935,6.294,12.889
475.106,5.533,8.334,29.519
31.631,6.955,7.949,81.169
301.507,2.764,6.977,63.903
28.566,5.699,6.209,62.564
446.887,7.152,6.048,23.464
264.905,8.377,6.94,67.12
334.674,4.525,7.763,14.038
415.787,7.479,7.219,96.515
75.155,3.018,7.847,26.017
19.296,2.13,7.676,82.848
439.441,1.873,7.432,92.095
157.467,3.589,8.419,18.007
64.489,0.359,7.821,1.965
234.231,2.83,8.287,87.555
299.153,6.522,6.605,76.635
15.485,6.479,7.784,16.273
137.448,0.736,7.495,83.207
16.4,2.874,8.311,81.237
210.168,5.696,7.276,46.666
447.55,3.186,6.699,94.736
491.326,4.18,6.962,58.629
318.524,7.128,6.547,44.845
80.819,0.093,6.55,2.31
452.925,2.764,7.176,95.325
258.124,1.424,8.231,13.708
76.875,1.276,6.48,30.323
460.863,9.59,6.72,73.214
378.735,3.766,8.132,1.529
365.853,5.271,6.848,54.716
354.59,7.338,8.406,16.732
100.17,0.474,6.672,3.231
105.503,2.41,7.105,64.525
344.146,8.321,6.239,60.695
109.861,8.62,8.48,73.695
219.336,3.73,8.225,62.204
391.001,3.749,8.044,44.757
391.976,7.569,6.393,48.383
226.631,2.951,8.423,22.792
396.095,1.171,8.323,9.289
419.311,2.575,7.089,86.224
327.388,3.873,7.704,69.44
114.213,0.522,8.481,13.169
137.006,4.787,7.024,27.159
157.421,7.4,6.283,86.46
58.402,5.137,8.169,96.023
136.58,0.719,7.191,79.323
104.76,4.401,8.467,57.426
227.664,7.089,7.377,87.046
454.219,0.581,6.074,63.054
52.24,0.598,7.229,70.242
360.134,3.706,7.795,82.868
343.642,1.95,6.065,36.044
47.877,9.348,7.034,78.669
461.286,5.813,6.389,21.488
284.236,2.873,7.608,20.231
181.863,7.048,8.393,81.323
378.269,3.749,7.561,56.816
128.683,1.321,7.737,41.976
346.755,2.372,6.991,52.822
19.856,6.427,7.408,97.814
419.704,0.519,7.36,89.523
224.085,2.727,7.899,51.25
318.346,2.083,8.142,55.172
110.619,2.011,7.657,61.809
338.537,6.828,8.45,79.292
386.12,8.258,8.071,87.507
236.607,7.159,6.312,15.506
308.863,6.457,7.269,63.191
228.163,9.165,8.258,23.492
447.046,0.584,8.36,62.556
248.935,1.675,6.951,17.959
420.904,4.144,7.814,80.989
400.676,3.725,7.026,66.432
205.252,4.181,6.309,86.734
115.042,2.065,8.212,94.499
203.041,1.495,8.33,93.459
413.109,5.092,7.262,15.371
113.816,9.281,6.046,38.305
262.218,3.92,8.04,48.826
403.048,0.434,7.192,79.106
176.739,7.062,6.188,2.467
321.105,2.911,6.473,92.619
122.816,2.451,6.38,41.316
54.64,3.243,7.716,63.48
397.192,7.238,6.749,98.081
49.484,8.188,6.319,88.383
135.691,5.881,8.294,36.856
427.555,3.225,8.391,48.967
173.235,3.105,6.346,77.224
486.523,1.243,6.576,74.612
489.867,9.333,7.48,70.775
134.138,6.381,6.376,2.059
20.489,0.27,6.396,20.703
352.532,6.624,6.841,22.946
225.493,4.472,8.373,25.811
50.376,9.726,8.406,10.522
353.761,8.191,8.104,80.854
15.587,1.713,7.739,34.788
435.098,7.201,7.802,77.783
69.326,4.856,7.174,93.221
63.656,1.87,7.325,31.989
87.836,6.987,7.586,45.923
480.133,5.474,7.828,9.664
346.585,0.304,6.242,30.189
400.686,6.466,6.562,55.078
198.817,6.35,8.407,18.839
168.156,1.441,6.838,54.163
117.242,3.49,6.671,31.975
240.324,5.859,7.055,99.015
275.914,1.388,6.727,38.195
315.887,8.527,6.228,4.867
128.559,0.275,6.52,47.822
474.327,1.028,7.6,34.068
84.879,1.161,6.558,37.633
482.827,5.281,7.619,37.683
7.428,6.201,6.25,88.236
240.563,4.037,6.105,50.328
166.684,2.887,8.154,26.031
224.562,8.093,7.9,79.458
285.332,0.683,7.665,44.901
217.795,2.803,6.077,15.39
207.423,0.391,6.598,99.851
366.362,0.139,8.031,3.708
342.938,3.534,6.362,71.214
416.636,1.948,8.032,84.908
124.979,2.684,7.461,36.028
304.764,8.209,7.851,16.577
292.597,1.63,7.611,44.219
184.869,7.802,7.042,48.765
243.029,6.751,6.73,99.971
156.891,3.264,7.682,2.927
70.922,5.466,8.017,65.933
106.901,4.444,6.112,80.64
52.757,1.284,6.95,62.173
341.535,9.072,6.877,63.363
330.364,5.696,7.399,87.656
475.303,8.802,6.285,56.952
364.839,8.238,8.334,88.277
26.023,0.798,7.371,21.808
442.123,2.073,8.309,52.096
431.338,1.453,8.042,4.326
221.66,8.308,6.479,80.545
292.932,8.624,6.331,77.951
488.039,5.28,8.153,54.365
266.152,1.042,7.34,40.186
452.661,1.356,6.049,37.641
41.519,8.135,8.336,20.91
95.526,9.292,7.183,43.361
220.377,1.995,6.752,31.087
292.378,0.111,7.291,58.189
408.114,3.31,8.057,78.862
494.131,0.305,6.276,69.72
194.426,8.28,6.897,51.882
23.708,4.915,6.797,94.912
400.586,6.419,8.099,20.535
302.19,4.115,7.946,64.357
99.271,3.455,7,9.716
247.414,2.222,7.661,67.628
371.155,7.705,6.986,72.808
385.206,6.955,7.428,78.479
249.809,3.607,8.478,66.712
152.607,3.211,7.339,13.14
486.871,0.012,8.471,5.385
331.681,0.636,7.868,71.712
204.119,6.233,6.302,80.025
140.232,5.146,7.99,4.231
365.551,4.348,6.403,15.843
121.092,8.275,7.331,79.238
85.855,5.039,7.533,96.815
264.917,3.845,8.231,52.533
144.994,1.613,6.526,16.178
314.453,8.207,8.19,32.805
58.969,5.762,8.336,78.361
327.471,0.925,6.224,54.779
141.648,6.489,8.213,6.722
0.121,4.251,6.648,31.534
63.468,8.114,6.203,75.526
466.808,9.189,8.396,33.252
433.677,6.005,6.981,43.8
116.805,7.316,7.557,90.6
389.186,0.566,7.382,98.48
304.286,5.603,6.533,75.963
485.452,7.553,7.674,24.772
186.803,4.968,6.115,25.071
340.73,5.936,6.508,31.122
31.768,8.989,8.362,16.895
198.124,1.981,8.384,18.704
481.909,0.982,7.207,26.343
269.49,6.906,6.423,66.329
143.94,8.228,7.054,61.634
60.135,8.505,8.193,34.749
351.764,6.416,6.176,20.47
322.428,8.332,6.32,62.778
186.969,7.007,8.239,13.956
475.471,0.874,7.038,15.478
11.101,7.62,6.209,38.953
151.862,1.794,6.348,57.17
460.535,2.366,8.206,73.101
160.468,3.947,7.225,69.011
126.126,3.146,6.407,38.467
267.11,3.217,8.235,65.811
411.901,1.693,8.113,21.923
51.573,2.939,6.058,49.881
471.51,0.197,7.452,61.913
397.536,4.729,6.611,74.696
90.625,7.686,7.333,8.879
356.004,8.622,6.698,11.013
192.479,8.204,6.79,8.311
201.147,4.165,7.505,55.1
391.645,7.304,7.347,57.435
481.392,2.879,6.988,2.091
63.328,0.556,6.269,66.013
210.315,6.76,8.424,76.569
240.471,6.488,6.437,12.544
188.156,8.016,7.583,34.395
181.595,6.161,6.207,85.147
26.134,1.569,7.721,69.033
342.769,8.532,6.237,31.16
218.107,6.273,6.574,74.482
97.397,8.076,7.617,88.839
408.017,7.741,6.707,31.623
401.28,2.979,7.332,68.744
243.196,0.746,6.311,10.249
149.225,1.765,6.506,6.81
319.046,0.929,7.834,59.039
144.076,2.434,6.088,49.75
118.004,4.595,6.28,81.199
365.257,9.068,6.537,78.248
20.163,8.72,6.05,29.383
47.384,7.186,6.238,51.714
3.394,0.241,6.703,75.822
76.472,3.414,6.232,27.824
34.495,6.823,8.165,36.834
497.901,1.29,6.165,6.926
144.405,8.011,8.152,13.918
74.634,9.146,8.057,61.412
120.498,3.541,6.252,50.178
468.063,7.058,6.063,17.69
260.08,1.482,6.125,1.721
182.409,6.908,7.476,17.734
436.696,0.215,7.676,75.214
197.495,1.508,7.552,10.275
167.504,7.099,7.354,40.842
103.641,7.119,6.437,24.64
188.898,6.412,8.102,55.39
158.342,4.774,6.819,51.644
338.652,6.749,8.465,98.312
144.791,7.738,6.962,77.515
288.6,9.665,6.658,93.895
32.946,8.886,8.236,58.218
95.645,7.945,7.419,74.04
203.703,6.948,7.805,89.613
468.475,5.742,7.021,5.066
188.626,1.206,8.217,91.63
332.037,1.656,8.294,21.965
127.544,8.203,7.092,70.797
63.517,8.033,6.602,77.561
29.268,6.145,7.619,11.823
152.707,4.388,8.386,95.357
78.831,0.26,7.556,92.729
87.005,3.272,8.386,65.801
380.38,4.206,6.86,16.378
7.919,4.858,8.288,57.039
278.905,9.293,6.281,35.07
189.731,1.087,6.897,93.146
253.275,5.189,7.236,41.259
281.415,3.679,7.633,69.681
156.684,9.901,6.735,64.064
147.554,8.619,8.311,27.831
366.701,4.388,8.259,54.014
435.638,9.997,7.998,41.588
96.291,5.141,6.286,38.088
48.809,1.671,6.196,86.537
448.898,5.559,7.245,14.836
174.948,2.262,7.913,41.629
275.659,6.363,6.308,1.668
179.772,9.374,7.604,26.927
62.901,7.862,7.32,62.553
294.666,2.732,7.815,9.665
262.57,2.969,7.088,27.847
101.497,0.693,7.733,88.143
225.935,2.859,6.399,69.492
398.474,0.926,6.536,7.959
295.213,4.994,8.258,99.246
48.459,7.083,6.823,94.569
274.011,7.512,8.464,15.027
351.369,0.595,6.116,92.265
396.352,3.4,7.24,55.444
314.559,2.882,6.812,93.009
76.329,1.043,8.49,96.837
355.087,3.625,8.475,69.663
338.671,2.993,6.588,29.838
12.213,6.345,6.668,92.541
205.874,8.833,7.874,57.774
166.475,4.548,8.224,34.813
334.706,7.467,7.659,46.544
108.068,1.46,8.162,41.214
295.436,8.95,6.158,93.594
456.603,1.526,7.601,82.163
398.901,1.921,7.75,4.106
460.729,1.065,6.476,1.976
489.253,3.097,7.945,7.868
5.335,5.524,8.361,61.428
311.371,9.88,8.245,81.633
206.42,7.934,6.612,51.98
429.927,3.804,6.81,53.937
125.907,5.758,7.249,24.802
490.515,6.233,6.396,46.47
306.854,8.227,8.385,26.428
396.769,7.365,6.404,28.127
42.8,5.693,7.904,39.725
91.729,6.692,6.854,5.707
379.202,7.459,7.434,95.541
10.993,1.331,6.118,91.512
408.439,2.005,6.513,79.83
6.975,6.886,7.111,57.283
328.559,8.504,7.693,81.49
182.547,4.093,7.944,97.44
305.747,9.799,6.075,29.075
348.016,2.161,6.381,37.063
171.238,4.167,7.824,73.176
53.981,3.785,8.033,64.644
34.823,9.303,6.591,82.657
294.468,2.854,6.574,35.351
260.328,4.708,6.22,31.745
371.101,1.872,6.376,58.956
254.868,5.213,6.02,15.44
211.223,8.574,7.475,4.918
199.044,3.04,8.26,25.169
13.223,8.108,6.374,16.674
167.779,9.113,7.879,1.661
488.01,0.73,7.434,78.023
436.778,7.564,8.35,54.778
164.689,2.553,7.995,67.226
293.898,1.753,8.132,17.142
423.648,6.011,7.598,26.413
220.637,7.056,8.028,6.951
8.979,3.948,6.877,99.75
37.255,0.392,6.523,11.206
255.196,9.087,8.281,9.946
484.72,7.307,7.836,61.803
346.605,2.717,6.227,33.856
35.458,4.969,8.167,88.87
94.68,0.278,6.872,83.32
385.662,3.393,6.746,86.947
420.72,5.225,7.558,73.778
308.847,5.172,7.421,14.047
322.212,2.082,7.346,7.298
14.169,7.767,6.637,7.398
414.265,2.989,8.399,80.376
394.138,5.804,8.375,66.055
129.518,2.715,6.01,98.117
354.338,4.252,6.845,64.707
107.427,2.075,6.114,25.677
20.165,6.33,8.126,9.862
100.568,4.256,8.216,37.194
89.314,0.161,7.296,20.77
168.874,0.282,8.099,63.211
209.225,4.711,7.758,10.5
254.269,1.832,7.249,77.479
238.377,5.85,6.91,69.959
135.337,4.082,6.666,73.899
14.585,6.544,6.649,96.582
302.551,9.524,7.405,65.405
197.872,5.287,6.417,79.067
149.336,7.874,6.437,9.445
433.471,7.53,6.026,94.366
373.372,9.218,7.533,22.639
428.883,2.14,8.486,49.812
247.491,8.273,8.223,95.752
65.466,9.055,7.764,18.757
348.111,3.928,7.964,4.515
103.037,3.138,7.042,30.409
220.615,9.52,6.745,16.481
32.5,6.276,6.922,67.135
412.654,3.807,6.204,28.559
62.97,7.918,7.584,7.221
451.549,3.045,6.437,89.409
432.115,1.764,7.907,5.898
232.291,5.44,6.475,27.856
372.184,5.662,6.57,24.789
309.723,8.257,8.393,3.327
401.538,4.57,6.263,17.358
215.903,8.146,7.247,81.67
392.904,3.113,6.157,4.715
231.228,5.754,6.226,3.3
470.483,2.085,7.584,63.768
243.186,3.854,7.577,9.803
231.31,8.575,6.483,37.786
392.536,2.16,8.181,1.212
410.789,8.102,7.755,36.876
277.245,2.829,6.752,32.486
89.899,0.345,6.621,61.657
233.879,1.099,7.886,50.41
484.036,7.459,7.834,68.174
376.493,2.621,6.372,93.65
405.581,6.541,6.873,79.722
16.413,6.992,6.542,93.422
233.93,3.451,6.735,6.368
323.311,4.749,6.719,99.044
415.016,4.038,8.44,32.884
24.637,9.473,7.876,28.395
426.219,3.199,7.95,40.949
274.2,1.833,6.694,78.547
98.657,3.656,6.001,95.474
158.628,6.695,6.145,55.869
140.965,6.974,7.382,16.284
265.43,9.241,6.714,22.191
25.843,8.818,6.482,41.132
79.268,2.883,6.124,37.21
406.347,4.552,8.19,24.589
66.302,7.473,7.5,85.173
116.698,9.165,6.268,28.731
226.685,3.372,7.916,59.683
258.56,4.444,7.89,48.451
381.805,8.995,6.724,92.423
223.666,3.585,6.471,63.263
394.932,4.805,8.035,33.877
309.173,9.045,6.824,64.23
56.55,8.022,8.119,32.572
78.166,2.434,6.109,9.996
218.517,3.248,7.248,49.035
198.445,3.53,6.449,86.16
371.772,9.127,7.68,91.009
290.369,9.989,8.493,54.83
194.067,7.74,7.031,70.253
85.38,4.843,6.251,61.458
113.419,0.102,6.794,81.272
287.751,6.975,8.229,11.219
211.719,3.894,7.914,40.736
257.464,6.33,6.581,26.055
85.339,6.067,8.384,1.651
331.453,4.808,7.555,83.162
426.269,9.444,6.42,14.284
128.97,0.231,7.431,33.014
245.757,7.121,7.128,86.821
487.764,4.098,8.049,72.41
166.621,7.138,6.86,57.204
297.523,6.752,8.187,31.716
45.098,0.102,8.03,52.017
303.008,2.853,7.687,6.568
44.816,1.891,6.647,73.002
479.618,1.67,8.426,24.494
357.831,7.285,7.372,48.441
394.08,2.396,8.269,10.353
352.052,4.747,6.539,71.368
294.865,2.47,8.458,89.687
224.956,5.802,8.04,46.138
429.187,7.206,8.373,9.239
478.418,3.311,6.531,94.562
249.518,6.03,7.077,45.258
465.768,8.249,6.244,8.954
291.666,0.942,6.342,19.654
269.192,7.107,6.71,12.865
227.241,3.231,8.379,20.555
104.644,1.226,7.668,16.423
1.86,5.457,6.787,92.365
120.753,2.263,8.386,21.698
254.862,8.214,7.849,44.755
189.98,0.429,8.267,73.258
224.243,0.987,8.318,68.02
490.324,5.21,7.877,95.69
175.136,5.889,6.608,96.637
226.091,7.299,8.491,57.499
66.758,2.593,6.813,75.478
23.979,8.418,7.679,39.218
387.705,9.531,8.112,43.496
285.342,4.99,6.438,11.333
380.352,7.605,7.523,67.669
74.931,5.248,6.938,27.79
285.914,0.695,6.611,8.906
126.821,3.261,6.029,10.725
114.031,0.875,8.18,72.515
5.763,9.889,6.34,23.664
65.17,2.29,8.195,77.229
154.634,6.359,7.502,90.686
58.439,2.843,7.553,34.744
492.929,6.532,8.072,79.594
154.316,2.104,7.274,43.446
65.162,7.853,6.893,77.449
99.541,1.108,6.347,31.366
293.852,8.952,7.426,93.217
32.022,8.404,7.383,98.733
431.217,6.788,6.735,39.229
480.75,0.674,7.5,20.694
123.374,2.086,7.098,68.848
225.048,8.594,8.014,58.776
11.067,1.22,7.399,99.155
320.355,1.559,8.334,81.348
206.963,5.44,7.295,83.675
135.029,2.742,8.219,72.922
103.419,2.221,7.301,35.728
327.012,5.758,7.395,93.648
208.109,3.726,6.917,47.101
89.83,1.406,7,40.545
344.555,5.349,8.333,20.229
282.536,3.87,6.558,31.092
429.336,7.345,6.304,1.223
58.738,1.028,8.076,66.331
392.833,6.206,7.442,60.941
336.758,4.365,6.712,40.9
57.505,4.061,7.081,96.744
347.41,2.323,7.312,69.618
220.774,0.304,7.48,25.029
472.492,8.477,8.053,38.491
70.806,3.264,6.986,52.064
321.417,6.811,7.691,54.99
190.99,9.476,8.087,28.288
478.407,5.65,8.109,25.695
164.987,3.971,6.636,30.643
481.093,2.683,6.875,96.372
450.743,9.34,7.487,36.593
135.192,6.821,8.214,38.04
401.771,6.653,7.976,72.304
497.802,4.262,7.46,17.113
126.332,8.45,8.459,64.673
218.389,7.137,7.097,66.947
260.09,2.832,8.106,7.387
147.466,5.996,8.046,19.805
7.632,4.302,8.27,47.183
110.065,0.066,8.469,83.706
140.968,8.076,7.239,73.502
221.8,1.228,6.489,87.472
85.551,5.1,7.152,85.25
436.627,3.362,8.135,51.639
352.456,3.421,8.09,62.606
42.6,4.774,6.84,92.159
325.046,9.97,6.118,74.366
326.828,4.084,7.275,36.43
478.111,1.823,7.185,35.686
1.51,6.136,6.214,37.296
123.966,2.363,7.987,50.025
463.896,1.055,6.709,36.886
466.067,0.502,7.614,19.563
360.293,0.229,6.254,59.897
382.882,4.312,8.152,87.052
45.741,4.267,7.848,49.762
256.938,1.855,6.971,22.696
115.791,7.84,7.574,81.492
90.609,1.293,6.469,75.819
405.152,9.153,8.464,70.322
67.519,5.876,7.99,67.798
234.326,0.276,7.972,78.445
469.289,9.63,6.383,83.196
92.916,3.079,6.044,89.922
488.997,4.5,7.463,61.383
497.144,2.843,6.36,39.966
277.809,7.284,7.951,9.9
85.071,4.857,7.04,72.519
158.052,1.324,6.846,14.98
212.246,1.042,6.184,86.983
154.662,7.254,8.49,41.182
140.318,2.371,8.39,87.738
486.115,1.378,6.329,52.329
76.682,4.994,6.832,45.895
366.664,8.028,6.977,36.993
0.205,2.788,6.742,7.073
298.091,2.764,8.336,2.141
457.972,8.339,7.803,51.36
143.967,1.478,8.39,90.21
92.763,6.167,8.186,59.025
325.84,9.55,7.886,86.375
356.301,8.413,7.742,99.976
344.015,0.618,8.165,18.683
159.658,3.199,7.71,66.298
126.101,1.424,6.472,42.274
477.959,9.492,7.62,21.672
461.65,9.859,7.288,24.849
228.658,2.35,8.455,25.221
423.097,6.697,7.275,73.236
226.162,8.416,6.096,36.145
212.195,2.337,6.66,26.318
78.381,1.877,8.293,88.71
213.203,0.112,8.406,4.4
268.708,4.12,7.821,73.826
11.252,8.994,6.142,96.095
222.057,9.03,6.059,62.939
390.678,1.277,7.199,55.268
340.023,2.044,8.499,7.083
317.578,4.08,8.173,50.793
454.778,7.806,8.333,36.779
9.016,6.119,7.559,78.032
278.524,5.138,8.148,81.366
393.674,5.919,6.799,17.593
270.668,0.962,6.068,52.702
161.948,4.777,8.296,86.134
68.125,9.921,6.546,62.828
443.782,0.884,7.821,48.616
235.381,5.192,7.647,89.908
439.058,2.956,6.395,96.682
292.926,5.399,6.489,24.292
337.096,5.738,6.823,19.097
402.131,5.775,7.892,86.618
329.578,8.522,6.098,25.052
199.027,3.897,7.018,84.936
256.817,5.164,7.663,30.818
401.523,0.109,6.429,2.899
186.825,7.896,6.299,42.772
194.061,2.595,6.976,4.996
47.845,8.166,6.716,21.591
457.292,2.656,7.623,48.457
45.518,0.108,8.424,4.811
324.105,1.548,6.011,4.288
206.597,9.857,8.256,16.36
202.81,3.198,7.083,46.813
339.776,1.088,7.66,97.428
33.547,1.188,8.128,10.248
296.853,3.103,7.434,62.574
386.016,0.376,6.243,50.21
414.106,5.115,6.351,6.955
85.265,2.137,7.973,4.38
448.71,5.193,6.573,22.962
328.073,1.408,7.423,68.79
440.927,4.299,7.07,96.276
242.64,5.979,6.759,56.052
271.017,0.62,7.967,5.531
459.519,3.987,7.828,26.54
449.955,3.025,7.615,94.29
224.08,2.404,6.932,2.24
137.206,6.045,6.566,60.623
196.585,5.885,7.29,18.713
193.882,6.307,8.043,7.555
143.433,1.589,7.439,26.189
134.29,2.857,8.425,93.762
430.531,2.097,6.039,76.414
34.931,5.405,8.496,17.951
338.806,4.611,7.729,7.505
86.41,3.303,8.082,49.821
172.253,7.86,6.837,6.213
30.772,0.94,7.271,41.002
134.987,9.749,7.992,80.225
384.211,1.165,7.902,50.566
442.508,7.731,6.835,89.787
110.764,3.682,6.811,79.334
231.774,8.653,7.657,55.972
235.162,0.742,8.334,79.25
436.788,3.747,7.097,10.392
381.4,3.354,6.882,20.935
256.539,9.932,8.237,70.342
335.374,9.855,7.708,1.566
423.678,1.898,6.971,1.463
4.769,6.299,6.143,38.654
201.445,5.355,7.804,86.841
453.622,1.544,6.882,98.104
370.157,1.678,6.176,65.334
271.421,9.893,7.531,95.077
264.822,4.527,6.808,84.92
173.885,1.258,6.846,20.947
260.26,2.148,7.198,40.992
327.692,2.683,7.794,62.753
209.182,5.109,6.691,15.98
357.077,3.355,6.202,31.997
430.616,4.55,7.061,75.882
77.342,1.665,6.137,35.121
225.774,3.267,7.743,92.667
204.01,0.703,8.398,41.271
343.732,8.897,7.647,22.756
124.934,1.988,6.688,21.802
320.125,7.569,6.454,69.034
438.745,3.496,6.582,37.447
209.066,4.744,6.554,24.488
455.508,2.913,6.785,69.693
496.582,6.964,6.243,42.718
53.046,8.445,8.239,84.753
116.527,2.863,8.213,55.349
475.19,2.422,7.538,97.245
479.164,6.814,6.155,38.071
48.854,1.952,8.01,28.928
7.499,6.398,6.154,64.811
80.55,0.944,6.266,71.128
498.006,6.201,6.813,2.68
90,5.134,7.079,67.269
251.274,1.139,6.885,18.921
424.209,6.491,6.413,95.927
10.201,4.466,6.28,58.025
302.244,2.171,8.149,13.537
138.513,3.534,6.908,6.219
431.167,4.921,6.546,88.081
141.731,0.916,7.217,85.212
343.378,9.576,6.092,43.975
337.11,6.656,7.501,9.662
110.747,1.025,6.621,39.608
17.4,8.229,7.495,76.292
204.625,3.226,7.535,66.488
144.597,5.968,8.023,86.651
404.489,2.771,6.575,75.368
400.182,7.334,7.159,33.683
228.512,7.23,8.405,34.772
303.256,5.52,7.818,65.128
302.13,2.409,8.438,31.707
413.579,2.537,8.318,86.898
212.501,3.829,7.527,33.442
137.723,1.45,6.66,49.404
132.517,3.377,7.892,5.28
268.096,6.844,7.745,12.691
224.574,8.308,7.472,14.058
220.06,3.326,7.745,35.069
45.569,2.336,7.534,12.546
359.302,8.326,7.298,46.254
106.868,8.907,7.04,27.646
98.477,4.1,6.112,27.973
206.379,0.269,8.164,45.105
113.889,6.95,8.164,85.53
291.929,7.84,7.485,76.411
185.732,0.18,6.67,88.489
224.456,5.95,6.07,99.027
268.585,5.884,6.004,2.099
101.768,3.787,6.182,69.558
77.876,7.498,6.9,12.863
440.211,4.282,6.471,93.746
216.862,6.768,6.663,23.458
206.047,5.171,7.749,35.646
17.806,2.485,8.398,97.926
248.988,6.065,6.517,86.852
277.085,7.369,7.164,5.674
279.42,9.739,8.479,5.64
353.516,3.801,8.329,82.065
88.741,0.645,6.881,7.967
126.112,9.88,6.799,85.322
405.365,6.238,6.605,92.537
473.585,9.465,6.389,3.36
67.966,1.038,7.15,22.781
248.825,3.42,6.853,3.296
107.088,1.339,7.862,8.21
30.037,8.355,6.592,53.873
162.752,8.803,7.841,73.286
71.844,5.013,6.72,48.468
354.967,1.866,7.482,39.209
266.863,1.271,7.596,21.465
71.917,5.882,7.679,24.421
4.621,5.064,6.438,58.657
404.079,6.948,6.707,85.721
88.097,3.052,6.615,41.052
303.108,4.024,7.44,94.023
168.461,0.214,6.189,6.16
292.743,6.101,7.296,83.092
157.827,4.231,6.219,34.529
43.47,9.198,6.843,87.008
111.475,6.418,7.717,92.022
94.029,3.987,7.031,70.34
214.01,2.636,6.701,36.15
329.142,9.053,7.54,46.237
131.903,0.163,7.851,55.626
6.035,3.269,6.636,46.746
259.469,9.435,6.748,79.324
302.88,6.54,7.601,77.381
481.435,5.327,8.413,2.253
294.735,2.035,6.535,16.015
235.586,8.334,7.636,36.991
286.701,2.042,8.266,67.57
463.95,2.483,7.155,23.74
414.189,1.919,6.792,32.956
161.489,1.581,7.667,46.746
118.627,9.533,6.079,59.366
131.317,6.02,6.9,90.278
252.211,6.378,6.645,80.659
372.025,9.543,6.562,36.563
251.61,2.306,6.449,77.03
33.898,0.059,7.843,83.433
361.79,5.989,8.388,52.711
402.985,5.078,6.962,30.308
144.749,4.777,6.123,94.364
332.063,0.619,7.797,96.263
213.296,4.544,7.346,23.235
444.56,2.876,7.809,78.722
422.613,2.746,7.62,5.134
262.716,2.224,8.264,1.236
345.753,3.325,6.351,35.806
441.675,3.531,6.423,46.791
247.859,3.088,6.854,55.087
156.625,9.788,7.228,38.448
376.833,9.327,8.314,13.751
110.033,5.745,8.267,35.134
194.266,9.811,8.18,82.361
432.864,9.912,6.556,34.235
362.211,3.559,7.824,59.638
201.906,4.452,6.959,68.407
107.372,9.591,8.328,73.511
177.984,6.086,6.536,49.311
142.052,2.129,6.353,13.446
88.045,6.894,8.106,90.15
371.666,2.057,7.792,26.771
126.035,3.394,8.054,34.557
227.084,2.276,6.395,77.604
192.93,2.45,8.212,76.589
491.039,0.047,7.694,89.742
195.546,8.807,7.629,4.341
39.991,2.96,7.456,87.577
44.913,0.864,7.912,79.43
295.377,0.87,7.039,52.984
299.682,5.56,6.332,16.789
209.379,9.929,7.348,54.954
215.922,1.45,7.87,20.2
26.966,0.996,6.384,96.531
258.273,4.383,6.56,71.172
252.37,5.633,7.741,60.027
74.775,2.944,6.674,81.523
51.92,3.025,6.425,53.712
61.786,4.245,8.223,6.966
50.514,3.141,6.402,26.644
304.854,9.153,6.86,98.187
98.241,0.42,7.071,85.23
125.715,2.346,7.19,92.817
86.786,8.086,6.903,10.685
478.918,8.34,8.281,25.552
427.309,1.116,7.647,7.261
115.247,9.738,6.899,82.394
163.783,6.934,6.894,18.216
104.946,2.726,7.257,41.595
245.938,4.56,6.084,27.681
9.805,2.971,8.317,93.105
335.684,1.5,6.558,61.23
261.579,2.912,7.744,80.151
449.319,5.801,7.944,60.612
82.196,8.26,8.068,61.643
402.055,3.635,6.414,38.908
395.981,3.479,7.342,24.661
63.591,4.68,6.209,35.49
199.28,6.446,8.012,30.191
85.076,7.516,7.216,69.431
127.36,3.268,6.396,42.834
131.623,5.864,7.797,55.466
278.118,3.894,6.828,77.323
205.705,7.164,6.286,27.389
473.866,1.647,7.153,42.941
63.185,2.569,6.588,52.429
486.846,4.261,8.376,6.327
115.319,8.894,6.903,16.066
386.437,5.733,7.431,7.288
169.485,9.654,8.371,75.473
71.541,1.033,6.984,30.691
428.945,4.602,6.895,42.837
154.43,4.191,6.406,67.56
329.428,6.002,8.346,96.68
283.222,8.12,8.002,81.294
235.878,8.414,6.553,6.722
247.91,6.702,6.832,31.268
366.119,6.415,8.287,5.859
43.886,9.49,7.343,7.105
334.09,3.837,7.391,13.618
447.906,8.328,7.62,32.787
28.894,9.215,7.905,23.918
70.327,4.915,8.348,35.865
358.316,7.291,8.006,82.379
218.641,3.77,8.336,79.971
201.774,1.589,8.052,35.723
68.483,5.865,6.116,66.322
253.385,1.965,6.294,37.894
63.273,4.576,8.212,39.21
238.31,8.729,6.069,67.897
381.808,0.86,7.985,39.048
129.132,0.304,8.125,55.377
240.393,6.065,7.039,12.407
496.008,3.311,6.887,54.343
343.325,4.179,6.486,74.458
420.678,4.057,6.122,88.949
207.424,0.866,7.863,15.579
383.93,0.036,6.184,41.66
20.255,8.984,8.362,49.132
61.456,2.178,6.742,90.576
101.535,4.261,7.986,26.483
200.976,9.719,6.149,17.401
422.872,8.268,7.341,15.008
173.133,1.079,6.873,16.333
327.311,5.085,6.075,87.083
354.657,7.301,7.639,62.361
293.091,6.984,8.358,42.652
178.621,7.608,6.027,86.807
288.527,4.575,6.676,30.505
171.133,1.759,7.759,92.858
41.937,4.649,8.178,76.127
496.402,6.479,6.477,3.037
63.591,6.086,6.177,46.801
36.174,0.705,6.022,84.404
439.265,0.65,6.538,40.218
150.917,9.653,6.178,98.727
325.148,1.518,6.898,84.812
164.503,2.945,7.1,75.552
195.727,7.676,7.2,14.415
131.056,4.097,6.356,11.679
171.522,1.815,7.16,64.478
205.35,4.672,6.023,66.481
360.208,5.689,6.599,15.604
255.768,4.528,6.923,85.543
471.783,9.189,6.296,87.499
20.94,2.847,8.035,42.243
251.534,6.613,6.503,61.165
292.112,1.123,7.887,51.563
460.098,3.923,7.185,4.531
24.579,7.41,7.199,9.951
286.75,2.248,7.613,78.198
426.815,5.898,6.111,49.343
120.964,1.534,6.197,61.479
438.146,1.027,6.817,61.674
9.522,5.232,7.042,38.582
366.227,6.75,7.075,3.912
466.557,1.134,7.692,78.904
328.599,9.178,6.002,47.376
219.515,2.258,8.398,14.752
22.441,1.2,6.436,3.086
460.057,2.027,6.622,2.735
235.148,1.696,8.264,4.301
14.498,0.907,6.014,16.347
344.911,7.978,8.478,23.915
240.919,4.955,6.09,25.467
62.173,3.885,6.301,63.581
107.136,9.506,6.6,24.915
32.245,3.71,7.097,67.722
287.147,1.67,7.296,82.511
311.015,2.74,6.262,39.094
252.871,2.39,6.184,72.117
408.551,4.987,6.08,11.309
430.504,2.915,6.642,33.465
307.812,5.161,8.304,68.581
6.378,6.693,6.975,93.247
347.615,7.773,7.91,61.94
209,7.102,6.475,37.02
282.779,2.056,6.162,32.055
324.54,1.159,7.386,39.763
175.118,5.425,8.055,65.637
458.549,1.989,8.246,33.372
66.987,0.849,7.366,47.53
335.756,5.271,6.735,76.141
2.18,3.268,6.274,24.54
462.326,7.561,7.67,71.934
56.252,3.142,6.701,76.384
47.442,9.787,8.11,86.504
166.504,7.585,7.513,3.363
186.783,0.577,8.147,12.262
107.15,5.089,7.417,95.529
292.561,5.626,7.929,13.452
221.457,6.953,6.736,49.299
17.088,4.978,7.258,17.528
159.826,4.834,6.049,81.377
405.216,3.679,7.52,10.554
344.851,2.715,7.334,9.476
362.435,9.462,7.888,50.966
349.058,3.176,7.822,24.58
155.487,0.634,7.569,66.494
49.832,1.673,6.142,68.795
136.234,8.573,8.258,59.019
415.893,5.866,6.045,83.629
490.235,7.788,8.008,70.038
246.924,8.088,7.198,19.564
4.85,8.232,8.045,8.762
70.022,5.506,7.163,75.029
161.04,1.771,7.617,74.262
289.293,1.482,6.908,85.182
37.547,5.74,7.859,21.032
471.679,3.665,6.635,23.092
182.542,5.58,7.798,58.09
456.292,4.985,6.483,16.406
390.261,6.022,7.805,30.337
377.719,0.321,6.734,81.431
303.36,0.328,6.697,34.087
313.392,7.216,8.029,2.122
319.002,1.931,8.034,65.432
314.361,6.522,7.729,18.878
276.864,5.466,8.31,20.387
493.207,9.818,6.39,2.636
366.145,8.354,6.673,58.225
388.473,4.131,6.735,56.629
436.231,6.164,6.763,10.547
107.82,1.173,6.82,5.993
41.902,3.864,7.743,49.593
241.447,7.339,6.677,78.348
257.04,6.227,6.715,95.42
414.591,4.845,7.426,8.44
221.892,1.765,6.483,71.109
285.427,8.031,6.912,19.953
263.535,2.732,6.145,4.364
19.101,8.205,8.381,34.142
307.607,6.116,6.793,57.814
414.022,3.727,8.125,60.534
78.75,0.406,7.325,5.871
297.166,2.324,6.571,92.852
296.805,8.891,6.484,6.404
82.092,8.18,7.737,22.502
61.732,5.749,8.412,43.818
490.026,4.663,6.458,94.62
196.86,6.471,6.289,99.132
113.711,4.662,6.968,1.035
85.662,6.443,6.985,23.227
333.801,3.074,8.016,50.634
304.723,8.385,7.172,69.745
321.776,7.019,6.156,66.018
44.003,3.3,8.302,25.9
446.767,8.307,6.933,20.554
194.633,4.873,7.671,2.413
156.685,1.746,7.669,84.443
231.181,0.777,6.141,38.501
195.033,6.996,6.009,86.57
431.789,8.651,6.22,33.047
464.63,8.074,8.391,75.847
151.727,6.557,7.985,7.896
431.968,1.414,6.33,81.333
390.762,0.94,7.537,89.21
465.404,3.45,7.53,27.223
122.875,8.549,6.001,15.045
288.48,9.617,7.073,20.418
137.272,2.414,7.779,86.911
412.047,7.621,6.467,29.334
2.662,5.739,8.127,23.904
282.41,0.318,7.651,97.909
169.602,5.429,6.017,67.331
161.342,8.059,8.137,83.39
322.453,2.761,6.049,74.958
425.742,8.974,8.22,38.027
304.598,2.363,6.834,86.412
426.586,0.765,7.747,59.229
132.299,1.599,7.969,66.082
259.751,8.37,6.703,33.282
225.268,4.173,6.891,98.135
5.822,7.969,7.274,85.606
278.406,5.312,7.457,15.663
330.762,4.806,6.73,21.184
295.957,8.069,8.481,75.11
368.14,4.235,7.843,3.549
285.67,8.02,6.685,34.21
33.375,1.007,7.601,53.719
58.223,6.363,7.088,21.286
298.237,7.026,8.151,87.442
137.49,8.991,6.822,89.038
39.823,2.243,6.47,95.728
214.801,6.042,6.115,15.487
277.161,4.333,8.461,8.849
164.373,3.828,6.898,56.053
360.217,1.067,6.551,79.451
321.885,1.342,7.229,29.815
166.409,8.37,6.729,24.856
377.436,7.498,6.582,52.254
324.348,3.823,7.541,48.724
318.723,8.285,6.187,48.475
276.714,0.808,7.272,41.122
5.695,6.248,6.969,72.979
348.254,8.682,7.331,61.854
188.021,8.389,6.801,49.294
471.305,3.728,7.426,72.349
408.992,7.452,6.205,26.908
293.847,4.275,6.94,89.292
126.091,8.401,6.594,39.033
101.859,5.308,7.095,33.432
170.192,7.649,6.996,54.685
238.284,0.786,7.578,27.771
148.033,5.9,7.572,27.605
257.465,5.503,7.033,8.71
82.685,6.1,6.454,65.542
488.856,6.956,7.455,91.36
53.962,9.181,8.416,68.841
465.972,7.857,6.464,57.206
456.789,2.196,6.173,71.467
262.68,8.259,6.661,96.679
362.455,1.221,7.032,34.313
218.024,6.222,6.765,43.638
315.017,8.828,8.087,29.336
170.288,1.011,7.233,2.655
150.58,8.497,6.615,35.395
289.115,7.986,8.375,8.09
249.065,5.038,6.313,85.981
289.768,3.089,6.307,71.845
143.33,4.054,6.613,31.099
183.479,9.687,6.192,33.467
41.949,2.017,7.879,57.391
26.138,5.796,6.782,80.005
126.729,0.832,7.825,72.152
37.123,2.179,7.907,3.853
51.887,7.633,6.594,78.744
406.464,3.026,7.296,88.252
19.437,9.858,7.299,9.899
329.471,5.008,8.178,77.236
136.279,5.165,6.064,25.921
435.773,0.363,6.792,18.197
242.496,9.565,8.206,54.844
152.788,1.742,6.592,55.715
258.819,5.383,6.342,47.617
190.979,3.957,7.44,90.279
282.151,4.156,6.765,24.92
57.266,6.433,7.168,60.652
498.495,6.621,8.05,41.577
212.778,1.543,7.302,87.504
174.115,4.996,7.29,14.149
355.105,7.905,6.695,9.209
181.95,4.433,7.982,99.283
416.637,1.658,7.85,58.143
227.135,3.132,6.585,91.282
359.779,2.124,6.8,41.413
53.727,1.258,7.972,60.825
423.06,3.776,6.894,69.715
367.859,5.409,7.009,98.625
105.858,0.728,6.911,12.161
72.643,6.038,6.404,13.353
158.146,9.93,6.852,52.797
488.035,9.641,8.007,6.524
128.416,8.292,7.228,73.02
228.064,2.663,7.146,99.085
15.01,0.224,6.391,81.332
198.614,8.335,6.444,27.315
285.66,0.557,6.107,80.157
476.562,2.056,6.035,63.16
258.368,5.445,7.22,12.823
409.554,1.784,7.023,57.026
273.564,8.338,6.688,89.781
20.393,7.772,8.475,29.702
157.504,7.558,6.995,66.252
287.775,8.161,7.972,5.115
475.297,2.197,6.526,83.587
429.565,7.289,6.618,21.388
114.178,3.553,7.421,61.254
110.055,6.668,6.01,52.895
100.586,1.22,6.044,55.265
461.249,7.056,6.356,26.12
426.333,9.721,6.558,56.352
387.442,0.436,7.32,60.672
196.368,0.938,7.716,43.12
252.19,1.236,6.78,63.692
232.166,4.306,6.598,19.966
126.699,2.908,8.057,51.747
252.514,8.069,6.407,71.963
15.248,4.738,7.696,37.432
65.905,4.845,8.328,41.703
443.295,7.17,6.581,17.256
375.84,3.62,6.217,62.028
211.434,3.532,8.449,13.228
258.575,7.569,6.677,50.58
184.999,7.8,6.689,21.832
370.39,0.144,7.209,20.219
392.094,1.438,6.578,10.487
381.643,2.131,8.482,36.382
361.306,3.516,6.107,86.874
102.252,2.914,7.129,60.886
168.985,6.685,7.371,78.132
234.923,8.281,7.167,12.343
165.396,1.921,7.301,32.018
377.47,5.63,8.469,39.473
164.677,3.678,8.192,86.141
69.116,5.058,6.771,66.775
199.52,6.208,7.379,49.557
489.957,8.936,6.001,30.748
112.941,1.923,7.024,76.235
306.079,0.87,6.41,88.944
216.487,6.272,7.778,54.144
35.512,3.941,6.553,5.299
243.938,1.629,7.872,27.913
351.082,1.171,6.783,74.835
256.61,5.589,8.315,39.373
436.053,3.005,7.114,62.966
144.469,9.974,8.099,52.928
43.125,4.059,7.57,90.864
468.283,2.123,8.443,31.393
189.098,6.288,7.857,45.16
288.203,2.443,7.819,7.413
396.002,4.941,6.662,80.691
162.157,4.826,7.262,33.256
358.082,4.536,6.725,72.471
67.709,7.961,6.048,1.3
145.647,2.166,7.776,86.876
72.355,9.043,6.59,97.224
405.615,7.913,6.993,47.526
111.325,3.331,6.712,48.778
358.702,1.806,6.499,62.02
471.649,2.795,6.168,97.536
263.886,3.326,6.845,56.299
270.015,5.569,6.204,8.312
230.517,0.464,7.351,56.952
162.945,9.144,6.049,42.486
237.828,0.987,8.35,76.325
301.404,2.793,8.416,31.031
492.996,1.093,6.762,92.522
468.882,2.567,6.65,80.208
431.076,8.377,6.261,33.33
444.565,6.152,8.262,35.847
233.925,2.273,7.467,52.264
328.722,8.718,7.525,10.86
447.533,8.007,8.24,69.322
196.475,7.536,8.277,61.305
480.881,8.476,8.071,32.552
207.893,6.196,7.934,64.167
300.541,5.014,8.193,10.726
354.902,3.739,8.19,95.253
475.296,2.238,6.922,7.63
122.308,5.574,8.433,33.555
373.065,8.895,7.773,97.083
260.408,5.94,6.926,40.437
134.279,9.196,7.105,88.675
388.303,3.569,7.718,15.939
276.111,6.951,6.903,7.607
330.487,6.487,8.066,11.709
161.451,6.704,6.37,97.233
240.637,6.45,8.269,9.789
308.677,2.217,6.753,65.522
202.455,1.436,6.382,44.619
99.186,9.786,8.145,86.219
480.82,0.453,6.599,30.137
255.734,4.677,8.108,3.862
366.96,4.251,6.741,75.111
205.524,3.6,8.335,59.287
177.566,7.82,6.548,44.016
203.582,7.454,6.174,32.979
204.598,9.052,8.341,90.044
272.09,3.955,6.414,13.058
271.735,5.642,8.36,14.994
248.577,8.923,8.06,2.468
67.393,9.938,6.205,8.184
248.038,9.693,7.113,85.871
84.552,7.178,6.183,79.571
63.068,1.432,6.824,11.14
466.323,0.232,6.879,78.202
302.475,8.252,7.499,64.464
329.745,8.409,8.44,39.361
200.897,7.464,6.424,9.336
454.49,2.799,6.823,60.633
318.965,6.398,7.468,84.128
384.585,3.162,6.429,42.65
184.281,4.506,7.777,43.014
480.006,3.824,7.009,82.842
410.231,9.136,8.374,21.849
426.974,2.342,7.575,18.074
86.097,5.776,6.908,69.862
135.482,3.61,7.799,65.99
142.813,6.631,8.097,91.301
135.455,5.646,8.001,34.091
427.704,9.24,6.657,20.998
15.942,1.016,7.042,43.454
38.05,2.206,7.13,38.995
136.957,7.663,6.971,93.871
99.936,3.688,6.777,91.843
115.93,1.658,7.882,43.387
398.972,5.033,6.031,41.837
281.563,6.521,6.734,45.054
2.885,0.448,6.354,73.359
214.661,2.916,6.322,55.456
203.942,8.094,6.692,29.505
56.973,5.202,7.905,77.104
338.071,0.354,8.424,90.479
351.049,2.82,7.287,72.058
360.447,6.391,6.847,20.271
364.235,1.994,8.073,79.386
0.026,8.274,6.168,98.906
476.96,6.766,6.233,68.83
407.104,4.714,6.863,25.145
451.991,9.156,7.121,1.549
7.822,3.918,7.995,39.155
466.929,2.351,8.313,47.555
404.894,6.614,7.328,91.056
418.61,5.733,7.239,62.348
46.644,3.352,6.533,28.88
369.389,3.437,7.128,69.481
479.958,3.982,8.309,10.127
339.274,2.911,6.982,22.13
285.281,7.102,6.527,74.705
472.815,6.514,6.843,30.426
221.469,4.408,7.286,4.083
299.647,3.979,7.496,50.18
238.169,3.651,7.081,66.147
466.423,2.835,7.896,79.113
38.042,0.857,7.461,31.297
250.56,2.682,7.663,43.033
343.476,3.212,8.157,56.1
395.953,5.477,8.164,8.392
291.509,7.738,6.509,20.567
454.459,3.957,7.558,37.556
470.996,9.448,7.792,27.451
32.16,8.273,6.365,47.117
201.185,9.848,8.107,65.423
11.73,8.762,6.451,54.429
164.708,6.167,7.998,77.647
268.434,5.985,6.404,63.009
455.397,1.295,7.854,29.899
423.277,7.224,6.37,12.877
63.75,6.002,6.947,64.329
46.515,5.069,6.359,21.983
294.634,6.933,6.677,32.548
266.059,4.44,8.461,79.725
133.189,5.239,6.269,22.771
449.727,3.984,7.016,54.246
463.683,7.174,7.692,10.388
201.306,8.766,6.236,42.237
445.151,8.408,6.273,98.047
191.974,7.86,6.358,95.484
368.408,0.138,7.612,94.713
237.971,9.119,8.273,59.921
61.292,2.749,8.065,30.175
463.967,8.88,8.458,36.14
227.048,1.97,7.445,21.398
367.244,4.396,8.404,10.662
183.587,7.494,6.762,17.716
9.44,6.403,7.054,47.259
50.265,4.159,6.99,3.676
248.11,6.786,6.118,93.98
344.982,5.489,8.074,56.601
167.368,2.757,6.062,18.179
347.744,6.463,7.825,42.218
349.318,2.042,7.018,38.252
351.968,6.94,6.016,83.7
246.261,0.031,6.725,12.929
457.443,5.488,6.865,43.557
244.598,4.011,8.412,71.42
225.133,3.031,7.653,37.946
99.69,5.157,7.359,36.402
153.828,6.453,6.318,34.703
21.167,9.653,6.978,76.439
316.768,8.331,6.089,12.811
124.268,7.171,7.904,85.814
152.078,4.79,6.407,8.018
385.407,3.921,7.486,32.581
163.611,0.325,7.748,39.516
121.098,3.591,6.916,39.965
84.529,8.484,7.581,19.58
387.429,3.84,7.911,60.713
64.853,4.616,6.46,45.904
226.877,2.718,7.502,57.19
253.465,2.741,7.835,61.877
343.695,0.619,6.893,19.942
316.642,6.138,6.406,92.109
405.36,4.481,6.715,83.179
22.376,6.06,8.333,83.012
148.22,5.469,6.894,53.634
140.067,7.988,6.269,82.185
73.008,7.51,6.207,63.121
144.589,7.715,6.451,45.605
154.883,4.992,6.319,75.494
260.942,3.539,7.238,60.394
331.852,9.334,6.869,1.199
190.55,0.543,8.104,99.703
359.735,1.526,8.203,43.555
168.083,4.196,7.183,57.601
145.142,6.14,8.221,41.188
270.594,0.082,7.126,10.93
11.858,7.193,7.605,83.567
39.895,5.587,6.406,68.573
208.985,4.847,6.131,83.023
471.456,4.235,6.4,48.911
360.756,5.195,6.63,79.379
44.063,1.618,7.877,79.974
423.159,1.087,6.434,34.293
366.15,2.896,6.327,1.403
305.473,7.095,8.319,86.119
410.146,5.883,7.722,19.279
202.055,4.801,7.183,87.003
110.751,5.715,6.237,62.212
256.012,5.593,8.129,63.84
274.421,3.07,6.271,25.475
269.163,0.975,7.528,40.858
282.537,8.968,7.669,31.897
474.352,5.999,7,19.844
451.123,6.977,8.278,72.726
437.859,4.64,6.127,10.488
400.708,7.565,8.045,51.685
471.714,5.845,7.384,54.065
49.247,0.538,7.528,95.583
132.562,8.901,8.467,87.07
247.528,3.055,7.457,49.677
423.267,1.379,7.993,84.574
252.583,0.88,6.384,79.267
374.017,7.204,8.023,3.762
69.48,7.04,7.903,92.292
126.207,7.002,8.42,69.103
365.888,9.158,8.339,67.523
82.367,3.489,6.535,71.635
175.678,5.611,7.162,23.251
132.433,6.195,8.279,3.888
174.931,9.795,7.602,23.952
354.162,3.123,7.159,79.663
183.924,9.563,6.272,60.134
277.632,1.487,6.879,36.767
49.966,7.64,7.663,24.91
402.509,6.329,7.942,80.183
184.944,8.169,7.118,46.329
324.267,0.287,6.14,61.563
362.695,0.781,7.583,2.245
104.83,0.697,8.304,43.563
442.337,5.93,7.241,2.528
308.112,6.029,8.321,78.955
214.363,9.061,6.885,25.676
91.168,4.676,8.216,17.545
471.15,0.68,7.966,92.713
377.534,2.095,8.404,2.783
104.012,0.081,7.978,20.584
168.855,7.767,6.804,24.808
404.837,8.156,8.251,82.458
347.839,9.979,7.674,71.298
382.892,4.122,6.405,96.773
220.601,0.193,6.115,69.791
358.238,2.347,6.915,24.396
193.247,5.878,7.967,17.517
105.631,9.619,7.546,75.785
316.339,1.036,7.318,90.189
488.007,1.216,6.009,91.256
155.3,7.018,7.089,77.339
230.485,6.672,6.394,79.642
337.001,2.505,7.136,66.575
270.753,8.131,8.479,73.847
421.714,1.288,8.199,12.489
380.871,9.257,6.777,33.592
29.149,2.01,7.484,46.352
499.211,0.814,7.255,66.768
376.201,3.395,6.325,42.35
431.952,1.878,8.475,38.125
325.599,5.269,7.063,56.796
428.143,6.868,7.264,40.048
56.191,4.909,7.619,8.182
173.869,6.606,6.479,96.972
438.21,3.649,6.556,92.69
100.828,0.279,6.481,4.862
39.121,9.741,6.961,53.389
394.059,8.194,6.499,71.565
417.743,0.734,8.316,61.376
81.326,4.492,7.786,35.985
427.173,6.35,8.245,80.524
343.384,1.906,8.121,61.86
260.041,5.78,7.758,24.654
415.125,5.336,6.607,61.512
209.625,2.083,7.538,28.192
96.997,1.412,6.466,59.989
142.426,7.59,6.331,76.668
252.582,3.226,7.581,30.952
265.665,2.44,7.562,28.97
402.79,7.379,6.392,72.944
395.676,7.361,6.881,51.329
290.683,2.764,6.166,14.741
390.393,8.726,7.789,55.024
95.887,6.883,8.469,66.658
25.032,3.458,7.85,49.64
436.817,4.275,8.11,62.792
37.777,7.267,7.191,37.121
123.344,2.116,6.239,87.904
347.659,4.688,7.817,24.756
204.724,6.536,6.641,28.853
438.157,5.395,6.971,77.592
148.99,6.083,7.758,6.728
5.936,5.462,8.262,98.751
150.328,1.992,7.216,63.273
289.038,4.102,8.404,80.937
187.969,5.32,7.3,58.81
267.436,7.801,6.306,78.847
438.299,6.539,7.296,43.986
456.243,4.266,8.152,58.098
132.987,9.744,7.345,66.531
231.07,1.078,7.869,90.291
274.572,2.068,7.37,4.442
474.556,3.413,7.365,11.782
499.309,2.286,6.712,69.374
117.704,6.254,6.503,35.092
363.49,0.396,6.697,68.095
189.016,1.774,7.102,23.546
4.054,2.933,8.024,63.198
4.626,6.833,8.072,48.333
230.283,8.759,6.408,13.169
244.167,7.985,7.382,93.013
11.285,1.821,7.04,79.428
343.464,5.654,7.427,78.326
147.002,0.3,7.619,69.996
279.947,3.105,6.699,3.113
150.46,8.06,8.298,50.958
83.567,4.567,8.339,75.345
203.587,1.499,6.263,22.458
116.137,4.386,7.758,61.911
267.4,1.98,6.083,93.019
99.414,3.932,6.116,75.54
254.203,4.878,8.394,55.216
78.689,3.496,7.737,31.683
335.487,9.37,6.811,64.017
376.969,5.625,7.675,71.726
55.197,8.429,8.115,64.139
233.901,7.607,8.177,75.786
35.436,6.612,6.051,28.645
299.091,4.969,8.046,51.273
132.202,0.022,8.133,55.318
263.812,6.135,7.489,9.899
258.731,3.56,7.2,18.478
462.177,1.178,6.277,31.356
274.542,4.446,6.599,5.728
291.499,7.356,7.226,24.127
200.827,9.617,8.163,52.694
474.54,3.741,8.008,54.633
388.593,5.427,7.24,25.693
142.703,8.512,7.964,94.702
422.105,3.34,7.914,47.249
216.198,1.423,7.448,64.09
414.334,2.819,6.551,4.006
411.444,8.991,6.87,40.519
94.435,1.594,6.41,54.669
350.571,3.292,6.018,31.913
145.321,4.646,6.201,17.966
148.746,8.471,7.899,20.914
148.174,9.377,6.084,47.188
362.784,4.258,7,8.031
114.913,9.32,8.464,24.212
0.453,1.615,7.988,72.234
357.618,1.569,7.877,22.259
85.592,9.493,6.687,12.577
52.241,5.097,7.604,9.292
118.758,1.859,7.247,98.884
189.95,4.88,7.56,9.599
237.953,7.832,7.09,43.916
22.285,8.269,7.327,51.596
485.287,8.64,8.471,96.493
358.032,5.696,6.823,89.219
161.597,8.669,6.541,24.53
159.349,5.1,7.121,9.385
224.271,6.071,7.311,44.355
313.122,7.587,6.214,10.991
73.187,4.254,8.015,87.239
94.465,0.736,7.055,70.674
429.717,3.502,7.033,94.435
128.127,6.239,7.647,57.376
190.097,1.923,7.933,37.078
435.636,1.484,8.465,50.564
331.574,2.931,6.434,16.917
170.856,0.321,6.864,46.843
341.85,7.434,6.421,99.872
9.842,2.587,8.202,69.36
367.821,1.242,7.371,7.173
243.508,6.991,8.131,72.841
406.591,8.429,8.463,10.965
477.319,0.199,7.376,39.674
462.894,2.336,6.295,78.839
454.633,9.452,6.903,13.681
256.085,3.853,6.09,29.982
180.071,9.386,8.123,20.331
232.518,2.742,6.045,87.139
344.948,2.181,7.48,15.644
441.999,2.141,6.265,54.043
103.493,0.852,6.019,28.256
459.097,8.964,6.64,51.219
407.59,9.798,7.38,17.569
489.428,9.545,6.188,76
440.126,8.52,7.537,64.668
139.969,8.469,7.68,5.299
52.978,6.611,8.424,94.809
56.121,8.262,8.249,89.404
145.612,2.083,7.417,30.48
307.092,3.879,7.983,29.896
402.16,6.408,6.909,50.419
449.625,8.748,7.464,62.293
311.877,6.605,7.008,29.813
2.816,8.39,6.843,79.74
93.158,4.739,7.819,8.771
49.863,7.173,6.742,40.386
181.662,9.8,6.951,56.025
250.675,1.535,6.918,80.169
21.699,9.269,8.176,87.31
174.239,5.224,6.426,25.196
89.59,6.432,6.954,24.865
323.535,8.779,8.22,37.458
232.136,4.097,6.038,43.328
247.659,4.187,8.37,84.992
213.846,5.272,8.247,1.75
478.01,0.191,7.045,68.811
107.368,4.967,7.633,22.786
258.332,2.911,8.478,88.358
368.009,9.28,7.387,32.417
278.422,0.877,6.242,54.218
464.51,4.593,8.134,33.575
188.984,9.475,6.335,43.103
231.838,9.01,6.643,52.701
44.261,7.013,8.184,75.006
304.5,5.894,6.64,12.955
144.106,2.807,7.863,35.87
80.155,3.67,7.119,64.324
272.266,0.901,7.899,59.291
266.155,7.861,6.581,78.302
37.936,3.239,7.049,89.018
349.108,6.678,6.795,10.313
311.886,3.576,6.623,71.67
94.509,4.643,6.786,29.117
234.717,5.55,6.807,48.657
360.161,8.019,8.388,63.15
264.718,2.112,7.333,15.91
197.745,3.988,7.155,35.312
161.169,1.301,7.258,97.632
305.197,0.758,8.49,14.493
469.554,6.047,7.634,9.25
335.872,1.891,7.759,83.843
37.373,0.598,6.784,43.633
230.342,8.971,7.179,67.804
445.412,5.343,6.46,31.268
47.231,1.346,7.713,20.645
494.438,0.534,6.861,22.035
474.535,1.199,7.871,20.363
39.137,4.713,6.533,25.45
466.707,6.685,7.009,22.901
181.566,6.413,7.178,81.556
422.355,1.444,6.416,53.796
209.192,6.335,6.174,30.354
220.428,4.049,6.793,35.161
317.122,4.647,7.362,95.822
387.239,8.014,7.632,19.203
16.895,3.325,7.063,88.789
296.578,1.47,7.251,73.944
93.366,8.735,7.358,61.732
172.975,2.121,7.28,62.785
173.984,2.94,6.226,42.871
234.53,7.066,7.013,44.446
167.068,6.836,6.511,79.812
53.681,8.004,7.334,81.275
72.814,1.839,7.895,57.545
16.719,3.523,7.449,77.091
235.125,1.259,6.555,81.195
477.224,5.41,6.519,33.879
57.838,2.926,6.092,62.713
473.132,6.889,7.066,44.144
366.681,0.003,7.082,10.713
318.749,0.597,6.591,65.198
322.639,4.326,7.911,59.161
413.364,9.582,6.966,11.157
53.46,8.909,7.674,8.01
252.377,9.94,7.6,25.714
348.546,4.168,7.512,83.508
293.41,0.466,8.27,7.304
416.39,3.06,6.04,46.576
36.136,6.758,6.17,18.725
345.351,1.352,7.805,26.102
267.014,3,6.884,77.222
189.58,0.562,8.466,85.21
170.137,4.75,6.541,58.449
310.416,2.089,6.459,86.461
445.498,0.912,7.471,85.83
248.088,4.112,6.699,22.93
412.362,3.512,6.851,64.857
201.078,5.375,8.303,78.055
51.197,7.49,6.066,56.544
30.753,1.126,7.328,80.772
25.667,7.911,6.837,63.254
190.075,0.263,6.865,29.161
168.619,4.431,6.62,68.874
358.969,5.874,6.337,59.212
371.411,9.57,6.086,62.87
25.427,5.739,8.469,10.437
110.562,1.587,7.651,13.448
137.131,5.175,7.943,81.651
273.806,3.958,6.163,43.696
72.258,4.794,6.037,22.312
66.971,1.971,7.501,10.175
471.894,5.008,7.81,27.027
402.101,1.5,6.987,30.224
90.327,7.44,6.969,98.313
203.284,5.939,6.961,83.616
177.811,0.785,6.382,8.767
395.502,8.896,7.885,75.097
255.106,6.164,6.538,56.829
63.925,3.161,6.811,23.619
369.496,0.456,7.678,74.911
198.444,6.322,6,3.988
131.462,3.734,7.916,73.422
187.749,9.076,8.248,89.634
248.878,0.349,6.129,88.379
171.558,0.391,7.479,77.462
120.953,9.493,7.021,93.538
199.251,9.649,6.196,71.025
9.586,0.277,7.706,68.986
386.249,7.16,7.531,3.593
85.472,2.215,7.607,18.245
21.952,7.014,8.034,78.361
326.849,8.687,6.717,99.753
386.968,1.008,7.693,72.273
406.915,2.388,7.858,58.403
246.755,0.241,6.422,19.159
102.684,0.438,8.393,94.843
368.614,0.296,6.85,65.324
349.857,8.007,7.784,49.415
123.135,2.983,7.885,86.277
451.704,4.932,7.26,95.375
52.186,7.878,6.322,37.747
491.344,4.949,6.689,52.063
430.124,4.292,6.586,12.395
343.949,0.116,7.297,96.026
469.375,5.68,6.653,12.947
361.156,1.247,7.367,92.974
95.228,7.646,6.721,19.913
221.078,2.577,6.002,90.969
35.752,6.742,6.908,45.778
194.829,6.462,7.517,59.614
370.802,6.167,7.934,4.526
193.222,2.67,6.071,40.044
165.147,2.671,6.646,49.846
297.678,8.63,8.464,1.933
436.102,0.128,6.655,66.425
23.792,1.815,7.943,84.051
192.735,6.102,7.273,3.453
79.12,8.17,6.305,49.761
347.677,3.583,7.609,4.339
52.862,6.534,8.416,87.456
332.404,5.572,8.217,16.921
143.09,0.645,7.726,6.794
99.458,6.218,7.28,85.912
468.176,8.139,6.798,45.006
9.262,9.924,6.892,10.445
218.889,0.296,6.866,65.144
10.813,6.601,8.305,70.854
241.797,4.145,6.528,57.265
250.524,0.098,6.945,33.881
160.831,6.144,7.08,43.024
66.081,1.224,7.022,95.529
188.194,3.786,6.01,53.902
336.131,2.614,6.677,40.309
391.198,3.612,7.246,71.111
265.375,4.927,7.901,8.54
294.917,3.592,7.424,29.733
100.308,5.527,6.962,23.421
143.665,2.386,7.663,68.33
80.948,6.354,7.665,60.787
124.648,8.538,6.62,76.184
112.443,2.241,6.259,43.25
259.724,5.079,8.008,18.22
281.344,6.487,7.324,19.1
472.474,5.646,6.441,89.333
97.785,3.656,6.655,8.415
320.838,6.422,7.916,59.818
408.63,0.282,7.633,23.936
280.121,3.699,8.363,22.214
127.502,5.326,7.162,10.742
131.275,0.206,6.13,97.949
19.627,5.076,7.751,7.038
152.722,6.543,6.637,15.627
372.302,7.592,6.81,37.152
23.759,1.134,6.492,46.124
109.648,9.906,6.772,95.129
353.116,6.062,8.074,24.937
391.326,3.632,7.442,72.377
227.659,2.491,6.273,65.982
349.037,5.729,7.467,52.232
193.976,8.817,7.584,27.34
79.957,5.206,8.212,16.507
199.075,6.615,8.149,18.476
289.984,3.577,6.157,35.253
474.027,3.882,8.167,14.575
34.375,2.862,6.127,99.859
253.697,7.056,6.385,45.136
164.46,3.592,6.279,54.36
254.156,1.907,6.454,62.029
11.988,3.694,8.008,20.383
156.513,8.538,7.715,48.694
409.934,7.383,7.717,7.226
276.971,3.346,8.305,96.948
225.291,9.068,6.98,47.81
142.763,0.748,6.008,3.937
149.021,0.498,7.599,60.308
191.551,1.275,8.17,10.911
417.785,1.165,8.441,79.208
483.607,0.878,6.91,95.382
219.328,6.613,8.055,91.739
196.676,6.008,8.123,43.351
423.275,6.476,6.361,71.546
213.453,6.884,7.579,16.425
276.009,7.569,6.433,8.494
115.471,2.072,7.117,82.284
371.751,6.223,8.198,69.822
265.994,5.8,7.974,90.799
404.517,9.437,7.426,91.544
390.366,2.324,8.022,35.381
107.502,0.587,6.382,32.546
357.818,6.535,6.487,44.748
400.027,7.402,6.522,66.903
173.054,2.832,7.94,1.494
86.305,5.708,8.227,53.927
1.316,0.595,7.407,2.953
225.452,9.6,8.395,45.617
176.216,1.099,7.82,9.146
277.455,0.676,7.409,56.659
94.021,0.441,7.529,32.113
429.833,4.273,8.124,48.413
128.878,0.972,6.225,95.812
113.215,7.446,6.42,34.756
240.357,8.989,6.666,72.209
249.426,2.602,8.237,68.646
107.543,6.288,8.362,87.024
135.93,0.423,6.89,34.107
84.853,3.866,8.31,6.552
359.23,2.929,7.367,97.092
385.045,2.286,7.183,36.873
231.164,6.447,8.082,20.18
357.044,1.302,7.365,91.496
367.968,8.607,7.136,19.87
69.138,6.648,6.04,53.347
483.089,7.107,6.032,75.795
410.516,9.353,7.569,73.37
102.242,9.424,6.184,3.917
93.083,5.517,7.842,21.041
62.831,4.954,7.556,88.961
69.189,3.354,7.144,55.765
374.081,7.156,7.775,69.035
234.827,5.382,8.483,40.827
391.467,9.329,6.616,74.775
373.127,2.386,7.393,29.62
302.306,3.103,8.107,23.971
343.183,3.161,6.042,99.714
9.178,8.06,6.509,16.608
155.889,0.99,7.302,98.155
318.911,4.556,7.381,92.724
4.672,4.276,6.216,71.753
16.488,0.731,7.019,58.615
425.944,4.108,7.299,1.448
342.012,5.134,7.057,63.893
132.685,0.651,7.751,77.469
343.981,5.099,7.928,73.555
396.228,9.592,7.151,18.034
153.397,9.789,7.064,54.909
18.019,5.317,7.763,55.47
466.39,5.151,7.388,65.635
172.59,2.855,8.176,83.264
53.241,9.971,7.203,70.125
245.928,2.742,7.436,14.989
384.234,4.529,6.322,2.884
110.824,0.029,8.09,14.522
134.745,3.492,7.056,4.988
121.357,0.714,7.798,44.241
495.837,7.438,7.074,29.092
98.702,5.61,6.003,1.724
287.76,5.722,7.001,8.948
462.632,2.865,6.369,40.357
73.448,8.149,6.997,94.036
485.427,0.033,6.803,99.485
473.739,3.336,6.506,5.962
442.286,6.595,6.309,83.227
107.278,9.079,7.821,48.546
317.028,2.346,7.887,62.483
380.446,5.411,6.662,51.091
493.014,5.38,7.238,92.526
90.212,8.742,7.16,48.37
383.013,0.505,6.888,17.629
169.401,4.245,6.694,78.205
87.813,1.825,6.465,51.864
210.688,0.215,8.182,12.59
396.918,1.47,8.083,46.698
232.425,9.765,7.043,69.052
268.762,2.148,7.803,30.288
497.58,9.35,7.246,91.285
199.555,2.053,6.213,85.146
307.7,9.313,8.056,57.222
182.622,6.546,6.548,6.383
196.393,1.132,7.767,58.743
347.82,5.819,7.318,42.145
468.943,3.185,7.726,72.683
271.179,3.832,7.178,27.436
384.2,4.402,7.756,60.971
44.603,4.227,6.082,55.889
105.579,6.641,6.102,53.158
251.066,7.684,8.241,12.475
10.006,3.292,7.874,49.499
126.427,9.244,8.071,55.512
258.701,9.385,7.141,92.838
7.481,0.407,7.149,46.626
132.273,0.149,7.335,64.347
257.015,4.251,6.609,57.355
286.575,5.906,7.834,20.329
462.876,2.779,8.074,19.257
322.673,2.594,8.268,74.2
207.368,6.783,7.293,52.783
465.176,6.017,7.036,89.707
392.441,1.671,8.077,90.907
100.004,8.845,7.882,30.411
65.421,6.8,8.168,11.051
337.906,3.626,7.639,35.064
279.942,6.836,8.208,7.637
394.837,1.127,6.223,78.344
369.403,4.683,7.699,15.472
312.606,1.69,6.222,86.77
493.191,0.414,7.872,42.117
266.795,3.383,7.571,28.582
56.553,1.507,6.04,50.65
414.137,6.335,7.498,60.942
125.927,6.741,6.366,70.453
388.651,1.487,6.356,34.48
478.554,0.246,6.376,98.314
348.398,7.928,7.21,42.806
298.015,0.021,6.289,83.612
230.193,3.439,6.314,4.452
182.205,4.946,6.64,78.018
176.502,8.186,6.002,55.582
318.186,8.386,6.689,64.323
375.637,7.249,7.546,37.915
339.259,2.472,7.504,54.939
99.205,7.202,8.424,93.29
246.994,2.465,6.299,39.218
395.82,2.146,8.164,11.471
237.852,5.471,6.978,72.331
268.312,6.789,6.968,51.011
385.568,0.531,6.872,43.069
330.633,0.6,6.312,78.004
204.672,7.842,7.196,56.656
447.706,8.595,7.968,63.507
81.284,6.044,8.189,92.682
497.758,4.288,8.407,6.793
59.426,8.453,7.963,26.976
7.475,7.288,7.558,89.924
445.009,5.796,7.244,79.48
122.477,3.198,8.187,19.671
364.85,1.98,7.849,17.743
405.508,4.187,6.403,82.689
429.493,2.868,7.706,55.734
495.797,3.393,7.078,86.174
147.02,5.156,7.489,91.851
355.122,1.691,8.246,7.885
57.7,8.062,7.631,97.008
203.405,1.455,8.347,71.931
423.986,4.81,8.166,83.612
183.829,7.46,6.322,63.403
295.548,4.85,6.029,31.211
251.887,3.61,6.961,60.344
322.976,4.749,8.163,52.071
486.447,8.487,6.575,93.275
27.868,9.904,7.728,55.948
286.981,6.311,7.19,3.762
431.514,7.934,7.865,68.923
240.691,0.145,6.412,6.004
39.264,8.804,6.598,94.456
280.27,9.54,6.606,49.173
166.037,5.752,7.371,96.833
77.471,7.538,6.724,3.561
424.517,5.127,8.029,53.752
260.8,2.862,6.867,23.394
466.638,8.522,7.652,64.433
403.008,5.968,8.371,50.323
346.486,5.794,7.517,57.046
2.513,6.591,6.605,36.604
213.912,8.56,8.076,6.103
98.743,7.319,6.031,11.504
455.399,2.111,6.641,85.997
87.292,4.668,6.969,70.574
143.03,9.803,6.49,77.17
258.418,5.546,7.51,13.144
131.682,9.382,7.395,5.875
104.932,8.134,7.016,2.71
299.55,6.66,6.736,52.66
44.465,3.494,7.085,50.589
29.084,3.043,6.728,11.954
186.123,6.434,6.553,35.316
360.332,4.326,6.878,53.491
277.403,7.988,7.506,67.906
211.438,7.605,7.621,81.19
282.876,3.121,6.743,64.497
182.726,7.027,8.368,3.971
468.073,4.946,6.655,59.023
27.452,3.233,7.78,9.704
336.696,4.13,6.204,56.926
445.641,8.954,7.662,38.223
401.942,3.595,7.15,29.347
92.021,2.874,7.423,48.69
147.963,3.518,6.46,38.766
358.524,2.146,7.084,83.197
42.135,5.446,7.916,23.423
405.931,1.474,7.918,14.534
359.453,8.174,6.594,83.861
364.803,2.256,6.881,25.097
50.121,5.981,6.01,4.191
358.88,1.25,6.225,39.311
339.909,9.785,6.317,82.085
415.461,4.546,6.734,43.755
20.798,8.222,7.898,47.538
11.555,7.686,7.276,5.673
186.504,7.137,7.982,71.394
74.394,8.274,7.887,35.027
279.192,1.005,7.468,73.133
458.674,6.785,7.25,41.686
195.74,2.658,8.328,53.162
422.475,7.859,7.423,59.359
0.12,9.569,7.207,20.492
84.257,9.015,8.173,30.107
15.212,1.15,6.179,58.971
164.074,3.696,7.64,82.471
454.095,3.643,6.283,96.183
48.476,1.223,8.05,52.893
303.205,0.981,7.982,8.317
225.748,3.849,7.259,95.645
469.234,9.921,7.653,42.656
61.26,5.689,7.932,11.146
106.014,6.218,7.208,97.248
14.771,4.71,8.265,28.771
216.968,6.623,7.093,66.027
138.916,9.567,8.23,15.268
434.953,5.887,7.457,72.237
302.47,0.65,7.066,97.655
307.045,4.929,6.01,98.521
265.955,9.928,6.739,13.495
45.925,3.874,8.17,77.102
222.509,5.939,7.072,66.765
499.753,1.066,7.054,80.346
417.615,1.412,7.224,33.988
446.73,8.747,6.716,40.773
411.613,3.003,7.229,34.839
51.521,3.055,6.939,76.885
113.724,3.872,8.274,81.101
1.561,9.665,7.41,25.681
151.755,0.844,8.085,57.706
54.304,8.188,7.717,13.471
236.397,3.416,6.532,2.303
338.564,8.495,8.169,61.397
437.253,9.918,6.218,84.18
374.609,3.487,7.122,90.749
469.293,1.294,6.598,62.416
26.949,1.444,7.344,81.06
6.09,7.587,6.75,41.02
330.669,1.449,7.807,87.658
144.676,2.604,8.342,77.697
126.751,2.044,7.773,31.544
165.444,3.557,6.888,60.124
134.898,0.744,7.5,6.075
255.718,8.567,8.221,15.512
220.074,8.601,6.675,94.719
256.214,4.129,6.296,1.966
336.357,6.121,6.327,21.12
193.565,6.42,7.237,14.742
125.654,7.493,7.83,70.178
83.1,5.207,7.643,11.464
174.737,5.103,7.135,2.993
370.903,6.313,7.823,93.118
378.352,7.03,7.585,87.403
333.453,3.467,7.571,36.486
117.014,3.304,6.506,10.952
294.043,2.697,6.781,68.142
285.345,5.488,6.861,88.428
242.133,3.602,8.02,97.491
274.989,5.403,7.938,13.882
245.895,4.06,6.632,60.421
282.728,8.367,6.138,43.625
357.753,0.731,7.919,16.518
54.814,5.722,7.025,80.982
374.813,5.756,6.55,78.437
67.943,3.837,6.293,96.5
33.314,4.21,6.032,9.468
488.04,8.001,7.069,24.649
478.496,2.807,6.849,82.93
30.218,8.714,7.741,40.147
221.627,8.963,8.442,48.118
93.122,6.506,6.517,61.541
242.672,7.729,6.608,41.437
415.089,6.129,6.843,4.504
475.306,5.253,7.165,60.795
317.126,9.667,7.744,23.658
176.953,2.827,6.88,96.918
301.663,1.542,6.261,69.342
156.001,2.875,7.826,84.225
454.912,6.146,7.987,95.486
435.2,1.852,6.619,7.269
279.116,9.088,6.342,15.721
162.399,4.11,7.32,80.994
146.695,8.5,6.521,88.594
16.709,2.492,6.935,1.483
407.91,3.132,7.943,94.577
225.192,0.592,6.549,45.983
162.566,2.578,8.016,46.8
235.555,4.903,7.685,87.996
409.369,9.461,6.549,29.664
62.307,3.889,7.316,58.766
428.828,6.397,7.535,34.085
448.754,4.277,6.501,12.242
473.354,0.468,6.362,36.499
198.744,5.035,7.328,18.13
108.57,0.659,7.735,52.577
186.82,8.837,7.163,53.45
166.456,7.53,6.175,44.293
88.077,3.787,8.313,18.208
303.633,6.402,7.737,12.754
238.312,1.12,7.553,11.357
432.85,7.026,7.609,12.104
16.055,8.227,6.997,30.193
321.934,8.217,8.461,1.185
381.474,2.843,6.332,7.163
379.743,2.637,7.848,47.574
443.037,5.214,7.052,19.086
364.517,9.678,8.203,27.075
463.905,9.205,7.793,35.979
166.328,3.596,7.406,4.925
251.605,7.798,8.344,22.782
7.04,9.213,8.281,77.892
3.479,2.609,6.131,34.749
120.063,8.303,6.481,19.43
50.404,2.679,7.69,20.577
130.106,3.433,8.305,98.489
88.522,1.988,7.076,15.697
14.26,5.071,6.096,90.636
454.652,8.433,7.608,8.974
4.112,5.281,6.487,87.569
368.041,1.234,7.381,51.185
76.074,2.518,6.962,61.262
456.115,5.629,7.395,25.347
446.398,5.832,8.331,89.962
326.951,5.769,7.215,59.127
336.117,0.77,6.086,67.894
2.67,7.537,7.452,56.119
492.436,9.094,6.814,13.398
438.916,5.105,7.945,83.786
447.553,7.188,7.175,19.175
329.622,9.14,7.853,29.903
172.393,6.426,8.272,67.282
446.824,6.743,6.906,10.24
145.758,7.214,8.473,93.407
281.356,2.605,6.375,13.289
49.865,5.827,7.61,67.048
460.978,8.422,6.087,63.877
70.385,2.962,6.533,70.105
112.448,8.972,7.584,43.901
279.067,6.204,6.115,38.846
382.047,4.232,6.254,97.788
309.676,6.232,6.728,81.899
116.067,4.019,7.439,49.059
0.472,8.38,6.04,19.044
378.575,4.823,7.206,89.165
492.604,9.012,7.564,65.226
404.957,5.098,7.006,14.442
230.103,6.604,6.169,19.127
451.884,9.977,7.527,54.541
204.924,1.47,7.515,50.865
262.467,7.367,7.265,41.519
238.565,1.389,7.733,43.261
223.812,8.389,6.52,18.048
387.595,5.965,7.696,26.291
263.384,9.382,6.404,49.778
158.359,8.66,6.982,7.307
129.079,0.749,6.169,35.916
18.874,1.373,8.048,21.827
291.598,6.012,7.346,18.29
114.981,5.183,8.428,15.513
74.067,1.686,8.356,14.879
326.915,1.294,8.496,16.883
340.605,5.64,6.253,38.039
376.077,0.489,7.516,11.044
251.788,8.737,7.019,89.807
447.027,8.071,7.332,50.294
468.171,7.854,6.772,50.973
403.685,0.16,6.12,21.898
317.797,0.476,7.769,86.848
151.86,5.498,8.415,82.985
491.472,9.944,7.331,4.39
137.068,3.423,6.824,73.508
101.328,3.444,8.346,19.243
221.077,1.343,6.912,56.006
28.42,6.743,8.286,87.181
489.247,6.467,8.139,93.471
294.217,1.013,7.322,19.261
278.476,4.674,7.692,94.018
327.898,6.671,7.751,7.889
248.512,4.935,7.603,91.023
16.032,6.744,6.402,77.46
306.156,8.163,7.732,91.469
358.087,6.858,6.008,37.248
208.375,6.161,7.775,94.137
378.648,8.536,7.387,82.033
113.501,9.006,6.649,33.504
110.638,3.889,8.009,34.554
80.708,1.732,7.013,36.364
185.997,8.179,7.214,59.29
423.506,2.138,6.069,19.008
413.956,9.29,7.003,43.916
191.412,0.229,6.418,7.698
294.559,9.213,6.69,36.473
360.408,5.892,6.63,67.007
120.603,7.747,6.115,59.357
84.071,3.985,7.151,32.337
486.048,9.917,7.306,26.463
308.779,2.276,7.428,33.383
490.708,2.643,7.156,7.885
168.878,0.514,8.174,26.5
351.516,9.405,6.094,71.097
111.302,4.56,7.535,18.696
130.6,6.749,8.165,14.685
255.951,6.874,6.103,84.76
159.809,8.745,7.241,24.419
83.811,6.649,7.473,25.859
131.44,5.62,6.477,46.841
17.874,7.103,6.631,47.719
352.212,7.51,7.964,19.434
246.058,1.859,7.418,56.058
47.122,1.097,6.789,69.878
85.847,0.748,7.912,48.965
51.267,3.741,7.867,89.648
306.296,4.98,6.864,99.168
47.105,6.156,7.222,53.332
377.141,9.58,7.661,97.297
10.255,3.308,6.858,65.002
124.688,7.609,7.573,53.352
445.333,5.314,6.628,87.132
359.266,2.201,6.73,96.683
36.484,6.153,6.777,99.902
410.563,9.672,8.34,76.158
246.518,1.243,8.084,49.045
423.392,5.073,7.413,30.308
300.37,0.516,7.41,56.24
340.917,3.212,6.14,77.975
496.751,6.206,7.624,3.656
116.168,8.411,6.82,27.497
311.973,7.303,7.531,36.106
230.161,4.629,8.101,78.215
19.726,9.092,6.114,61.742
7.235,3.027,7.518,43.145
59.614,7.54,7.411,92.007
324.546,4.74,6.517,54.276
283.582,8.986,7.616,72.667
276.715,7.974,7.387,65.892
15.928,9.015,7.918,85.992
234.651,2.142,6.277,81.425
462.311,6.682,7.109,98.914
198.796,7.385,8.495,38.54
312.461,7.424,7.723,17.322
389.909,5.04,7.711,76.222
391.963,0.113,6.795,87.597
259.64,2.614,6.235,6.383
428.976,3.233,8.374,33.955
195.689,8.52,6.264,80.912
444.347,8.409,8.482,68.66
120.114,1.047,6.314,75.775
140.108,9.498,6.427,54.777
26.56,1.825,6.771,38.802
397.791,4.144,7.281,81.328
208.528,2.152,7.976,55.899
114.558,8.603,8.428,51.987
115.895,7.494,6.897,73.75
450.7,3.535,6.051,19.896
416.958,6.819,7.542,59.014
276.765,1.844,7.777,31.137
308.055,3.823,6.994,3.123
237.163,3.771,6.459,75.138
195.833,2.379,6.765,47.994
457.738,8.763,7.639,90.421
62.806,6.788,7.235,50.516
209.223,2.799,7.859,2.009
172.281,2.421,6.545,41.466
249.075,0.18,8.105,17.936
228.816,3.466,6.39,92.187
259.445,5.268,6.825,45.134
69.959,2.777,7.478,51.559
256.571,7.005,7.842,37.184
121.209,4.117,6.665,52.7
92.166,3.163,8.37,9.196
32.417,9.391,7.765,46.415
381.326,2.628,6.544,66.681
213.721,3.983,7.814,37.853
313.322,3.823,7.741,39.874
363.797,2.412,7.882,83.905
339.658,2.175,8.29,54.126
235.25,3.024,7.779,59.177
193.949,8.642,6.88,30.385
187.98,7.671,7.976,48.815
320.024,6.81,7.74,6.342
247.397,4.571,7.436,43.599
424.566,5.078,6.885,80.467
437.351,2.671,8.303,16.984
85.28,0.743,7.282,76.683
68.117,3.31,7.57,38.047
315.2,4.956,7.038,3.679
150.613,0.573,7.952,95.368
9.285,0.882,6.853,18.954
444.321,2.63,8.027,34.142
113.45,3.671,6.27,48.592
464.64,3.933,7.772,94.995
358.717,1.179,7.192,58.536
381.327,2.258,7.747,90.629
100.731,2.616,7.328,56.882
117.097,0.676,6.336,21.334
260.634,3.261,7.192,56.873
86.05,0.722,8.411,10.944
152.716,7.035,7.887,12.589
160.731,3.86,6.75,12.451
79.815,3.268,8.36,2.213
102.591,1.265,7.947,15.977
394.276,2.265,6.911,35.945
83.598,2.327,7.509,8.14
14.229,9.852,7.067,1.61
314.677,8.353,6.242,12.115
487.992,0.153,8.015,93.67
165.607,6.168,6.478,53.038
59.328,2.559,7.145,44.067
285.194,1.044,7.757,49.229
453.177,7.056,8.331,55.926
392.031,1.316,6.157,11.675
311.258,4.437,6.983,58.891
157.528,6.322,7.537,83.588
270.94,5.545,7.948,56.504
45.622,9.776,8.302,88.422
339.473,7.857,6.001,14.685
362.548,7.742,7.569,82.763
482.516,3.556,6.017,66.599
130.199,0.084,7.968,60.764
9.228,7.344,6.374,59.289
272.804,9.997,8.237,12.776
353.395,4.059,6.388,64.552
395.204,9.855,7.911,40.479
96.869,1.417,6.723,7.262
130.876,2.965,7.393,21.32
256.295,1.707,7.521,44.815
165.3,4.752,6.517,99.305
430.256,7.97,6.747,43.636
236.88,3.407,6.269,15.828
399.789,9.062,6.013,90.269
290.31,5.448,6.599,4.489
386.545,4.654,7.29,13.546
166.336,7.87,7.784,47.899
415.708,1.014,7.984,10.185
137.286,7.738,6.174,57.587
273.049,2.43,6.681,16.619
107.004,2.808,7.926,65.435
237.763,5.995,7.202,12.649
159.088,9.019,6.455,81.2
133.352,5.784,6.981,73.649
483.493,6.489,6.675,92.615
80.037,7.766,6.127,7.773
393.663,2.593,7.909,55.974
492.082,8.272,6.729,71.177
9.951,4.18,8.363,90.364
349.514,1.757,8.22,48.723
126.456,3.501,7.791,95.18
20.244,2.461,6.817,13.125
201.445,2.287,6.7,43.89
467.609,2.826,7.188,26.064
5.883,1.809,6.887,16.383
293.943,6.677,8.253,29.391
250.698,5.8,6.309,66.807
436.692,6.484,7.811,48.837
42.001,3.437,7.527,18.973
340.763,7.697,8.016,4.14
340.055,1.296,7.356,92.426
334.54,5.711,7.574,32.099
471.167,2.755,8.407,13.631
411.544,5.276,6.23,15.469
20.986,3.236,6.262,26.089
235.541,7.905,6.984,23.85
198.977,8.913,7.182,28.675
155.074,7.426,6.5,23.325
225.668,1.756,6.207,43.634
192.097,2.749,6.055,76.795
216.167,9.194,7.911,3.691
489.631,4.372,7.213,19.856
44.316,9.412,8.109,71.487
461.115,3.925,6.902,15.739
240.118,9.518,7.759,74.392
311.871,9.257,7.221,51.966
415.091,6.605,7.53,88.28
180.232,0.088,6.925,2.006
215.211,4.003,6.203,78.651
204.759,9.112,8.368,57.649
187.366,8.851,8.09,47.419
462.765,1.874,6.78,15.426
414.465,3.992,8.397,24.172
54.5,8.355,6.751,78.817
54.062,5.779,7.107,15.752
213.935,8.473,7.888,53.207
49.329,8.266,6.773,21.555
309.547,9.075,6.811,49.438
71.846,1.172,7.025,26.219
261.187,1.452,7.171,35.76
3.61,0.828,6.309,80.442
158.298,9.353,6.044,4.675
338.595,4.752,8.298,92.506
242.019,0.643,6.883,32.619
489.135,3.215,6.254,60.008
437.052,3.514,7.898,22.954
179.535,8.096,6.738,36.515
22.743,7.355,6.454,46.507
422.813,6.894,8.407,69.186
455.617,0.219,8.301,87.436
410.314,9.107,6.264,86.747
63.975,2.156,8.248,34.364
498.958,6.291,8.227,9.782
129.292,0.618,7.586,92.577
362.102,0.815,7.324,4.039
454.017,0.096,6.544,88.225
117.844,5.659,6.303,3.556
454.129,6.294,7.516,97.685
154.741,0.505,8.055,2.104
488.207,2.905,7.722,2.683
140.63,8.515,6.452,51.362
476.718,1.013,6.725,67.01
26.772,2.165,7.366,35.925
354.636,4.244,7.562,60.984
266.056,8.423,6.181,84.74
238.939,2.548,7.535,79.763
111.747,9.971,7.841,88.524
352.798,3.553,6.453,16.757
95.405,3.864,6.616,23.239
276.421,1.221,6.647,59.184
126.623,6.802,8.35,72.643
477.811,2.435,7.018,11.629
14.316,6.289,7.326,18.388
99.864,2.232,7.811,92.37
121.155,3.879,6.929,3.558
207.034,8.567,6.264,40.778
116.365,7.389,7.636,21.875
245.675,1.546,7.668,77.658
436.233,6.077,6.651,86.495
356.032,6.286,6.088,25.452
289.981,0.906,7.663,59.398
44.502,4.658,7.759,84.478
346.996,2.607,6.065,60.252
83.207,4.671,7.733,60.47
393.184,7.771,8.347,41.874
125.028,1.583,6.447,65.649
208.524,1.233,7.303,96.073
175.235,2.693,7.742,30.663
429.407,9.523,6.575,20.859
63.272,7.478,7.879,95.856
282.822,0.195,8.17,6.957
71.031,4.01,8.036,84.151
352.398,2.574,6.647,91.07
452.539,6.381,8.011,22.723
217.304,4.593,7.033,43.145
244.046,9.645,6.666,13.18
463.711,2.19,6.42,37.33
260.496,5.879,8.272,46.275
243.799,7.002,7.067,51.447
289.165,8.256,8.164,13.123
344.615,4.07,6.399,40.958
53.442,6.869,7.917,62.889
410.555,3.032,6.275,50.514
217.753,4.355,6.044,84.301
36.174,8.956,8.488,95.156
393.091,9.499,6.184,81.869
188.475,7.188,7.154,5.691
50.184,3.744,8.196,22.253
316.89,8.201,8.048,9.673
440.066,0.259,7.178,43.949
443.877,1.027,7.527,72.656
478.832,6.614,7.574,4.203
433.853,2.912,6.275,27.438
1.07,9.514,6.712,10.296
190.121,4.361,6.752,41.601
409.271,4.294,6.945,92.608
183.127,6.781,6.685,41.871
300.774,7.676,6.629,63.839
303.158,4.756,6.887,39.315
182.513,2.14,6.948,73.414
452.237,7.733,7.218,74.56
251.614,3.204,6.434,14.667
232.392,1.751,7.971,65.667
498.757,6.316,8.152,39.249
246.75,0.905,6.62,86.115
89.199,9.714,6.308,16.624
256.535,6.324,7.806,89.846
407.008,9.859,8.311,51.641
388.43,3.389,6.088,26.296
394.291,9.712,6.036,34.132
354.012,1.456,6.459,1.496
127.109,0.407,7.712,95.041
431.042,0.33,8.412,23.273
446.722,4.649,7.876,91.064
97.076,0.83,7.433,85.443
65.228,5.122,7.751,35.559
487.802,3.275,6.577,21.88
434.162,3.356,7.721,43.234
446.618,6.356,6.804,93.423
443.188,1.631,6.556,85.657
270.843,7.666,6.591,49.373
323.201,5.82,7.669,55.009
272.681,9.149,7.918,41.456
25.603,3.648,7.455,94.531
372.752,9.827,6.16,98.903
252.666,5.758,6.095,29.626
323.855,9.734,6.543,95.022
251.32,0.271,6.716,95.092
245.906,7.28,7.012,47.871
85.895,8.166,6.19,42.075
139.357,0.532,7.813,87.061
79.426,5.79,7.779,94.363
97.833,8.019,6.867,40.836
486.489,5.61,7.408,49.728
76.557,0.638,6.252,34.089
134.635,6.934,7.038,21.685
295.295,0.606,8.144,99.625
305.089,8.175,7.652,19.694
76.987,0.43,6.26,81.604
396.859,1.374,8.119,42.638
392.601,2.751,7.702,9.283
118.659,6.334,7.133,33.168
144.333,9.764,7.73,9.23
468.994,1.178,6.432,98.213
412.836,1.427,7.376,27.255
348.899,3.689,7.545,74.858
41.117,8.362,8.319,43.136
209.132,4.672,6.167,68.263
279.651,3.216,6.937,26.252
93.706,5.612,8.342,10.32
224.113,2.605,6.543,81.046
300.513,4.012,8.033,71.955
163.688,3.326,6.004,11.831
390.472,8.041,6.065,73.364
420.225,9.243,6.819,60.166
161.805,7.596,7.921,17.977
419.329,4.391,6.26,82.735
51.788,5.043,6.957,70.191
418.865,1.251,6.329,51.175
76.375,7.469,6.559,18.685
41.464,5.965,7.257,54.476
320.888,9.024,6.798,17.108
235.969,2.006,6.53,19.211
453.945,7.597,6.984,24.893
181.595,6.847,7.753,65.797
143.576,2.658,6.299,68.286
250.367,6.674,7.199,8.203
227.973,9.244,6.687,65.439
172.214,9.184,6.947,4.425
346.871,7.196,8.054,90.594
379.781,0.481,8.324,78.088
426.492,8.723,6.607,72.715
486.428,6.578,7.575,24.682
133.328,3.104,7.692,98.768
358.047,1.873,8.106,92.507
197.129,1.162,8.248,49.502
338.541,0.502,7.17,4.434
237.991,7.541,8.456,51.628
496.887,2.358,8.427,16.244
364.451,0.243,7.266,59.677
476.246,3.973,7.355,98.672
417.485,4.826,7.669,75.935
451.451,1.692,6.935,32.904
407.21,0.44,7.655,40.022
229.58,1.891,7.286,94.513
125.894,6.791,6.089,11.906
185.16,0.822,8.132,89.126
10.118,5.55,8.351,8.379
261.997,1.464,6.066,42.051
252.529,1.957,7.973,74.8
262.625,3.931,6.965,40.112
487.016,1.008,7.464,57.541
455.727,1.732,7.25,49.587
80.856,3.49,7.378,60.86
184.441,3.297,7.238,17.923
211.978,7.493,8.133,58.231
180.266,0.748,7.709,98.739
399.248,8.605,7.032,20.195
262.019,8.162,7.721,7.628
286.05,7.66,8.413,39.787
426.507,3.094,6.201,38.062
402.964,8.229,6.97,13.448
66.106,1.828,8.176,57.576
356.957,1.244,7.848,44.322
217.718,0.45,8.337,83.852
147.324,9.393,6.1,42.873
25.009,3.08,8.157,98.581
243.625,9.176,7.979,78.205
177.718,2.726,8.038,49.258
125.757,9.076,7.493,55.667
347.336,9.039,6.13,86.808
384.743,9.237,7.348,77.641
122.395,4.962,7.019,66.116
24.724,8.659,7.318,27.414
424.376,9.508,7.851,41.624
4.98,3.246,7.49,78.931
468.556,4.189,6.731,63.119
313.81,7.192,7.499,95.693
160.923,3.004,6.208,87.416
123.239,7.538,6.013,43.282
4.503,0.739,7.004,30.088
117.736,5.235,7.893,13.283
68.864,1.223,8.057,41.355
306.083,2.933,7.375,23.442
83.273,2.586,8.17,2.654
264.315,8.389,6.315,14.683
295.058,1.935,8.41,45.848
149.021,8.084,8.304,89.349
17.532,7.94,7.498,32.775
18.627,4.989,6.147,44.671
13.174,2.338,7.136,39.023
369.562,2.269,6.448,37.529
159.005,4.649,7.571,72.541
398.15,0.088,6.475,51.097
215.866,5.314,7.204,41.436
226.499,9.528,6.514,94.389
256.441,1.547,6.455,28.352
356.516,5.733,6.62,83.452
136.751,9.618,6.073,51.986
60.794,8.605,7.79,44.727
278.029,8.504,6.767,7.234
163.489,8.218,7.745,85.991
221.246,3.09,7.634,27.796
323.473,8.906,6.165,68.256
247.063,9.413,6.78,87.573
310.139,4.958,7.417,54.078
272.1,3.546,8.296,64.426
369.898,4.142,7.003,34.678
352.968,3.342,7.262,72.927
267.095,2.124,7.875,66.004
339.452,6.184,8.008,45.034
436.78,5.626,8.308,63.826
216.136,4.626,7.243,27.003
206.382,0.958,6.485,66.124
382.123,7.969,7.911,67.601
291.277,1.749,6.314,45.044
35.503,1.146,7.046,25.688
446.056,6.231,7.571,80.504
15.392,3.986,7.73,75.659
374.198,0.598,7.833,6.652
379.397,3.556,6.484,49.933
476.556,7.718,8.454,10.119
27.067,6.152,6.446,32.637
298.428,3.628,6.24,42.802
213.92,1.918,7.66,18.512
165.316,6.318,8.275,47.421
45.159,8.876,7.398,70.916
281.327,6.463,7.489,44.26
239.52,8.129,7.346,24.18
52.277,5.215,6.107,42.067
306.245,7.18,7.703,59.648
368.977,8.962,6.895,93.703
383.639,7.732,8.339,50.445
452.687,9.099,6.467,88.898
204.735,4.311,6.755,98.471
476.536,9.042,7.262,56.343
432.715,6.216,7.193,15.56
148.251,8.7,7.001,87.656
79.642,0.394,6.786,86.373
217.695,6.579,6.368,86.987
200.949,8.48,8.052,95.104
287.86,1.742,7.122,28.367
291.693,6.618,7.432,34.01
374.993,8.25,7.366,69.023
254.945,2.879,7.439,56.826
52.411,4.052,7.762,86.969
429.146,5.695,7.573,26.196
154.882,5.192,6.685,66.183
485.649,0.392,7.384,94.101
58.93,0.987,6.611,22.371
479.126,1.005,7.472,31.381
45.506,2.623,7.08,41.334
115.518,2.459,6.099,9.622
23.29,7.422,7.835,18.51
352.557,5.727,6.687,38.827
425.149,7.64,8.3,8.365
217.036,0.699,6.701,36.902
464.261,4.852,8.492,25.17
295.15,3.238,7.157,86.587
315.004,8.499,6.066,61.241
422.71,7.078,6.191,89.951
148.4,8.693,6.205,21.086
177.133,0.464,6.141,9.084
452.976,7.208,6.669,36.051
450.482,5.4,6.811,6.586
488.241,8.25,6.278,88.468
450.919,5.072,7.095,19.627
63.686,5.402,6.913,14.966
411.862,0.518,7.591,78.99
204.919,6.685,6.49,71.528
495.401,2.731,8.285,6.639
236.14,0.197,7.29,51.447
276.918,0.664,7.559,45.436
264.887,9.573,6.099,39.299
160.869,3.461,7.398,13.543
37.511,8.681,6.92,78.948
447.826,9.597,8.31,24.756
401.338,9.433,8.214,46.365
69.763,8.817,7.594,88.225
388.384,8.948,7.92,32.506
312.923,2.89,7.611,4.537
204.572,1.515,6.042,89.024
127.011,6.393,7.758,49.895
429.864,4.881,6.443,50.209
350.094,0.987,7.706,55.59
273.87,6.775,6.026,18.813
304.784,5.629,6.777,71.774
45.533,8.631,7.292,23.907
236.96,6.092,6.833,30.814
96.85,5.739,7.735,63.488
104.192,4.408,7.307,75.226
330.652,4.628,8.399,73.331
455.628,9.544,6.895,9.232
201.878,1.384,7.805,75.703
103.875,4.462,8.09,66.61
324.373,6.558,6.634,60.905
435.594,4.33,7.885,96.721
374.159,2.832,6.983,35.336
434.379,2.874,6.322,68.626
268.277,2.337,6.009,57.75
375.938,3.439,7.859,39.408
70.032,8.717,6.466,79.036
174.137,5.052,6.128,40.912
194.775,2.402,7.243,56.297
255.648,3.845,6.867,56.502
464.538,1.058,7.73,51.621
437.148,9.04,6.268,46.283
67.263,4.082,6.332,17.61
86.395,9.804,7.01,24.844
178.82,3.475,7.301,13.227
145.372,8.364,8.06,72.626
307.385,2.564,7.464,74.685
451.388,0.762,8.256,64.214
481.146,0.317,6.544,91.847
326.801,6.062,7.491,27.231
419.08,3.116,7.638,82.281
262.601,4.435,7.815,19.398
104.163,8.186,8.472,7.714
262.344,2.481,7.17,1.013
277.541,3.087,6.923,58.483
371.229,8.453,8.131,78.095
109.941,4.928,6.442,82.476
184.155,8.277,6.093,47.595
182.014,3.745,7.109,6.813
479.72,3.984,6.618,4.54
221.972,1.671,6.991,91.818
377.547,9.163,8.465,10.201
375.406,8.968,6.871,78.682
132.772,9.842,7.77,7.887
285.935,4.024,6.626,19.151
447.151,8.186,6.759,17.124
237.599,4.15,6.608,28.434
472.559,4.543,7.43,41.157
107.229,8.3,6.565,13.348
37.08,1.774,7.796,97.343
445.727,2.203,7.701,1.198
423.841,3.147,7.053,77.44
496.295,7.882,6.064,53.124
339.697,3.727,6.057,9.472
468.344,3.582,7.332,12.883
413.475,9.988,8.098,59.41
422.213,3.838,7.497,32.21
284.571,2.478,7.089,45.569
191.182,6.232,8.205,55.37
467.279,8.019,6.492,57.761
216.059,0.696,6.899,58.678
269.41,6.189,7.413,7.935
223.057,0.357,6.729,74.307
282.409,5.263,8.494,30.057
235.253,2.57,7.131,12.329
23.984,3.066,6.129,11.118
441.024,4.671,6.44,24.465
222.197,9.271,7.331,63.239
294.472,7.107,7.375,47.72
69.594,9.368,8.46,11.6
1.694,6.6,7.5,4.203
122.645,0.071,7.667,3.442
352.293,2.656,6.534,42.688
49.597,9.058,6.267,79.026
454.444,6.434,7.505,57.789
107.511,9.816,8.162,81.158
102.297,1.56,7.468,32.619
90.754,2.967,7.107,14.894
6.991,3.624,7.446,80.497
385.903,3.266,7.172,73.056
437.517,2.52,6.355,59.322
307.081,4.435,7.853,88.888
94.1,6.423,7.333,63.437
142.639,3.113,6.998,53.056
237.963,0.797,7.399,50.729
477.173,7.085,6.603,62.12
123.676,4.59,7.07,52.146
365.823,5.565,7.556,27.997
219.724,4.554,6.565,95.433
148.924,8.904,7.872,95.848
227.958,5.587,7.303,17.518
35.603,9.233,8.154,53.529
399.344,5.106,8.118,79.172
121.651,2.926,7.236,6.423
362.706,3.554,6.489,13.233
34.174,5.221,7.842,54.944
477.549,5.3,7.047,3.806
96.507,6.873,7.487,83.466
441.371,2.245,6.268,87.443
404.737,6.588,7.579,73.895
483.93,7.786,6.934,82.414
238.945,6.766,6.835,67.5
363.699,4.818,8.45,15.045
185.355,9.917,7.081,3.956
92.184,4.048,7.695,84.96
221.538,1.066,7.569,71.009
82.875,8.215,6.261,40.448
491.022,2.122,7.87,79.887
48.123,7.133,6.808,6.275
294.606,1.79,7.997,32.589
313.232,0.169,7.519,34.843
269.04,1.598,6.793,11.383
331.093,3.77,6.891,74.428
58.09,1.066,7.829,77.975
277.509,1.977,7.375,58.734
143.606,7.646,7.671,42.368
470.088,7.699,6.396,61.098
381.036,8.175,7.967,89.94
486.257,8.412,6.801,36.417
18.778,4.204,7.55,34.09
142.567,8.675,6.287,62.65
97.711,5.259,6.804,68.68
5.577,4.706,7.622,46.317
121.163,7.185,6.686,86.097
339.388,2.138,8.201,35.877
115.544,7.895,7.653,64.451
254.502,4.295,8.176,67.112
443.909,1.273,6.988,30.187
346.879,1.193,6.085,2.866
197.315,1.649,7.44,82.835
186.234,8.906,6.848,48.759
227.868,9.909,7.12,10.45
88.521,3.57,7.703,95.798
317,2.921,7.752,30.346
182.076,2.188,6.069,47.972
426.183,8.238,7.923,48.923
378.276,2.092,7.234,37.709
305.257,9.241,7.392,16.007
182.101,6.674,6.745,70.725
104.966,8.971,7.052,20.353
388.076,5.54,7.776,68.55
243.205,6.907,7.942,80.409
112.375,6.195,6.968,3.29
97.587,8.312,7.728,73.447
82.7,8.359,6.645,64.165
388.581,5.898,8.08,20.382
114.494,6.325,7.525,62.399
263.321,9.219,7.938,42.656
225.773,9.299,7.193,9.375
289.805,6.642,6.573,52.845
438.577,0.078,7.073,97.355
433.874,1.044,6.954,65.232
225.538,8.579,6.832,33.724
7.683,0.847,6.53,56.787
213.222,2.135,7.898,74.042
303.097,2.305,6.216,16.468
278.882,6.002,8.219,53.354
325.668,5.766,6.438,51.18
77.038,2.894,8.45,38.279
323.268,2.076,8.471,74.959
91.326,7.645,6.996,56.936
375.262,9.355,8.47,70.191
169.544,0.528,8.173,60
354.948,1.332,6.206,78.313
23.933,6.422,8.368,63.759
203.93,8.044,6.106,68.096
352.517,7.912,6.455,23.324
113.435,7.197,7.461,84.741
397.644,8.874,6.202,16.382
315.39,2.173,6.404,34.642
293.781,1.073,8.384,89.051
176.774,6.154,8.487,11.75
241.226,8.223,7.995,86.801
298.675,5.82,7.288,48.061
236.231,9.63,8.251,19.175
349.157,7.956,6.28,73.982
216.848,7.008,8.357,29.104
101.137,0.603,6.879,68.113
106.967,1.077,8.154,79.299
2.902,7.848,7.671,57.364
150.479,1.982,8.401,78.814
374.459,0.288,8.162,93.57
397.081,9.108,8.22,55.49
101.234,8.908,7.579,16.084
479.522,2.185,8.083,71.251
251.201,7.802,7.893,41.597
458.489,0.48,6.404,53.599
353.383,2.851,7.621,63.055
361.217,6.237,6.37,72.032
42.522,7.632,8.174,64.339
109.996,0.104,6.165,24.054
4.407,3.262,8.468,75.068
358.064,2.143,7.002,80.927
172.219,9.988,6.427,4.73
393.326,6.71,8.339,31.506
169.468,4.057,6.114,97.802
409.667,0.757,7.175,18.595
65.349,5.987,7.926,19.099
86.687,6.417,6.792,59.541
170.438,8.164,7.322,34.478
204.244,2.886,7.751,66.055
174.351,9.814,8.38,27.002
381.824,4.395,6.257,43.174
48.476,2.959,6.393,99.845
175.609,3.484,7.272,37.971
418.62,5.196,7.046,9.53
33.399,9.367,7.027,74.501
471.172,7.352,6.742,59.269
493.158,5.771,7.402,45.013
44.284,1.628,8.208,90.963
145.636,1.494,6.402,15.516
186.2,5.022,6.538,49.484
388.196,7.287,7.677,19.987
297.963,7.51,6.14,9.266
322.183,2.259,7.684,44.793
378.755,1.001,6.786,94.787
58.989,3.845,6.895,72.485
416.605,9.182,7.014,24.217
352.81,5.454,6.874,46.8
288.671,3.201,8.103,79.948
444.868,3.236,8.365,20.346
350.153,1.321,7.37,21.166
100.85,4.732,7.455,18.922
214.873,7.914,6.176,61.137
247.021,9.686,7.783,3.866
27.609,5.016,7.46,59.175
477.319,1.672,6.126,82.712
64.289,6.83,6.496,78.483
348.731,7.568,6.505,67.016
253.116,0.717,6.427,22.73
12.816,8.501,7.647,81.825
462.374,8.293,8.321,95.789
425.918,4.725,7.907,19.194
262.129,5.604,7.193,91.122
114.471,7.134,7.01,85.446
60.811,6.767,6.966,97.949
181.696,0.165,7.503,32.608
127.714,1.224,6.898,93.473
253.346,1.626,6.565,18.772
483.205,7.557,7.507,18.343
287.477,4.401,6.977,11.592
444.966,5.455,6.035,43.349
325.439,7.727,6.056,2.206
237.623,3.41,6.685,38.753
427.304,7.489,7.281,62.967
235.684,4.423,6.886,8.748
434.314,3.772,6.06,82.029
145.788,3.33,6.558,29.979
64.407,9.649,6.241,5.599
427.657,7.72,8.372,38.087
293.708,0.202,6.782,14.705
444.546,9.574,6.037,79.733
468.914,7.754,7.651,34.067
26.814,1.492,6.581,12.585
250.485,0.763,7.417,45.912
187.482,3.082,6.377,45.746
312.929,6.242,8.46,28.285
396.796,6.165,8.426,33.373
140.295,2.759,7.64,77.115
278.399,4.457,7.768,64.234
354.364,2.119,7.065,22.251
67.216,0.506,8.405,94.87
407.033,5.17,7.059,31.168
303.055,3.47,6.599,53.81
474.769,5.429,6.288,57.541
169.764,9.465,6.52,22.153
54.073,1.434,7.431,29.831
253.251,0.02,6.613,48.589
42.905,0.769,7.636,26.376
484.763,4.627,6.955,31.257
19.342,7.069,8.217,61.702
376.752,5.808,7.396,73.642
262.551,4.949,7.557,80.297
184.31,3.54,7.391,13.05
32.921,3.1,8.214,73.963
311.083,3.763,6.159,93.7
292.61,6.116,6.168,58.493
140.442,1.678,7.754,60.863
455.111,7.714,7.92,95.577
152.055,5.753,7.084,87.074
224.863,2.692,6.881,56.209
271.881,5.012,6.695,76.819
50.116,9.628,6.586,18.909
466.081,0.205,8.28,41.898
187.268,1.995,6.738,71.826
40.39,4.484,7.62,29.57
193.646,6.384,7.968,45.936
300.101,2.122,6.055,18.1
256.826,9.314,6.085,89.883
347.271,6.426,6.833,89.671
27.742,8.774,7.74,48.358
142.27,3.293,6.652,20.009
409.615,8.29,6.004,68.242
39.947,3.782,6.72,22.14
427.743,2.528,6.225,23.631
45.948,9.117,6.549,97.233
417.227,0.922,6.833,10.855
180.394,9.429,6.32,38.545
306.105,4.585,7.766,55.933
76.444,9.926,6.64,11.671
33.084,5.396,7.653,4.855
107.969,7.575,7.498,54.691
63.927,0.071,8.245,12.341
156.203,4.967,6.22,25.866
257.192,7.375,6.537,50.23
294.38,7.828,8.163,35.402
394.934,1.58,8.055,71.345
328.12,4.19,6.48,96.283
304.379,4.191,6.269,75.566
205.891,1.036,8.141,99.999
236.904,4.43,6.445,39.502
207.26,8.071,8.178,31.219
421.083,3.002,8.403,22.046
115,4.326,6.552,88.603
2.86,9.61,8.101,39.604
325.66,0.317,7.06,71.383
101.231,5.915,7.972,67.803
445.058,7.434,7.018,6.65
429.523,7.609,6.176,88.085
38.364,7.159,7.782,49.167
53.194,7.265,6.377,23.131
247.586,0.59,8.318,97.93
304.611,5.341,7.044,75.562
137.454,7.83,6.205,62.057
358.399,0.941,6.571,98.849
297.458,0.12,8.156,75.902
162.412,8.146,6.803,12.993
12.686,7.123,8.141,99.124
375.075,4.122,6.431,60.163
107.377,9.404,7.171,30.644
417.237,7.666,8.196,81.935
210.145,9.679,6.121,5.744
288.539,9.293,6.761,65.782
436.474,4.813,8.275,16.768
431.812,7.547,7.491,9.667
185.76,6.692,7.791,36.044
104.444,8.114,8.105,36.28
387.573,7.877,7.309,60.452
216.54,1.532,8.113,56.978
96.021,2.337,7.597,69.107
452.213,2.657,7.714,18.237
99.052,8.185,6.382,87.215
12.904,8.107,8.348,86.009
10.14,4.953,7.99,22.411
311.158,5.808,6.635,47.884
330.838,8.269,7.45,49.314
155.521,3.126,6.941,92.203
160.005,0.502,7.651,90.656
169.747,4.826,8.484,7.679
340.079,9.137,6.114,95.845
29.067,7.905,8.381,7.788
464.558,3.666,6.181,55.408
111.261,0.648,7.152,31.848
499.837,6.369,7.205,39.656
85.761,8.345,6.672,63.045
385.773,6.649,7.417,58.798
111.706,4.251,8.085,17.581
40.423,1.234,6.735,97.008
437.467,9.108,6.176,3.841
429.376,2.76,7.581,34.994
201.785,2.243,7.879,80.337
351.198,8.16,8.386,85.243
278.533,9.812,6.399,79.932
426.478,6.602,8.253,37.877
157.528,6.248,7.205,67.667
261.836,3.194,6.589,76.666
242.686,0.204,8.407,58.217
176.953,1.918,6.596,68.223
445.728,5.844,7.834,55.809
82.939,1.513,7.962,6.44
74.754,8.838,7.076,28.055
288.455,1.881,7.725,70.562
328.747,5.221,7.431,24.912
97.31,5.12,6.48,46.091
195.359,6.039,7.9,53.927
473.282,3.274,8.32,67.426
123.309,8.735,7.222,26.655
334.18,4.443,8.486,59.926
370.075,7.002,7.07,60.054
224.064,6.359,7.199,84.657
468.763,1.172,7.685,55.653
368.328,6.226,6.464,30.213
228.962,5.507,8.255,52.748
284.668,8.986,8.003,11.62
346.307,8.809,8.181,61.167
296.095,1.51,7.524,91.697
439.349,0.817,8.209,53.451
178.444,2.946,7.7,29.925
149.943,9.866,7.279,41.147
106.919,0.216,8.329,90.284
18.891,6.729,7.099,81.494
21.507,6.085,7.251,80.514
435.028,6.466,6.424,56.844
339.197,2.183,8.369,40.245
330.266,2.267,6.553,14.111
307.321,4.306,6.504,97.586
424.61,0.959,6.253,18.731
240.133,0.746,7.133,25.96
435.205,0.884,6.684,76.662
179.723,5.73,7.852,35.724
463.354,3.977,6.769,58.803
349.328,2.936,7.802,76.403
128.589,3.158,6.49,56.056
282.042,2.073,6.575,49.581
266.515,4.115,8.015,6.02
68.949,2.031,6.928,49.278
295.621,6.98,6.279,46.048
157.393,1.239,8.404,88.171
26.174,9.482,6.443,45.292
474.328,0.898,6.375,63.364
320.745,9.435,6.896,77.6
438.459,8.333,6.239,47.304
338.028,6.807,6.389,26.825
178.492,9.123,8.116,89.501
256.344,1.392,6.429,89.656
337.873,1.763,6.279,90.084
480.126,2.522,8.2,28.005
126.835,2.448,7.109,32.23
437.489,3.108,6.393,91.961
462.039,5.756,7.454,13.453
335.208,0.282,6.104,65.932
465.633,3.823,7.068,29.939
198.939,2.464,7.476,72.409
476.508,6.066,8.393,83.533
351.391,9.852,6.816,41.403
21.003,5.177,7.913,15.965
453.436,4.257,6.332,73.491
242.236,3.682,7.084,6.517
230.163,7.849,6.558,2.484
283.233,0.72,7.231,87.842
74.692,9.598,7.043,81.864
234.583,4.179,8.449,58.614
415.564,3.137,8.294,66.872
7.741,9.741,7.456,95.308
136.459,9.359,6.441,7.214
1.227,6.419,7.392,22.443
207.856,0.185,7.98,73.191
364.158,7.485,6.095,27.14
399.386,3.356,7.085,21.519
472.595,3.883,6.107,44.778
304.252,1.587,6.61,72.646
127.313,5.235,6.23,21.842
462.074,7.446,8.401,43.525
387.658,2.73,6.422,52.363
287.214,9.387,6.375,18.05
347.82,1.947,8.43,48.202
462.158,0.663,7.29,86.722
356.197,6.444,7.895,74.86
184.187,8.493,6.818,50.841
356.514,9.531,7.332,13.403
20.139,7.672,6.017,3.312
193.208,1.997,7.022,7.657
203.162,9.777,7.388,75.271
83.419,9.194,7.286,70.733
11.543,1.632,7.015,74.86
66.691,5.588,7.97,31.414
327.311,5.555,7.254,9.903
401.144,4.425,7.59,71.719
494.102,9.843,6.462,92.324
173.182,0.596,8.154,45.767
299.69,6.272,6.907,76.667
468.572,2.053,7.205,73.079
83.521,5.273,6.88,85.515
358.823,7.797,8.23,3.81
377.489,2.467,8.252,95.575
44.488,3.934,6.561,86.67
430.625,9.508,7.882,87.772
406.553,7.615,6.257,99.639
16.702,5.727,6.075,64.308
45.542,2.22,8.091,9.086
24.563,4.253,6.328,82.457
167.372,7.741,6.387,14.353
254.644,8.205,7.516,74.051
266.174,2.446,8.042,42.978
133.833,6.621,6.474,1.655
455.798,0.95,6.285,44.142
184.131,0.232,6.193,79.87
22.775,5.487,6.062,9.652
150.114,2.244,6.291,1.219
265.555,0.789,8.357,45.823
204.111,7.298,6.238,1.148
136.921,4.98,7.494,93.539
65.662,7.963,8.302,82.661
409.582,6.639,7.57,63.382
498.073,7.298,6.082,2.714
164.771,3.074,7.491,57.412
190.811,2.633,8.258,67.438
309.019,6.009,6.806,59.157
359.221,2.001,6.784,94.742
196.015,8.154,6.622,83.303
452.465,5.229,7.264,37.144
280.002,2.27,6.595,69.785
225.195,6.252,7.809,46.653
323.336,9.45,7.612,92.906
476.402,0.821,7.002,62.195
397.276,1.093,7.806,58.625
20.007,8.438,6.246,50.569
166.155,1.096,7.874,38.396
235.272,0.394,7.507,15.658
157.259,3.479,7.575,28.119
350.094,4.667,6.162,33.918
413.135,5.694,7.545,16.248
365.673,5.073,7.235,81.459
494.667,9.132,7.215,1.22
136.274,7.687,6.805,91.661
437.495,9.838,6.019,13.7
383.311,4.765,7.057,6.046
181.089,0.843,7.002,99.524
367.062,9.555,7.057,99.98
52.038,0.041,7.53,19.984
394.667,7.761,6.75,14.246
266.165,0.313,6.673,20.58
146.145,7.612,7.244,51.621
327.889,9.379,7.481,32.797
320.81,3.893,7.418,34.3
104.743,2.41,8.204,81.147
15.199,2.263,7.923,89.129
216.811,4.917,6.13,97.013
284.756,1.709,7.409,51.959
438.303,6.729,7.045,25.367
464.108,3.684,6.903,55.937
264.403,3.231,8.395,87.234
376.902,4.613,7.142,4.06
219.652,5.426,7.799,91.213
373.041,1.419,8.418,23.428
102.401,7.078,6.378,31.74
185.532,8.829,6.137,37.041
317.114,2.78,6.784,91.462
9.079,1.804,6.111,18.424
361.231,7.605,6.292,23.078
417.768,1.835,8.479,73.379
199.571,0.413,8.4,93.534
223.971,6.192,7.728,11.369
425.641,2.398,7.882,52.703
387.827,1.718,6.351,91.532
144.075,9.816,7.488,88.723
161.988,2.919,6.386,94.897
339.439,9.034,6.946,90.308
281.599,1.782,6.863,32.156
81.115,8.19,7.535,21.593
154.965,5.02,6.199,90.246
449.992,0.786,6.259,71.484
344.087,7.336,7.525,38.474
492.987,8.921,7.59,71.581
383.506,1.63,6.85,31.412
470.987,7.256,6.367,58.553
108.094,4.451,8.215,24.1
385.742,7.539,6.132,56.612
10.109,7.139,7.793,92.393
335.38,0.266,6.35,77.372
234.641,1.787,7.593,65.95
173.38,4.71,7.659,25.355
431.202,9.336,8.011,7.273
427.134,3.421,6.988,71.346
11.151,6.289,6.054,58.034
304.753,0.121,8.028,22.048
183.916,7.111,7.11,93.541
207.831,6.031,8.118,55.65
416.02,7.154,7.94,57.614
154.92,9.047,7.246,30.577
471.524,1.465,8.498,88.059
89.817,2.616,7.155,89.248
331.361,9.958,7.741,71.8
336.053,1.563,7.675,10.828
126.098,7.206,7.295,9.354
162.375,7.251,7.463,47.469
417.399,6.83,7.997,15.069
380.903,2.274,7.429,33.86
164.548,2.151,7.125,17.963
266.978,6.663,7.655,31.701
30.84,1.863,6.089,94.348
104.373,6.616,6.273,75.583
242.91,4.925,6.314,14.692
42.987,3.866,7.064,67.223
421.666,3.002,8.179,4.02
359.003,9.476,7.608,98.379
471.817,5.081,8.432,53.638
346.733,5.613,6.1,51.036
470.201,9.493,7.805,24.793
277.256,6.539,6.786,46.326
300.109,9.579,6.058,53.098
488.486,1.064,8.065,66.162
321.065,8.466,6.407,5.545
15.393,3.354,6.535,34.875
361.901,8.105,6.851,39.313
452.734,8.556,7.971,15.766
397.79,2.715,7.561,24.739
291.917,4.088,6.662,24.431
335.652,7.26,6.421,81.227
495.096,0.991,6.274,69.035
45.331,7.555,6.375,92.352
333.622,1.105,8.17,31.68
141.699,9.145,8.307,88.284
320.045,2.763,8.42,86.516
303.812,5.756,8.087,45.348
76.728,1.172,8.218,63.343
103.373,2.695,8.04,60.197
310.815,4.04,8.395,31.475
64.115,4.87,8.114,26.945
132.59,0.001,7.155,17.727
417.623,8.887,6.808,83.929
163.546,0.077,7.461,53.819
244.03,7.737,7.52,34.498
470.57,4.706,7.437,51.489
113.575,5.239,7.767,8.978
194.813,2.083,7.747,11.492
303.229,6.074,6.218,76.176
377.669,5.372,6.714,90.223
450.827,1.642,8.225,32.707
457.736,2.381,7.475,41.508
388.32,0.669,6.821,37.999
114.165,0.663,8.126,48.425
12.405,0.138,6.623,41.984
191.887,2.205,7.023,39.238
70.774,6.797,6.691,66.335
355.194,3.162,8.178,27.939
330.565,3.427,7.821,94.321
21.986,1.319,7.151,31.539
418.297,5.755,8.331,22.243
124.372,3.421,8.319,97.219
216.114,6.763,7.779,23.652
333.967,7.415,8.23,54.131
214.709,5.847,7.798,33.563
220.644,2.761,7.571,8.67
32.814,5.086,7.052,95.338
200.722,2.519,6.684,38.052
382.424,9.029,6.151,64.837
457.588,7.664,8.002,86.363
206.749,4.93,6.305,55.745
211.793,9.655,7.026,71.573
351.314,5.468,6.587,78.676
471.386,3.285,7.137,38.773
133.53,0.955,6.787,63.249
220.072,5.437,8.074,21.39
397.987,8.604,8.445,6.478
304.847,8.667,8.354,98.686
55.293,6.046,7.556,10.168
313.866,3.934,8.448,43.444
93.373,6.503,7.002,7.673
255.108,7.621,7.306,92.347
264.552,4.116,6.642,11.81
438.102,4.763,8.245,78.864
231.247,6.806,6.449,71.859
139.721,8.767,7.526,5.459
115.483,7.91,7.999,72.406
437.126,0.224,7.488,96.962
85.505,1.244,6.197,52.58
212.934,8.528,7.529,29.661
93.587,8.338,7.918,54.952
386.652,3.888,6.47,12.98
237.186,5.843,7.842,95.64
175.572,9.058,8.196,37.168
180.55,9.116,8.466,46.243
426.107,7.831,7.025,40.738
276.887,2.096,6.063,3.757
358.934,7.303,7.048,4.401
448.519,1.011,7.651,56.675
450.871,8.939,8.228,50.73
164.255,1.491,8.345,98.663
476.226,6.623,8.274,27.06
12.438,6.102,7.645,37.479
188.418,7.769,7.706,98.798
447.899,5.516,6.006,5.74
137.318,0.596,6.909,64.621
136.541,7.058,8.267,11.063
151.311,3.832,7.724,94.693
306.157,3.203,7.17,29.521
219.166,9.917,6.261,81.596
363.367,5.904,6.616,91.214
447.455,7.107,7.387,84.855
337.1,5.263,8.244,56.133
102.233,7.7,6.24,97.368
466.341,7.521,6.384,67.984
132.246,6.571,7.638,78.828
74.947,9.977,6.735,25.168
44.984,4.598,6.424,42.419
281.692,7.062,6.446,60.221
56.881,7.978,7.232,15.435
69.388,3.76,7.459,96.607
150.015,4.572,8.261,11.861
140.827,9.692,7.325,73.553
302.12,0.323,7.728,6.744
408.373,3.353,6.452,11.161
380.675,4.862,7.784,62.71
131.242,0.015,7.622,45.796
122.655,8.991,6.54,1.361
482.896,2.862,7.673,39.973
4.118,2.577,6.529,25.759
439.86,8.203,7.484,87.287
99.864,2.78,7.672,71.101
473.642,6.576,7.733,74.012
171.154,8.215,8.273,95.144
220.176,7.925,8.37,71.276
353.56,7.82,8.025,16.897
293.835,0.886,8.197,93.794
158.97,0.798,6.048,12.198
276.915,3.068,6.907,20.068
365.353,0.359,6.099,29.229
21.167,5.004,6.562,18.335
5.6,3.948,6.954,2.814
229.033,5.57,8.169,46.456
65.918,2.988,7.279,69.109
332.172,4.858,7.622,42.701
107.026,3.347,6.907,24.243
216.426,1.952,7.507,88.407
98.835,6.494,8.039,39.442
274.242,6.734,6.753,84.049
58.027,8.292,8.331,18.671
11.553,8.748,6.533,34.005
25.566,7.045,8.298,80.547
477.129,6.875,6.071,4.014
71.143,0.567,7.357,92.128
354.239,1.098,8.463,40.259
33.963,8.126,7.524,97.82
54.08,2.33,7.387,70.435
254.438,3.556,7.706,94.99
232.435,1.453,6.723,7.555
475.79,1.952,6.135,72.479
472.418,7.754,6.628,87.671
389.804,2.619,6.441,98.769
301.051,4.49,8.309,4.307
227.48,1.517,8.131,9.231
178.089,6.779,6.794,73.437
473.544,7.283,8.09,4.854
301.454,3.617,6.529,2.126
289.536,7.847,6.499,54.962
115.951,2.399,7.919,53.417
23.349,6.919,6.817,61.737
472.594,7.3,6.162,2.394
156.868,9.687,7.8,50.826
221.295,2.323,8.474,29.382
57.32,0.937,7.415,75.85
418.462,2.63,6.659,35.472
13.816,1.229,6.932,36.303
416.995,1.697,7.622,65.769
70.143,3.341,7.753,66.406
443.282,4.14,8.216,6.772
364.886,9.037,8.272,62.974
82.335,1.956,8.153,66.127
282.909,9.718,7.621,46.295
156.328,8.102,7.125,82.959
89.117,8.815,7.698,1.901
429.591,9.294,7.666,96.869
201.761,7.532,6.545,38.226
199.272,7.888,7.269,59.974
84.943,4.378,6.521,4.398
191.533,5.105,8.248,71.181
435.808,9.325,6.808,54.826
181.564,3.783,8.014,96.076
475.802,0.419,6.943,42.831
473.154,7.628,7.909,72.465
72.449,5.732,6.552,8.349
88.656,8.149,7.909,7.389
431.337,0.756,6.449,94.952
196.38,6.212,7.227,26.077
2.187,2.477,6.284,91.327
136.936,9.033,7.32,9.675
298.814,1.099,8.052,64.136
399.633,8.431,7.889,55.607
66.694,0.886,6.127,96.652
55.271,0.251,7.23,40.997
461.046,2.351,8.131,5.792
375.574,3.33,7.625,47.934
294.89,6.265,6.148,82.594
384.593,1.317,6.814,6.194
214.427,4.373,7.391,4.583
379.228,2.043,6.432,82.353
185.901,8.553,7.705,82.574
122.047,0.45,7.587,20.798
364.507,3.559,6.506,66.09
209.836,6.314,7.376,7.363
490.689,9.131,8.029,76.795
174.743,8.68,6.937,31.214
460.864,8.952,6.617,23.821
466.481,0.629,7.753,68.087
120.926,8.409,6.177,91.244
399.111,7.799,8.082,5.109
216.537,9.024,8.359,15.23
458.762,3.116,8.412,26.317
225.062,9.118,7.081,92.852
372.152,4.026,7.558,87.839
233.484,6.341,8.143,90.81
113.9,4.242,6.559,38.459
99.675,4.276,6.069,23.931
212.716,5.466,6.961,19.974
377.747,3.559,8.211,88.313
302.536,7.927,7.263,23.891
344.315,6.336,7.326,53.553
141.163,6.898,7.729,33.842
240.718,2.31,7.436,50.395
22.198,9.696,6.136,35.231
408.766,6.602,7.402,30.002
494.946,1.972,7.62,43.305
203.44,7.505,7.604,33.96
5.482,1.737,7.821,84.129
84.896,0.634,7.3,58.485
326.263,5.276,8.25,18.441
306.04,5.535,7.161,24.359
393.932,1.89,7.295,6.302
126.942,3.484,7.951,30.669
381.816,9.458,8.083,67.282
343.992,2.85,7.621,19.113
161.407,1.556,6.316,10.821
272.744,9.926,6.83,32.781
73.637,3.023,6.05,61.64
226.282,6.803,6.739,47.805
440.599,2.316,7.426,33.887
210.596,5.501,8.013,88.412
419.783,3.863,7.464,47.387
295.127,9.616,6.1,46.05
95.938,4.328,6.648,4.134
290.553,5.842,7.445,64.295
252.992,9.448,7.773,46.475
199.321,9.892,8.166,15.363
59.815,1.017,8.419,25.13
208.354,8.343,8.229,21.034
36.381,3.821,7.168,13.088
49.385,5.948,7.867,44.119
207.958,3.75,6.601,36.965
152.691,4.011,6.16,36.652
462.772,1.589,6.138,25.901
187.853,5.728,6.603,44.206
378.929,5.467,6.094,55.205
265.124,1.894,8.126,61.539
352.043,5.417,7.225,22.763
130.058,9.731,8.027,73.056
470.952,7.144,8.35,3.676
265.044,4.81,8.485,75.294
415.662,9.161,8.343,29.014
182.523,5.753,7.791,37.63
50.106,1.35,7.105,58.49
336.856,5.475,7.495,61.435
3.88,1.81,8.041,42.694
237.646,7.675,8.244,93.852
96.401,9.672,8.391,85.974
313.688,3.608,7.827,23.279
489.71,4.349,7.35,59.302
232.201,4.215,8.421,72.378
408.749,2.853,8.397,22.477
253.892,7.942,7.194,2.827
247.92,6.177,7.622,97.585
465.212,0.641,8.023,95.876
444.983,8.388,7.083,32.714
392.9,1.871,8.073,24.672
148.128,9.792,6.279,16.307
272.504,3.767,7.203,69.027
111.949,6.164,7.207,75.774
221.958,0.778,7.712,42.62
242.107,3.447,6.291,25.038
415.82,8.024,6.258,45.424
448.014,4.772,8.251,52.12
207.31,9.046,6.759,54.797
8.852,5.751,6.817,44.893
430.887,9.286,7.942,1.37
87.139,9.826,7.037,47.706
310.941,4.539,8.082,35.38
12.485,5.652,7.004,56.1
199.753,8.349,7.901,7.868
492.98,2.215,7.313,88.04
50.347,8.616,8.34,87.669
211.847,5.919,6.818,56.847
153.575,7.255,6.907,73.975
452.544,0.799,8.425,44.352
434.67,7.662,7.844,59.44
118.849,3.108,7.931,62.15
40.594,8.052,6.74,36.035
313.569,5.092,7.33,96.126
168.184,2.746,6.784,60.658
336.042,9.528,6.65,99.063
16.06,7.651,7.338,43.805
66.7,9.857,8.469,4.2
343.186,3.645,6.537,30.941
106.185,6.492,6.606,65.428
428.794,6.116,6.608,91.124
29.295,6.876,7.979,61.901
107.741,0.383,7.276,47.705
499.28,2.917,6.962,8.994
216.538,9.093,8.109,15.331
351.483,4.238,6.744,6.293
91.332,9.606,6.981,71.407
304.934,2.135,6.184,83.278
363.053,9.974,6.297,17.279
157.238,6.976,6.342,33.198
414.449,7.764,6.867,48.432
301.709,3.969,7.31,15.136
194.562,9.07,6.002,42.203
278.821,5.455,6.475,96.716
288.38,6.809,6.439,72.196
82.768,0.948,6.633,17.526
201.366,6.317,6.415,10.783
171.715,8.791,6.488,45.07
200.451,1.783,8.46,98.807
380.555,7.377,7.487,79.535
241.269,0.254,7.907,30.019
470.158,9.262,8.048,3.602
146.838,9.829,7.669,41.718
207.852,3.542,7.76,16.893
393.478,1.071,7.581,18.848
273.012,6.586,7.623,17.068
273.514,0.298,8.321,72.241
26.67,4.825,6.464,4.548
199.3,2.718,6.687,56.909
135.367,4.733,6.233,75.5
499.668,0.183,8.093,16.485
154.178,0.516,7.122,89.4
442.248,0.16,8.268,8.735
338.117,6.191,7.029,68.588
170.458,5.601,7.107,18.024
271.767,2.332,7.121,80.797
420.268,6.466,7.531,57.568
441.684,8.842,7.915,59.331
80.197,2.773,6.878,35.256
169.787,8.32,7.575,29.043
167.612,6.625,6.51,46.869
21.022,0.338,7.385,76.014
299.119,3.751,7.366,17.654
427.41,5.078,8.222,81.811
190.787,7.317,8.24,48.504
370.018,2.871,7.218,45.769
313.85,9.827,6.061,2.643
187.824,6.845,8.112,13.295
70.53,3.728,6.002,43.765
354.662,0.97,7.196,98.149
427.283,1.814,6.049,25.765
342.927,4.876,6.881,2.015
8.939,4.947,7.592,44.149
108.116,7.677,6.928,2.579
34.74,7.262,8.317,34.286
285.193,2.013,7.602,36.052
378.239,5.95,7.616,1.233
55.29,0.206,6.936,78.177
419.169,3.985,6.096,91.372
277.754,7.641,7.845,99.877
344.985,3.995,7.791,51.369
485.701,8.356,7.325,31.355
41.84,9.762,7.041,72.03
450.612,6.072,7.346,73.91
63.051,1.45,7.867,38.54
196.479,3.797,7.782,56.993
425.719,0.095,7.645,82.355
453.127,6.027,8.259,19.728
253.186,8.216,7.525,3.027
297.052,6.299,6.036,54.43
354.074,7.861,7.545,66.775
416.379,7.999,7.531,57.922
60.756,8.51,6.174,60.028
405.035,2.667,7.069,39.916
240.638,8.713,7.628,65.498
225.312,6.541,7.761,5.238
211.95,2.897,8.233,15.967
254.606,9.873,8.103,45.036
472.525,9.502,6.291,94.356
274.102,5.744,7.522,64.805
476.589,8.432,7.491,36.173
90.145,2.615,6.759,46.338
362.068,4.16,6.46,84.718
406.12,1.84,6.499,54.704
339.564,5.201,6.444,5.739
303.461,4.96,8.016,42.27
282.406,2.128,6.371,39.415
430.465,6.728,6.661,90.089
410.823,1.178,6.544,31.236
61.144,0.617,7.782,7.405
424.294,3.849,6.396,36.127
207.034,4.098,6.06,5.346
126.848,3.197,6.936,83.397
434.884,2.579,6.763,59.43
216.012,3.388,6.994,47.468
404.182,1.634,7.885,36.625
131.702,4.035,6.031,42.348
1.965,9.046,6.094,78.996
247.73,2.244,6.639,18.821
50.114,6.845,8.223,8.072
377.188,1.418,6.423,56.611
138.038,3.539,8.493,86.032
221.823,3.212,8.014,56.661
43.517,9.37,7.14,79.819
143.33,4.28,7.87,89.383
390.745,6.905,7.297,8.612
75.794,6.025,7.415,59.329
323.58,1.41,7.452,83.443
458.713,9.395,7.622,64.71
339.918,3.459,6.152,59.562
405.511,0.448,7.541,79.019
54.486,3.004,7.792,71.019
125.366,3.356,6.777,50.661
447.269,0.927,8.446,5.359
357.553,6.2,6.361,61.72
319.777,3.468,8.276,22.104
331.883,6.291,7.691,26.155
207.1,0.067,7.661,68.275
22.278,9.82,8.19,45.856
392.221,1.705,8.079,71.961
339.357,6.593,6.864,39.863
236.402,7.158,7.763,87.133
449.88,1.716,6.127,43.28
168.08,1.117,7.16,49.889
147.161,1.526,8.344,13.501
436.398,2.468,6.685,50.853
398.494,1.682,6.125,24.74
257.49,6.74,7.457,76.535
65.367,4.208,6.888,71.69
107.536,5.378,6.949,2.568
328.114,0.473,7.456,49.887
192.521,8.612,7.554,5.494
418.237,1.706,7.093,57.359
474.978,3.602,7.269,90.262
402.818,0.719,8.483,86.85
188.773,1.368,8.393,25.138
394.343,6.658,7.768,14.871
175.721,6.926,6.404,79.315
83.55,6.77,6.9,55.072
16.697,5.521,8.208,42.959
192.858,9.525,7.059,81.239
451.78,5.072,8.388,25.999
119.493,4.494,7.221,23.236
103.257,2.475,8.154,61.581
484.91,0.988,6.088,27.986
12.502,5.482,7.085,43.252
392.891,3.149,7.751,46.027
160.685,5.24,8.159,21.297
18.744,2.061,7.524,7.107
458.901,8.382,6.433,76.901
69.821,9.997,8.214,78.575
275.89,3.224,7.437,60.239
137.027,8.423,6.27,15.712
32.596,8.73,7.16,48.145
24.961,9.961,7.747,18.612
57.778,3.427,7.128,88.246
35.684,7.56,8.177,70.032
380.279,2.288,7.059,4.106
242.783,6.248,7.459,1.165
171.446,7.048,6.528,98.392
209.184,7.411,7.282,4.945
464.473,2.072,6.557,86.72
455.376,8.487,6.563,95.626
357.838,4.21,6.7,31.502
442.341,2.164,6.11,54.474
159.824,5.425,6.408,65.093
190.555,8.634,7.061,52.522
306.856,9.671,6.328,22.137
311.813,7.482,6.333,58.542
240.85,0.056,8.42,26.608
200.329,1.347,7.068,17.337
493.09,0.763,7.009,51.047
410.562,1.012,6.669,37.828
217.49,3.83,7.281,3.714
363.646,3.385,7.49,95.018
134.781,1.137,7.045,4.916
50.085,8.822,6.985,90.393
176.216,6.154,7.751,19.784
201.486,7.965,8.374,15.044
8.269,3.715,8.195,7.847
407.396,4.102,6.297,43.145
179.597,3.176,7.631,59.099
290.209,4.384,6.018,90.47
36.982,6.104,7.583,78.591
87.498,4.93,7.161,16.803
444.847,8.379,7.228,17.605
304.344,9.001,7.47,1.808
475.142,4.697,7.857,69.094
499.375,2.397,7.824,2.73
185.93,9.452,6.111,14.716
149.402,7.35,7.841,63.82
429.178,6.401,8.075,15.877
499.306,7.454,6.17,16.168
314.821,0.76,6.807,24.166
397.57,0.676,7.98,39.141
390.873,1.531,7.233,1.779
177.67,1.475,7.737,74.86
287.135,4.207,7.256,77.609
416.528,1.574,8.446,37.308
344.057,8.545,8.34,80.014
10.582,5.781,6.703,29.192
168.353,3.683,6.965,98.584
72.238,0.696,7.078,40.375
116.486,5.91,6.261,67.213
452.745,1.165,7.01,32.922
18.447,7.432,7.937,45.632
109.9,8.028,8.117,64.863
154.785,5.44,8.215,35.405
308.442,1.496,6.036,66.003
267.051,7.869,7.972,15.455
109.135,3.078,7.257,48.892
82.121,2.227,6.515,28.013
118.399,4.706,7.247,92.083
251.265,9.226,8.111,82.646
135.589,2.974,7.086,49.255
473.801,9.056,8.476,45.921
231.933,0.537,7.542,83.565
29.398,0.835,7.224,69.355
364.633,6.986,6.737,68.649
164.423,1.906,6.028,55.277
326.744,3.166,7.526,86.374
139.797,1.364,7.444,19.76
285.372,3.322,7.292,86.327
386.076,2.805,7.344,52.553
464.004,7.363,8.109,62.511
130.564,7.02,6.792,96.28
167.428,9.549,7.376,43.026
232.133,7.244,7.7,67.135
463.587,6.948,6.525,52.691
450.693,6.942,8.312,93.229
44.939,8.83,7.843,49.277
65.965,2.962,6.133,26.357
247.755,3.001,8.163,48.791
53.31,7.412,8.325,91.759
172.79,2.287,7.984,50.571
74.193,9.12,7.066,15.468
318.02,5.348,8.486,54.619
474.748,3.001,6.311,39.372
498.367,7.761,7.342,65.328
187.621,3.123,6.426,24.894
299.506,9.633,7.098,32.907
428.134,9.83,8.319,52.141
58.731,6.668,7.986,12.71
344.782,1.136,7.955,21.84
204.422,2.632,6.885,80.333
103.073,5.154,8.336,93.983
201.377,8.514,6.921,96.984
37.98,1.849,6.1,93.789
347.704,1.044,7.595,94.26
126.371,0.745,6.907,82.288
155.703,5.07,6.384,73.826
60.541,8.847,8.337,23.952
432.33,0.424,7.593,44.731
246.722,2.123,8.351,40.399
286.073,6.933,7.457,73.304
284.716,8.259,6.16,48.063
205.247,8.074,6.075,36.657
96.265,7.851,8.251,81.593
372.566,1.298,6.097,75.241
63.528,3.972,7.538,37.513
51.937,9.847,6.745,42.513
355.073,9.889,7.719,89.426
104.419,6.024,6.712,73.535
153.386,7.093,6.093,69.308
237.614,9.513,7.827,71.459
224.676,4.499,6.777,11.128
354.29,1.369,7.377,56.787
311.716,6.689,7.935,29.809
322.198,9.601,7.757,9.398
357.027,6.972,6.871,73.376
146.306,8.033,7.87,31.129
161.167,4.227,8.314,31.696
218.999,0.965,7.525,64.346
153.731,1.689,7.759,66.96
492.469,9.827,8.165,47.932
407.026,4.932,8.109,56.09
82.327,0.12,6.879,85.04
2.797,9.554,8.479,11.601
21.392,4.978,6.071,7.47
122.032,8.363,8.467,65.968
57.146,5.485,6.615,60.777
266.669,1.017,7.101,19.406
428.998,6.156,8.209,52.668
368.375,9.974,6.611,74.821
107.805,0.347,6.562,73.439
199.65,8.418,7.608,59.977
253.947,2.355,7.764,13.914
405.103,3.939,6.019,31.097
419.561,3.727,7.126,41.172
454.859,8.988,7.223,79.037
254.623,5.045,6.68,54.837
347.137,4.472,7.365,73.587
55.9,8.18,6.386,92.427
282.644,0.489,6.809,62.768
124.346,0.865,7.783,24.478
215.858,0.217,8.184,14.819
317.025,6.88,7.473,1.054
128.493,5.256,6.187,18.387
26.093,8.76,7.697,27.652
5.117,4.985,8.244,27.708
11.08,2.218,7.261,67.041
4.175,8.051,7.234,15.874
55.178,2.943,8.479,44.11
119.744,9.357,7.591,1.486
110.611,2.504,8.015,26.855
493.398,1.677,7.616,5.064
153.003,4.933,6.552,71.246
63.71,0.505,6.71,36.076
272.781,0.364,7.664,48.53
428.979,4.96,7.14,76.384
339.03,2.151,7.011,86.429
148.041,0.094,6.056,52.151
280.808,2.961,8.211,65.327
357.428,4.774,8.211,73.862
364.052,3.943,7.152,29.246
333.269,1.355,7.752,71.019
435.405,5.797,6.445,65.714
435.053,7.103,7.26,44.863
289.468,6.755,7.097,34.735
214.928,3.938,7.642,97.392
320.785,1.376,7.174,98.646
409.106,4.995,7.246,69.816
2.826,8.904,6.739,39.032
495.999,4.687,6.121,75.402
91.447,1.957,8.293,68.245
235.124,0.931,6.031,54.954
436.015,9.439,6.703,14.052
112.52,7.43,7.119,94.714
238.398,3.13,6.798,24.044
66.291,2.954,7.38,39.933
197.538,8.952,7.154,34.899
88.568,1.776,6.639,16.222
181.814,5.35,6.22,3.426
186.732,7.135,6.344,93.05
496.585,3.964,7.216,74.208
497.407,0.399,8.115,3.051
57.393,2.278,6.252,69.089
362.984,9.018,7.693,13.841
25.873,5.231,7.98,72.675
15.096,8.154,6.692,51.013
52.667,5.557,7.671,97.808
482.743,9.436,7.717,43.803
470.432,9.091,7.769,75.146
96.964,4.829,8.227,5.09
80.836,3.183,6.996,93.62
120.268,6.017,6.609,56.684
257.773,6.749,7.36,32.108
284.852,4.984,6.156,13.562
110.797,8.223,6.835,64.441
378.311,1.833,8.208,74.883
154.777,3.344,7.33,9.448
461.066,6.864,7.092,17.301
328.361,2.467,6.664,39.157
218.176,4.398,6.626,85.324
394.956,9.637,6.592,98.31
408.957,6.259,8.073,74.758
145.241,9.491,8.463,1.552
169.857,7.224,7.337,90.442
467.978,7.247,6.2,3.629
82.371,5.919,7.878,89.816
21.075,1.422,8.193,41.621
227.028,5.197,8.328,74.439
400.605,2.527,7.572,9.62
385.834,9.987,7.267,17.328
459.765,2.67,7.551,45.626
266.6,2.307,6.032,4.812
50.032,6.239,7.639,39.586
294.344,5.109,7.774,75.445
389.198,0.214,7.805,65.817
46.664,1.295,7.408,35.826
86.329,8.11,7.75,1.876
6.145,4.837,7.597,27.698
296.826,1.46,6.289,77.847
443.367,4.652,8.246,34.712
335.332,2.531,7.557,38.372
491.02,2.236,7.819,8.346
31.517,9.577,6.857,60.567
451.501,3.62,8.298,62.568
407.034,0.464,7.257,43.654
157.121,9.703,7.698,76.297
486.763,7.948,8.38,87.81
143.969,2.544,8.29,75.303
444.652,4.089,7.612,54.886
440.374,8.623,6.414,93.633
378.829,3.574,8.376,38.838
281.735,5.674,8.46,65.818
60.001,5.349,6.258,57.949
265.986,4.013,7.126,84.315
178.398,6.395,7.371,50.46
396.109,4.733,6.23,55.795
379.065,0.212,6.474,45.928
455.306,8.144,7.344,14.911
7.415,1.132,8.408,88.756
404.552,4.641,6.07,86.321
469.231,5.799,8.281,70.543
394.65,7.055,8.247,35.431
65.097,4.108,8.143,36.154
40.64,7.355,6.944,4.564
10.423,1.314,7.227,8.687
314.373,6.534,7.009,51.866
314.836,8.263,8.369,5.932
493.457,8.894,7.303,10.823
199.022,5.796,6.202,25.869
165.953,3.129,6.685,37.995
312.212,1.634,7.155,49.445
412.804,3.456,8.384,33.128
468.387,5.4,7.422,94.128
401.562,1.963,7.74,95.139
213.337,9.525,6.221,6.548
317.457,8.971,8.193,98.556
428.15,0.33,7.348,18.118
245.305,5.62,8.303,33.806
108.343,7.893,7.114,83.865
84.862,2.454,7.708,69.084
0.079,5.239,7.177,6.766
359.119,4.06,6.356,77.686
55.549,1.965,6.68,66.661
121.92,6.147,6.168,95.099
148.938,9.937,7.101,91.091
280.19,3.653,7.623,97.548
198.979,5.524,6.609,46.034
337.337,3.279,7.226,70.944
27.819,8.769,7.147,96.229
61.97,8.646,7.334,1.21
249.606,1.788,6.461,79.104
168.482,8.999,7.335,6.342
147.907,1.515,6.911,99.893
33.514,0.954,6.715,2.374
447.86,6.529,7.465,55.916
345.909,3.859,6.37,52.571
60.809,5.307,8.252,31.169
32.523,6.526,8.337,73.502
487.436,0.528,7.652,26.443
340.586,2.93,6.758,29.788
208.728,4.609,7.565,18.856
350.866,2.666,7.504,71.693
378.166,0.49,6.978,17.834
389.981,0.867,6.718,89.87
238.939,8.017,6.421,29.496
214.941,9.114,6.543,52.344
5.514,1.522,7.633,48.031
463.279,2.493,8.215,70.533
301.654,6.522,6.962,24.17
101.577,9.543,6.305,84.025
459.802,2.996,6.032,74.052
457.466,8.552,7.015,34.919
494.592,5.06,6.581,12.909
437.028,9.566,6.806,50.972
498.892,1.363,6.604,98.072
122.343,9.737,7.66,3.401
421.125,4.41,7.596,84.641
411.514,9.529,8.281,70.277
115.47,4.587,7.749,19.135
49.219,5.301,6.412,48.166
489.71,8.048,7.879,63.14
148.012,7.226,6.453,69.972
435.446,6.196,7.397,92.215
2.064,4.17,6.193,87.435
10.512,7.924,6.118,33.514
232.936,9.482,7.161,12.883
119.357,0.098,6.262,11.322
344.921,5.878,6.767,96.906
282.782,8.66,6.847,95.626
38.743,6.531,7.924,82.132
81.314,8.008,6.832,98.066
194.025,8.951,7.236,28.143
92.802,7.51,7.931,82.731
396.111,7.17,6.512,50.721
208.035,9.647,8.012,80.123
46.716,8.637,8.079,61.472
242.171,8.154,8.472,84.772
45.419,0.864,7.11,40.337
64.469,2.39,6.927,98.925
119.805,5.568,7.755,22.704
429.764,7.096,6.145,67.588
462.306,3.032,6.099,80.455
413.129,0.933,6.837,58.99
167.039,3.111,7.824,29.739
136.223,7.71,6.291,56.569
274.578,8.774,7.589,50.966
360.927,9.129,6.674,19.822
496.686,3.789,7.629,76.557
65.785,3.725,7.142,27.452
24.646,4.067,6.288,83.379
347.178,3.758,6.618,22.218
416.113,6.662,6.549,50.729
423.174,3.583,6.411,69.827
339.232,0.203,7.171,99.587
477.008,4.39,8.387,27.828
255.502,2.242,7.645,63.925
456.907,0.288,8.09,16.182
483.906,4.708,8.453,82.144
423.579,2.06,7.352,86.283
154.879,4.527,6.595,88.908
98.108,2.777,8.32,94.608
274.06,6.037,7.747,36.212
226.507,9.909,8.397,66.978
438.879,5.472,7.628,32.259
50.016,6.469,7.938,80.577
128.87,9.193,8.227,42.144
375.899,3.74,7.898,55.936
47.493,1.665,7.407,14.166
160.382,2.828,7.18,85.199
193.578,4.028,8.058,48.812
311.297,6.45,7.93,64.407
79.066,0.046,6.916,67.259
430.302,8.534,7.246,28.151
223.771,0.761,7.587,79.703
458.511,9.007,6.071,83.47
233.935,9.494,6.619,52.06
137.52,9.901,6.626,90.339
70.914,8.095,8.208,16.929
1.873,1.419,6.829,42.029
266.079,7.062,7.363,5.388
53.578,2.033,8.079,40.458
195.864,8.971,6.649,99.707
294.636,3.166,6.309,46.855
137.843,3.268,8.371,42.502
87.612,9.177,7.762,69.094
387.361,0.132,6.443,5.812
473.396,1.94,8.049,36.023
50.22,4.219,7.968,53.774
77.795,7.007,8.094,48.923
480.006,6.476,6.691,64.605
18.892,6.694,7.121,14.755
488.816,8.8,7.734,40.859
2.322,1.21,6.977,63.726
436.834,5.222,6.175,30.863
153.663,7.255,6.341,61.675
469.294,6.361,7.493,95.873
158.473,4.483,6.938,93.108
327.153,0.171,6.013,72.826
40.016,0.605,7.917,18.585
121.165,1.189,7.042,78.64
386.84,3.432,6.784,45.224
264.343,1.177,7.784,95.222
463.985,4.261,7.138,61.531
214.376,1.786,7.737,22.545
434.906,7.792,6.033,31.931
224.478,8.715,6.024,32.587
489.624,3.896,7.4,28.352
479.917,5.113,8.456,77.41
164.568,9.535,6.681,34.338
442.962,5.355,7.707,20.367
423.806,9.951,6.431,60.014
105.34,1.421,6.779,47.013
312.145,8.622,6.195,3.195
36.341,4.972,8.202,28.633
418.355,0.227,6.776,4.781
87.273,9.722,6.576,76.937
35.407,9.65,7.827,95.151
200.11,3.833,6.499,50.517
288.461,9.541,6.601,56.258
427.458,1.41,6.259,84.663
487.121,6.801,8.407,2.878
219.746,1.919,6.619,17.07
30.223,2.466,8.489,65.781
374.558,7.793,6.44,74.432
282.587,3.774,6.052,62.994
223.946,0.071,8.239,93.985
154.634,4.142,7.45,39.844
251.199,2.281,6.879,55.953
169.34,6.833,7.283,95.684
378.506,1.944,6.652,90.064
271.947,8.423,7.587,4.049
438.424,2.671,7.541,35.862
271.772,3.93,6.2,74.16
119.131,2.98,8.277,1.087
425.546,6.439,7.151,86.436
278.61,1.012,6.488,50.709
103.421,4.781,6.768,9.573
311.754,3.345,8.166,44.804
178.858,8.841,6.958,49.77
422.203,0.734,7.405,37.326
226.65,8.297,8.369,45.977
363.221,1.677,7.629,89.248
47.768,0.886,7.689,33.082
198.012,2.023,6.621,96.131
491.621,1.027,7.671,69.015
404.23,5.21,6.985,89.705
79.97,9.882,8.278,21.689
138.882,0.343,6.324,49.693
164.908,4.611,6.714,56.977
325.183,3.861,6.165,9.443
378.497,3.396,6.952,49.87
374.763,3.319,6.371,86.234
254.937,8.95,8.113,6.167
405.41,0.19,8.313,64.588
218.539,7.749,7.674,98.887
61.94,2.529,6.258,53.215
282.221,3.833,6.854,31.033
476.151,4.201,8.411,58.91
396.497,3.047,6.341,54.602
289.35,0.936,7.391,11.411
323.403,1.143,6.882,22.215
465.281,2.981,8.498,67.271
214.171,8.218,6.713,59.664
165.697,1.346,6.119,35.088
488.621,7.426,7.755,97.874
431.722,2.889,6.817,64.832
161.522,8.835,7.644,23.85
231.89,4.283,6.262,47.647
207.539,1.717,7.308,71.448
74.548,9.858,6.938,67.527
478.91,1.766,7.342,25.387
202.156,5.676,8.134,65.137
437.665,5.693,8.432,33.955
94.678,3.728,7.883,46.293
273.935,9.515,7.917,67.246
11.981,8.439,7.322,58.518
382.11,8.298,6.243,71.56
290.457,9.742,7.668,38.802
312.795,4.571,6.369,75.448
25.86,0.972,6.614,2.551
105.519,7.655,7.769,19.609
37.165,3.808,7.642,97.349
144.457,1.903,6.786,9.586
313.72,4.832,7.93,66.528
283.093,9.257,8.348,91.759
306.075,1.714,7.363,86.095
274.626,8.487,7.694,91.363
136.514,4.182,6.679,98.407
122.254,1.368,8.427,36.37
68.53,8.484,6.684,33.686
424.535,9.696,8.219,12.965
308.24,2.913,8.32,20.948
93.256,3.035,7.799,65.635
88.605,3.905,8.029,33.784
436.518,8.141,7.145,34.774
371.365,0.104,8.299,64.946
329.7,2.24,7.857,11.358
203.432,7.059,6.817,6.539
130.988,4.056,6.087,80.481
489.725,3.303,7.352,79.195
398.62,8.723,8.102,39.124
150.89,9.173,8.152,59.714
423.782,9.48,8.088,24.57
379.466,2.726,6.537,37.396
148.54,9.125,7.065,4.604
213.276,7.37,7.535,28.087
92.977,1.542,7.669,2.622
55.526,6.103,6.836,42.984
361.381,0.263,7.732,52.453
133.756,7.084,7.477,50.038
410.03,7.336,7.417,34.73
497.804,7.893,7.658,21.488
38.31,1.725,7.508,45.98
236.518,6.282,6.417,87.123
401.031,1.789,8.186,98.34
394.475,9.467,6.601,31.96
379.999,6.75,7.861,97.469
174.497,0.953,6.441,44.021
226.927,1.87,7.652,61.714
297.484,6.635,8.239,80.568
486.97,4.767,6.024,36.583
163.774,7.363,8.449,21.62
461.572,2.808,6.074,28.035
134.678,6.579,6.028,84.023
494.537,1.77,8.144,93.513
335.132,5.437,7.772,13.72
231.756,9.578,6.265,69.757
306.695,6.282,8.344,4.456
136.266,0.5,7.68,87.62
137.087,9.888,6.278,85.826
56.777,1.569,8.151,77.686
57.025,7.181,7.202,82.614
173.836,5.325,6.695,60.831
381.428,2.944,8.063,15.583
303.986,1.773,7.846,91.541
51.292,1.777,7.558,14.961
426.118,8.584,8.246,23.295
300.684,8.729,8.153,43.829
480.428,4.651,6.567,50.298
335.093,1.036,8.197,10.535
87.587,8.842,6.935,76.406
236.892,4.87,7.079,14.593
324.249,4.388,8.431,65.821
14.132,4.074,7.9,45.746
7.455,3.65,6.804,81.283
64.702,5.26,7.62,30.265
125.832,6.045,7.348,83.816
214.775,4.664,6.292,25.974
243.72,8.966,8.219,57.86
69.014,3.177,8.055,49.125
336.696,5.783,7.944,35.905
298.069,3,7.398,2.166
147.232,7.534,6.552,40.387
6.83,1.021,8.21,12.718
38.824,1.887,6.882,23.291
195.847,8.012,6.05,69.142
76.987,1.832,8.454,57.558
188.41,6.257,8.153,53.181
314.091,9.702,7.557,56.838
273.619,5.229,6.031,12.885
115.588,1.874,6.569,17.299
171.911,3.207,7.13,54.737
307.016,8.235,7.57,41.276
430.428,3.517,7.77,46.857
376.607,7.235,7.971,88.036
276.7,7.774,7.389,19.331
181.146,5.012,7.64,91.159
182.526,7.832,8.028,85.891
439.709,3.169,7.8,90.277
19.622,5.162,8.387,64.495
493.991,6.866,8.187,86.53
332.188,1.681,6.423,99.128
340.569,2.736,8.369,47.67
18.999,6.52,6.51,86.319
302.765,6.554,8.478,90.466
242.389,4.933,7.753,31.667
52.889,7.956,7.569,44.828
138.961,4.821,6.811,57.794
445.157,8.813,6.333,35.566
274.994,7.359,6.315,32.892
206.708,3.147,8.166,38.691
36.341,3.953,7.081,42.967
357.061,6.677,7.4,25.975
351.425,8.945,8.33,47.858
307.022,1.787,6.638,78.096
255.131,5.147,7.91,62.824
216.892,1.188,7.176,38.597
296.636,2.795,6.532,16.463
116.698,6.86,8.132,82.58
470.63,0.777,7.7,51.622
294.397,6.624,6.237,97.153
155.596,9.008,7.354,26.017
224.84,9.694,8.129,18.376
402.842,2.166,6.167,1.793
80.808,7.489,7.041,9.18
146.418,9.264,8.013,39.155
339.754,0.914,8.146,20.626
157.745,4.14,7.938,4.75
396.251,9.194,6.764,23.311
65.227,2.028,7.267,73.147
381.343,9.338,7.853,73.834
34.176,5.272,6.381,15.814
6.296,0.999,7.487,93.712
449.112,4.499,7.801,16.745
290.67,3.263,8.125,9.845
175.913,2.822,6.279,17.131
116.297,5.415,6.824,14.912
308.443,4.836,7.354,63.539
254.501,4.82,7.753,16.469
495.799,0.881,7.825,63.798
491.608,8.023,6.633,28.383
317.512,4.814,6.035,25.592
221.435,8.209,7.735,89.828
245.57,8.246,8.273,22.219
341.24,3.171,7.994,86.594
50.787,0.043,7.556,31.049
164.176,9.112,8.444,99.132
37.636,7.607,7.083,98.112
36.68,1.073,7.313,82.934
97.92,7.017,6.031,86.941
242.627,0.2,8.365,82.503
392.387,0.278,7.458,63.335
242.748,5.258,6.977,81.093
167.738,0.96,6.111,63.2
41.176,9.643,6.906,84.374
275.148,8.938,6.009,93.62
135.634,6.498,6.811,75.579
307.467,0.637,8.379,96.504
488.594,3.248,6.386,45.375
55.657,3.717,7.364,92.613
106.063,4.809,6.467,23.397
236.547,1.689,7.958,4.105
484.307,5.775,7.406,13.682
385.905,4.358,6.506,16.864
449.115,9.473,8.166,82.618
166.857,9.362,7.96,40.7
496.019,5.655,8.378,24.085
51.416,6.443,6.002,81.415
26.486,1.378,7.143,21.01
427.801,2.233,8.5,8.71
463.632,9.007,8.028,47.153
45.293,6.992,8.078,7.871
56.714,1.894,7.553,28.615
16.587,5.702,7.782,70.333
52.254,9.348,8.013,38.079
104.71,3.452,6.231,9.66
485.038,1.858,7.731,40.896
333.93,9.42,8.039,51.801
389.277,4.613,6.102,25.773
388.07,4.172,6.743,17.918
267.537,2.676,6.81,76.406
398.744,8.916,8.136,7.716
297.904,8.456,7.951,95.73
157.273,4.03,7.641,1.752
280.555,0.306,8.012,65.473
266.754,4.467,7.134,14.227
411.727,1.809,8.187,55.163
490.864,1.427,6.586,19.544
205.521,3.931,7.761,4.398
381.695,0.991,6.604,86.117
49.882,9.575,6.1,42.969
388.416,0.475,6.71,28.247
185.708,4.014,7.232,94.78
19.695,1.627,8.109,9.117
181.623,6.888,7.272,35.503
305.321,0.788,6.448,18.559
59.625,5.468,8.482,99.128
462.017,7.731,6.675,55.056
38.836,9.501,8.463,81.41
465.003,6.985,8.341,17.19
353.569,0.995,7.356,31.139
164.856,0.885,6.23,62.341
195.375,7.316,7.739,18.625
370.405,2.153,8.114,50.506
300.736,4.472,7.113,93.23
335.821,9.766,6.598,93.095
194.582,8.199,8.007,36.133
243.907,8.466,7.363,52.098
494.934,8.608,6.494,20.642
106.961,6.195,8.374,97.873
208.928,7.439,8.37,52.467
145.912,3.59,6.918,21.425
382.556,9.984,6.16,84.631
382.006,2.796,7.577,42.617
146.223,5.9,6.793,63.978
40.695,2.821,6.166,84.513
5.716,1.121,8.23,31.611
213.725,5.676,8.495,58.213
205.169,3.533,6.876,6.556
494.195,5.832,7.862,24.22
234.901,5.587,6.164,14.737
128.209,5.423,6.924,64.775
445.615,1.233,6.272,26.211
245.534,4.402,6.138,76.239
299.588,8.12,7.472,76.353
47.834,3.151,8.005,78.64
191.458,4.438,7.132,14.13
472.112,4.938,7.31,53.079
294.753,8.627,6.677,68.231
172.251,6.556,7.841,32.955
312.834,1.002,6.903,26.746
455.206,8.652,6.169,72.078
136.995,8.321,6.414,35.778
252.558,7.536,6.321,25.639
479.345,4.661,7.09,56.728
86.198,7.575,6.163,62.418
359.832,4.787,8.016,77.903
307.241,7.366,8.27,5.052
339.838,8.801,6.621,18.274
175.61,8.905,7.214,77.948
156.94,4.546,7.298,53.655
342.105,8.593,8.463,80.801
107.772,1.015,6.164,45.404
209.827,1.018,7.67,46.479
94.087,5.483,6.864,38.379
4.152,6.518,7.255,69.428
485.029,1.53,6.543,59.43
215.851,4.722,6.401,39.88
484.675,0.944,6.609,19.567
70.162,6.021,6.178,1.237
293.683,8.551,6.695,10.044
100.487,7.376,7.726,11.676
395.037,3.783,7.629,57.369
391.851,9.938,7.386,76.161
56.304,6.629,6.001,46.231
456.032,8.152,6.314,42.012
97.315,6.697,8.107,14.079
306.489,9.894,6.679,90.2
492.817,8.214,8.28,73.785
441.198,5.194,8.186,42.274
478.282,3.669,6.387,10.604
171.299,6.822,8.245,84.762
52.788,5.902,7.57,17.794
94.173,6.294,7.576,67.665
250.247,3.43,8.132,34.621
396.615,4.287,7.013,86.096
75.077,5.581,7.838,59.108
329.866,8.393,7.669,23.512
161.789,7.629,7.929,2.254
170.601,1.187,7.65,22.023
330.959,2.456,6.2,37.168
233.5,0.267,6.732,71.13
406.017,0.08,8.35,22.395
77.959,2.244,6.559,26.889
394.974,7.993,7.181,44.075
32.118,9.047,6.892,5.249
97.027,3.918,6.216,77.072
328.075,5.632,6.453,8.797
427.463,7.061,6.717,73.965
126.34,9.529,7.158,27.528
163.596,9.129,8.186,46.533
268.56,0.572,7.289,41.629
105.786,2.482,7.63,26.073
405.578,0.491,7.065,26.316
386.818,6.165,8.175,94.956
72.646,7.105,7.657,31.242
231.915,3.083,6.227,19.126
387.414,8.539,7.194,25.799
168.665,4.528,8.068,69.825
316.553,9.984,7.834,31.579
25.107,0.004,8.263,17.989
304.344,1.095,6.569,42.034
76.326,3.018,8.443,12.637
415.292,0.255,6.713,40.468
177.725,7.823,6.125,86.36
140.777,0.528,7.239,37.918
420.444,7.49,6.276,51.9
25.072,0.526,7.703,79.125
198.304,2.527,8.251,52.082
185.002,8.413,8.303,5.691
142.4,9.511,7.518,22.272
455.877,4.145,7.338,89.532
375.464,9.699,8.485,80.416
31.962,6.269,7.449,76.306
357.344,4.158,8.319,55.2
263.65,8.028,8.291,35.973
450.434,2.953,6.724,69.744
156.473,2.658,6.034,66.672
287.081,6.565,7.098,64.633
250.378,3.905,8.153,50.864
244.78,1.359,8.09,26.68
228.053,0.67,7.509,44.108
102.815,7.878,6.392,51.7
377.855,6.759,6.269,22.385
225.668,4.118,8.387,23.776
479.258,8.962,7.053,79.393
130.404,4.109,7.62,32.658
341.372,7.103,8.265,97.394
470.359,9.091,8.175,44.203
331.729,8.407,7.417,61.266
435.636,5.111,7.22,50.89
413.74,6.806,7.838,49.819
180.059,4.137,6.874,89.111
300.062,6.472,7.563,10.209
78.131,2.576,6.058,35.228
267.763,4.347,8.061,29.315
115.211,2.095,8.495,33.274
371.868,0.382,8.387,91.346
264.029,5.885,6.9,7.919
205.614,8.644,7.328,29.055
134.399,0.256,6.591,74.03
499.349,1.96,6.757,24.636
35.855,4.602,7.143,83.478
21.78,6.659,7.868,33.662
108.629,1.712,6.045,12.206
485.536,0.567,6.984,52.402
489.619,5.19,7.391,51.622
327.464,8.187,6.538,4.874
440.053,0.352,6.196,72.073
106.981,3.494,7.349,15.033
486.021,6.635,7.595,22.13
71.392,1.307,7.603,56.686
50.563,2.359,6.891,89.187
56.106,5.355,6.593,3.042
286.564,9.532,6.551,82.452
390.487,2.873,6.101,75.66
183.334,4.875,6.462,17.008
488.948,3.999,8.047,37.932
217.21,8.974,6.008,90.691
75.224,0.719,6.11,15.492
232.983,5.661,6.318,12.025
339.519,8.461,7.051,73.786
416.113,9.881,6.834,47.621
229.384,6.987,6.445,29.128
296.803,3.799,6.277,18.015
133.672,4.118,8.347,72.5
322.958,3.517,8.278,44.511
492.986,6.036,7.93,24.701
24.527,7.394,6.63,94.395
443.265,8.195,6.809,56.545
281.141,4.166,7.665,35.97
126.049,7.167,6.729,72.246
477.445,9.162,7.327,50.146
241.677,9.208,7.628,1.932
165.845,7.04,7.298,84.222
90.749,6.369,7.033,7.568
122.226,5.315,6.87,98.946
416.425,1.832,7.944,35.624
307.205,1.236,7.847,52.959
456.623,4.857,7.741,99.955
115.984,1.594,6.937,27.651
60.569,5.77,7.939,46.804
3.044,6.457,8.394,75.735
253.931,5.256,7.722,47.232
499.153,0.364,7.02,34.048
347.483,0.577,7.991,12.942
154.197,1.133,7.523,51.792
438.429,1.536,8.194,55.623
390.861,9.899,7.783,24.049
7.708,3.445,7.925,34.056
408.43,2.92,7.669,30.564
150.263,0.523,6.23,43.31
74.837,6.353,7.213,80.026
113.165,6.522,6.141,33.925
234.29,1.754,7.119,27.973
212.434,9.192,7.791,84.145
144.444,8.005,7.053,81.297
86.109,2.303,6.004,79.536
381.115,4.858,6.923,74.534
495.055,4.584,6.169,88.983
388.896,3.485,7.951,71.609
147.968,8.176,7.959,17.771
122.404,1.093,8.016,4.265
108.833,4.153,6.076,19.005
68.348,4.28,6.081,37.099
275.665,4.687,8.259,6.241
302.7,8.613,6.309,75.943
352.751,2.182,7.675,64.49
340.107,1.029,7.989,72.082
146.167,6.178,7.12,10.483
165.156,1.738,7.366,33.548
340.757,0.749,6.568,46.482
174.724,4.266,8.309,60.657
106.312,2.196,6.755,80.474
187.168,3.612,6.545,97.717
136.042,2.597,7.314,9.138
44.156,0.926,6.476,64.523
415.069,5.603,7.717,14.351
426.556,0.27,7.288,30.687
109.875,9.664,6.37,77.433
32.386,3.413,6.168,99.416
369.414,6.952,6.342,53.122
105.764,8.104,6.342,35.959
196.718,2.791,6.782,22.195
32.068,7.487,8.083,78.471
113.135,8.324,6.143,90.468
396.451,2.413,6.32,85.009
402.198,9.925,6.757,51.46
103.542,0.207,7.383,59.327
167.957,2.17,7.907,83.825
67.119,7.8,8.303,92.957
37.086,1.941,7.03,93.962
496.086,6.983,6.265,69.288
327.797,8.555,6.534,19.976
271.048,9.592,6.718,31.986
382.749,4.742,7.965,27.356
420.039,9.711,7.717,18.174
403.357,4.116,6.523,25.825
8.27,2.181,8.097,87.117
93.404,5.139,8.148,77.263
327.453,6.498,8.206,5.33
187.88,4.58,6.688,15.623
491.241,5.67,6.334,98.498
332.702,4.164,6.26,23.371
478.274,5.248,7,63.805
100.723,9.526,7.073,21.351
431.979,4.998,8.171,24.133
160.676,2.532,6.669,50.353
494.782,7.587,7.567,49.279
78.844,3.376,7.971,64.971
258.17,8.162,6.673,17.652
396.422,0.568,6.668,27.009
216.321,3.322,7.673,62.791
234.042,0.944,7.815,10.643
493.178,0.853,8.399,91.023
212.654,6.584,8.125,18.701
302.036,3.853,8.055,44.401
27.27,8.715,7.731,11.756
421.105,5.164,6.296,68.799
324.084,2.953,8.023,33.365
202.01,7.209,8.338,8.29
8.085,6.24,6.977,59.671
295.834,7.996,6.784,98.086
6.329,6.436,7.306,87.218
0.602,1.67,8.391,70.587
308.049,6.703,6.127,2.252
94.509,3.915,7.772,86.127
95.944,4.631,8.037,89.777
326.636,9.216,7.972,4.762
26.849,3.6,7.417,13.116
156.703,6.12,8.301,45.695
74.716,3.635,6.336,40.804
290.088,0.947,6.613,30.148
330.883,4.535,6.767,20.594
360.568,5.971,6.022,55.362
127.616,4.075,6.927,77.361
44.625,3.907,6.402,93.767
39.342,8.204,7.812,30.809
213.076,0.297,7.037,70.62
472.922,2.956,7.761,79.031
108.865,8.118,6.734,48.318
128.371,9.205,6.33,92.188
50.444,4.123,6.33,3.275
302.785,8.888,6.508,90.148
339.936,1.989,6.288,89.358
321.466,2.214,6.551,14.563
430.565,8.462,7.448,44.503
243.213,9.033,6.641,52.07
67.229,2.228,6.857,40.795
144.703,0.593,6.132,89.66
331.215,0.903,8.231,71.586
306.561,2.614,6.345,13.227
265.502,7.614,6.872,92.724
341.482,5.1,6.949,5.571
318.695,4.556,7.93,59.971
440.662,5.841,7.209,52.746
293.008,8.902,6.957,8.168
389.301,0.904,7.74,69.888
124.354,6.947,7.493,96.294
339.091,9.268,6.195,46.386
451.097,2.134,6.782,51.876
192.866,8.378,8.447,39.004
389.552,6.98,7.208,87.646
362.395,0.145,7.06,92.852
29.763,2.316,6.375,40.312
290.754,6.058,8.098,89.197
65.095,5.024,6.333,21.233
483.66,5.279,6.263,46.33
405.704,2.319,7.098,25.94
54.862,6.75,7.092,23.166
60.876,2.664,8.454,85.843
297.237,3.894,6.319,71.709
172.445,3.689,7.21,7.624
17.453,6.72,6.503,75.984
270.821,0.903,7.754,57.72
193.923,2.055,6.979,78.91
50.538,2.005,7.621,59.74
400.96,1.084,6.846,38.363
457.538,2.076,7.411,50.003
378.297,6.071,7.173,15.021
411.211,7.322,6.936,31.75
108.245,6.603,7.344,3.211
131.786,4.752,6.959,41.217
104.264,0.524,8.015,10.033
382.532,9.59,7.238,66.401
473.959,1.681,8.258,91.342
358.419,6.684,6.557,74.327
440.733,9.129,6.28,21.536
319.35,6.978,6.952,51.201
193.83,2.18,6.459,71.485
212.881,3.158,6.983,80.764
37.661,0.302,6.519,29.018
15.729,6.128,8.171,48.231
347.738,6.13,7.42,11.33
219.214,7.255,7.244,72.91
276.108,0.11,7.969,44.039
278.831,8.178,6.326,5.127
138.688,7.387,8.143,53.413
237.946,1.409,7.208,79.348
235.38,3.476,6.341,5.399
194.214,6.385,8.049,40.929
410.338,4.958,7.152,48.705
225.582,1.151,7.512,99.955
301.822,0.873,8.234,22.653
447.76,7.815,8.227,82.096
433.117,1.56,8.232,15.446
445.211,1.721,7.042,96.436
135.002,8.309,7.874,31.364
17.491,6.121,6.583,15.411
130.533,6.047,8.078,38.794
139.354,4.793,6.854,2.506
454.68,5.69,7.16,11.778
324.621,6.018,8.228,50.119
40.852,9.678,8.014,94.122
67.689,2.23,8.381,45.048
77.838,2.146,6.909,66.362
315.211,0.572,6.378,71.001
367.707,6.582,8.276,4.619
429.822,5.49,7.233,32.886
470.318,1.112,8.224,99.708
100.852,3.645,7.83,1.694
154.886,1.787,8.187,47.547
120.161,3.315,7.637,83.907
179.381,9.513,8.031,29.553
457.333,6.833,6.301,99.666
287.556,0.076,8.421,49.125
369.096,2.525,6.452,91.486
245.06,0.104,6.061,53.305
14.429,7.149,7.327,40.367
32.098,4.694,7.78,71.3
268.962,9.94,7.791,95.869
359.395,7.336,6.848,38.233
107.665,5.179,7.885,86.629
360.955,8.047,8.106,66.301
405.333,7.048,7.525,38.482
205.949,2.438,6.965,6.493
373.21,5.303,7.534,31.829
202.015,5.56,8.156,83.297
339.175,4.512,8.251,10.42
381.999,1.792,6.079,57.646
495.963,2.234,6.306,51.672
172.698,2.81,6.011,66.503
205.52,0.103,7.231,93.961
82.81,9.169,7.091,75.424
102.037,6.861,7.365,51.551
346.698,6.896,7.709,83.205
458.523,5.723,6.914,70.465
197.302,6.893,6.521,89.659
89.922,9.819,6.987,72.71
142.55,3.852,6.023,75.549
227.526,7.125,8.074,9.316
145.325,3.595,6.959,1.378
116.79,8.543,7.557,95.606
367.992,8.58,6.812,25.951
3.922,9.023,7.537,17.345
269.615,0.055,7.351,16.713
396.883,2.982,6.521,74.051
133.114,1.339,7.563,5.593
301.646,4.54,6.274,66.441
334.45,4.954,7.203,57.574
327.512,2.559,7.8,15.583
222.925,7.234,7.373,14.409
173.289,2.698,7.866,14.133
417.962,8.539,6.683,26.692
379.223,1.777,6.122,64.537
160.628,3.672,6.14,21.482
51.51,6.222,6.672,66.347
35.904,6.053,7.019,97.199
47.138,0.78,7.344,86.348
291.435,8.463,7.894,80.01
25.831,5.981,8.099,94.964
168.463,8.699,7.734,61.635
376.6,8.676,7.158,77.118
147.174,5.459,6.661,77.619
381.654,9.108,7.07,97.479
372.734,8.484,6.683,65.07
122.914,9.581,7.561,28.033
364.411,8.505,8.046,20.372
373.888,8.212,7.295,31.363
198.727,4.694,6.115,76.414
105.21,2.12,8.349,65.999
260.635,9.107,6.736,22.706
460.699,7.225,8.286,86.123
319.808,2.817,8.033,98.152
86.461,3.41,7.033,75.964
341.378,6.861,6.142,7.148
213.602,4.778,8.369,63.127
295.764,0.815,7.648,93.831
367.032,1.414,6.624,31.983
257.474,7.456,7.334,58.958
406.992,3.286,7.588,23.471
361.078,5.076,6.567,88.188
307.537,7.666,6.234,87.128
75.396,7.512,6.669,37.081
417.975,1.67,6.119,35.62
467.953,0.984,6.175,1.01
68.483,5.912,6.391,32.427
244.121,7.416,6.396,78.361
129.444,1.49,6.62,3.833
377.262,3.72,8.344,21.072
360.815,8.703,7.44,73.297
70.443,9.442,7.056,65.151
438.514,4.541,7.409,98.679
90.487,0.795,6.014,39.671
398.63,2.577,8.237,14.195
228.49,2.33,7.331,66.807
164.136,2.39,7.129,8.824
79.12,4.939,8.354,12.559
83.807,5.832,7.826,57.224
330.945,1.225,6.844,47.726
275.215,8.894,8.34,27.097
61.043,6.2,8.13,48.319
56.349,5.973,8.386,86.964
36.155,9.873,6.241,72.775
371.884,6.281,8.388,46.025
355.941,9.29,7.357,31.823
29.215,2.863,7.681,58.636
280.135,2.401,6.531,1.284
42.338,5.165,6.351,73.574
451.873,5.086,6.198,80.442
453.559,2.265,7.056,13.053
349.116,6.997,6.553,40.86
463.094,0.296,6.204,15.362
405.727,6.906,8.388,94.932
414.269,4.572,7.833,82.773
284.854,6.89,7.295,2.987
153.03,4.771,7.858,97.068
108.9,9.773,7.529,15.041
163.6,3.347,6.445,9.317
314.248,9.826,7.584,4.228
86.328,0.65,7.703,79.275
129.32,6.838,6.594,92.601
234.03,4.542,6.8,10.467
116.525,8.221,6.958,98.348
294.322,7.896,7.506,32.27
461.588,8.002,6.317,68.206
374.045,0.947,7.859,98.64
333.213,8.224,6.865,1.841
291.361,2.14,7.729,55.132
243.974,0.257,8.332,65.943
93.282,2.177,8.175,37.765
447.355,4.793,7.844,11.887
124.268,7.421,6.483,62.491
45.654,2.186,7.83,5.653
375.008,1.13,7.589,92.42
87.808,6.46,7.931,46.745
185.948,9.839,8.172,91.117
14.142,6.009,6.779,83.818
68.534,6.911,7.611,1.361
86.602,5.612,6.688,46.463
27.205,7.823,6.866,88.892
328.328,9.758,7.302,37.847
418.504,5.441,7.085,32.999
186.658,4.168,7.502,68.873
437.288,8.603,7.897,70.8
106.673,9.697,7.513,64.673
162.695,1.292,8.425,36.975
75.368,5.782,7.845,7.299
310.28,7.925,8.463,92.377
209.935,5.333,7.859,32.404
306.642,4.092,7.27,79.768
380.837,6.552,7.028,35.816
272.852,2.701,7.839,49.98
313.815,3.491,7.718,37.993
467.625,9.923,7.672,9.051
149.532,6.365,7.804,33.615
179.582,8.729,8.18,95.612
358.852,8.078,6.569,11.923
305.653,6.523,7.412,56.028
89.266,8.407,7.508,96.872
188.074,2.872,6.732,3.031
233.919,6.371,8.47,7.85
209.695,5.906,7.964,91.003
89.137,6.224,6.803,73.82
462.215,1.686,6.896,54.987
381.159,2.772,7.796,54.128
240.678,2.867,6.029,97.514
340.031,6.019,7.16,3.074
448.641,9.725,6.858,27.777
68.087,9.541,8.135,32.366
125.187,2.272,7.978,12.83
271.351,3.048,6.83,36.365
399.505,0.361,8.162,37.671
18.127,3.988,8.284,95.921
492.009,8.347,7.381,44.76
227.453,9.158,6.398,93.543
179.616,2.365,7.926,81.194
146.362,2.658,6.798,73.947
87.178,2.208,7.318,33.722
395.787,3.501,6.114,43.271
477.707,8.048,7.25,5.412
206.822,6.469,6.951,38.357
476.21,7.859,7.715,87.17
411.899,5.83,6.102,78.357
240.526,2.577,7.562,81.028
337.013,2.28,7.93,22.938
217.492,0.09,6.032,21.794
279.362,7.81,7.875,66.671
29.023,8.471,6.326,65.475
348.132,7.683,7.745,20.336
26.412,0.744,7.138,72.245
408.542,7.622,7.38,38.239
412.473,0.458,6.843,88.793
118.539,1.056,6.614,37.083
161.831,4.405,6.178,23.766
240.655,4.761,8.162,20.391
298.331,8.161,7.526,89.922
143.677,6.795,8.457,86.143
296.243,1.533,8.126,43.161
148.894,2.261,8.174,24.831
27.745,2.857,7.495,29.17
1.264,1.237,6.202,39.11
50.576,2.876,8.283,5.39
396.125,7.286,6.295,7.662
480.716,2.414,7.293,92.819
213.483,8.354,8.142,76.846
256.342,4.695,7.181,81.584
73.424,3.229,6.414,48.386
275.516,4.124,6.933,37.133
72.327,7.095,8.471,10.105
305.607,5.168,8.499,56.25
466.629,0.073,7.777,74.593
97.849,9.223,8.22,20.395
382.282,0.66,6.111,39.527
11.751,9.386,6.69,92.804
187.749,0.282,6.922,84.531
55.374,7.71,6.03,80.031
176.238,5.347,6.942,4.904
86.768,5.057,6.233,17.392
186.652,0.728,7.294,31.298
208.761,2.387,6.011,31.061
150.296,7.775,6.676,13.767
328.311,8.913,8.166,29.655
459.426,5.291,6.533,43.386
200.298,3.533,6.162,5.881
96.172,0.599,6.624,40.915
135.361,6.822,8.069,50.157
427,2.784,7.468,5.053
285.82,0.55,7.465,67.746
227.506,6.659,6.001,8.898
74.818,4.857,7.18,65.145
224.864,0.12,6.664,99.414
139.246,1.109,6.841,7.002
471.582,6.992,7.497,27.946
442.035,0.637,8.186,13.804
41.951,8.66,6.454,37.554
258.327,3.113,7.921,83.691
112.529,0.887,6.122,93.015
205.389,7.598,6.817,84.132
438.424,5.244,6.547,69.416
263.757,3.066,8.289,72.005
167.108,4.061,6.445,12.927
103.944,0.214,7.447,25.622
400.162,6.627,6.412,37.026
312.259,3.658,7.184,5.964
234.033,7.14,7.033,82.343
108.742,6.282,6.103,26.312
167.123,6.513,8.065,6.177
479.922,7.929,7.95,8.235
260.045,6.312,6.695,96.98
200.35,4.187,7.535,91.286
260.711,3.899,6.907,95.915
389.494,1.196,7.923,95.714
170.054,7.794,7.731,80.144
89.353,7.611,6.226,28.321
292.468,2.463,8.11,33.152
332.602,8.627,6.449,40.798
356.359,5.89,6.435,78.715
440.994,4.787,7.834,92.751
185.587,0.175,6.458,44.591
37.677,3.827,6.306,30.846
479.174,6.407,6.839,25.042
217.506,0.897,8.097,26.39
311.629,4.596,6.442,1.682
333.153,9.934,6.848,24.179
273.257,7.165,6.716,30.197
102.629,5.469,6.89,77.783
377.572,5.33,7.786,55.304
401.876,0.438,7.014,33.779
276.488,9.573,7.899,60.111
244.281,9.282,7.601,79.043
56.969,6.824,6.903,61.395
41.976,0.99,7.081,7.954
169.782,2.078,7.759,24.859
155.423,1.839,7.337,29.301
476.828,5.196,8.171,36.93
391.811,2.078,8.333,3.438
329.962,6.958,7.794,74.686
258.824,5.452,8.473,47.566
83.684,0.177,7.491,89.762
489.228,7.441,6.1,52.251
187.52,1.888,7.262,98.828
53.463,8.249,6.575,70.369
246.899,3.55,6.834,88.8
436.999,3.386,7.225,97.355
443.646,0.118,6.738,47.704
5.483,9.877,6.774,63.678
443.148,6.12,7.005,91.49
135.742,4.227,6.716,57.955
19.486,0.966,6.424,6.227
423.895,6.991,7.914,70.002
431.933,2.827,6.988,93.638
298.116,9.883,8.079,78.336
287.217,9.505,8.207,79.335
406.56,7.353,7.877,8.846
393.155,9.711,6.992,74.001
445.053,1.056,7.803,4.193
276.374,2.799,6.388,93.136
483.824,2.532,7.653,91.516
498.073,0.72,7.015,98.048
58.272,9.722,7.639,31.016
424.772,0.6,7.887,54.487
249.911,8.567,7.407,58.297
193.783,7.682,7.606,56.116
306.536,3.759,6.534,41.805
27.983,0.188,7.482,98.703
253.231,0.061,7.151,88.783
435.445,2.04,7.07,61.425
106.731,4.939,7.026,65.126
213.195,4.579,6.777,71.711
469.74,5.853,6.763,60.766
214.282,7.72,7.749,71.045
179.184,3.774,7.394,81.833
220.268,1.604,6.075,97.81
259.726,8,6.121,85.058
315.996,3.327,7.425,13.806
400.346,2.869,8.116,55.094
226.051,7.643,6.11,63.559
408.74,9.341,7.268,27.308
266.86,9.15,8.128,48.077
169.24,1.374,6.011,93.337
328.975,5.032,6.689,26.639
358.861,0.929,8.3,32.411
279.024,9.61,6.204,90.921
28.307,2.152,7.517,10.342
84.941,1.974,7.268,88.136
142.649,8.889,6.379,31.078
141.313,9.679,6.106,50.345
336.71,6.976,7.256,64.642
9.174,1.21,7.838,64.999
377.841,4.859,6.443,98.018
132.671,8.166,7.728,4.443
155.011,5.725,7.366,70.678
263.955,1.326,6.895,84.716
107.963,1.719,7.661,59.245
442.236,8.641,6.48,97.597
42.684,5.27,7.142,42.349
222.191,7.058,7.373,75.236
424.711,3.731,7.147,68.95
307.922,5.325,6.994,4.105
146.165,9.771,7.852,55.726
210.38,3.297,7.64,26.831
353.347,6.748,7.599,53.346
486.63,1.725,8.23,88.523
446.569,1.217,8.484,63.383
171.216,7.836,7.418,59.795
499.099,8.441,6.871,67.572
1.752,6.683,7.947,53.303
13.815,1.582,6.355,45.331
411.92,2.406,7.282,38.069
99.731,9.112,7.311,70.307
30.385,2.887,8.459,77.798
118.574,8.189,8.478,42.901
213.05,2.859,7.998,5.329
365.283,9.395,7.183,54.772
312.168,9.145,7.368,57.789
118.811,0.433,6.799,48.421
251.635,7.704,8.075,36.633
463.107,1.695,7.866,89.696
407.504,2.153,7.929,48.631
161.595,4.598,6.347,80.098
491.132,5.763,6.997,64.135
354.31,3.258,7.343,78.919
31.225,5.754,6.312,87.889
17.58,1.707,6.922,25.091
84.204,0.223,6.219,83.039
363.928,5.712,8.397,72.389
91.869,5.174,7.878,56.546
255.743,6.897,7.552,54.951
46.63,6.498,6.512,31.831
460.443,8.975,6.835,54.523
171.98,4.595,6.361,39.051
454.066,0.084,7.34,88.992
472.438,6.307,8.051,58.626
3.064,6.751,6.048,30.604
232.068,5.215,6.258,15.293
12.328,6.893,6.573,69.705
454.346,3.236,7.785,66.807
259.204,1.488,8.235,36.645
37.472,6.646,7.883,17.055
55.138,2.452,7.312,71.902
191.755,4.563,6.263,27.769
470.117,4.916,7.887,86.339
346.455,4.772,6.264,72.897
433.809,5.984,6.869,89.347
183.228,0.295,6.77,98.475
21.607,9.897,6.898,34.76
487.159,7.163,6.824,50.902
8.586,4.254,7.923,40.974
473.826,1.913,6.429,8.682
184.339,0.802,8.115,41.092
5.045,6.722,8.146,44.936
344.579,3.17,7.227,18.166
490.27,2.295,6.265,88.448
482.813,3.8,7.439,29.951
80.469,5.929,8.052,76.099
90.624,6.717,6.724,8.551
282.769,6.452,8.094,3.979
318.652,8.633,7.692,99.553
369.709,2.188,8.468,13.179
90.525,6.367,8.062,76.82
479.504,1.011,6.504,60.847
319.37,5.479,7.123,45.842
423.523,5.84,6.259,4.655
270.033,2.162,6.174,33.534
207.138,3.917,7.765,90.109
488.591,8.272,8.282,90.61
291.061,1.484,8.434,60.37
433.437,4.345,6.676,57.893
476.646,9.327,6.504,43.134
337.677,5.041,7.401,77.781
274.469,7.251,6.502,88.412
1.755,8.269,6.74,73.023
20.01,2.038,8.093,53.003
100.426,2.182,8.026,63.825
93.004,7.586,8.238,22.754
127.379,7.533,7.206,99.132
152.467,0.602,7.41,93.651
180.033,3.225,7.926,95.707
210.269,3.985,6.598,17.518
49.433,8.29,8.058,65.625
21.181,4.219,6.044,65.978
336.972,9.259,7.994,36.155
268.667,9.966,7.94,86.653
222.072,7.807,6.754,78.452
317.22,6.664,7.82,72.242
413.84,3.919,6.535,3.86
213.846,0.67,7.441,99.066
320.56,5.731,7.751,72.119
476.786,3.617,7.787,96.975
419.812,3.509,8.457,9.591
213,6.877,6.455,69.741
322.358,4.636,7.202,74.736
88.535,7.521,8.2,7.403
280.261,3.982,7.404,7.384
490.664,1.509,8.191,76.464
259.158,4.613,7.085,79.97
463.819,9.51,7.988,91.108
203.667,8.015,8.175,77.432
499.422,2.057,8.116,24.797
289.61,3.913,8.178,96.902
21.134,9.278,6.549,27.457
293.377,1.237,7.097,72.994
137.286,2.54,6.436,53.408
16.241,2.622,6.451,13.109
410.427,5.709,7.22,92.786
137.865,4.107,8.4,59.205
398.274,0.799,7.48,10.09
144.109,6.292,8.135,38.952
97.163,0.991,8.343,76.735
486.968,6.064,6.216,62.224
180.823,5.07,6.405,23.126
300.688,4.937,6.727,57.373
304.991,0.675,7.542,31.577
280.237,6.392,6.154,53.2
457.348,4.313,7.967,32.479
337.221,4.111,6.159,50.132
201.867,5.965,6.396,84.374
431.19,6.062,6.954,21.99
90.531,0.15,7.394,1.177
272.118,1.252,8.204,16.345
475.275,2.365,8.409,84.344
312.699,6.78,8.212,42.091
408.484,5.767,6.268,74.236
326.78,7.576,7.578,4.045
419.685,7.406,7.104,15.488
472.244,8.532,6.314,57.326
136.461,3.768,7.388,72.31
84.831,3.451,6.892,79.001
241.995,8.31,6.864,64.659
350.931,2.376,6.236,75.912
113.596,4.612,8.447,17.409
2.051,1.943,7.815,66.159
171.468,9.138,6.701,43.104
484.43,4.078,8.294,91.572
347.484,2.125,8.37,61.913
200.663,6.92,8.026,54.625
96.288,2.446,7.648,58.248
178.045,9.435,6.941,83.301
84.92,3.676,7.086,2.116
53.153,6.646,7.138,86.167
453.371,3.452,8.372,3.89
498.825,8.072,7.9,58.683
82.057,8.969,6.73,50.757
27.261,7.879,7.562,37.665
164.866,8.485,7.485,13.743
230.83,1.019,8.03,13.283
102.411,9.241,6.238,74.474
150.712,6.243,7.753,12.236
100.435,8.692,6.828,69.038
387.13,6.844,6.324,99.04
356.289,2.018,7.829,68.507
317.476,6.096,6.829,8.446
193.609,0.909,7.825,54.664
454.52,6.957,6.406,83.609
484.766,4.09,8.465,95.506
86.82,1.517,8.009,73.038
111.506,9.792,6.723,31.657
262.816,9.011,7.851,25.865
45.625,8.935,6.339,78.598
218.224,7.888,7.634,76.271
290.896,6.92,6.149,49.152
261.037,6.551,6.833,9.594
165.454,1.061,8.446,67.532
271.223,9.006,6.302,59.454
479.4,8.811,7.494,2.174
103.009,7.479,6.177,64.6
327.416,9.273,7.674,14.105
21.698,5.531,6.697,82.757
33.208,4.476,6.775,67.684
275.914,9.679,6.845,6.118
52.47,4.641,6.513,53.651
11.173,6.413,8.354,80.734
85.756,3.731,8.265,83.169
282.425,6.363,8.175,9.453
351.67,7.201,6.266,8.811
101.239,6.247,6.584,77.725
334.13,5.146,7.531,24.033
91.238,3.001,8.426,59.809
306.729,6.438,7.512,61.276
205.98,9.084,6.818,63.351
326.9,0.069,8.044,34.45
497.526,1.339,6.339,4.95
468.908,1.198,8.204,54.211
2.141,9.232,8.437,51.986
442.719,6.627,8.419,43.881
33.245,9.518,6.369,28.674
476.523,5.828,7.374,84.461
140.913,4.617,7.462,37.64
191.017,7.923,6.487,13.553
45.819,1.609,7.367,76.054
56.136,3.813,7.616,63.992
363.37,4.663,6.822,31.606
472.166,2.985,6.789,15.963
305.374,3.713,6.151,44.527
357.925,0.781,8.392,7.528
380.985,1.98,8.009,23.053
131.407,3.355,7.899,96.433
22.615,7.959,6.054,15.899
0.936,1.825,7.561,28.223
175.325,3.466,6.452,14.758
120.732,0.649,7.654,91.288
31.159,5.571,7.553,92.559
89.764,6.113,8.13,6.888
62.249,8.655,6.639,89.924
457.439,8.191,6.069,15.09
70.134,2.854,8.285,40.332
268.824,1.37,8.272,59.043
296.553,1.561,7.14,46.779
271.745,9.69,6.195,14.456
49.528,6.732,7.245,79.366
159.399,0.426,7.31,69.054
25.635,1.368,8.054,94.179
197.835,4.858,7.793,35.942
94.299,2.078,6.177,43.609
280.816,8.037,7.763,35.625
346.404,5.732,6.339,7.236
266.06,6.126,6.224,6.442
217.118,4.628,6.997,76.371
193.667,2.561,6.193,29.201
420.846,5.894,8.073,49.226
109.684,7.17,7.158,97.918
367.109,3.709,7.468,2.748
378.741,5.049,7.442,52.248
209.6,8.397,8.445,52.304
148.65,1.487,8.289,99.856
235.271,5.452,8.123,83.599
46.607,3.484,6.958,7.613
22.965,7.028,6.363,16.554
55.802,0.188,7.48,4.357
93.573,6.705,7.101,20.487
252.088,1.029,6.564,22.021
424.568,0.648,6.244,9.899
117.821,7.246,7.09,53.195
467.581,6.403,7.627,97.526
477.454,8.949,7.563,80.579
479.452,5.197,7.935,21.134
418.781,5.3,7.166,78.517
181.913,7.07,6.804,98.242
36.342,3.234,7.347,83.688
284.409,0.369,8.438,47.399
279.341,2.3,6.113,27.664
424.988,2.38,7.322,75.041
497.996,3.357,6.823,78.859
254.079,9.435,6.263,30.387
172.602,8.048,7.087,23.194
92.951,9.36,7.603,67.539
2.4,9.986,7.32,88.955
254.557,4.338,6.073,3.051
277.759,2.271,7.448,98.722
412.469,5.6,6.58,19.993
252.288,8.811,6.854,35.592
458.234,4.657,6.781,6.24
314.042,5.054,8.146,6.498
420.168,1.344,6.119,28.002
74.151,4.205,6.87,56.937
427.668,3.87,6.987,90.207
337.572,3.517,7.547,7.915
85.117,8.873,7.972,55.044
94.882,0.593,7.819,42.197
463.25,9.721,7.882,98.937
16.108,0.082,6.481,19.524
231.267,9.456,8.279,37.582
156.738,5.48,7.035,4.312
332.539,7.024,6.028,91.51
419.815,1.871,7.67,62.62
180.189,6.542,7.51,59.196
213.451,8.82,6.315,5.824
490.959,1.395,8.4,10.801
391.958,1.271,7.404,79.237
448.602,3.04,7.173,55.398
219.381,1.617,6.995,20.702
117.038,1.106,6.525,55.432
205.932,6.783,8.382,96.843
358.046,2.138,7.755,11.266
54.715,6.67,7.419,97.05
135.235,8.619,7.578,77.734
23.318,6.52,8.101,15.279
216.174,1.194,7.589,81.653
413.723,5.736,6.286,74.658
12.332,3.936,7.743,57.818
337.662,3.434,7.412,77.662
466.248,3.185,8.416,14.983
118.464,9.294,7.834,72.441
346.817,7.425,6.86,64.452
487.551,1.338,6.338,29.184
481.139,4.76,7.206,69.347
117.465,3.182,7.698,68.206
50.166,9.779,6.443,24.665
74.141,9.78,7.624,15.621
351.018,3.195,8.064,36.865
362.879,3.521,6.393,40.517
337.118,5.994,7.764,82.591
168.039,4.793,6.171,44.172
84.888,2.131,6.02,73.923
290.381,6.604,6.082,46.807
241.84,3.341,7.579,7.646
364.417,6.537,8.433,65.622
220.68,3.837,7.928,89.643
169.32,7.002,6.636,52.314
146.739,6.678,6.179,70.504
105.735,5.088,7.542,78.105
132.873,7.047,6.008,47.271
47.415,4.61,7.981,25.73
173.429,1.161,6.608,86.147
18.285,1.821,6.748,83.04
93.207,2.46,6.86,86.089
373.385,0.632,7.909,82.752
162.734,7.114,6.664,14.178
334.119,3.674,6.711,42.057
358.442,0.935,7.352,19.962
290.593,8.2,7.158,16.364
479.349,6.837,8.389,78.368
10.72,4.522,6.658,48.653
369.326,2.474,6.23,9.979
479.393,1.517,7.352,41.203
431.136,4.584,6.461,99.337
83.946,8.852,7.034,22.027
163.41,1.884,6.468,40.319
86.226,5.687,8.202,59.857
300.654,9.617,6.819,20.759
356.094,6.371,7.937,96.808
158.537,4.4,8.372,63.855
269.753,7.164,8.351,23.711
345.46,8.246,7.312,45.214
210.67,5.905,8.458,36.729
427.008,8.718,7.64,13.109
385.775,5.146,6.321,29.176
32.333,8.3,8.221,55.818
310.563,9.52,7.172,9.723
117.663,5.012,6.382,5.782
278.759,6.05,7.979,54.592
478.444,6.095,7.561,43.973
439.531,7.814,8.205,19.637
202.258,8.23,8.068,71.562
145.757,0.272,6.8,9.7
117.203,7.334,6.641,27.769
266.257,7.838,7.835,11.028
57.124,7.004,7.433,73.033
274.638,7.137,6.175,63.639
0.667,0.414,6.454,19.657
161.925,4.42,6.378,56.179
109.967,8.182,7.474,69.951
485.609,9.34,6.214,4.383
363.621,2.295,6.519,66.659
174.827,5.792,7.363,31.841
46.423,8.043,6.333,14.389
258.4,7.524,6.621,82.294
106.724,6.189,8.267,61.007
268.215,0.187,7.743,55.107
417.681,7.239,6.767,83.81
307.896,7.732,8.193,27.246
316.894,7.228,6.626,2.399
270.515,7.658,7.473,94.924
463.633,4.309,6.921,27.014
465.951,9.938,7.88,63.701
256.362,7.708,6.929,97.726
152.88,5.787,6.622,24.129
229.794,9.342,7.519,99.28
93.279,9.082,7.863,54.327
318.172,8.146,7.341,95.938
250.046,5.637,7.791,9.518
51.65,5.271,7.055,53.571
98.824,3.287,7.989,94.492
239.816,2.509,7.463,16.397
443.794,5.124,6.491,28.245
283.195,5.778,8.227,22.035
340.768,2.445,8.092,96.579
169.514,9.226,8.41,27.09
285.706,5.573,7.423,12.975
223.69,5.265,7.689,79.884
329.565,4.356,8.159,51.837
25.288,0.581,6.131,59.4
246.65,8.824,8.281,61.075
147.996,3.17,6.678,61.688
163.093,6.425,6.143,45.972
480.459,6.074,6.594,97.581
91.347,5.845,7.466,18.237
155.623,5.257,6.12,95.828
254.946,1.814,6.002,29.948
431.513,2.806,7.598,19.802
208.335,5.242,7.133,62.948
371.933,7.893,8.111,89.293
428.187,4.32,6.644,36.929
155.008,2.039,6.702,8.467
196.375,0.879,6.194,54.117
178.278,6.63,7.346,98.532
416.428,4.233,6.915,39.567
22.173,1.254,6.849,2.975
154.211,6.745,7.144,50.587
339.704,2.076,8.124,38.991
282.722,5.09,6.263,7.602
218.145,3.062,7.309,87.608
269.974,9.317,6.491,62.258
98.792,2.283,6.531,16.267
215.358,4.199,6.642,92.669
250.851,9.595,7.149,58.048
450.595,3.187,7.236,69.23
130.418,6.446,8.179,58.758
433.914,3.167,8.23,97.857
322.121,1.107,7.467,89.173
10.17,6.275,6.704,2.635
362.316,9.16,8.046,2.445
17.776,4.526,7.982,49.33
498.691,6.262,7.995,32.092
436.318,6.089,6.041,54.348
148.672,4.151,7.885,34.497
128.706,6.149,8.132,87.942
190.721,2.593,7.513,17.81
178.083,3.78,7.878,6.67
186.169,4.423,7.94,34.949
159.138,8.64,7.266,14.775
310.567,3.483,8.034,59.56
82.132,6.351,7.981,47.777
422.991,2.134,8.29,71.088
406.201,2.526,8.303,8.207
238.242,6.484,7.324,75.684
426.365,7.623,6.079,28.38
123.573,4.621,6.048,67.472
8.783,3.351,8.347,29.809
309.604,9.103,6.843,83.545
228.955,1.358,6.944,83.575
283.582,7.207,7.175,31.325
449.67,6.902,6.664,91.046
484.963,6.902,7.476,32.783
317.227,9.354,7.962,89.674
382.028,7.282,6.643,20.121
41.904,3.016,7.858,29.504
80.358,3.534,7.68,88.535
366.602,3.911,7.314,9.001
215.683,0.308,6.814,70.477
222.983,9.135,8.182,68.517
154.304,0.736,7.007,97.244
303.678,6.998,6.937,97.255
92.583,7.302,7.603,48.569
313.458,8.437,8.301,66.182
86.899,5.534,7.27,16.423
31.913,7.253,7.807,23.382
165.179,3.027,7.142,56.285
115.57,7.456,6.547,24.522
444.496,3.434,6.31,22.47
27.477,9.028,6.341,3.261
88.307,1.634,6.053,8.261
274.36,3.158,7.382,71.432
240.534,4.988,6.328,2.419
22.926,7.759,8.164,89.682
3.626,7.488,8.457,8.787
494.034,2.107,7.24,16.501
329.417,1.442,7.124,34.694
182.703,3.04,6.87,72.939
235.216,4.838,7.595,70.371
133.275,5.39,7.52,25.409
172.437,4.291,6.858,33.372
324.522,6.631,6.858,82.302
441.406,4.276,7.612,50.181
92.065,9.463,7.386,46.362
420.181,2.61,7.796,63.714
60.778,6.274,8.353,46.228
107.496,6.114,7.949,43.966
18.588,2.816,6.761,80.062
70.406,4.117,7.898,93.211
458.652,3.655,7.125,55.377
229.719,1.725,7.944,29.644
38.833,4.773,8.216,95.021
479.863,3.867,6.625,70.492
439.496,1.783,6.597,65.778
377.341,4.499,7.082,61.06
466.736,4.218,6.129,74.297
110.065,1.314,7.714,77.786
418.185,1.312,7.874,79.327
344.996,6.475,6.864,97.604
434.88,7.066,7.163,41.709
398.456,9.412,7.476,25.021
173.248,0.87,6.184,40.016
387.199,1.179,7.778,76.913
131.228,0.518,7.317,54.529
164.296,5.322,7.561,86.604
53.953,6.227,7.81,24.378
467.538,4.035,7.689,73.966
145.502,7.979,6.238,25.686
260.311,6.867,7.956,80.112
195.666,9.858,7.525,44.385
479.964,1.379,7.787,98.952
167.525,0.583,6.654,67.205
389.273,2.748,6.554,74.431
427.708,0.191,8.065,5.23
217.803,9.326,6.976,70.604
189.086,3.04,7.438,42.464
373.873,5.524,7.379,32.99
456.448,3.181,7.463,79.724
377.466,2.458,6.174,23.635
113.563,1.524,6.756,19
444.154,3.204,6.166,36.176
193.791,6.154,7.2,63.306
288.115,9.716,8.255,26.474
415.718,5.581,6.973,56.301
94.197,5.327,7.956,39.1
392.255,0.353,6.718,40.275
298.081,8.401,8.141,21.109
446.671,0.448,7.049,32.888
85.985,9.062,6.888,28.111
210.341,5.387,7.744,25.1
416.422,1.685,7.282,8.997
9.616,4.517,6.843,43.874
56.101,9.95,6.145,25.224
495.283,3.051,6.417,96.141
140.197,2.695,7.931,60.569
487.772,1.18,8.302,46.74
91.266,5.971,6.422,34.461
180.547,0.892,7.424,46.616
376.435,7.66,6.085,34.805
328.889,9.192,6.727,85.829
290.561,9.319,7.122,26.328
264.95,1.079,7.84,28.716
421.72,5.583,6.11,71.252
117.474,0.971,7.953,90.192
221.235,5.72,6.507,68.331
77.726,8.15,7.899,9.388
297.971,5.378,7.564,89.999
125.272,8.721,6.849,77.163
166.921,8.017,7.809,24.732
235.625,2.765,6.591,7.198
13.385,6.301,6.549,72.03
45.969,0.074,6.154,24.223
342.965,3.96,6.983,52.857
214.485,2.38,6.244,9.867
432.395,9.371,7.049,57.248
347.336,4.054,6.025,3.126
4.05,6.541,6.388,53.865
308.356,7.32,8.331,83.536
46.862,7.732,7.989,58.494
390.467,7.358,6.59,88.58
495.754,2.892,7.796,55.339
265.599,6.861,7.671,69.056
341.39,5.49,6.442,37.261
118.657,5.974,6.928,30.383
218.799,0.008,8.284,34.246
428.048,2.583,7.847,11.177
83.711,9.307,7.901,26.185
132.768,2.901,7.41,39.317
222.717,4.38,7.664,34.813
356.124,1.867,7.272,50.063
187.942,1.386,7.852,49.338
463.866,2.087,7.832,73.805
47.229,5.536,6.078,40.179
185.402,9.19,7.579,68.045
354.477,3.262,7.575,89.172
112.993,3.234,6.168,46.121
328.207,5.641,7.026,55.789
82.108,3.567,8.247,68.041
27.99,9.104,8.384,49.917
60.508,3.778,7.956,17.157
464.992,4.904,6.379,30.064
275.875,5.334,6.937,3.79
398.173,7.821,6.456,68.676
166.327,5.639,7.63,28.678
296.329,2.392,7.933,82.538
247.476,1.24,8.209,65.935
472.869,9.378,8.152,73.877
373.787,8.016,6.248,88.364
365.271,0.23,6.314,43.144
23.177,8.215,8.274,19.673
274.835,5.906,8.109,93.616
233.496,5.189,7.151,99.587
463.921,0.122,7.075,22.579
128.671,7.809,7.382,74.358
134.917,1.981,7.492,8.155
205.673,7.28,6.636,3.72
121.685,0.159,7.009,67.838
64.592,7.964,7.549,26.261
428.707,0.23,6.516,86.917
279.138,2.359,8.497,51.794
430.681,2.683,6.707,78.422
415.567,1.575,7.381,11.243
141.021,4.811,7.385,87.572
273.869,2.837,7.129,19.804
41.609,9.933,6.604,57.254
457.626,5.8,7.413,61.359
202.131,5.665,6.228,7.529
196.838,2.209,6.967,97.779
151.378,4.087,6.561,30.922
230.332,1.24,6.31,71.697
125.88,7.625,8.314,63.533
187.426,3.312,7.75,4.275
399.974,7.52,6.422,86.374
417.128,3.717,8.373,31.139
152.091,9.888,6.54,25.657
234.507,1.711,6.589,6.797
436.91,0.015,6.333,25.783
26.337,5.948,7.82,62.386
444.572,9.53,7.427,20.886
109.592,6.471,6.146,47.184
339.27,0.857,6.063,80.17
291.276,5.405,7.332,95.564
276.47,9.095,7.629,70.349
429.68,0.065,8.057,20.378
50.786,1.669,7.196,38.931
173.514,8.146,7.691,55.851
269.126,8.939,7.834,87.269
405.644,7.072,7.533,55.225
108.222,9.916,6.881,49.638
401.465,0.902,6.33,26.711
199.819,5.457,7.619,50.461
94.457,6.85,7.922,32.553
379.493,7.026,6.475,56.882
45.449,7.935,7.237,81.063
257.384,9.176,6.993,94.627
31.938,3.616,6.514,81.15
178.209,0.43,6.613,83.002
300.538,3.624,6.594,36.441
278.058,6.716,7.047,69.855
202.328,2.135,6.976,39.421
214.524,8.1,7.385,3.399
113.385,2.198,6.233,88.57
227.941,0.101,7.453,6.177
476.627,5.081,6.055,12.437
425.226,7.265,6.643,2.821
72.616,3.497,7.255,7.658
14.89,7.489,7.717,6.842
466.762,4.384,7.928,68.053
263.375,1.717,6.089,85.496
268.919,0.906,7.344,79.872
390.359,7.106,6.886,63.002
157.344,3.857,7.737,78.814
240.954,9.128,6.709,46.2
484.331,5.403,7.859,90.734
336.074,3.484,7.506,46.531
76.873,3.49,7.974,3.793
66.613,1.314,8.461,70.545
102.132,5.938,8.271,83.243
383.356,5.822,7.483,23.233
147.689,8,8.234,32.467
10.694,2.012,6.383,69.801
472.087,2.908,6.108,57.808
84.857,0.972,7.333,89.107
4.779,2.953,8.436,48.29
118.566,4.281,7.774,67.573
117.514,9.64,6.763,27.892
211.003,6.531,7.672,93.014
460.195,7.829,6.1,37.61
439.592,3.255,7.177,54.414
228.447,1.445,6.593,62.032
205.45,2.567,6.123,26.173
277.505,2.565,6.625,32.358
121.727,5.831,7.806,50.74
26.092,3.415,7.378,27.815
469.612,8.574,6.059,13.885
93.349,9.885,7.024,83.822
99.2,3.433,7.88,33.148
236.23,7.051,8.387,42.183
245.807,6.575,8.186,55.169
9.217,1.945,6.004,84.4
73.977,9.18,6.547,14.892
189.077,1.994,6.519,62.969
341.865,7.37,7.033,35.757
114.209,3.476,7.614,87.085
211.507,3.671,6.383,66.458
278.673,4.554,8.289,15.374
444.296,8.645,7.943,30.397
163.035,1.403,7.048,4.58
66.779,0.546,7.46,77.286
244.636,4.02,7.355,41.866
373.361,0.556,7.456,5.819
54.93,6.876,8.15,2.332
212.342,7.603,6.5,95.599
8.893,8.547,7.709,85.381
16.78,7.438,6.268,34.11
241.477,9.164,7.148,52.142
149.099,7.483,7.59,58.015
422.554,9.361,6.031,52.014
301.077,1.931,6.27,31.492
226.966,4.999,6.228,39.667
203.968,9.939,6.937,18.936
248.623,6.816,7.555,4.288
20.219,8.786,8.49,16.318
446.397,0.304,6.635,2.293
499.152,8.718,6.34,43.874
90.744,6.977,7.037,66.428
60.191,1.708,6.365,18.913
71.789,0.257,6.061,53.858
330.514,2.599,7.41,33.172
330.72,9.158,8.199,12.879
423.962,6.681,8.152,13.631
375.913,9.195,6.252,62.193
224.845,4.462,6.369,12.653
306.428,9.366,7.228,55.773
344.142,4.63,6.919,19.872
256.368,2.043,7.758,86.747
237.825,1.514,7.237,5.948
322.549,9.938,6.05,39.322
278.737,3.339,6.711,76.389
321.971,1.601,8.254,75.166
306.427,0.084,7.279,15.333
359.598,2.856,7.995,20.476
321.402,8.891,7.006,55.086
259.871,5.34,7.692,68.741
340.898,6.324,6.423,75.476
224.741,9.224,7.841,62.434
120.836,5.128,7.966,78.529
0.709,8.383,6.225,44.548
279.982,3.238,6.458,56.5
295.328,9.771,7.157,43.89
486.024,0.788,7.594,76.334
180.739,7.248,7.594,18.306
197.067,6.606,7.671,25.988
100.9,1.917,7.786,83.846
35.267,3.888,7.264,71.725
386.402,3.128,7.437,73.782
124.841,0.945,6.021,10.814
304.452,5.848,6.417,48.956
343.887,9.937,7.246,56.87
235.618,5.596,7.864,78.212
438.176,5.453,8.022,42.801
221.897,0.403,7.822,54.53
142.454,1.392,7.216,24.595
448.008,5.132,6.703,83.38
430.782,9.852,7.112,91.475
82.02,8.766,6.023,46.952
12.981,3.402,7.495,44.288
44.993,5.43,6.186,33.498
143.274,5.527,6.363,27.416
486.13,6.854,7.565,55.784
279.258,6.878,6.033,17.708
186.631,7.898,7.434,59.342
444.358,0.25,7.596,56.57
226.568,9.437,7.971,69.713
157.619,0.701,6.17,23.349
470.61,4.762,6.007,70.494
424.759,9.196,7.917,2.675
421.834,4.877,6.725,53.908
256.142,0.636,8.218,84.563
394.719,2.292,6.462,73.053
89.677,5.787,7.464,85.232
286.611,0.879,6.274,15.686
491.923,4.237,7.007,72.17
145.479,3.291,8.205,47.439
397.176,8.152,7.521,32.993
245.239,1.101,7.724,36.221
19.903,6.828,6.565,11.092
381.51,4.066,8.307,69.998
84.285,5.878,7.559,63.558
315.737,2.055,6.265,16.109
42.832,6.097,6.039,54.878
473.434,6.74,6.04,13.837
145.862,0.702,6.128,32.021
113.232,8.243,8.279,5.368
64.568,8.613,6.896,62.486
473.001,0.636,6.746,2.231
355.952,6.032,7.041,26.813
370.83,5.94,7.024,27.403
249.702,0.125,6.596,75.087
237.364,3.423,6.23,45.612
55.011,9.689,6.272,57.748
279.921,5.555,7.498,25.66
123.458,9.332,6.992,55.215
488.573,6.756,8.256,15.771
398.29,0.284,7.159,99.244
206.496,0.777,7.259,52.18
75.671,7.222,8.321,88.059
392.666,5.546,7.254,11.463
61.027,1.272,7.255,59.452
94.667,6.141,6.908,67.434
105.76,8.103,7.776,79.106
278.445,7.53,6.981,49.106
393.528,2.462,7.471,4.572
157.157,2.582,7.118,26.858
42.335,9.678,7.322,28.781
232.269,8.874,8.068,32.525
374.055,3.183,7.034,10.128
110.832,8.241,6.575,1.063
109.962,1.617,7.426,52.449
473.614,1.968,8.344,73.941
477.077,1.812,7.733,23.78
495.233,0.877,6.771,69.687
403.83,8.547,8.407,73.381
94.092,5.788,6.857,41.713
105.991,2.59,8.458,52.98
170.113,8.487,6.48,32.086
159.066,8.026,8.499,38.147
478.264,1.01,6.19,59.321
394.537,6.441,7.783,36.83
362.004,7.218,7.851,50.608
92.982,7.158,7.699,74.633
454.763,7.231,7.944,96.496
413.935,1.695,7.18,89.215
81.821,3.151,6.135,91.535
435.585,8.442,6.894,91.211
136.124,8.984,7.606,24.912
40.435,2.792,7.616,94.695
328.411,0.23,6.488,23.014
326.902,8.598,6.633,86.557
47.466,3.771,7.217,58.527
159.426,3.295,7.822,84.031
496.407,3.47,8.132,98.24
339.213,4.157,6.216,87.695
365.038,3.783,8.314,81.834
106.459,5.664,8.319,21.444
39.391,0.789,6.02,86.131
138.451,9.715,7.266,17.41
124.449,9.365,7.468,51.759
117.272,9.344,7.384,50.732
96.377,8.793,7.539,52.355
287.378,6.603,7.258,72.591
164.052,2.211,6.735,40.207
410.173,0.495,6.239,46.208
91.974,0.993,6.521,66.243
232.314,3.24,7.851,68.555
6.829,5.039,6.603,44.316
240.841,9.933,8.074,6.162
27.919,4.354,7.009,26.65
488.862,5.246,7.036,94.458
395.296,6.952,8.171,92.814
245.056,1.807,6.536,65.315
43.294,9.328,6.474,19.338
296.223,5.29,8.464,10.475
379.382,2.763,7.352,95.003
95.359,9.351,6.476,87.444
284.104,6.255,6.415,40.395
407.105,4.837,8.154,63.331
384.124,5.802,7.5,91.501
401.496,7.483,6.288,14.677
439.662,1.545,8.217,63.99
468.841,8.648,7.11,92.029
202.761,9.595,8.473,83.816
284.385,5.67,6.704,29.426
395.33,6.823,7.322,95.253
348.57,8.598,6.433,21.113
497.76,3.748,7.099,21.649
6.839,9.928,6.441,10.564
177.567,6.805,6.768,12.694
140.514,4.24,6.675,76.404
131.158,6.773,6.708,28.31
111.265,5.217,8.425,87.044
354.562,1.116,6.096,85.903
42.38,7.959,7.242,12.532
370.804,5.644,7.573,53.703
346.713,7.958,7.652,74.207
125.402,1.549,7.886,68.582
126.417,5.384,7.902,11.263
314.43,7.666,8.389,32.853
381.086,9.883,7.889,61.586
438.243,8.844,8.059,58.849
426.07,8.643,7.331,81.589
482.441,2.475,7.644,6.552
290.692,8.38,7.195,48.555
454.328,1.693,6.691,85.046
404.257,1.981,6.783,99.372
447.334,1.101,6.901,13.721
5.813,8.576,6.852,64.945
482.951,1.083,7.333,1.132
236.765,1.381,6.619,35.603
399.091,2.459,7.292,45.03
63.602,5.727,8.291,35.241
197.971,8.802,7.015,62.826
135.73,4.182,6.557,2.523
145.829,5.463,6.867,90.917
61.628,1.665,8.192,32.534
402.882,2.659,8.354,15.886
4.621,1.339,8.217,43.886
156.253,4.099,6.718,51.885
87.205,5.903,6.97,6.15
294.519,2.84,8.437,80.109
127.126,8.46,6.81,74.007
129.499,9.812,6.345,51.668
244.169,1.202,6.705,19.41
326.345,0.179,8.41,92.732
60.652,7.898,7.04,79.623
87.756,1.906,8.335,24.138
123.587,3.531,6.26,73.863
486.874,3.942,7.915,11.035
198.576,9.166,6.233,12.726
299.495,6.588,6.494,45.014
120.771,0.406,7.54,70.471
245.23,0.148,7.086,91.813
37.06,1.996,7.667,97.128
17.371,3.182,8.434,69.499
234.367,4.845,6.132,78.537
199.33,8.378,6.479,51.534
68.44,3.148,7.601,6.536
343.801,3.765,8.241,13.404
496.452,3.293,7.994,97.108
197.823,0.09,7.164,39.907
312.279,9.552,7.864,77.415
481.488,1.39,6.52,22.826
415.767,2.877,6.034,53.758
231.776,1.293,7.425,16.116
368.745,4.905,8.033,81.064
64.068,9.322,7.084,17.638
256.052,1.007,7.423,70.888
139.53,4.409,7.055,15.94
80.582,0.224,7.285,82.048
213.14,7.709,8.211,50.789
65.507,6.412,7.195,41.83
349.493,6.997,6.019,34.341
228.12,4.723,8,69.085
265.572,9.076,7.544,9.717
73.188,4.096,7.826,85.764
69.886,5.141,8.253,76.363
291.708,6.953,6.716,37.922
492.505,5.206,7.258,97.786
48.125,1.893,7.506,83.374
142.866,3.171,6.863,27.811
434.73,0.923,8.115,88.886
36.136,4.326,7.744,10.798
437.943,6.094,7.834,69.268
262.143,1.185,8.02,14.003
204.133,6.306,6.645,97.617
154.84,8.929,7.864,5.92
148.559,3.377,7.935,24.043
152.901,2.22,8.106,53.483
442.402,8.93,7.221,58.812
361.898,6.919,7.26,51.779
334.862,1.054,6.245,74.27
399.375,4.081,8.13,1.154
128.557,6.741,7.334,56.818
309.021,5.744,7.486,61.881
230.033,6.185,6.304,21.698
391.221,5.671,7.505,66.255
154.628,7.981,6.105,65.744
321.589,3.204,8.308,53.485
441.106,7.085,8.159,26.67
201.075,9.911,6.486,42.24
33.311,3.9,7.485,27.972
258.025,7.91,7.507,77.203
172.986,2.461,8.009,62.241
336.113,2.819,7.892,15.97
475.516,9.349,8.483,57.193
242.804,0.259,6.877,90.423
233.095,2.174,6.312,83.447
327.292,4.829,7.434,89.229
51.749,4.018,7.91,91.784
126.753,6.292,6.714,19.633
459.49,1.927,6.591,72.244
334.971,0.705,8.006,64.792
6.722,3.693,7.884,4.306
102.313,5.244,6.508,78.042
341.419,5.62,8.173,21.512
382.2,6.015,6.337,91.784
419.93,5.487,6.273,83.693
146.088,2.458,6.878,77.12
465.514,7.645,8.216,69.982
276.473,0.878,7.739,47.538
348.27,1.984,6.987,79.987
298.369,7.394,6.393,82.104
61.37,2.797,7.784,10.75
481.557,4.935,7.498,33.775
61.438,3.272,8.469,32.349
127.441,5.07,7.914,13.337
406.814,3.467,6.255,97.603
309.298,9.942,7.821,58.776
419.075,3.575,6.644,59.39
257.868,6.27,8.405,38.863
188.497,8.883,6.048,77.1
460.923,6.379,6.596,48.089
18.126,5.659,7.247,74.482
428.065,5.692,6.198,87.924
115.409,4.965,6.86,66.036
424.368,8.076,7.243,62.689
69.598,0.504,7.117,78.905
290.109,8.851,7.151,50.798
444.054,5.863,8.198,81.353
236.77,8.489,7.263,10.157
373.283,0.104,8.353,24.951
402.336,8.693,6.369,92.535
368.247,1.201,6.701,17.948
462.665,7.212,7.641,45.853
223.417,4.165,6.708,48.591
86.563,6.811,6.868,42.334
23.906,6.282,8.253,86.824
123.23,1.634,7.346,75.224
71.599,5.146,6.837,81.21
278.974,2.772,7.942,99.138
92.473,5.604,6.177,97.507
19.467,7.38,7.409,89.318
17.995,0.813,6.249,56.998
415.785,5.158,6.442,30.829
295.725,6.176,6.156,72.647
179.043,2.954,8.254,94.978
447.114,9.53,6.121,99.033
35.098,5.203,7.291,61.709
490.161,1.825,6.562,70.379
308.146,1.078,6.959,28.594
91.732,5.417,7.234,20.956
339.535,3.752,7.125,64.245
381.691,1.925,7.87,23.289
214.671,0.307,8.28,40.139
430.816,5.666,6.751,49.765
75.366,5.986,6.061,93.337
139.419,1.418,8.235,97.778
46.746,6.017,8.447,25.463
105.439,9.52,7.083,14.066
119.364,9.783,7.139,23.263
458.817,8.885,6.36,52.37
39.055,8.071,7.189,78.509
213.708,2.094,6.758,52.677
266.199,1.564,8.486,93.38
449.347,4.449,6.462,64.104
498.848,6.196,6.946,48.882
376.694,8.507,7.541,77.259
485.395,2.32,6.863,95.416
393.551,4.796,7.186,33.983
481.601,6.474,8.434,28.225
353.635,4.456,7.27,22.122
39.882,4.542,8.276,54.029
200.96,2.251,6.108,47.355
323.299,9.867,6.3,25.474
175.359,4.752,8.361,72.445
136.692,5.327,6.322,30.457
288.7,2.186,7.841,75.895
466.751,5.141,7.115,84.05
17.491,2.553,7.017,86.751
384.616,2.023,7.648,15.5
361.364,2.757,7.819,31.288
481.977,0.028,8.33,52.892
465.356,5.702,6.642,84.713
381.116,3.875,7.745,40.705
260.204,8.987,6.856,66.327
102.134,0.407,7.794,46.001
272.618,0.432,6.355,3.932
382.676,8.859,7.144,32.318
447.835,1.266,6.459,75.915
394.856,0.022,6.841,73.299
97.633,1.789,7.789,88.483
299.843,8.239,6.583,59.696
166.087,8.027,7.712,76.878
4.603,3.401,7.24,42.101
100.11,6.68,6.23,35.62
56.61,5.072,6.967,34.644
421.36,9.047,8.173,16.745
129.253,0.564,8.473,44.341
142.349,8.132,6.922,81.26
479.968,1.706,6.137,2.203
189.543,3.916,6.325,57.914
4.793,1.92,7.97,18.116
141.923,7.026,7.639,74.674
59.65,6.783,6.713,14.881
51.404,5.479,6.978,17.24
38.744,6.982,8.028,5.219
296.63,6.396,7.033,44.824
94.674,7.764,7.889,65.108
180.621,2.394,6.738,29.59
431.009,4.289,7.812,5.096
212.169,1.516,7.166,93.332
457.846,4.296,7.363,86.191
248.969,7.017,7.497,46.818
199.418,6.914,7.126,82.504
375.194,7.094,7.165,80.315
36.588,3.088,6.664,56.6
44.739,6.622,8.464,53.155
325.987,3.675,8.265,65.451
243.47,9.445,7.318,72.491
395.208,3.434,6.087,82.26
458.135,6.03,6.421,57.875
194.183,7.501,8.135,74.879
298.205,9.064,8.327,19.377
250.348,4.379,6.403,74.866
490.805,3.605,7.836,6.756
415.542,4.3,7.558,66.187
455.869,3.237,6.758,71.538
127.17,6.539,7.09,96.787
386.263,9.327,7.693,42.756
132.737,1.261,6.253,12.291
104.371,5.609,6.473,34.129
472.133,8.976,6.083,42.5
9.652,1.001,8.256,77.229
482.694,4.939,7.435,19.438
74.631,8.652,7.309,17.811
409.719,9.005,7.766,22.759
137.961,5.144,8.471,23.863
175.351,0.25,6.431,92.455
108.379,1.056,6.333,16.876
292.757,5.867,6.737,41.887
174.048,1.239,8.26,40.926
328.697,1.494,7.029,13.63
7.824,7.721,7.984,11.788
32.187,7.507,6.507,91.069
49.831,8.428,7.234,83.801
209.497,1.057,6.319,93.39
407.398,1.981,7.032,32.395
444.089,8.33,6.656,53.124
122.405,7.211,7.374,26.322
287.185,8.06,7.951,39.798
384.182,9.897,8.346,79.621
144.415,8.644,6.71,48.151
204.504,5.205,7.858,11.85
261.987,3.108,8.214,1.316
67.437,5.697,6.312,24.378
12.991,6.386,7.465,19.138
76.403,3.353,7.53,79.615
313.427,7.709,6.681,66.996
36.809,0.928,6.056,83.992
94.848,7.794,6.642,42.458
168.927,0.32,7.462,58.78
38.935,4.98,6.491,42.319
95.85,8.614,6.718,22.899
455.635,0.865,7.77,63.463
9.65,5.177,6.996,39.471
326.716,1.594,6.164,25.684
192.204,8.948,6.998,93.909
336.324,8.323,8.499,11.674
294.346,9.339,6.653,77.903
111.749,8.75,6.663,55.404
423.605,7.366,6.425,76.541
245.97,1.849,6.679,9.897
411.268,3.025,7.437,39.651
203.006,4.969,8.412,79.808
492.343,5.889,7.519,81.693
385.245,7.822,7.025,79.102
482.975,2.27,6.974,74.691
257.163,1.283,6.061,38.283
236.846,4.826,6.006,71.903
377.727,1.578,7.993,11.834
440.146,6.937,7.225,17.098
482.073,5.756,6.083,54.452
162.276,7.411,6.715,55.411
399.352,0.634,6.892,47.706
105.323,9.647,7.958,73.765
272.787,0,7.086,56.818
89.924,3.254,7.973,7.504
173.699,6.796,7.584,88.833
465.679,0.451,6.083,63.175
73.045,0.833,8.422,89.649
316.2,0.767,6.454,43.521
296.477,5.815,6.689,1.182
60.369,8.959,8.023,76.506
162.99,5.554,6.475,57.035
281.491,6.036,7.003,2.946
93.589,3.46,8.162,57.689
400.312,0.187,7.593,93.177
486.078,0.216,6.755,21.665
107.38,8.883,7.61,28.893
93.456,1.026,8.032,65.302
227.468,9.998,7.01,82.271
373.883,1.644,7.429,64.532
140.8,6.746,8.47,67.499
9.94,9.49,8.411,33.343
270.61,3.623,7.273,1.993
478.3,7.344,6.24,84.146
195.638,3.509,7.752,99.529
210.067,3.049,6.672,86.775
484.451,2.018,7.674,40.353
347.304,8.209,6.879,35.83
359.586,2.574,7.797,96.027
281.351,2.832,6.918,98.851
487.305,9.99,8.353,61.611
344.433,3.273,6.342,51.932
447.516,4.228,6.171,52.118
349.689,9.901,7.953,20.979
367.558,3.693,7.003,73.092
145.205,3.662,7.164,17.936
151.739,8.277,8.335,21.752
391.492,3.119,7.475,67.742
148.353,2.338,7.65,87.059
281.385,4.232,6.049,66.927
124.676,7.006,7.676,48.018
408.492,0.432,6.971,69.829
55.251,3.739,7.151,46.043
414.723,3.462,8.02,65.767
301.365,2.448,7.309,78.256
93.455,6.543,8.467,2.454
271.018,2.9,7.992,22.68
141.249,6.067,7.821,70.607
161.734,5.043,7.472,40.738
175.764,2.172,7.031,52.692
31.66,2.666,6.132,68.815
492.981,1.706,6.046,53.126
15.767,0.566,6.117,83.857
331.248,6.192,8.397,38.537
185.614,6.728,6.808,69.486
323.005,1.66,7.752,43.114
178.124,6.154,7.486,53.401
336.875,9.821,7.429,12.26
364.618,0.744,7.448,83.316
345.276,4.904,6.756,32.674
56.981,7.33,8.216,30.819
328.447,0.46,8.298,9.788
139.994,7.783,7.611,51.133
14.401,9.795,8.16,42.373
207.415,0.885,6.15,10.795
216.772,8.222,6.251,75.406
233.587,3.786,7.398,7.575
352.412,1.441,8.116,15.359
154.422,4.932,6.789,46.609
157.64,0.715,7.37,36.418
30.276,5.221,6.025,28.276
343.411,0.194,8.467,56.829
283.913,7.286,7.917,52.905
174.713,4.88,6.904,43.809
352.594,4.589,8.458,77.842
268.679,1.962,6.231,50.318
234.622,3.613,7.16,97.901
255.662,1.819,6.147,80.379
318.174,7.354,6.837,11.538
330.001,1.99,6.548,28.123
144.479,6.168,6.791,54.052
70.372,2.796,8.369,47.42
78.317,6.57,7.068,5.651
319.695,5.405,6.812,53.287
436.437,4.234,7.602,60.93
204.748,6.73,7.708,46.873
84.76,4.157,8.459,86.747
378.301,8.214,7.365,56.102
416.245,7.296,7.881,78.859
440.291,5.406,6.955,59.096
303.416,8.771,6.428,91.021
430.364,8.289,7.075,22.205
7.707,5.318,7.047,83.336
53.618,0.684,7.052,45.351
46.288,5.66,7.739,70.06
356.302,3.553,7.015,57.045
34.791,5.401,8.385,11.777
248.182,6.471,8.457,44.222
236.353,6.448,7.308,67.714
155.352,6.735,7.396,89.942
435.203,6.793,7.019,22.627
85.217,1.093,6.889,36.163
176.231,1.917,8.463,36.7
387.086,6.305,6.102,52.912
15.211,4.082,7.025,86.438
336.475,7.629,6.378,40.157
408.199,1.249,7.816,15.534
466.134,1.915,6.486,51.149
438.148,5.585,8.212,4.729
159.692,5.007,6.936,35.101
293.182,2.664,8.293,51.909
38.647,4.083,8.466,52.25
128.935,0.35,7.928,82.132
47.111,0.37,7.558,80.311
157.594,0.949,6.375,28.981
437.594,5.768,8.333,30.803
173.583,8.637,7.942,98.185
280.949,2.602,6.72,39.757
216.69,0.339,7.171,15.14
229.458,7.086,6.169,66.037
484.786,8.554,7.648,25.108
148.077,1.382,6.313,60.735
313.662,3.857,7.629,82.307
210.031,1.587,7.679,18.192
30.573,1.064,6.812,45.712
244.665,6.482,8.372,38.912
406.672,9.675,7.947,99.939
49.376,6.782,7.242,71.452
34.796,9.848,8.296,9.154
76.816,4.344,8.14,23.631
382.2,8.979,7.731,16.569
361.998,2.051,6.382,2.507
282.509,1.179,7.243,32.269
234.113,7.025,8.161,33.121
444.163,3.714,7.522,24.264
383.349,3.177,7.364,55.757
405.971,6.713,8.388,22.627
406.631,3.335,6.041,94.165
321.359,5.726,6.03,73.514
229.007,2.995,8.232,13.019
432.339,7.838,6.096,27.617
463.004,3.124,6.831,98.261
11.903,5.35,8.31,20.818
25.777,0.232,7.728,12.579
479.372,7.917,7.62,23.999
138.58,6.203,7.642,71.672
436.685,1.922,6.794,52.269
194.398,2.154,7.326,7.689
59.55,2.625,7.575,36.817
40.222,5.765,6.764,9.575
78.254,5.483,7.988,29.778
124.947,2.739,6.804,17.925
244.259,6.941,6.179,22.837
350.749,8.89,6.504,78.038
493.199,0.435,7.021,78.566
220.753,4.172,8.27,73.509
259.092,5.935,7.039,69.137
260.908,5.864,6.225,25.271
269.717,0.195,6.491,44.633
258.87,2.106,7.361,46.545
4.387,0.618,6.444,53.951
0.862,5.69,6.16,85.778
48.833,6.454,7.787,88.974
50.778,1.597,7.961,22.389
352.448,3.33,8.127,43.767
102.458,3.298,8.11,15.654
447.357,8.198,6.948,65.169
464.303,1.947,7.836,57.635
487.947,5.483,7.459,85.232
469.541,7.829,6.058,52.37
135.944,8.296,7.004,78.328
254.888,6.666,6.132,32.491
87.727,2.995,6.208,69.731
403.105,8.23,6.14,4.976
444.216,7.422,8.402,16.001
425.644,7.045,8.111,45.25
216.683,0.673,7.098,88.803
379.337,0.433,6.62,88.626
48.79,6.954,6.181,60.278
20.122,9.448,7.078,13.859
376.618,7.737,7.501,68.416
212.678,8.315,7.993,18.511
497.775,5.45,6.129,35.696
48.627,3.046,7.045,32.105
427.814,6.777,8.442,88.562
239.992,7.12,6.302,69.663
413.575,6.754,7.001,8.035
408.564,9.467,6.688,84.495
457.996,3.672,6.335,43.61
148.925,0.397,8.097,75.722
474.9,9.084,7.743,77.891
75.833,1.605,7.029,99.869
40.984,6.973,6.923,35.347
215.808,8.732,8.069,86.58
414.161,3.101,6.227,29.393
236.711,8.304,6.367,99.558
414.643,3.321,8.266,41.615
364.843,7.943,8.043,66.358
104.714,0.698,7.937,99.456
474.441,6.552,7.56,20.841
30.391,6.771,6.731,62.776
449.14,4.914,8.337,99.839
152.222,6.871,7.23,94.452
250.074,9.232,6.702,22.853
211.176,7.339,6.914,10.774
85.917,9.613,6.042,43.181
179.073,4.486,6.638,76.572
96.467,5.283,6.47,79.181
101.943,2.637,6.339,61.135
93.528,9.856,6.08,61.874
244.509,0.551,6.567,12.945
398.966,3.586,6.259,44.68
284.485,2.977,6.113,58.041
446.603,3.865,6.343,68.676
318.272,9.177,6.506,10.086
344.67,3.68,7.04,69.374
333.804,9.17,7.459,94.186
224.73,4.233,6.806,78.837
344.669,8.548,6.353,62.764
34.854,5.218,8.351,10.616
429.926,3.114,7.287,79.641
388.906,4.493,7.855,66.633
122.615,4.244,7.736,55.321
384.016,2.599,6.712,80.412
6.321,2.896,7.4,67.776
108.623,1.865,7.505,47.5
32.569,3.36,6.879,24.223
390.113,6.244,7.677,50.93
377.937,3.866,7.977,16.253
406.818,7.123,6.911,6.959
2.241,9.87,6.037,24.162
250.616,3.771,6.873,37.343
352.418,4.626,6.292,65.034
77.701,1.641,6.389,50.438
324.895,3.922,6.915,73.779
42.055,7.268,6.519,74.01
90.663,2.174,8.337,70.901
237.898,1.821,7.632,55.2
326.783,3.764,7.296,66.64
72.935,8.186,6.024,97.765
92.612,6.237,6.259,70.872
102.223,9.576,7.971,74.506
119.35,9.045,6.974,29.828
113.277,1.511,6.114,48.321
197.575,0.426,8.064,44.085
326.895,3.991,6.757,35.994
219.016,5.221,6.966,46.497
387.987,5.156,8.436,60.204
359.634,1.341,6.039,62.796
63.263,1.248,7.803,84.118
24.421,0.469,8.372,65.976
438.971,8.509,6.16,87.068
39.916,9.477,8.165,66.005
74.17,1.157,7.041,35.658
11.067,2.131,8.195,63.456
314.168,0.899,6.771,73.173
291.185,8.775,8.457,68.88
493.452,9.587,7.618,85.141
443.466,2.618,7.568,90.652
205.422,3.036,8.015,34.186
185.793,3.627,7.091,8.813
148.426,5.025,6.647,65.985
76.203,6.825,6.657,11.916
69.042,5.044,6.827,88.514
66.142,9.51,7.543,82.394
57.057,0.999,8.096,71.639
120.256,7.986,7.249,92.691
153.334,3.345,7.009,88.831
480.789,3.775,7.985,92.37
289.237,7.088,6.724,73.809
493.798,9.294,7.723,37.477
186.233,7.162,6.265,5.727
228.813,7.759,6.283,7.094
162.289,7.508,7.61,79.521
91.444,3.21,6.207,19.947
71.582,7.569,6.388,31.996
472.54,7.845,7.561,59.025
493.405,5.334,7.096,13.978
22.455,5.368,7.403,98.547
75.173,7.597,8.442,81.893
211.762,8.17,7.58,58.886
93.167,3.372,7.477,90.937
181.94,8.016,6.95,49.864
64.548,8.142,7.577,89.798
228.256,2.341,6.032,82.772
135.847,7.17,7.393,2.394
175.953,1.865,6.172,79.877
47.156,0.93,6.55,78.609
214.064,5.745,7.408,32.421
491.629,9.087,7.67,49.811
164.417,0.355,6.962,14.681
438.215,8.265,7.047,66.992
421.6,5.065,7.245,67.765
476.029,8.609,7.898,98.164
395.055,8.435,6.044,72.553
329.798,8.753,7.118,45.287
428.292,7.689,6.036,18.847
37.822,8.43,6.798,78.984
231.415,1.76,7.3,36.026
494.628,3.039,6.2,94.429
384.8,2.425,7.213,28.432
481.038,7.424,8.311,20.464
389.817,1.536,7.713,62.423
437.441,1.822,7.956,91.647
353.265,8.79,7.451,14.966
380.251,7.059,8.241,5.093
261.589,8.754,6.367,96.771
462.119,1.394,7.124,14.536
412.519,3.99,7.493,61.144
421.942,2.832,8.184,20.711
336.505,0.097,6.77,17.601
152.29,2.845,6.003,16.448
17.815,3.796,8.436,71.287
467.828,0.922,6.065,76.203
293.06,5.665,6.381,12.86
149.071,3.832,7.055,14.52
74.568,0.465,7.241,93.499
414.762,7.04,8.086,59.297
418.26,7.293,7.12,78.348
407.254,8.345,7.369,8.975
322.541,4.855,6.5,6.189
183.008,9.687,7.423,40.224
152.035,9.141,6.871,55.97
4.277,5.514,6.247,37.877
416.804,4.45,8.366,71.63
43.716,0.03,6.204,67.279
315.377,7.11,7.695,45.239
252.037,5.65,8.27,8.862
263.345,9.375,6.448,59.957
463.356,5.942,6.593,24.946
15.808,9.929,7.067,39.198
386.696,8.538,6.736,2.425
26.026,9.536,7.898,52.59
19.077,3.277,6.845,70.2
214.909,1.493,8.465,58.172
31.538,7.969,8.147,75.406
394.572,7.862,8.238,99.942
264.782,2.114,6.159,63.624
14.519,7.647,6.441,22.887
20.25,5.82,6.423,57.657
306.334,1.095,7.68,25.262
403.056,5.018,6.03,33.69
218.9,9.311,8.016,35.852
277.29,5.065,7.368,52.479
399.915,7.887,7.416,52.849
305.253,0.289,7.343,67.065
112.38,7.281,7.338,44.335
306.526,9.468,6.495,19.582
314.14,4.995,6.708,49.608
367.053,3.377,7.219,79.85
310.437,6.467,7.695,70.58
484.621,9.163,6.68,12.412
98.644,1.768,8.015,94.885
475.545,4.037,8.026,31.277
269.17,1.563,6.685,59.059
335.978,4.967,7.4,4.175
49.731,5.404,6.872,91.038
190.288,9.442,6.477,68.674
384.69,4.125,8.015,28.329
353.456,5.67,8.479,68.65
20.07,8.853,7.414,29.962
273.297,3.214,8.285,26.713
44.139,6.742,7.605,45.251
497.928,7.572,7.414,60.406
448.648,3.305,7.2,21.725
10.54,1.643,6.589,74.548
429.325,5.029,6.211,58.227
459.715,3.568,7.106,1.739
176.774,2.665,7.403,55.388
359.751,9.734,7.274,42.671
221.052,5.022,7.739,67.267
327.616,8.565,6.48,89.88
170.159,1.953,6.886,27.002
161.28,9.394,7.039,67.694
212.217,7.944,6.466,16.015
72.784,8.087,8.266,9.474
415.569,3.898,7.704,93.251
174.349,4.856,6.23,86.367
200.075,5.934,7.782,50.639
447.027,7.898,7.369,14.694
248.312,8.491,7.31,27.069
272.127,0.78,8.474,57.171
478.249,9.041,7.546,65.533
443.363,9.375,8.242,69.37
84.733,5.929,8.284,75.034
236.608,1.868,6.254,21.777
485.648,8.184,6.021,30.329
186.183,5.486,7.088,2.25
185.787,8.172,7.923,8.325
97.515,8.148,8.06,31.64
57.162,0.867,7.969,19.392
370.152,6.07,7.118,49.762
385.015,4.831,7.875,85.017
484.506,9.461,7.797,72.576
386.709,2.966,6.785,75.704
121.676,2.06,6.422,60.425
20.058,8.971,7.554,70.343
492.719,1.487,7.693,18.82
170.225,6.865,7.42,55.694
155.986,3,6.533,57.489
452.978,5.678,6.692,63.242
292.55,6.162,7.771,78.149
107.436,4.174,8.407,94.456
444.548,9.75,8.362,71.46
496.68,1.318,7.299,92.334
43.339,3.914,8.216,55.442
431.126,4.304,6.074,29.645
195.258,6.31,8.153,66.195
262.036,4.073,7.19,98.113
457.408,0.97,7.954,71.261
486.69,9.474,6.014,96.932
131.082,4.161,8.171,3.217
106.425,3.427,7.487,26.578
40.258,4.467,6.601,28.087
280.899,2.166,6.869,43.253
6.802,1.002,6.502,4.048
205.949,1.486,7.061,91.511
36.692,1.667,6.825,71.001
202.613,1.977,7.336,9.311
19.966,4.2,8.037,18.295
417.609,6.239,8.456,60.708
104.869,6.289,6.629,90.942
164.154,0.001,6.266,9.674
435.024,9.21,6.989,43.897
373.133,8.228,6.359,20.801
109.519,9.639,8.086,18.854
35.95,3.6,7.253,73.279
357.837,6.648,7.55,82.823
195.351,1.68,6.377,92.193
383.04,8.17,7.874,68.715
222.647,1.614,8.434,7.499
173.001,3.26,7.206,36.35
225.603,4.908,8.406,44.714
374.279,5.945,6.087,28.313
451.11,5.596,6.089,54.447
24.884,1.021,8.4,24.031
262.056,4.217,7.751,90.043
16.418,9.229,6.472,15.206
234.205,8.724,6.91,43.179
442.641,5.908,7.269,13.36
180.795,5.723,7.757,36.467
466.225,1.117,8.105,48.994
315.304,2.003,6.207,55.836
467.078,2.526,7.641,33.817
378.583,4.882,7.192,81.154
51.718,7.314,7.494,52.026
115.576,4.607,7.271,99.249
197.085,1.261,7.127,13.229
85.053,4.393,6.514,19.171
247.456,1.626,7.181,80.378
235.684,7.511,6.474,55.872
478.13,1.665,6.112,36.642
216.864,4.825,6.935,41.635
392.813,6.934,6.062,56.815
470.955,2.282,7.406,9.492
438.494,0.76,6.181,76.748
104.334,5.633,7.094,45.465
248.015,0.542,8.45,41.839
173.87,5.878,6.025,77.546
199.929,7.535,6.917,57.35
180.403,3.293,7.683,75.661
413.18,4.883,6.397,92.935
226.07,9.288,7.402,94.638
261.847,4.711,6.645,43.498
491.224,9.966,6.557,7.882
29.99,1.57,8.237,2.237
243.979,7.089,6.508,70.818
387.031,6.526,6.941,9.073
75.581,8.723,6.424,39.629
305.766,0.924,6.71,66.564
119.732,2.802,6.733,99.84
433.702,1.322,6.817,23.084
163.55,9.331,7.603,1.961
164.531,4.266,7.856,5.084
299.097,9.101,7.277,23.107
91.781,2.944,7.526,99.308
142.444,1.264,8.033,8.635
208.316,2.965,8.499,75.177
176.819,5.972,7.141,15.843
262.439,8.452,8.341,21.173
299.82,3.854,7.226,9.507
283.334,9.148,7.955,23.583
327.084,2.442,7.433,12.437
153.875,6.935,8.21,2.724
63.213,7.357,7.122,80.066
380.404,2.74,7.74,19.859
425.39,0.27,7.166,12.742
128.503,3.652,8.143,27.948
203.546,0.452,8.486,75.624
249.285,9.008,6.608,23.254
266.663,9.535,7.186,54.649
329.745,7.354,6.203,22.486
20.802,7.267,6.352,39.322
360.739,2.409,8.323,52.612
30.986,0.739,7.359,76.024
234.144,8.021,6.988,28.887
413.836,5.592,7.679,45.201
225.608,6.816,7.4,64.648
74.545,7.796,6.722,28.249
492.517,4.094,6.567,22.784
444.643,1.445,7.476,57.322
385.657,7.95,6.471,95.287
205.756,4.538,6.348,91.098
91.923,8.269,6.796,60.436
470.706,4.377,8.153,42.777
266.176,2.17,6.092,57.015
426.178,1.71,8.083,80.398
171.048,7.439,7.552,10.192
167.644,5.749,6.101,78.338
492.77,4.046,7.505,66.144
260.917,4.921,7.065,27.635
70.348,5.496,8.103,87.728
109.837,2.394,8.268,8.914
240.972,3.782,6.716,91.95
21.235,2.924,7.96,39.404
231.267,3.884,6.775,81.221
209.47,5.006,6.739,16.291
389.668,1.734,6.482,57.186
177.471,3.935,7.696,4.311
491.274,3.855,6.654,28.594
90.385,2.86,7.162,83.136
295.493,9.985,8.03,45.981
44.85,0.736,7.98,66.291
366.932,6.43,8.139,80.915
497.377,1.744,6.403,53.503
409.569,8.395,7.467,58.997
277.852,9.142,8.287,76.868
242.371,4.015,6.105,12.924
417.515,8.235,7.986,8.084
467.987,2.499,6.616,62.57
494.603,1.401,7.674,97.531
198.27,3.159,7.794,64.83
495.459,3.417,8.314,70.805
77.963,3.974,7.272,66.197
126.775,3.73,8.121,60.964
44.508,4.111,6.113,20.565
135.869,7.1,7.051,84.187
383.969,2.456,7.099,58.065
426.462,0.186,7.346,97.858
389.446,4.897,7.203,7.839
315.533,4.483,8.42,30.55
256.983,0.601,6.196,10.837
354.352,1.338,6.663,86.057
195.417,5.099,8.422,81.969
420.654,2.348,7.113,77.533
338.595,8.776,7.428,68.182
348.902,1.733,6.203,11.553
267.968,0.201,6.71,41.189
442.614,4.476,6.099,70.746
126.007,9.862,6.344,36.723
190.574,6.339,7.583,72.066
388.821,3.54,7.909,29.254
246.374,0.169,8.175,54.81
444.607,4.849,6.629,36.099
173.2,2.065,6.832,92.229
184.665,6.478,7.423,44.797
444.368,5.83,6.209,29.381
232.185,2.652,8.017,6.644
258.062,0.689,7.208,15.4
166.382,7.55,8.414,56.926
138.335,5.855,6.293,70.413
327.974,8.421,6.333,95.482
59.92,2.598,6.871,60.084
439.636,6.529,6.517,68.396
389.602,1.187,7.741,62.361
95.374,2.918,8.367,90.345
347.01,6.565,6.225,30.942
301.316,8.256,6.606,60.719
92.268,3.209,6.595,96.019
136.602,7.989,7.273,1.706
204.493,6.778,7.13,27.827
349.621,3.487,7.817,76.12
319.362,8.764,7.832,47.522
266.117,5.092,7.432,17.67
384.205,6.482,7.478,57.593
378.969,4.956,8.106,51.992
308.93,4.527,6.992,45.958
393.495,8.48,6.031,34.833
167.132,2.947,6.533,6.201
440.625,0.366,6.088,60.808
307.455,8.798,6.984,52.208
411.182,8.25,6.895,58.951
273.14,3.666,6.247,1.242
109.219,1.855,7.888,9.186
271.205,6.755,7.383,17.602
185.556,0.788,6.564,45.395
348.75,4.238,7.898,80.982
237.897,0.859,7.67,25.339
418.056,5.979,6.479,81.026
339.036,0.272,8.457,24.29
342.272,6.292,6.444,75.155
108.578,6.732,7.929,87.549
492.125,4.871,8.421,81.83
420.838,1.75,7.814,74.1
394.502,1.014,7.664,4.806
165.108,3.133,8.258,33.685
267.816,4.652,6.673,20.455
68.552,6.422,6.693,47.984
269.238,0.013,7.603,36.075
72.945,7.111,8.205,62.162
276.519,7.127,7.543,57.009
324.361,4.445,8.443,43.655
195.098,3.434,6.557,76.974
249.272,8.423,8.065,2.466
437.827,7.846,8.318,86.71
54.282,9.833,7.068,1.292
395.866,3.719,8.405,45.75
85.377,9.068,6.505,88.253
18.354,0.874,8.382,42.382
92.787,4.115,8.257,75.811
382.522,4.654,6.165,40.89
202.563,4.409,7.303,85.242
436.26,6.251,7.322,99.924
262.354,1.702,6.142,89.931
11.125,8.665,6.099,6.519
358.357,5.518,6.013,15.677
55.116,9.042,7.311,54.644
394.69,0.026,7.16,96.199
84.051,6.3,8.351,41.226
172.723,4.125,6.856,28.427
380.636,5.051,7.646,96.533
477.116,7.438,6.019,71.17
185.717,2.272,7.659,77.273
414.7,2.049,8.284,11.963
95.396,7.03,6.887,26.994
403.59,5.214,6.785,50.859
328.747,2.336,7.565,73.907
96.372,4.84,6.821,35.381
151.252,4.596,7.006,21.223
65.885,6.914,6.683,44.278
191.484,0.027,6.862,43.005
101.824,5.868,7.699,87.424
321.999,6.057,8.306,93.443
497.253,7.455,7.458,17.713
6.005,8.892,6.025,28.67
270.46,4.402,6.66,78.816
286.833,3.425,8.381,25.26
457.104,1.023,8.276,27.2
253.003,3.368,6.289,67.987
271.851,0.685,8.271,51.573
235.826,8.028,8.411,70.657
134.452,8.07,6.811,8.186
28.015,4.172,7.753,50.916
204.329,2.596,7.4,67.612
26.296,1.18,6.843,47.967
275.246,8.512,6.383,13.654
153.647,8.775,6.917,14.255
266.801,2.663,8.319,59.212
67.148,6.218,8.028,15.26
466.315,2.587,6.827,31.073
447.261,2.251,7.369,44.677
94.998,0.212,7.015,59.738
171.722,5.772,7.166,27.266
306.746,1.499,7.903,41.119
47.843,0.124,7.358,37.415
177.284,1.049,6.453,10.61
125.556,3.138,6.673,80.572
457.758,6.692,7.419,74.496
426.255,2.026,7.732,78.629
289.916,8.876,7.27,15.585
260.173,2.885,7.551,52.237
465.363,3.312,7.973,33.696
466.214,2.18,7.363,35.501
484.665,2.538,8.443,7.515
62.689,0.741,6.589,94.638
80.279,2.948,8.299,94.03
338.368,8.596,6.619,41.423
270.717,6.884,7.329,85.589
9.233,8.753,7.14,33.681
30.988,1.049,6.932,56.382
444.04,4.556,8.407,74.716
434.435,2.293,6.681,52.783
178.635,7.212,7.687,17.217
445.525,9.702,8.01,38.525
296.838,8.154,6.493,76.191
402.953,0.353,8.433,78.305
213.716,3.167,7.367,34.453
56.699,0.286,8.286,54.507
216.864,0.402,7.66,21.505
228.65,0.795,7.624,25.857
275.472,2.763,6.864,15.336
52.791,3.042,7.926,44.354
495.701,4.005,6.074,72.269
122.068,4.049,7.39,88.039
99.276,7.714,6.08,54.925
263.401,1.414,6.767,65.551
268.604,1.577,6.241,27.415
219.91,6.266,8.279,21.004
385.946,5.717,7.571,40.175
258.327,1.54,7.671,56.332
304.848,8.523,8.128,4.323
361.873,3.291,7.833,10.118
12.513,3.67,6.31,63.446
285.322,4.205,7.544,20.732
442.097,3.227,8.445,45.882
8.694,5.575,6.535,93.715
202.591,3.886,7.549,86.398
463.114,2.594,7.409,7.307
176.577,9.045,6.979,6.812
229.364,3.084,8.387,15.38
490.771,6.985,6.891,12.524
99.662,3.472,6.234,26.128
32.628,4.352,8.406,37.835
429.711,2.359,7.823,9.211
434.233,7.523,6.856,46.592
236.039,7.372,6.701,53.453
257.104,0.222,8.32,66.498
417.903,0.602,6.684,41.228
369.28,9.224,7.343,30.294
132.575,8.888,6.537,64.675
8.447,5.061,8.488,91.208
239.85,4.934,7.924,40.253
429.456,8.124,7.419,30.05
447.917,1.385,7.865,72.054
478.113,6.537,8.291,87.85
439.782,4.76,8.408,96.02
290.022,7.433,7.965,22.794
222.303,0.301,8.123,30.974
387.425,5.927,6.994,90.68
369.911,5.567,6.98,27.729
269.072,8.408,8.021,35.214
43.664,6.768,7.899,64.307
463.041,8.802,8.252,57.246
227.801,8.873,6.333,87.907
181.667,4.082,7.727,61.573
314.784,1.374,7.619,49.399
336.919,6.303,7.996,8.321
105.344,8.737,6.061,97.528
418.469,0.75,8.066,42.809
144.969,5.579,6.816,57.685
93.342,1.15,7.718,50.701
203.2,0.27,7.541,74.059
365.28,6.796,7.1,64.999
482.729,6.818,7.865,34.924
404.641,6.007,8.403,52.484
470.174,8.592,6.809,82.778
70.303,0.809,7.871,63.712
35.588,1.053,6.786,95.504
278.852,8.645,8.114,75.64
145.149,5.033,7.093,49.034
414.027,2.731,7.123,80.894
335.994,7.382,7.93,44.777
485.364,8.944,7.24,22.106
127.396,6.896,6.667,63.341
242.892,7.919,8.489,36.036
250.62,2.825,7.551,3.461
119.588,2.888,7.613,22.193
295.047,8.641,7.616,17.541
221.643,6.149,8.208,79.692
223.361,2.342,6.46,72.945
181.368,5.242,6.148,61.838
8.465,6.859,6.967,93.499
261.048,2.185,7.412,18.633
167.624,6.549,6.714,17.156
0.66,0.421,7.723,90.999
153.972,3.037,6.185,65.042
139.314,6.74,7.977,56.203
196.724,1.493,7.795,74.249
65.926,2.222,6.535,28.885
253.842,8.791,6.746,59.894
346.22,6.743,8.018,43.263
315.093,4.989,7.933,31.39
401.877,2.109,8.034,87.755
226.004,3.414,6.806,16.906
259.546,5.743,8.424,2.771
405.201,1.553,7.788,36.551
213.851,4.817,6.163,20.642
350.8,4.09,7.194,81.292
217.301,4.767,7.661,13.537
208.868,1.056,6.422,93.811
380.103,1.065,8.254,17.586
87.418,9.641,7.885,89.037
169.293,9.794,6.204,17.669
112.086,4.262,8.283,5.746
179.555,7.89,7.011,49.297
115.187,6.558,7.131,36.28
289.703,1.169,7.958,60.186
399.085,2.967,7.61,64.431
393.307,3.137,7.094,93.504
182.25,5.958,6.649,95.319
494.38,5.8,7.292,50.003
296.927,9.235,7.448,21.658
199.7,7.9,7.577,25.48
417.77,8.568,7.513,10.87
364.937,8.912,7.543,28.707
374.638,8.013,7.189,91.227
98.07,3.329,7.405,37.096
234.162,2.15,6.722,63.323
430.914,5.718,6.396,98.143
252.019,6.896,7.517,11.567
341.726,3.866,6.117,77.762
293.967,8.483,6.163,70.269
421.178,9.606,6.618,82.085
142.28,5.694,6.486,14.58
287.738,4.566,6.935,50.676
61.617,8.429,6.928,63.568
345.105,0.243,6.292,76.248
365.984,1.29,6.616,71.551
21.419,8.457,6.011,57.526
337.895,7.32,6.877,47.448
207.345,4.161,7.991,94.23
62.048,8.889,6.665,18.996
209.954,3.515,7.608,21.23
97.116,6.338,6.246,11.996
207.78,6.343,6.031,12.155
192.17,1.843,7.246,87.475
369.196,2.849,7.154,61.046
387.108,9.16,6.479,93.574
303.514,1.834,6.716,88.8
11.343,1.736,6.077,30.751
465.511,4.796,7.994,64.491
343.117,0.922,6.753,38.564
17.098,8.946,6.549,87.741
409.416,1.001,8.012,73.691
100.133,6.166,6.098,13.225
289.611,3.398,6.711,26.076
233.317,8.043,6.657,66.1
209.919,5.898,6.657,25.367
444.857,3.883,6.029,53.87
218.681,9.839,8.337,25.181
37.672,0.662,8.16,68.57
473.319,5.778,7.036,8.427
460.268,9.896,7.114,72.401
342.216,6.91,7.31,34.364
233.946,7.398,7.196,45.899
46.43,0.321,7.948,48.874
395.374,0.214,7.221,20.243
37.739,0.361,6.472,94.274
34.3,9.917,6.292,1.016
268.692,9.795,8.296,37.902
80.064,3.345,6.121,13.725
3.865,2.91,8.244,36.633
211.557,1.46,7.726,11.291
68.609,3.291,7.012,38.492
80.258,3.701,6.468,20.194
38.455,7.483,6.776,55.825
102.547,8.663,7.325,2.184
357.742,7.467,7.642,51.104
404.464,6.465,7.729,28.993
226.267,7.659,7.118,32.824
253.277,7.385,6.935,36.113
16.328,4.757,7.921,65.619
34.658,3.359,8.314,76.019
128.784,2.828,8.286,33.641
271.949,6.794,7.379,92.574
369.776,9.593,6.198,74.877
302.502,5.811,6.183,40.98
196.064,9.125,7.007,10.683
59.162,0.142,7.832,56.474
390.387,7.945,7.243,61.763
181.893,8.536,7.568,14.494
368.027,6.31,8.108,85.35
256.489,9.341,6.101,38.761
369.331,5.899,8.31,16.085
453.645,2.405,6.827,52.567
460.515,2.157,6.117,42.782
267.553,5.558,8.089,64.574
255.754,9.065,8.335,18.085
132.839,0.724,7.922,3.056
467.9,6.044,8.011,48.17
228.96,7.698,8.178,16.563
63.796,1.154,7.306,16.488
216.352,1.168,7.701,68.115
63.527,3.661,6.716,26.618
251.266,2.739,6.624,84.159
280.638,1.983,7.522,51.959
168.878,1.987,7.837,61.2
35.825,1.307,6.993,32.77
471.752,6.109,7.001,23.158
386.677,6.881,8.386,16.738
419.441,7.029,7.296,71.001
183.434,5.324,8.466,69.224
380.416,9.529,8.157,49.775
242.686,8.805,7.599,78.35
100.542,9.576,6.023,80.457
62.212,3.888,6.74,44.776
172.525,8.778,7.044,65.464
68.776,7.629,7.632,91.298
499.134,3.4,6.989,9.064
24.594,1.066,8.07,2.201
220.572,6.826,7.657,47.863
226.047,1.365,6.868,33.842
150.316,2.938,7.961,9.614
285.676,5.004,6.758,15.827
74.989,6.799,6.157,26.492
391.956,9.262,6.431,10.84
166.224,5.932,6.007,32.589
295.671,6.714,8.081,14.147
357.82,3.1,7.568,62.845
444.521,6.873,7.426,69.966
417.894,4.378,7.655,77.774
304.155,8.569,7.634,87.107
194.197,3.925,7.414,1.307
251.602,4.683,8.106,18.464
384.367,4.326,7.102,81.651
438.773,8.111,8.012,4.018
51.891,9.537,7.967,66.879
192.428,3.273,6.499,18.895
388.058,4.75,7.134,51.136
215.826,7.059,8.087,96.268
166.114,8.954,8.077,65.221
205.661,4.937,6.06,37.454
301.422,1.089,6.558,69.211
499.903,3.687,7.06,1.551
246.496,5.504,6.118,95.099
104.247,4.175,6.652,35.1
81.423,1.866,6.646,98.032
21.175,0.37,6.536,67.965
279.409,6.874,6.992,29.448
272.286,9.927,8.033,61.911
102.617,9.192,6.61,38.645
347.665,6.833,7.455,64.637
370.554,8.415,7.394,79.275
129.549,2.557,8.045,47.609
172.05,6.224,6.985,22.99
495.236,0.606,6.559,98.164
187.132,7.072,8.229,41.852
380.401,9.699,8.082,18.462
226.363,8.608,7.554,74.182
396.672,5.344,6.233,65.873
384.512,7.887,6.04,81.843
333.878,9.439,6.457,1.166
427.389,2.16,6.492,35.384
469.609,7.933,6.341,32.138
289.992,2.698,6.655,92.46
118.734,8.769,6.845,35.617
199.314,0.984,7.886,53.196
379.153,1.782,7.774,1.349
325.442,7.206,6.261,81.007
88.899,1.748,8.443,12.284
25.62,1.581,7.88,88.351
341.481,5.555,6.409,73.776
125.54,8.35,6.311,56.083
249.835,2.685,6.219,75.16
373.373,8.411,7.829,79.496
281.333,8.08,6.591,75.422
41.651,5.791,6.182,66.429
92.79,6.466,7.055,88.188
109.664,0.404,7.772,42.879
128.932,3.671,6.761,57.051
282.702,2.634,7.207,96.969
251.983,1.5,6.482,37.852
101.58,3.897,7.073,75.341
33.777,3.549,6.897,39.789
85.716,7.289,7.085,47.547
492.191,5.981,7.164,34.228
234.273,9.131,6.231,16.155
433.673,1.454,6.233,97.248
424.376,0.597,6.652,45.283
255.76,5.346,6.289,28.655
353.344,0.01,6.632,64.982
96.376,7.877,6.061,11.982
344.198,5.06,6.877,54.797
136.192,4.881,6.534,57.838
416.031,3.625,8.23,20.4
41.862,3.75,8.145,96.002
386.569,4.311,6.751,59.873
49.968,0.16,7.189,23.039
440.595,0.835,8.389,83.511
152.102,5.05,7.31,31.397
327.197,1.501,8.121,73.261
243.751,7.788,8.066,63.209
183.152,2.745,8.353,16.809
322.721,0.979,6.764,10.353
473.761,2.352,6.109,61.144
20.635,3.571,6.26,67.162
459.426,0.353,7.428,13.975
304.541,1.417,7.326,18.099
403.657,3.238,6.746,5.959
191.937,3.105,6.622,14.315
235.921,8.004,7.773,59.22
434.425,8.433,6.851,20.863
207.424,1.934,7.51,29.577
267.33,1.239,7.781,55.97
10.097,6.342,7.076,42
79.299,8.046,6.484,84.677
320.843,9.637,8.152,57.535
358.488,0.068,6.234,14.074
291.3,4.137,8.074,39.048
71.655,7.34,8.092,26.618
222.703,8.286,7.427,26.639
177.547,0.623,7.574,26.39
247.831,6.806,6.895,42.419
435.165,2.889,8.104,14.074
387.931,0.746,6.659,25.987
41.995,4.891,7.399,70.445
445.155,1.582,6.004,82.917
235.884,7.37,8.35,2.362
371.931,7.413,8.371,9.262
70.02,8.421,7.776,85.65
335.36,3.776,7.058,22.251
118.163,0.133,6.447,31.905
219.19,2.597,7.231,34.372
8.431,4.678,7.979,86.722
75.805,6.94,7.513,17.113
46.04,3.82,7.319,81.441
119.872,5.36,8.124,47.301
50.009,5.243,6.783,78.534
345.955,1.65,8.15,69.117
14.52,6.23,7.099,73.478
308.87,4.393,6.006,12.271
70.354,8.079,7.83,31.569
472.581,6.906,8.195,23.489
466.547,1.115,7.211,13.466
112.752,4.888,7.137,64.284
307.211,7.025,8.014,69.818
14.003,0.87,8.212,15.007
465.894,7.925,8.436,77.082
261.494,2.22,6.864,29.396
21.612,5.031,7.487,38.303
171.25,9.406,8.057,99.332
38.425,5.713,7.33,20.007
196.472,4.241,7.155,12.694
334.963,0.068,7.43,27.582
234.945,1.334,6.892,93.249
191.861,5.787,6.48,12.885
59.579,4.938,6.167,61.978
122.47,3.638,7.525,79.515
50.072,9.232,6.948,92.315
403.749,3.325,8.207,48.325
67.62,5.372,6.557,46.311
297.687,5.687,6.777,82.933
171.37,5.275,8.426,20.388
112.989,4.776,7.391,46.754
319.734,3.371,6.867,64.136
228.501,9.088,8.152,70.309
200.073,4.508,7.858,12.073
296.426,5.284,7.433,86.849
245.634,6.565,8.223,82.007
151.742,0.677,6.235,32.388
279.531,7.813,6.986,48.162
334.749,5.125,8.026,39.02
13.347,6.572,6.965,98.129
232.936,7.72,8.317,58.815
28.842,8.741,6.381,27.776
93.203,3.922,6.842,74.849
280.254,8.114,7.064,82.342
433.094,2.588,7.717,72.887
441.403,6.603,6.488,9.269
34.972,1.027,6.025,29.486
209.553,0.2,8.441,36.881
291.503,0.958,8.247,22.471
73.535,3.194,6.751,48.653
382.716,0.311,7.209,32.63
372.118,6.305,7.222,4.61
451.671,3.165,8.173,65.553
4.243,7.364,7.493,44.161
108.342,0.459,8.066,3.783
413.593,2.167,8.28,93.357
335.29,4.08,7.415,65.453
447.195,3.827,6.714,8.321
28.59,1.31,7.247,89.05
298.482,9.941,8.127,42.665
284.523,2.844,7.459,24.721
17.837,7.21,8.239,5.555
256.761,2.2,8.239,74.737
304.76,8.779,6.933,96.963
95.647,3.878,7.12,19.346
136.665,9.009,7.695,42.275
320.174,3.418,6.278,24.513
234.15,0.086,7.164,57.675
429.007,5.17,6.373,87.258
171.191,5.248,8.12,13.939
133.33,1.198,8.357,30.523
492.433,2.35,6.354,17.301
455.568,7.835,7.668,23.639
14.496,0.368,7.591,13.863
385.364,4.895,7.9,63.829
55.167,5.304,7.739,5.307
13.743,6.887,6.543,73.169
136.848,0.375,6.728,15.07
134.673,5.856,6.413,27.401
409.659,0.031,8.303,35.183
355.334,2.652,7.305,38.724
490.805,4.997,8.44,18.119
355.756,9.113,7.123,49.392
209.128,1.266,7.382,89.582
349.464,1.693,7.973,46.414
499.73,6.693,7.993,3.757
355.071,3.749,6.578,36.977
380.841,6.234,6.721,40.911
469.183,9.975,6.245,29.051
56.826,9.869,8.014,30.301
352.392,3.537,7.985,20.694
425.403,5.039,6.203,95.711
477.189,9.047,6.644,53.415
105.485,0.922,7.125,54.139
251.965,4.523,7.354,43.135
340.277,3.776,7.306,62.075
123.734,2.949,8.458,42.903
300.236,9.942,7.91,69.207
128.789,7.335,6.283,9.733
166.729,3.887,6.734,3.938
220.759,8.29,6.864,56.68
264.595,4.897,6.788,73.675
224.683,8.728,7.965,67.232
246.598,2.664,6.901,40.466
149.294,2.236,7.231,1.318
79.483,2.473,7.334,12.96
23.675,5.385,6.676,39.811
97.989,2.913,6.807,66.771
290.972,1.471,7.95,31.892
393.058,9.946,8.167,53.628
84.624,9.004,6.093,18.377
54.278,6.35,7.513,17.787
374.645,8.915,7.584,74.535
152.579,9.355,7.843,44.401
475.75,6.761,7.735,94.955
357.159,5.187,8.194,21.919
163.378,8.82,6.196,45.328
144.771,5.678,6.971,19.64
261.849,1.268,7.955,26.34
39.572,3.669,8.116,64.366
58.838,4.459,6.662,91.053
87.929,9.354,7.463,13.714
387.362,6.592,6.452,13.829
256.929,8.753,8.127,95.294
5.284,7.576,7.826,73.891
336.758,3.099,6.555,31.97
211.845,7.187,7.559,41.286
255.426,1.953,7.273,79.101
107.058,4.081,6.647,70.183
275.891,8.061,8.233,61.342
489.577,6.119,6.37,86.607
36.722,8.254,7.169,31.929
141.959,2.547,7.457,21.914
121.499,7.497,8.059,41.569
124.275,2.023,6.375,1.739
189.353,5.453,7.523,51.221
409.055,4.335,6.016,37.158
456.429,5.565,8.056,14.061
101.108,1.355,6.587,87.673
271.475,3.612,7.802,20.247
318.449,6.669,7.505,70.89
260.914,5.585,6.125,70.867
217.038,5.49,6.458,5.216
95.988,5.108,6.669,43.337
244.11,9.439,8.217,48.161
200.607,9.346,7.202,81.935
397.782,3.601,8.284,62.82
381.802,3.519,6.119,7.269
66.999,5.549,6.016,45.428
44.26,0.956,8.371,30.785
454.077,3.03,7.81,17.924
267.754,2.309,7.958,28.328
428.9,2.234,8.29,84.182
29.076,6.385,8.461,62.38
263.258,3.844,6.244,44.107
269.713,1.712,6.396,72.328
430.351,8.876,6.471,96.854
48.805,8.741,8.046,92.789
120.223,8.625,6.889,10.589
203.269,3.907,7.483,33.896
432.921,0.57,8.138,32
469.442,1.067,7.708,55.831
496.362,2.76,6.164,9.951
479.597,2.2,7.114,92.25
2.971,8.74,6.169,78.47
23.854,9.864,7.197,13.154
73.803,8.167,6.548,26.173
174.431,7.298,6.003,15.163
414.959,5.886,8.033,48.288
446.328,7.699,8.423,89.122
93.417,9.47,8.41,64.818
309.832,6.013,6.748,60.947
458.681,1.546,8.072,8.375
231.866,1.639,7.697,90.723
51.772,5.839,8,28.795
228.907,3.335,8.116,90.113
187.897,9.102,8.451,45.949
288.829,6.116,6.379,53.349
219.329,6.765,7.924,60.895
8.673,0.058,7.835,29.562
496.999,4.988,6.719,83.72
271.77,4.312,6.981,95.877
236.815,7.059,6.442,29.066
477.309,3.826,8.283,1.014
77.93,9.766,8.198,53.036
94.619,6.702,7.535,59.692
404.007,6.599,7.279,7.286
130.416,9.193,6.582,67.617
399.614,9.952,7.974,29.915
135.767,1.978,6.021,95.908
16.594,8.105,7.157,78.36
258.507,1.623,8.151,8.186
98.343,4.57,7.546,95.483
378.923,1.002,7.588,23.496
320.6,6.234,6.177,80.034
461.801,4.685,6.717,64.685
391.494,6.287,7.685,54.094
90.388,6.78,6.124,93.334
400.079,6.194,6.827,60.982
320.869,2.94,6.885,86.014
334.476,8.37,7.247,82.942
416.131,5.517,6.906,67.545
286.912,4.899,7.135,49.546
233.002,9.871,7.367,10.717
318.321,2.835,6.321,16.245
148.979,5.28,6.451,53.748
91.299,6.823,8.081,33.888
308.294,1.252,7.149,21.577
116.924,3.542,6.888,96.742
39.958,8.017,7.085,86.003
0.277,2.368,6.437,43.598
304.16,4.933,6.6,87.238
181.074,6.306,7.289,6.887
376.155,6.712,6.897,10.824
187.588,7.283,7.189,94.856
243.002,8.66,6.374,69.191
203.542,3.929,6.391,76.667
325.287,7.066,6.96,83.456
178.07,7.322,6.947,6.269
481.884,3.003,8.208,72.064
468.073,9.682,6.084,36.323
424.014,8.652,8.482,81.982
460.15,2.899,8.391,39.381
224.57,6.751,7.356,76.994
268.215,7.178,7.797,90.228
371.046,4.315,8.338,34.59
348.073,8.637,6.628,47.467
445.339,6.902,6.789,54.205
358.166,6.582,6.277,69.096
498.942,2.208,7.41,84.566
174.253,4.078,6.399,21.829
416.499,4.339,8.327,94.618
348.817,7.337,7.079,78.773
345.693,6.184,8.299,14.814
162.918,0.859,6.513,34.248
392.801,3.077,7.735,25.885
450.188,4.73,7.619,16.743
109.274,7.367,6.999,64.829
312.748,7.436,8.246,7.514
196.067,4.905,7.087,60.278
494.774,1.169,6.496,82.944
239.416,2.929,8.442,36.828
114.16,2.547,7.104,49.478
190.929,7.81,6.52,15.27
326.919,1.8,6.909,72.321
38.045,4.649,7.534,90.966
301.801,6.707,7.28,73.543
465.612,9.648,7.588,13.176
425.181,9.992,7.655,35.201
33.837,9.529,6.308,18.147
496.695,7.182,6.787,59.354
349.363,7.464,7.872,72.528
81.14,7.592,7.626,97.556
6.208,8.626,6.221,50.789
85.641,9.518,6.788,64.09
419.088,4.457,8.328,11.551
10.82,4.165,8.155,16.37
116.574,4.605,7.677,23.938
378.653,6.598,6.182,6.379
293.055,7.754,7.518,41.409
391.368,8.705,6.03,95.168
373.075,4.562,7.653,65.639
25.301,3.634,7.828,44.167
446.256,9.834,7.243,49.894
113.516,2.319,6.01,15.516
276.696,2.22,7.667,10.577
322.144,7.154,8.049,26.644
84.314,1.797,7.465,31.343
488.116,3.994,7.773,13.162
244.078,2.924,6.226,69.449
28.821,1.687,7.788,92.394
468.631,5.797,7.535,18.264
293.134,3.735,6.828,83.975
349.597,4.622,7.713,30.534
262.588,1.959,7.614,61.083
417.369,7.679,7.499,9.781
16.567,3.147,6.457,24.691
134.189,3.427,6.741,16.65
234.824,2.522,8.478,16.967
38.302,4.344,7.083,93.413
352.953,4.636,6.149,37.02
196.832,5.297,8.248,20.412
136.334,9.676,6.432,17.958
1.689,9.047,7.009,67.62
359.915,6.094,6.695,72.13
416.905,0.389,8.41,97.996
197.52,6.123,6.945,62.982
282.109,0.897,7.772,46.422
113.843,7.103,7.496,23.191
311.099,3.901,6.107,4.894
6.069,8.377,6.961,88.198
244.322,9.425,6.975,79.097
322.103,4.171,8.475,79.821
459.096,4.606,8.03,32.883
190.668,5.901,8.142,36.402
382.595,1.971,6.784,78.581
298.844,9.273,6.823,69.069
463.506,4.33,7.289,65.311
199.189,1.668,7.578,55.915
159.548,7.627,7.821,37.468
443.571,2.192,8.052,74.385
24.622,1.435,8.183,36.73
68.193,5.629,6.062,73.736
41.202,6.715,7.99,19.852
421.555,5.696,7.527,59.455
5.304,6.565,7.33,36.375
430.829,1.155,7.571,83.029
225.634,4.76,8.205,52.351
2.013,3.57,7.363,62.777
200.823,9.734,6.405,9.242
93.4,0.496,7.092,50.029
312.2,2.983,8.311,78.292
339.679,9.419,8.036,86.139
243.764,9.835,6.508,72.396
20.26,8.249,7.785,42.439
328.064,0.76,6.641,26.49
421.019,5.614,6.871,39.526
360.162,4.001,7.172,56.598
414.979,8.065,7.102,1.574
100.255,0.55,6.073,91.289
444.444,1.971,7.935,35.028
161.097,4.892,8.116,79.884
6.702,1.576,7.327,53.913
421.696,6.927,6.432,66.557
470.911,8.208,6.62,76.19
327.779,7.045,6.316,29.503
115.718,4.403,6.424,61.002
125.872,8.784,8.191,75.413
233.296,1.377,7.2,77.322
448.916,2.603,6.278,42.184
74.799,4.895,6.637,73.123
412.987,0.613,8.374,30.888
145.651,0.957,7.273,13.302
404.293,3.974,7.289,12.179
460.136,9.439,7.314,51.065
213.747,9.084,6.279,38.943
182.525,4.66,8.426,24.012
401.111,1.422,6.211,39.727
264.741,1.781,7.75,41.772
342.225,3.775,6.144,55.804
311.415,2.101,7.109,6.734
76.444,0.83,8.249,90.894
422.395,6.738,7.921,37.848
97.888,5.814,6.837,61.923
466.141,2.913,7.378,31.334
125.286,7.789,6.413,76.406
366.94,7.759,8.39,46.411
142.328,4.91,7.772,32.858
158.893,0.965,6.936,96.417
155.001,9.185,6.795,86.655
373.946,6.687,6.597,18.853
278.408,2.471,7.966,70.363
441.476,6.105,7.087,75.678
153.686,4.05,6.826,4.421
345.996,6.353,8.263,96.135
376.474,4.739,6.376,24.064
75.741,4.855,6.66,90.929
200.295,7.359,6.862,65.753
241.409,6.137,6.65,51.699
177.844,0.8,7.464,78.798
161.056,0.654,7.503,67.828
343.21,3.05,6.137,74.285
107.933,4.302,6.361,85.933
354.695,2.752,6.496,47.647
467.522,6.515,6.176,43.147
282.599,1.951,6.312,90.078
305.717,7.041,6.599,79.988
34.466,7.732,6.864,2.905
432.238,1.243,7.978,65.728
142.724,6.508,6.545,90.487
307.526,9.614,7.675,68.675
489.556,1.928,6.145,55.791
297.751,9.093,7.646,18.413
362.355,6.06,7.987,95.107
222.66,5.909,7.512,63.009
30.183,0.519,6.503,11.002
398.8,7.483,6.826,92.837
17.499,4.783,8.013,52.144
350.329,7.212,7.08,16.565
11.461,8.092,6.638,23.427
431.153,5.238,8.332,96.813
78.818,2.636,7.593,44.227
257.136,1.416,8.014,42.548
298.575,1.605,6.061,49.131
228.773,8.669,6.848,70.352
170.382,1.236,7.147,37.137
233.907,3.847,7.469,42.683
155.708,3.343,6.475,74.866
219.061,8.655,7.245,46.658
179.456,4.777,7.714,71.644
283.102,9.964,6.865,96.26
118.962,7.371,7.729,96.29
494.328,8.509,6.974,45.254
250.435,0.987,7.174,24.188
97.081,2.531,6.336,25.872
238.533,1.354,7.628,82.103
433.208,4.636,6.561,8.892
10.903,7.183,8.072,5.001
339.777,1.691,7.384,68.46
273.984,1.302,7.401,91.101
84.779,6.146,8.281,23.85
408.738,2.303,6.419,6.403
184.442,4.793,7.326,89.633
146.901,0.511,6.956,36.062
414.063,6.806,8.416,55.422
319.263,5.413,7.982,83.788
449.13,6.474,7.894,25.75
314.942,2.754,6.51,60.521
370.409,2.786,6.593,99.159
418.223,8.014,6.073,74.39
27.37,7.186,7.596,40.337
388.024,5.797,6.927,77.034
306.853,6.281,6.78,3.156
34.754,0.94,7.593,22.319
254.289,8.562,8.072,74.723
41.229,7.699,6.333,26.961
367.974,5.905,8.297,13.485
273.251,9.186,6.086,30.037
476.787,1.686,6.238,17.962
91.568,6.867,8.095,42.644
303.017,9.63,7.232,13.33
105.791,3.1,8.348,83.933
307.032,0.153,7.154,78.218
361.325,7.349,8.315,31.39
361.152,0.07,6.599,52.473
407.537,8.725,7.541,85.648
426.775,0.563,8.486,92.973
38.636,6.528,6.94,10.018
171.634,3.772,6.004,72.48
343.561,2.033,6.16,14.41
249.293,8.983,8.148,2.983
95.338,7.462,7.23,8.816
276.355,3.404,7.342,58.012
203.718,2.842,7.999,38.334
195.019,7.36,8.029,12.749
404.877,8.366,7.194,47.958
203.799,7.159,8.145,51.315
13.227,6.4,7.171,78.952
29.032,2.279,7.688,66.703
428.122,8.528,6.083,47.131
480.3,7.497,6.345,33.109
344.205,5.173,8.129,1.199
182.184,5.116,6.783,83.372
469.3,5.692,6.837,27.432
331.402,8.283,7.657,22.109
422.167,7.423,7.481,73.725
382.926,8.562,6.205,8.093
189.57,5.073,7.914,26.999
239.351,6.246,7.543,44.071
93.066,8.546,8.138,44.717
146.007,2.323,7.339,16.627
389.063,4.44,7.036,4.972
446.989,6.207,6.928,47.583
362.23,9.151,6.011,36.389
232.587,0.158,6.099,29.2
43.255,2.126,6.328,27.792
28.474,2.345,8.324,50.914
187.163,3.266,8.202,3.145
231.911,2.818,7.243,11.502
304.56,5.901,6.45,33.195
3.245,8.856,6.365,48.502
494.861,6.37,6.64,69.689
181.969,2.415,8.272,30.018
424.047,8.638,7.304,67.037
267.483,6.32,8.01,39.328
65.22,2.19,7.267,77.697
398.783,3.617,7.524,48.581
354.914,7.9,7.525,54.598
263.718,7.389,6.078,44.072
257.277,5.766,7.113,14.156
43.74,1.448,8.16,17.946
327.924,8.033,7.223,40.649
455.623,3.075,7.088,10.783
46.622,7.716,7.316,14.879
131.756,6.476,6.952,62.75
451.154,2.642,7.288,63.691
142.172,2.124,6.338,13.616
326.972,1.309,8.42,85.528
267.409,2.419,6.085,85.816
298.164,1.578,7.208,38.593
207.894,6.171,6.525,50.298
149.996,5.988,6.146,80.353
24.267,5.862,7.629,76.508
372.14,6.419,8.463,36.912
373.047,8.148,7.874,32.393
335.363,9.136,6.635,66.77
321.817,2.304,7.233,36.988
121.859,5.878,6.124,69.256
11.172,0.783,7.329,13.833
404.358,1.201,6.249,67.532
245.569,6.543,7.987,78.729
153.419,4.866,6.142,90.556
50.966,7.583,6.023,46.162
31.361,4.257,8.154,56.47
174.433,1.276,8.356,29.602
402.369,8.721,6.216,15.899
459.362,0.829,6.697,18.138
448.376,1.89,7.854,84.613
460,2.77,7.349,54.606
453.863,9.953,8.373,38.255
263.612,4.169,6.973,86.531
109.708,5.017,6.008,12.266
399.023,7.697,6.049,59.829
106.856,6.364,7.412,79.284
133.604,8.414,7.88,13.367
116.627,4.864,7.977,12.934
257.491,9.722,8.279,4.304
160.914,7.968,6.573,94.254
77.078,4.014,7.846,69.526
226.587,3.813,8.068,8.073
436.954,9.295,8.091,67.455
285.276,6.844,7.029,31.058
439.168,6.214,7.565,11.824
97.936,7.578,7.379,99.23
83.487,5.608,7.494,18.808
287.789,1.592,6.705,80.055
231.664,3.192,7.708,88.259
330.086,5.579,7.775,53.502
397.313,0.182,6.49,97.624
375.654,4.374,7.109,12.867
471.131,7.558,7.055,96.126
199.128,1.642,7.872,7.995
103.193,0.646,7.666,48.257
275.456,8.36,7.19,85.648
55.372,6.173,7.631,55.766
144.426,1.766,6.657,58.763
103.944,8.063,6.581,16.937
198.282,6.581,6.6,98.45
55.608,3.341,6.074,23.881
15.921,3.762,7.728,86.034
328.397,1.559,8.465,95.699
305.124,8.353,6.773,28.797
354.179,5.09,8.325,73.321
330.193,5.57,7.516,8.957
57.147,8.835,6.562,74.403
145.539,0.158,6.03,48.949
64.763,0.669,7.809,12.676
421.486,1.616,7.741,89.57
373.452,0.3,6.573,68.207
100.764,6.582,6.832,17.69
170.655,6.339,8.245,53.748
483.307,2.108,6.393,33.261
297.08,1.494,8.089,71.346
400.578,1.457,6.423,63.119
132.296,9.532,7.204,19.765
105.026,6.935,7.247,24.969
391.958,5.854,7.18,70.75
342.936,3.225,6.72,67.841
340.489,4.33,6.633,31.912
276.317,0.894,7.833,48.346
281.789,9.982,6.689,47.252
367.849,7.551,7.525,13.32
135.001,6.215,8.117,62.485
176.384,5.878,8.093,27.179
435.818,5.043,6.418,46.53
154.433,2.574,7.637,8.104
273.155,2.264,7.506,61.79
351.32,5.495,6.705,84.12
499.962,0.702,6.979,57.39
217.646,0.745,6.713,60.084
214.046,5.608,7.343,67.657
421.294,9.198,8.009,20.437
402.752,9.143,8.194,7.81
365.538,0.108,7.807,85.546
231.615,1.074,7.209,84.814
161.97,5.831,8.395,54.92
304.365,8.485,7.41,20.51
438.112,9.544,7.196,81.907
441.889,8.606,8.142,22.804
54.249,6.776,6.462,86.231
214.175,2.005,6.395,42.953
232.361,0.726,7.956,6.691
488.808,0.475,8.176,81.871
338.999,6.121,6.182,56.502
203.623,0.362,7.91,32.517
13.029,7.392,7.061,45.84
282.693,7.125,7.759,88.734
48.038,0.796,6.337,21.112
417.225,9.066,8.433,11.275
376.259,5.219,8.203,78.694
230.255,9.044,7.015,62.547
214.605,9.016,8.233,87.127
448.669,1.97,8.237,32.027
144.229,3.806,7.153,56.564
124.51,1.346,8.367,5.2
469.599,7.75,8.442,84.821
404.623,5.041,6.543,19.927
410.313,9.288,6.167,12.347
97.597,2.082,6.828,48.971
71.648,6.884,7.222,74.746
13.015,9.892,6.232,21.767
118.521,6.654,6.352,24.114
387.095,0.688,8.429,32.244
120.019,5.884,7.843,81.298
364.552,1.798,8.187,74.988
125.954,0.305,8.428,27.716
197.646,3.35,6.945,26.258
491.581,2.661,7.72,90.737
122.406,7.888,6.46,61.867
188.185,3.737,7.379,23.273
150.544,7.33,6.525,14.898
54.812,0.162,6.401,7.549
244.947,0.148,6.246,25.389
189.345,0.293,7.449,72.283
347.444,2.194,8.375,37.794
408.797,3.74,6.306,96.538
272.125,6.078,7.256,33.101
16.098,9.859,7.718,15.87
309.461,3.544,7.24,18.483
27.695,0.557,8.279,49.357
308.178,1.949,6.416,93.808
342.515,8.979,6.06,90.128
98.884,6.994,6.958,19.148
409.673,7.902,7.389,75.694
455.543,1.242,6.636,75.486
406.543,1.35,6.421,17.365
152.555,1.122,8.012,30.521
293.322,8.572,6.471,8.528
457.408,2.1,7.107,8.411
160.332,6.432,8.386,44.768
410.014,5.162,7.532,48.918
4.738,5.444,7.244,4.242
1.823,1.954,6.901,96.657
379.856,6.352,7.301,49.145
380.724,0.431,7.836,78.996
394.489,9.935,8.056,63.858
465.013,0.268,7.625,62.312
58.953,0.502,7.976,31.01
115.992,3.246,6.221,88.824
451.862,8.316,6.036,30.674
88.618,2.572,7.836,95.199
341.115,4.719,6.654,4.902
265.232,0.18,8.194,12.355
41.597,0.789,7.34,72.93
142.632,6.08,7.196,61.261
260.186,1.944,7.932,71.989
426.175,6.943,7.853,64.52
353.769,7.854,7.761,53.193
310.942,8.503,7.725,4.088
248.016,1.338,7.288,81.082
149.342,4.555,8.316,51.505
59.622,9.471,8.227,11.476
204.538,7.721,6.824,20.056
14.259,1.17,8.012,66.538
105.528,5.025,8.228,8.624
216.242,9.224,7.546,87.079
209.303,4.4,7.389,79.283
22.148,8.374,7.68,31.326
294.53,4.958,6.408,88.468
274.842,1.068,6.218,88.632
39.052,1.479,8.05,83.946
471.582,0.467,7.433,31.458
49.691,1.953,6.306,65.93
427.417,8.936,7.041,45.691
0.155,6.502,6.746,54.349
441.141,7.389,8.189,41.559
9.86,6.217,7.268,1.395
378.906,3.865,7.444,1.988
180.845,2.169,6.588,77.512
369.108,9.256,7.998,94.692
200.873,5.148,8.325,23.731
35.454,4.811,7.981,54.888
383.753,9.961,7.232,31.298
35.626,3.839,8.088,48.277
461.06,8.541,6.47,12.697
25.487,8.623,6.284,72.815
239.663,2.327,7.096,52.109
361.517,0.948,6.454,31.564
196.623,9.756,6.648,66.693
108.617,4.259,7.463,51.613
379.545,0.022,7.01,41.024
392.147,4.99,8.165,53.786
461.347,6.193,6.564,95.414
188.083,7.761,8.492,7.859
253.126,9.429,6.898,92.474
181.564,9.152,7.289,13.507
128.541,9.401,6.331,21.431
375.516,0.321,7.448,97.939
169.826,7.118,8.403,81.195
214.075,2.259,7.873,35.82
201.837,1.876,6.61,41.067
356.331,8.003,7.107,30.612
458.898,4.171,7.064,23.292
333.378,9.166,6.245,7.027
235.791,0.424,8.215,4.333
389.603,8.022,6.954,50.658
320.486,1.368,7.236,53.48
30.305,1.766,6.728,76.395
47.832,4.774,6.381,10.418
18.958,3.956,8.255,51.957
228.408,4.862,6.093,92.522
412.927,9.4,7,85.413
156.542,6.574,7.827,53.922
192.08,2.903,6.772,14.23
454.739,1.729,7.115,16.449
418.452,4.2,7.411,48.256
332.524,4.516,8.488,62.118
133.402,6.013,7.896,97.883
58.521,2.66,8.418,83.298
8.029,7.675,7.733,42.022
53.505,0.985,6.673,35.667
146.298,5.605,6.719,2.335
275.895,6.235,8.056,1.764
32,2.068,7.069,47.969
68.114,8.26,6.926,7.859
90.54,6.154,8.363,16.48
315.991,6.457,6.033,98.057
307.895,4.977,7.312,72.007
275.383,9.096,7.938,45.773
125.251,6.939,7.84,85.93
185.56,3.818,6.919,18.564
48.345,2.386,7.339,39.542
113.23,0.711,6.014,30.18
448.853,1.654,7.337,99.551
489.846,9.927,7.476,90.209
323.83,4.068,8.187,53.082
458.412,8.987,6.527,42.98
321.371,1.706,8.063,99.813
16.598,4.254,7.795,21.427
498.381,9.605,7.665,41.381
49.476,0.911,6.986,71.465
341.321,5.94,6.919,70.68
126.418,9.192,7.758,57.85
195.991,9.497,8.476,95.237
322.967,8.46,7.013,25.43
218.244,8.559,8.296,57.294
125.273,6.522,7.466,81.237
167.223,2.204,8.17,24.014
170.774,7.307,6.543,87.244
479.662,9.784,7.906,64.274
399.307,5.259,8.087,38.726
229.274,2.607,8.08,65.122
99.91,5.735,7.962,92.878
405.508,6.906,6.76,98.829
78.591,2.083,7.305,28.862
105.231,7.192,6.749,90.998
183.007,5.874,6.857,4.82
440.174,6.123,6.753,1.72
65.893,3.06,6.711,60.56
61.117,1.553,7.734,48.683
246.987,6.234,7.626,47.449
138.205,5.862,6.511,24.173
284.364,3.38,7.729,60.149
225.818,2.959,6.728,2.677
217.48,3.472,6.504,43.947
55.986,4.899,7.868,37.327
70.525,9.748,6.907,20.112
410.539,7.636,7.423,51.564
442.941,8.517,6.5,69.336
117.342,5.056,7.534,81.484
56.73,5.261,6.52,46.763
26.708,2.043,6.417,24.749
304.149,7.21,6.966,21.78
357.677,4.216,7.975,58.339
186.405,7.424,6.441,39.536
339.838,4.091,6.293,32.438
356.479,1.085,6.079,52.775
467.671,1.731,7.04,56.086
32.437,8.116,6.705,24.149
96.146,2.586,6.73,38.452
34.263,2.644,8.455,71.062
433.997,9.294,6.485,39.352
396.294,6.576,7.146,44.966
287.321,1.143,8.466,64.363
41.832,1.436,6.077,19.89
136.656,2.724,7.742,86.813
148.86,5.94,6.928,34.502
280.372,7.528,8.265,69.078
129.022,2.745,8.28,30.424
36.48,8.706,6.968,65.166
365.381,1.092,6.554,28.457
149.54,2.076,7.07,75.057
226.187,9.705,8.413,11.381
63.833,1.347,6.703,31.441
401.274,8.881,8.453,57.183
282.766,7.039,8.048,63.686
450.793,0.731,6.669,14.679
247.736,4.837,7.978,32.634
470.713,5.19,6.124,11.077
445.934,9.321,7.37,83.6
288.23,4.211,6.893,98.382
466.947,4.468,7.067,29.096
161.544,1.125,7.182,48.828
182.821,6.392,7.257,51.146
22.739,2.109,7.641,17.281
294.6,0.775,7.742,67.094
360.962,9.969,8.439,52.161
386.76,2.696,7.907,51.871
74.908,1.411,7.719,6.8
222.08,6.995,6.981,8.912
88.432,8.217,6.295,96.465
331.064,0.641,6.147,94.031
78.973,1.054,7.194,2.805
452.082,0.902,7.671,54.505
115.317,0.47,7.625,7.42
145.701,6.595,8.382,79.522
425.453,5.883,6.956,5.876
229.234,6.628,7.569,55.382
11.998,5.057,8.22,62.308
247.293,8.175,7.01,10.51
42.272,5.467,7.194,59.843
492.672,9.187,8.307,94.226
294.056,4.856,7.376,10.637
128.266,7.907,7.999,68.782
281.859,4.074,8.339,27.854
38.434,4.352,7.428,28.088
399.946,8.49,6.273,54.868
462.664,1.077,8.054,92.856
437.222,5.649,8.044,23.842
170.879,7.263,6.287,99.34
162.884,7.504,7.37,10.054
17.544,5.915,7.218,94.078
325.7,4.481,8.118,2.767
267.452,2.608,6.687,17.055
229.673,9.094,7.066,97.662
453.815,3.698,7.512,27.346
83.939,7.99,7.293,1.703
4.833,0.317,8.388,88.622
36.658,2.322,8.402,91.483
111.686,3.456,6.204,74.697
16.643,6.716,6.745,94.016
251.422,3.193,6.019,27.301
157.045,0.414,7.045,64.885
90.242,1.739,7.655,74.493
375.042,2.592,7.178,97.387
102.226,1.76,6.168,89.916
343.803,2.037,6.49,6.847
174.632,7.69,6.433,34.566
255.914,4.12,7.278,61.897
466.934,4.052,7.694,85.683
18.676,9.666,6.791,28.686
250.132,4.467,6.326,1.797
427.211,9.277,7.996,19.509
293.987,2.991,8.146,43.109
138.435,4.006,6.691,7.054
198.841,3.963,7.052,5.19
340.133,5.461,6.205,40.76
445.406,5.842,6.569,65.14
20.533,2.481,7.918,71.34
35.769,7.936,6.913,53.747
162.526,4.965,7.512,44.151
116.39,0.07,8.365,2.866
132.465,5.913,7.809,26.996
110.635,7.981,7.134,67.318
97.913,2.505,6.917,45.506
65.312,0.379,6.476,27.148
466.977,8.072,7.89,23.712
72.095,9.763,6.281,2.709
102.202,0.766,6.153,82.681
123.133,9.38,6.262,87.927
466.507,3.593,6.607,37.201
377.857,9.414,7.568,70.425
394.85,6.488,8.153,7.431
52.379,8.902,8.482,88.985
418.155,7.858,7.829,90.772
204.097,0.28,6.365,16.527
131.412,0.654,6.694,78.28
287.875,5.257,6.33,47.851
411.091,1.296,6.289,68.421
389.326,4.61,7.419,47.994
444.999,9.546,8.267,8.788
464.066,2.948,7.711,84.164
119.061,4.889,8.002,9.488
211.929,3.843,7.27,36.655
7.314,6.298,7.188,98.61
439.661,1.938,8.344,43.242
77.286,2.599,7.805,82.209
430.737,8.588,7.148,17.723
164.694,8.113,6.831,83.176
184.067,7.892,6.233,46.66
19.566,7.709,8.052,51.483
163.439,4.594,6.423,96.897
444.182,7.289,7.288,88.728
12.774,3.872,7.593,35.429
203.164,1.007,7.86,94.991
15.7,3.934,6.208,11.209
185.462,1.587,6.027,3.592
86.32,3.909,7.765,53.731
126.109,2.974,7.136,77.22
438.799,5.992,6.453,22.873
218.025,3.615,8.455,8.949
136.899,7.056,7.978,84.705
294.669,5.121,7.446,98.645
71.053,9.195,7.755,69.737
129.696,0.91,6.388,97.551
273.124,6.877,8.406,83.435
118.762,6.724,8.491,25.933
339.564,9.506,7.621,11.868
245.746,3.716,7.671,81.083
385.995,3.054,7.761,66.3
474.122,1.724,7.664,81.476
57.902,2.653,7.096,72.118
167.333,5.019,7.352,51.011
159.775,8.377,6.707,94.142
75.591,2.843,7.117,75.602
405.152,1.577,7.09,1.844
379.939,2.721,6.72,70.722
242.213,1.009,7.967,54.87
268.885,9.267,7.024,14.692
29.772,8.726,7.379,44.078
277.754,3.085,6.39,52.893
395.671,2.47,7.187,47.377
286.914,9.054,7.904,44.003
132.653,0.018,7.111,63.487
333.774,6.006,7.394,66.201
180.744,9.16,7.754,70.055
272.437,5.086,6.972,76.382
243.783,0.03,6.883,83.482
190.588,2.189,6.214,57.843
359.439,9.224,7.456,8.22
441.938,0.17,7.767,37.111
2.606,3.948,7.453,1.375
466.808,7.897,6.709,59.926
255.758,8.381,6.656,97.531
350.366,4.776,6.399,82.881
427.812,2.325,6.117,49.137
233.552,5.997,7.067,71.111
417.487,2.638,6.401,74.446
88.81,2.553,7.727,59.889
79.584,8.076,8.404,88.673
328.736,1.543,6.184,32.862
435.072,0.055,8.232,67.665
446.213,3.368,7.644,7.4
321.87,4.91,8.151,14.687
262.745,7.051,6.387,93.907
165.697,7.811,8.266,54.764
490,6.635,8.395,75.684
159.848,6.265,8.267,87.059
372.093,6.657,7.964,93.479
265.991,2.715,6.226,9.885
304.256,3.824,6.552,70.481
196.74,6.164,8.283,63.355
482.412,0.656,6.574,60.413
285.841,2.953,6.869,15.398
468.894,4.064,6.126,77.546
3.796,5.334,7.57,32.242
286.335,4.865,7.408,22.998
358.593,7.181,8.404,71.02
372.54,4.734,8.231,22.32
452.488,9.041,7.265,50.375
2.201,3.803,7.523,32.435
0.165,5.254,7.033,82.524
236.132,0.032,6.331,95.483
14.647,3.105,8.169,82.637
487.266,8.666,7.374,40.291
111.033,3.336,7.063,17.116
236.332,2.532,6.171,70.139
30.569,5.435,7.663,90.466
261.024,0.787,6.999,40.745
189.978,5.316,6.634,5.037
22.33,3.037,8.192,13.311
167.562,3.831,6.459,38.884
195.718,7.914,7.288,50.428
494.961,6.62,7.989,29.766
103.943,4.461,8.123,49.262
272.39,5.775,8.047,95.921
493.658,7.669,8.242,8.627
396.01,7.458,6.356,80.547
496.684,1.853,8.351,46.077
484.149,3.009,6.027,65.716
244.77,3.482,6.64,96.968
348.188,1.875,6.21,46.496
55.222,0.122,8.364,10.507
220.574,1.74,7.06,82.963
404.509,8.082,6.788,27.207
252.668,5.459,6.418,90.616
351.35,3.417,6.39,9.112
372.876,6.083,7.535,23.57
126.735,7.398,6.118,96.839
437.85,3.544,7.486,88.146
229.911,4.661,7.937,22.664
105.093,0.642,7.503,77.87
432.708,5.971,8.066,9.543
208.909,3.564,6.663,16.628
375.156,4.335,6.193,19.046
274.017,4.226,7.802,5.275
190.936,6.324,8.07,48.974
404.938,5.725,7.254,39.674
292.235,4.221,8.052,59.37
195.281,0.17,7.145,69.183
54.799,6.21,6.496,59.939
447.723,8.796,7.186,28.569
17.735,7.696,6.54,9.181
431.594,9.816,7.18,73.47
179.981,1.391,6.369,31.603
319.669,2.225,6.464,25.459
461.1,5.393,8.207,69.36
75.853,2.359,6.29,44.746
283.475,0.345,6.561,21.248
382.216,4.023,8.489,76.888
378.792,2.876,7.44,80.832
262.816,2.638,7.465,98.543
312.37,9.532,8.112,47.331
378.763,2.385,7.311,4.631
420.514,1.294,6.554,52.208
380.907,1.253,7.056,3.302
177.002,8.063,7.888,94.811
498.363,7.148,8.181,18.306
217.251,1.295,6.683,92.614
12.232,2.198,6.655,95.052
181.308,7.473,6.819,77.77
63.891,2.746,7.491,9.643
60.721,9.815,6.696,56.278
140.768,5.406,8.233,36.072
26.688,1.92,8.445,82.201
344.256,8.588,7.698,30.919
36.994,3.195,8.426,45.674
101.645,2.888,6.72,57.795
46.45,3.274,8.038,4.497
31.584,7.682,7.696,61.279
133.876,1.732,6.658,35.082
285.949,3.818,6.796,53.389
482.343,0.308,7.222,13.358
437.778,8.266,7.979,34.246
437.967,3.407,8.181,58.598
88.034,2.482,7.585,57.586
132.454,5.799,7.804,16.638
38.197,7.05,6.66,42.055
389.234,8.129,7.853,52.431
34.908,3.478,7.512,9.041
278.348,8.123,6.557,60.338
123.938,4.649,8.375,23.94
121.723,1.011,7.282,92.101
495.363,8.463,7.986,27.586
378.39,5.476,7.314,78.949
418.47,6.025,8.332,58.634
285.991,9.375,6.353,68.849
435.507,5.592,7.365,90.274
322.745,0.056,6.063,84.934
473.087,8.706,6.493,13.647
140.669,2.848,6.703,93.441
297.66,5.018,7.182,14.729
345.066,2.049,8.05,32.323
196.469,2.97,7.167,52.79
439.854,6.866,7.403,93.402
489.902,4.296,8.31,63.091
246.885,6.271,7.891,87.62
195.32,8.236,6.126,94.23
235.969,3.408,6.441,75.1
426.368,5.683,6.096,48.709
322.734,7.776,6.173,39.413
22.386,7.151,6.847,28.242
271.085,5.398,7.82,51.153
8.65,3.834,6.611,5.756
389.268,4.075,6.981,23.587
164.156,4.331,6.985,36.475
236.004,3.488,7.476,85.485
399.339,6.991,8.232,38.234
23.224,1.254,8.458,24.713
79.271,9.675,7.512,78.487
198.98,7.79,7.263,94.373
114.963,2.982,7.705,77.704
168.951,0.425,7.67,13.451
499.087,7.113,7.31,32.713
412.707,7.344,7.842,60.686
441.951,9.636,7.228,20.406
468.527,2.537,8.491,64.021
170.468,0.827,6.122,24.367
148.538,9.151,7.108,54.728
117.031,2.586,6.993,70.969
415.058,7.215,7.926,78.894
339.776,0.607,6.477,80.255
118.086,7.606,7.085,77.701
188.497,1.27,7.745,14.573
253.356,6.956,7.508,98.943
264.07,5.323,7.363,77.443
444.364,9.555,7.087,11.309
190.283,0.369,7.88,70.059
454.262,2.92,7.616,47.53
220.684,0.695,8.187,43.369
373.186,8.792,7.832,67.985
465.127,5.939,6.351,17.622
453.788,5.35,7.549,99.943
28.476,1.315,6.111,54.904
102.852,4.89,6.968,59.869
238.453,3.987,7.03,43.094
215.777,3.158,8.137,60.986
320.446,7.722,6.451,66.737
472.355,0.613,7.609,35.204
56.202,6.467,6.481,46.746
225.929,8.23,8.372,26.304
96.206,9.073,7.324,77.423
447.054,7.459,7.771,74
482.29,2.825,7.616,81.282
239.351,6.005,6.759,70.58
52.005,1.414,8.253,2.99
392.647,1.171,7.568,19.924
348.571,6.386,7.276,39.473
177.335,8.511,7.321,24.184
443.704,0.672,8.227,53.638
487.916,1.06,6.148,89.914
278.927,5.656,6.973,74.067
282.864,2.182,8.104,27.388
148.757,6.118,6.094,40.359
292.253,2.145,7.598,6.143
219.821,1.165,7.008,1.618
151.096,5.456,6.511,43.088
33.593,8.622,7.529,73.066
126.354,6.851,8.078,86.22
98.927,8.187,7.168,43.716
271.021,2.663,6.367,18.845
300.835,8.86,6.765,26.876
304.286,3.77,8.453,45.102
194.091,8.524,6.278,65.309
210.615,4.712,6.402,54.74
417.119,2.679,8.475,84.221
238.116,2.603,8.205,2.834
493.887,5.677,7.768,99.221
219.809,0.79,6.377,92.991
324.79,9.301,6.601,15.814
25.181,2.715,6.45,5.769
326.67,3.356,7.577,62.148
425.713,2.333,6.997,72.419
471.229,0.03,6.119,48.052
498.66,6.926,6.728,28.548
141.089,5.906,8.152,64.276
287.685,8.096,7.99,63.948
225.359,0.41,7.608,15.685
281.909,9.287,6.214,80.149
78.726,3.309,8.207,75.202
428.075,9.131,7.336,9.398
454.784,1.071,7.236,46.784
224.831,7.439,8.335,39.948
140.215,5.794,6.022,46.785
70.417,3.582,7.39,46.668
341.882,0.791,7.978,52.881
156.116,6.047,6.159,28.443
454.769,0.264,6.893,47.494
335.506,5.013,8.444,10.85
322.843,6.042,6.529,18.492
279.701,7.325,7.328,9.715
22.888,9.913,7.865,19.431
465.961,2.601,6.976,1.429
313.969,3.224,7.02,4.745
497.031,3.411,6.158,79.867
268.678,7.316,6.475,20.714
355.055,9.318,8.202,52.479
28.105,9.743,8.046,37.667
315.868,9.458,6.762,33.574
382.325,8.794,6.954,85.853
389.257,9.91,7.101,49.137
385.056,3.759,6.865,52.164
113.141,9.483,7.635,46.452
487.699,7.61,6.032,27.625
497.591,1.685,8.2,68.642
37.798,0.455,6.752,5.671
468.223,2.145,8.181,28.866
144.725,7.788,7.136,66.49
344.642,6.317,7.941,4.308
169.055,2.244,8.064,3.545
483.877,7.419,6.753,37.904
50.752,1.413,7.601,25.867
248.873,8.218,7.519,70.395
214.024,7.942,7.19,75.838
163.012,9.726,7.174,4.588
322.767,1.503,6.763,44.203
65.528,9.066,6.775,94.378
358.331,3.411,7.37,31.983
490.296,4.161,6.081,20.499
402.279,4.684,8.334,52.608
430.008,6.269,7.625,45.641
179.818,9.948,7.109,22.731
162.443,6,6.155,23.45
258.524,9.267,7.575,68.984
22.863,2.55,6.044,32.969
472.679,3.984,7.7,98.617
71.893,5.045,6.181,29.69
451.507,3.229,7.64,55.241
41.791,9.769,7.015,8.239
411.312,7.257,7.657,54.344
75.981,4.789,6.346,46.6
19.066,7.513,6.293,35.585
359.745,4.674,6.619,43.533
140.133,0.172,7.029,18.668
357.248,5.432,6.633,82.203
277.543,6.252,6.205,92.257
54.404,9.812,6.813,83.912
466.065,0.408,7.764,80.682
226.157,5.121,7.458,55.29
367.224,0.982,8.408,34.031
250.51,1.49,7.09,18.022
302.181,6.105,6.832,82.155
151.387,2.316,7.734,5.303
100.18,7.492,7.03,18.92
271.285,5.142,7.546,40.771
220.109,2.182,8.366,20.268
195.057,4.938,7.248,58.716
336.284,0.009,7.245,72.693
345.253,8.627,7.938,91
22.96,0.127,7.89,21.834
169.372,0.07,7.291,28.682
205.882,6.115,6.162,71.956
48.446,9.735,8.452,22.487
117.95,8.559,6.943,38.998
25.821,2.52,6.792,75.593
498.121,1.967,8.454,38.208
368.279,6.261,8.18,15.485
43.725,8.226,6.826,27.676
10.125,3.621,6.771,9.005
359.644,4.324,7.802,67.743
219.596,1.155,6.836,5.537
393.398,1.528,6.629,57.831
461.738,5.684,8.449,95.055
299.65,1.027,7.414,86.127
93.554,2.02,7.906,8.221
391.097,2.347,7.783,71.734
477.906,4.439,7.889,69.32
290.116,0.456,8.258,30.54
340.999,4.998,7.252,11.823
168.737,9.287,7.883,85.553
190.764,0.245,7.992,55.876
367.327,6.31,8.366,70.143
463.886,8.358,7.783,46.323
314.494,3.125,8.232,23.013
394.924,1.315,6.238,26.774
85.818,0.433,6.315,53.948
105.98,6.439,6.396,24.22
266.017,5.522,6.362,40.469
88.277,2.293,6.219,8.366
317.498,8.316,6.306,99.555
145.827,7.355,8.49,62.052
395.766,2.764,6.68,15.46
404.055,7.534,7.195,13.881
231.894,2.45,8.054,48.845
90.405,6.753,6.296,3.452
323.387,1.185,6.793,41.792
496.394,6.922,6.398,94.547
311.295,2.388,6.156,82.513
17.887,5.725,8.402,93.066
8.647,1.725,8.146,12
160.181,7.26,8.198,37.71
97.892,0.609,8.172,55.945
406.526,1.654,6.386,72.307
422.403,1.841,7.962,39.853
129.309,0.413,7.82,32.576
162.822,7.45,8.314,31.201
118.123,9.81,6.548,79.156
454.191,7.784,7.035,38.8
251.325,8.606,6.737,2.615
328.069,0.06,6.645,77.251
207.741,1.179,7.631,16.972
315.507,5.59,6.41,63.193
192.928,9.779,7.162,3.917
169.839,6.607,7.617,39.312
317.24,3.741,6.326,46.137
295.531,1.461,6.642,97.335
146.764,1.528,8.418,9.729
74.674,3.628,7.989,75.4
184.288,7.138,7.692,96.51
207.599,0.318,8.14,28.414
314.342,8.522,6.035,23.34
457.264,9.416,6.015,95.255
18.092,8.888,6.385,49.466
121.831,9.13,7.238,82.436
96.858,0.153,7.425,79.668
251.147,9.778,6.284,33.274
214.85,3.664,6.181,19.56
364.519,8.693,8.071,70.586
121.208,1.868,7.161,50.629
297.249,4.465,8.481,49.559
441.929,0.442,6.573,55.074
455.339,0.401,7.618,3.54
479.392,9.433,8.011,1.502
386.631,8.106,8.182,32.098
452.994,5.298,6.766,33.045
117.265,5.255,6.483,72.154
98.79,7.488,6.565,33.241
3.244,3.417,7.667,36.596
353.422,7.619,7.306,55.405
468.734,4.85,7.497,59.569
93.468,6.379,6.051,33.996
318.472,9.648,6.977,56.252
373.23,4.713,6.775,62.164
463.807,4.184,8.159,26.863
323.43,9.057,7.941,24.339
485.147,9.026,7.074,89.153
172.337,9.924,7.576,65.098
174.964,5.509,6.119,31.796
271.506,3.443,7.593,55.526
191.751,2.404,6.243,71.033
0.713,0.341,7.785,3.24
365.886,7.267,7.435,92.063
375.859,2.335,6.751,72.006
373.487,6.066,6.927,39.833
172.51,9.166,6.225,93.294
261.145,9.502,6.807,6.529
179.987,0.044,8.417,75.664
8.018,3.171,7.215,53.102
281.224,8.374,7.186,66.814
61.88,5.364,7.573,47.668
40.021,8.075,7.211,15.576
377.75,8.533,6.889,26.818
4.753,4.426,6.349,46.841
479.504,3.59,7.576,91.965
257.628,4.554,7.872,7.764
491.508,6.528,8.308,11.366
28.999,3.672,6.008,16.118
291.765,7.75,6.167,63.58
174.664,9.04,8.249,37.264
421.741,2.823,7.578,15.775
180.611,9.65,8.395,13.075
130.244,6.227,7.077,67.742
428.777,8.782,7.042,46.796
187.327,1.039,6.861,87.403
8.417,2.515,6.357,40.999
195.145,3.21,6.947,65.918
327.261,3.028,6.037,79.789
127.18,1.719,7.273,95.414
215.994,8.682,8.118,87.06
28.358,4.186,6.803,77.755
294.046,9.631,6.237,41.876
378.147,5.835,8.434,98.298
206.656,1.384,6.322,27.207
210.116,5.459,7.322,66.468
44.141,9.935,8.023,13.931
100.97,5.652,6.631,60.987
77.338,0.019,8.104,69.299
240.844,9.331,7.393,9.939
264.628,2.349,6.83,30.2
474.47,6.885,8.164,64.511
36.616,5.151,7.555,60.611
299.934,3.254,7.538,67.153
263.249,2.826,7.26,13.32
258.117,9.288,6.687,52.016
436.58,9.119,6.762,92.833
102.769,5.131,6.22,95.423
20.387,2.585,6.609,13.546
336.136,1.023,6.695,89.545
172.579,1.566,6.147,58.071
8.795,5.223,6.276,75.539
125.687,3.078,6.676,15.914
154.663,0.421,7.693,74.049
308.419,4.552,6.461,8.037
86.293,7.462,7.305,63.669
206.527,8.917,7.27,67.139
241.238,5.853,8.085,66.808
229.619,7.233,7.523,6.807
486.97,3.641,8.292,39.035
22.752,4.962,7.57,74.695
475.484,7.296,6.064,79.885
290.969,7.277,6.954,42.135
397.864,4.245,7.748,17.04
215.196,5.437,7.188,50.445
226.919,9.239,7.048,65.376
439.663,6.32,7.679,92.12
447.967,6.426,6.714,68.453
119.344,7.846,8.272,82.443
99.621,1.152,7.033,27.21
248.118,5.229,7.578,83.491
450.139,9.594,8.456,61.585
161.178,3.617,7.964,55.35
326.007,2.949,7.329,27.419
354.076,6.012,8.148,21.186
389.337,2.211,7.401,54.844
281.962,5.559,7.104,89.252
201.228,1.557,8.184,24.302
483.508,5.798,6.068,28.591
305.665,6.024,7.019,94.844
364.283,4.184,6.857,3.634
172.491,3.827,7.785,49.054
334.975,2.455,6.031,53.348
128.899,3.309,7.652,67.897
122.548,4.983,6.866,20.205
357.361,2.477,6.245,57.57
260.697,7.828,8.451,11.837
341.638,7.09,6.531,27.434
134.719,2.693,6.873,2.496
299.362,0.974,6.518,45.888
221.967,0.002,7.655,18.336
298.48,5.967,7.956,10.579
145.44,2.114,8.152,35.087
357.725,0.126,6.777,8.843
402.965,3.591,7.311,66.777
129.958,9.62,7.658,20.886
150.31,6.899,7.574,71.317
330.577,8.578,7.79,84.146
347.793,1.447,7.924,74.389
352.05,0.733,6.244,76.522
341.349,0.115,6.421,64.733
196.404,9.557,7.836,38.254
197.427,3.002,7.192,35.506
127.409,4.595,7.068,57.325
78.417,3.945,7.139,25.557
346.289,7.305,6.93,35.12
46.594,3.1,7.478,16.375
468.896,5.355,6.808,78.234
413.343,9.956,7.592,73.827
428.753,4.441,6.507,50.822
453.334,5.513,7.894,37.588
204.302,5.025,7.954,69.971
423.35,8.032,7.446,9.383
79.031,2.668,6.923,5.727
10.821,1.704,6.036,70.277
392.446,7.541,6.304,55.456
37.398,4.156,6.199,73.591
494.262,9.137,6.026,28.678
337.398,6.442,7.806,11.721
376.725,5.643,8.39,43.566
122.902,0.705,6.028,43.243
336.933,7.304,6.282,76.146
21.61,6.86,8.152,13.091
418.913,6.401,7.721,94.661
84.812,2.679,7.012,6.544
348.679,9.467,8.482,31.981
112.24,3.217,7.434,70.597
34.227,1.522,7.674,72.029
240.747,9.872,7.633,57.139
84.643,7.462,6.557,8.024
364.722,4.148,7.22,85.78
118.783,9.359,6.541,63.838
171.236,0.911,7.274,76.124
283.72,0.877,6.077,39.237
142.484,6.825,6.955,25.094
188.994,1.78,6.931,72.289
407.811,9.171,6.729,81.736
89.605,8.404,6.198,81.44
41.101,3.064,7.927,72
164.179,8.888,7.051,14.756
212.188,0.429,8.035,22.957
271.33,5.486,8.089,50.543
186.212,9.356,6.534,51.228
394.956,8.554,7.053,49.365
19.66,3.561,7.802,82.778
215.884,1.829,7.249,13.413
191.128,2.105,8.138,79.434
323.789,5.145,7.429,3.211
483.138,5.968,7.574,32.984
255.188,0.328,7.968,20.454
493.438,4.136,6.306,53.138
151.125,8.304,7.461,52.865
15.434,4.443,6.214,51.148
82.832,1.692,6.651,29.593
197.562,9.549,6.531,52.658
158.167,2.663,7.418,70.872
48.527,7.984,8.11,39.983
216.33,1.938,6.332,92.936
169.058,4.232,7.921,7.778
61.31,4.904,6.358,98.723
148.059,5.006,6.474,76.377
443.218,5.165,8.292,59.725
151.024,2.249,6.024,21.131
356.978,5.159,6.493,63.103
306.024,4.817,6.539,80.406
213.591,2.087,6.705,26.111
119.513,9.882,6.909,4.95
184.507,8.656,6.258,44.833
296.054,8.876,7.171,31.139
175.377,6.856,6.998,29.329
107.448,1.599,7.562,72.756
58.231,5.681,8.169,15.655
439.883,8.214,6.744,65.442
220.156,0.387,7.366,7.066
312.604,4.958,6.928,92.069
245.205,3.961,6.101,59.023
436.283,2.121,8.053,93.167
273.467,3.783,7.586,86.92
240.391,9.835,6.005,87.113
462.3,7.232,6.624,12.855
359.845,2.995,6.772,69.892
55.775,6.054,8.029,40.639
88.852,2.467,7.902,46.452
393.561,6.108,6.99,28.631
417.926,8.962,6.393,14.844
272.595,5.569,6.965,31.325
277.228,7.333,8.025,55.403
315.966,4.533,7.131,41.593
219.558,5.241,6.29,70.685
340.1,6.951,6.096,84.064
54.241,8.124,6.833,21.861
480.64,6.595,6.371,6.572
375.077,9.775,7.863,99.093
315.587,8.198,6.697,88.382
158.161,7.772,8.194,27.247
80.478,8.451,7.543,17.099
204.671,2.812,6.984,95.153
330.788,4.32,7.525,24.011
316.855,5.645,6.738,22.967
191.321,4.624,6.353,11.874
306.643,8.475,8.41,29.502
406.874,0.271,7.408,84.26
13.142,2.092,6.018,57.413
225.311,8.817,6.776,10.107
379.278,0.591,6.399,96.774
273.072,2.27,6.645,54.41
325.738,3.513,6.139,42.253
258.338,7.507,6.613,78.64
495.937,5.602,7.708,56.475
27.311,9.546,8.052,89.681
245.522,2.279,6.868,70.533
45.708,8.721,7.306,67.155
79.893,2.829,6.104,34.437
191.519,2.455,6.227,98.992
77.77,4.984,7.38,65.54
481.844,0.712,8.101,44.746
473.395,3.843,6.22,15.603
168.055,3.557,7.046,56.008
319.874,1.601,8.426,66.959
266.877,8.608,7.847,37.775
407.793,3.859,6.494,7.395
313.723,9.819,6.713,80.043
0.126,8.997,8.37,65.744
381.587,1.948,6.552,68.772
373.424,5.051,7.102,25.26
254.861,6.018,6.889,13.939
451.459,8.19,7.225,45.756
454.223,8.856,6.591,24.888
261.956,6.24,7.671,78.317
303.994,0.351,6.586,53.664
498.261,4.813,7.505,14.072
149.41,8.848,6.894,20.429
162.309,7.141,6.629,88.798
91.387,8.701,7.738,63.53
447.933,6.741,8.413,40.655
372.244,0.44,8.173,72.357
52.821,9.68,6.217,81.078
490.884,9.18,7.136,12.328
365.481,1.266,7.737,84.356
425.261,1.127,7.407,94.708
24.075,5.391,7.816,9.911
252.48,7.571,8.438,33.083
349.299,3.822,6.856,17.626
271.473,1.364,7.927,43.565
333.324,5.106,6.235,22.792
408.937,3.376,8.174,36.877
187.169,3.518,7.946,24.954
424.334,6.45,7.302,1.356
81.458,8.856,8.053,2.886
135.443,5.586,7.667,51.976
21.673,6.876,7.381,51.845
182.213,6.599,8.365,4.571
189.955,5.511,6.326,70.247
402.635,3.108,8.482,3.661
326.565,3.778,6.386,49.17
218.361,3.157,7.2,40.126
326.057,9.175,6.579,88.417
26.392,8.266,6.68,58.07
90.136,5.793,7.58,82.42
313.474,9.122,6.087,99.835
320.683,8.864,8.352,18.563
387.067,9.277,6.699,7.212
201.5,2.218,6.681,77.673
361.277,7.175,8.159,63.528
341.99,6.092,7.912,63.78
481.697,7.338,7.679,32.309
107.565,2.634,6.366,11.142
275.84,6.948,7.924,72.4
300.882,4.098,6.902,54.79
499.324,8.341,8.485,50.648
100.592,7.954,7.678,73.861
261.609,2.114,8.09,98.873
173.093,1.839,7.834,74.282
262.946,7.177,7.486,93.524
116.064,5.505,7.791,40.455
23.806,5.572,7.494,89.91
286.283,7.525,6.128,73.007
167.927,8.55,6.864,37.796
90.971,2.39,6.791,51.384
161.968,5.555,7.785,21.037
24.64,8.29,7.44,9.053
475.221,8.728,7.526,47.276
290.574,2.874,8.117,99.328
407.384,1.042,7.313,87.174
211.559,2.328,6.546,2.645
451.657,9.455,6.031,97.014
241.659,4.625,6.399,47.425
286.973,4.186,6.076,18.713
245.897,0.131,6.593,91.573
366.639,0.51,7.587,92.561
283.328,6.687,6.379,84.845
135.799,5.898,6.205,62.507
72.77,5.755,8.427,24.422
303.062,1.103,8.492,24.855
244.59,3.521,7.593,96.592
47.988,8.124,6.271,28.602
197.809,1.749,8.054,42.827
257.388,8.827,7.348,75.53
413.447,1.215,6.455,82.526
38.051,1.691,7.439,41.727
174.248,4.777,6.098,40.167
411.328,9.453,8.431,36.342
324.212,3.295,8.065,39.449
144.979,6.582,6.652,76.072
422.668,5.887,7.047,7.132
246.647,1.496,6.988,80.216
249.176,2.482,8.154,22.267
488.294,9.302,6.887,16.986
473.558,1.848,6.12,12.956
179.266,6.95,6.537,24.322
70.29,9.647,6.539,83.553
162.833,1.195,8.373,54.259
15.242,3.992,8.31,27.628
10.384,2.239,6.751,19.409
197.761,2.216,6.007,77.184
470.51,1.19,7.292,51.044
435.679,6.496,7.993,12.908
255.721,7.463,6.672,38.145
282.613,6.768,7.098,45.052
2.967,9.247,6.432,36.041
107.751,1.457,6.818,27.253
12.387,3.198,7.897,33.575
377.27,3.446,7.071,74.158
72.823,2.321,7.118,95.352
434.524,1.422,7.974,3.559
321.662,4.867,7.907,63.055
114.709,8.344,6.468,8.206
78.86,9.545,7.038,21.015
313.812,1.293,8.122,54.896
450.418,8.232,7.142,79.599
359.18,8.246,7.654,44.122
174.273,3.89,6.765,88.068
293.692,1.1,6.149,71.861
155.381,9.9,6.412,20.181
499.575,6.556,7.004,68.935
374.42,9.822,6.884,32.52
307.191,4.837,8.239,76.904
211.63,3.952,7.364,23.83
309.076,2.472,7.568,15.305
170.808,9.836,7.722,64.137
14.432,2.533,7.329,62.045
197.544,0.238,7.924,57.778
465.24,5.125,7.958,25.076
313.151,3.771,6.878,21.392
41.978,2.614,6.212,91.332
442.497,6.346,8.466,53.733
134.437,3.643,7.607,41.247
121.885,4.023,7.772,82.127
148.545,0.23,7.892,6.027
288.601,5.891,7.532,67.924
272.344,1.221,7.177,15.595
245.707,2.138,8.462,23.387
358.768,7.171,7.819,64.307
158.269,3.132,8.115,28.689
391.032,1.632,7.099,78.025
87.661,5.774,8.262,52.339
391.31,2.149,7.83,32.975
331.905,2.71,7.865,86.599
341.604,6.213,6.217,63.255
240.777,7.399,7.544,42.705
333.501,7.397,6.838,45.888
39.899,4.822,7.673,27.589
425.776,4.543,7.421,11.739
27.774,7.876,6.278,30.956
74.371,1.93,7.325,27.167
288.395,1.522,7.128,34.234
369.706,6.647,7.941,47.448
38.126,4.095,7.257,7.24
460.382,7.1,7.203,11.494
486.804,2.566,7.799,73.214
302.975,3.249,7.671,19.156
240.622,8.967,8.48,34.558
370.697,4.217,6.88,64.058
164.179,5.91,7.721,97.718
246.632,1.067,6.418,14.166
458.076,1.788,8.011,75.98
477.828,0.359,7.965,49.637
463.535,4.244,7.815,10.283
131.224,9.889,6.298,17.729
116.235,8.739,8.469,69.731
148.832,6.329,8.357,88.067
220.656,8.611,6.925,2.2
157.084,5.942,7.443,23.061
187.106,3.688,8.222,36.438
310.318,1.735,7.237,98.891
381.263,6.53,7.498,65.568
367.779,1.931,7.508,36.721
407.212,4.174,7.623,20.967
16.092,8.258,7.439,23.451
23.867,1.292,7.015,5.899
394.691,1.29,7.349,99.471
266.539,2.244,8.179,98.241
289.07,5.519,8.16,2.108
26.293,2.517,7.931,27.809
127.657,5.032,7.035,3.024
319.177,3.02,7.965,30.872
429.591,5.062,6.97,90.224
458.492,2.776,7.66,87.603
250.21,9.8,7.419,68.81
272.737,4.927,6.75,98.727
416.525,7.436,7.132,74.855
268.812,7.005,8.076,24.9
258.429,4.906,8.282,83.659
452.542,2.389,6.513,51.285
394.966,5.107,7.141,50.893
454.536,6.81,7.084,83.46
109.124,4.599,7.223,53.9
262.188,0.819,8.442,33.4
421.236,0.18,7.297,92.946
55.574,3.279,8.075,8.283
397.331,1.502,7.66,66.12
91.487,9.062,6.268,78.758
404.059,1.758,7.739,6.073
306,3.943,7.618,24.203
96.618,7.121,7.896,23.101
236.677,8.154,6.186,89.038
340.953,4.777,6.603,65.381
316.926,1.811,7.923,22.478
213.624,2.709,6.927,91.068
449.683,4.19,8.277,25.126
259.632,3.646,7.294,66.54
252.934,3.487,6.003,45.79
31.125,1.319,7.747,10.664
461.06,9.133,7.284,75.572
88.558,0.298,6.793,33.441
264.172,4.4,6.051,36.641
401.784,9.803,6.497,22.242
107.727,6.597,6.404,80.623
263.687,3.554,7.457,16.842
120.342,1.461,7.924,22.604
379.847,9.639,6.587,41.262
282.171,0.14,7.744,15.734
427.988,6.814,8.25,12.168
447.279,8.801,7.554,52.647
324.367,0.252,7.939,95.402
362.696,7.252,6.511,80.376
274.61,9.988,6.187,18.534
192.214,6.396,6.913,59.172
324.059,4.147,7.773,79.563
454.144,8.744,7.715,15.349
208.34,5.542,8.388,9.11
157.205,7.494,7.575,89.219
194.218,5.878,7.028,25.259
217.699,0.383,7.993,50.29
36.781,2.131,6.383,21.666
249.221,0.788,8.033,5.718
247.157,1.067,6.915,51.808
294.222,0.154,6.385,44.073
181.41,4.212,6.405,72.922
306.554,1.787,8.459,85.884
439.108,8.557,7.558,15.021
477.735,7.5,6.436,17.993
291.806,5.732,6.671,95.075
21.295,4.89,6.93,42.377
484.618,2.559,6.14,95.318
352.931,4.75,6.271,34.504
167.982,6.412,7.904,35.422
73.579,7.822,7.967,70.991
71.709,0.817,8.471,10.6
83.872,7.085,6.169,41.884
22.786,7.427,8.223,38.668
451.077,5.59,6.793,4.499
270.384,2.143,6.82,31.949
349.98,5.392,6.318,40.452
414.054,5.027,8.466,6.741
395.771,4.757,8.452,2.994
441.303,4.606,8.162,60.387
483.627,1.108,6.227,21.378
219.535,1.829,8.104,36.895
475.168,0.973,7.587,8.926
361.645,2.425,6.322,10.989
35.334,2.635,6.654,16.289
340.892,2.451,7.723,3.951
343.358,2.109,8.009,76.476
452.93,7.354,8.12,90.709
186.466,8.186,7.36,52.692
292.456,3.271,7.337,81.827
6.094,3.051,7.711,14.42
166.038,8.44,7.944,45.478
31.122,6.239,6.426,15.156
260.936,2.934,7.85,99.533
408.724,7.136,6.854,6.755
103.221,3.446,6.959,44.955
263.721,5.866,6.194,12.113
102.004,9.926,7.471,7.798
60.344,3.016,6.234,73.763
255.498,9.305,8.283,8.933
39.574,3.207,7.552,3.371
293.677,5.403,8.476,95.015
15.669,4.6,6.614,19.292
53.357,7.832,7.699,84.599
274.999,0.611,8.411,95.345
295.704,6.271,6.746,75.445
14.493,7.607,6.241,11.277
286.688,4.721,7.585,17.877
419.251,1.053,6.915,18.734
361.158,2.448,6.683,65.74
65.593,6.797,8.484,18.777
296.237,8.954,7.885,3.968
336.126,4.216,7.213,46.397
18.616,5.604,6.125,59.319
427.674,2.284,6.479,46.58
453.134,4.122,6.747,49.425
425.226,3.368,7.218,46.226
412.316,6.555,7.243,27.278
372.483,9.847,6.062,95.634
316.716,8.133,8.358,83.97
339.314,1.922,7.357,32.962
403.198,5.777,6.049,4.928
331.249,0.664,7.753,85.942
163.863,2.469,6.178,74.481
187.981,1.722,7.803,9.044
448.529,3.355,7.754,70.103
8.561,6.788,8.462,45.809
349.41,4.994,6.855,13.905
477.389,9.329,6.361,72.747
353.114,2.127,6.23,36.214
496.956,3.642,6.179,91.133
343.772,3.299,8.026,5.246
17.182,2.36,7.796,93.795
413.505,9.932,8.44,9.71
142.315,3.872,6.773,4.579
223.029,9.405,8.008,58.598
156.046,3.905,6.233,61.445
134.277,2.041,8.26,20.567
215.703,1.192,6.13,87.723
189.376,8.556,7.97,80.401
316.669,0.321,6.768,28.975
406.576,9.644,6.453,44.864
148.544,4.182,7.761,78.548
106.861,2.474,8.24,83.503
333.448,6.174,7.91,79.831
335.16,1.329,6.783,27.524
450.566,0.721,6.884,76.766
7.973,8.278,6.473,63.628
426.52,4.247,8.06,53.097
260.501,5.183,6.268,96.395
310.651,1.767,8.258,60.205
45.686,0.614,7.503,87.005
216.307,3.678,7.472,75.481
113.651,5.061,8.095,5.463
127.113,7.654,7.669,27.426
252.048,5.011,6.761,61.307
406.228,7.825,6.874,44.391
371.89,1.154,6.433,95.594
295.5,0.64,7.16,58.778
269.709,1.589,6.275,92.979
213.653,7.72,7.633,21.383
486.355,7.593,6.423,89.878
280.096,1.414,8.16,54.177
126.983,0.31,7.751,22.193
115.045,6.853,8.229,39.633
305.677,8.553,6.218,96.914
261.414,7.541,7.996,95.988
3.849,2.028,8.202,3.176
415.033,5.838,6.111,31.434
352.061,7.574,8.498,90.034
330.915,2.558,6.752,4.219
34.39,5.277,6.529,95.737
181.028,3.145,7.037,39.41
467.691,2.256,6.022,12.366
431.295,9.696,8.215,30.813
142.771,9.126,6.671,81.008
78.529,4.457,7.304,99.846
224.544,1.368,7.559,14.247
177.915,7.279,7.978,64.119
341.113,2.557,6.626,92.606
483.217,1.685,7.793,90.071
181.501,3.815,6.294,38.952
31.112,5.298,7.761,86.712
448.807,0.974,8.298,19.967
18.975,5.717,6.213,63.58
476.383,0.153,6.292,60.202
332.29,8.919,7.393,78.506
470.845,9.207,6.116,23.671
99.83,7.331,6.468,63.256
20.35,4.665,6.475,61.432
244.105,2.549,7.203,9.338
225.312,7.441,6.621,33.729
165.746,9.318,7.189,21.536
478.828,1.585,7.303,99.96
411.292,4.658,7.827,99.069
330.791,3.153,8.365,25.991
81.429,3.567,7.259,81.044
367.162,4.058,6.888,81.83
363.506,9.518,6.647,93.654
212.534,2.586,7.587,13.788
462.393,4.927,8.357,67.092
83.489,9.515,7.912,21.383
133.669,4.761,6.515,66.108
31.612,8.636,8.233,87.346
397.725,0.588,7.839,9.043
310.88,9.53,6.32,64.062
157.47,1.875,7.782,54.223
81.907,9.799,6.723,18.384
20.074,1.756,7.228,24.518
83.373,4.444,6.751,52.53
226.642,3.086,6.21,86.189
123.588,4.332,7.921,67.843
129.491,2.505,8.072,3.717
437.788,9.653,6.58,13.493
257.569,3.057,6.599,88.384
364.626,6.533,7.075,65.611
17.855,1.374,8.029,2.788
182.582,8.244,6.193,60.018
239.585,5.425,8.022,17.689
93.208,9.794,8.307,92.073
60.096,4.234,7.404,13.12
435.152,1.954,6.151,8.621
469.716,3.46,6.674,64.836
39.403,7.37,6.278,79.482
174.509,6.591,6.648,28.107
479.143,7.783,8.029,30.833
41.581,0.735,6.139,36.322
321.821,5.804,6.71,76.815
486.111,9.322,7.292,26.937
489.112,1.079,8.185,9.727
235.612,0.943,6.625,31.608
81.375,7.166,7.946,96.637
101.042,3.152,7.459,44.019
444.801,6.586,7.691,56.438
455.842,5.454,8.154,76.468
303.94,9.861,6.066,56.294
383.088,8.891,7.324,66.028
369.966,6.781,7.868,88.155
330.911,2.617,8.212,37.923
413.638,2.619,6.332,12.036
342.703,8.822,6.854,10.352
267.001,5.853,6.196,78.482
118.478,7.893,8.087,65.837
371.944,4.499,8.143,57.081
236.719,1.031,7.209,93.07
147.396,3.327,6.052,63.058
400.973,1.611,6.255,5.72
348.357,7.818,7.561,47.397
468.67,7.005,8.457,22.274
82.721,0.884,8.097,62.509
324.595,6.214,7.995,19.582
122.12,8.741,7.045,64.854
451.791,6.974,8.463,88.45
49.75,5.111,8.062,8.64
328.081,3.119,6.839,26.639
395.543,8.871,7.871,67.676
177.459,4.228,7.081,71.41
477.069,8.554,7.651,59.093
425.365,7.83,8.425,14.77
147.309,8.162,6.616,25.021
3.771,9.898,7.988,90.828
148.329,7.488,7.476,82.104
140.655,0.34,8.375,95.052
444.982,2.054,6.336,41.498
483.561,0.352,7.799,44.516
35.22,1.899,6.093,26.628
235.647,0.614,6.616,52.929
274.166,5.016,6.802,83.155
46.456,0.282,7.081,25.52
188.749,4.726,8.413,14.923
158.541,8.988,6.169,75.303
268.028,7.486,6.422,69.646
330.595,9.44,6.508,83.093
351.743,2.266,7.06,75.402
68.378,5.311,6.152,42.51
406.474,3.186,8.414,16.523
339.271,4.938,7.4,71.738
444.537,5.571,8.033,87.962
224.668,0.362,7.931,16.128
446.945,2.333,7.652,52.348
432.887,7.048,8.261,33.557
219.205,7.729,8.256,52.427
190.572,5.695,6.319,4.101
466.406,2.708,8.255,35.999
357.582,4.051,7.31,48.938
464.123,0.96,6.67,15.936
398.487,9.532,7.521,41.341
304.649,8.687,6.702,18.426
57.926,0.656,7.198,22.35
145.74,1.665,8.041,97.789
484.421,5.811,6.08,60.579
159.711,2.324,6.458,39.552
46.627,9.344,8.391,52.606
353.777,7.556,7.113,38.924
367.002,2.733,6.758,60.582
142.729,0.061,8.308,1.047
148.836,7.994,8.278,24.376
234.446,4.241,6.111,98.903
10.894,6.424,6.906,12.122
394.662,2.87,8.282,8.814
158.544,1.429,6.449,49.823
426.882,6.753,7.446,29.792
401.315,4.503,6.802,53.845
330.701,2.352,7.841,96.112
162.437,1.376,6.396,13.491
258.158,5.805,7.49,44.558
222.415,7.255,6,76.122
169.441,2.839,6.631,16.913
424.068,7.351,6.405,71.498
241.754,1.831,6.525,40.62
416.362,3.384,8.151,62.46
52.609,7.449,8.287,53.036
70.512,6.601,7.888,45.605
488.66,2.705,7.475,48.424
293.884,1.221,6.577,15.577
254.885,0.425,6.687,43.984
261.578,8.379,6.775,75.554
107.634,0.751,7.943,89.769
359.352,1.148,6.632,63.042
42.39,2.377,8.433,82.903
286.662,4.457,7.991,51.248
285.384,7.898,8.499,22.4
457.094,2.475,7.148,72.671
263.091,5.435,7.473,70.483
68.531,0.904,6.701,1.72
286.377,4.645,7.509,48.47
45.664,1.776,8.435,93.737
101.897,2.112,6.076,98.451
15.554,3.668,6.723,46.235
256.647,7.613,6.703,72.457
42.266,7.44,8.456,2.747
234.697,4.15,6.332,27.54
466.473,1.187,8.031,72.455
359.881,2.807,6.686,65.647
38.706,5.054,8.152,66.396
112.105,8.694,7.219,69.953
336.831,9.683,6.606,43.505
447.351,6.375,7.774,93.851
16.459,3.507,8.104,37.248
406.226,6.935,7.175,90.307
280.907,3.362,7.785,6.969
273.046,6.255,6.454,85.07
478.907,2.438,8.344,31.025
373.822,2.67,6.241,66.316
425.059,0.752,6.555,6.443
176.998,4.201,6.721,8.925
277.182,6.182,6.382,6.642
307.703,7.888,7.017,49.005
160.792,8.103,7.144,42.203
285.124,9.924,7.296,32.596
118.328,0.878,6.102,45.15
71.688,4.931,6.548,32.044
186.985,5.214,8.019,87.277
369.645,8.045,8.027,56.718
458.094,2.664,6.825,31.712
228.857,0.694,7.153,46.014
321.412,3.138,6.459,86.848
51.519,9.839,8.055,41.503
452.232,8.994,8.392,43.29
284.302,3.952,6.728,34.432
390.169,8.763,7.955,26.786
397.221,0.328,6.881,47.704
128.24,3.142,6.007,73.922
264.587,7.268,7.499,37.43
480.24,2.215,7.026,23.452
44.817,1.984,7.896,66.34
341.525,8.618,7.872,81.047
481.132,6.16,8.365,3.159
150.289,9.89,7.095,63.609
430.724,1.347,7.206,90.192
466.829,3.561,7.001,9.752
373.543,3.112,6.742,90.027
115.664,8.801,7.595,12.658
167,2.553,8.07,99.686
17.905,3.535,6.395,51.664
415.727,1.428,8.455,73.268
424.806,7.754,7.71,7.215
316.355,2.377,7.95,11.145
176.264,0.683,8.497,96.367
38.406,4.351,7.26,98.865
376.529,3.915,6.178,28.437
363.263,1.776,7.976,34.85
456.301,1.336,8.177,1.988
365.266,8.966,6.406,95.646
414.347,0.678,6.06,91.847
372.977,0.993,6.34,12.479
315.344,2.45,6.81,37.141
213.483,9.528,8.311,96.699
451.059,0.854,6.006,13.453
325.484,8.16,8.009,87.499
199.178,8.921,8.137,20.968
41.735,3.779,8.028,7.765
145.352,2.939,6.206,15.076
271.863,6.774,7.698,71.277
137.818,7.026,8.385,14.593
110.618,7.8,6.301,1.37
263.697,8.306,6.079,77.794
84.91,2.684,8.184,65.895
400.205,6.87,7.612,87.937
242.184,1.349,7.616,58.191
286.931,5.107,8.411,5.512
73.692,6.129,7.924,3.137
162.288,1.617,6.994,78.745
205.045,0.765,7.09,89.103
404.106,1.947,6.362,80.229
385.08,4.206,6.76,38.03
111.489,8.878,7.114,66.545
308.09,5.319,6.653,8.702
121.728,7.485,8.29,72.105
494.124,1.741,6.03,25.709
476.062,1.06,7.468,93.496
281.632,2.396,7.929,34.433
349.451,3.139,7.83,34.59
400.715,5.481,7.609,29.346
360.499,8.812,7.026,63.718
349.914,4.261,8.296,10.59
479.277,5.188,6.822,6.296
298.228,0.046,7.875,69.916
318.151,0.333,8.317,94.615
424.634,0.838,6.321,74.629
334.945,6.99,8.368,25.736
366.466,4.862,7.94,36.853
117.084,1.93,7.541,21.134
185.633,5.926,6.933,68.725
73.651,5.446,8.261,24.497
252.883,0.888,6.11,57.559
227.864,6.404,7.08,84.107
498.581,7.672,7.892,52.125
305.604,2.866,8.028,59.755
393.222,6.875,6.506,96.845
167.007,1.997,6.119,32.601
415.773,7.567,8.007,79.945
307.542,9.118,7.055,68.994
348.496,4.419,6.359,12.203
147.215,2.446,6.214,98.986
274.319,3.992,7.602,69.268
317.018,2.501,7.457,2.38
294.547,0.012,8.135,72.513
457.597,6.505,6.079,14.255
449.136,0.425,8.171,30.038
485.492,2.104,8.218,35.489
333.714,7.224,7.116,31.667
485.957,6.657,6.192,74.7
416.239,0.733,8.367,75.573
135.416,6.601,6.18,53.318
213.718,9.306,7.477,57.135
119.196,0.745,7.233,32.047
2.099,4.157,8.088,3.297
94.024,7.294,7.257,35.82
2.03,6.677,7.173,1.933
359.919,2.265,8.202,86.614
212.767,1.631,8.41,64.437
156.287,7.842,7.373,97.948
380.86,9.562,7.137,19.109
416.243,7.676,8.078,66.125
487.65,9.632,8.078,19.604
321.007,6.05,6.798,64.259
230.764,9.291,7.441,49.686
152.632,6.904,6.385,66.803
111.159,9.089,7.589,72.807
106.463,1.616,8.085,52.76
204.595,8.156,6.469,49.882
495.893,1.967,6.808,7.901
0.427,0.274,7.122,37.011
98.603,5.176,8.113,30.894
94.196,3.183,7.828,62.932
358.56,0.435,6.792,28.321
176.242,9.803,6.608,24.004
228.63,6.665,7.739,85.019
74.312,9.018,7.2,83.017
202.499,9.991,7.484,33.526
51.6,3.92,7.622,9.486
266.522,2.547,7.397,50.261
48.969,1.839,7.533,45.674
395.254,5.152,8.219,87.114
283.301,6.061,8.17,55.147
361.984,4.724,6.373,94.334
209.258,3.873,7.466,48.851
190.746,1.683,7.098,67.062
49.104,4.419,6.714,48.491
261.928,0.852,7.578,32.79
257.251,8.65,7.277,3.718
234.051,0.469,7.937,79.54
370.259,3.806,6.234,90.411
416.252,1.001,6.757,73.626
375.395,7.75,6.064,27.964
71.933,3.127,7.865,81.878
311.03,1.131,8.281,61.673
40.162,5.315,7.468,68.611
347.311,9.163,7.542,7.561
190.92,9.086,6.116,58.602
66.249,2.497,7.259,56.554
431.025,7.197,7.317,66.505
307.004,0.303,6.097,77.392
177.362,1.319,7.956,41.059
15.364,4.995,6.696,16.342
268.655,2.288,7.809,92.463
461.613,7.983,7.007,77.88
298.19,9.311,8.489,54.497
485.825,0.043,6.531,36.098
68.226,2.329,6.146,98.413
284.153,4.396,8.45,10.252
399.063,5.631,6.61,93.527
262.77,9.159,7.588,41.011
45.533,8.919,6.936,10.586
291.443,6.372,7.599,38.538
305.869,2.574,7.49,75.216
364.355,7.833,7.768,43.053
380.606,2.027,6.046,49.811
385.386,9.652,8.09,82.522
331.722,0.058,7.197,61.937
107.906,5.698,7.297,67.14
202.118,0.884,7.028,16.248
388.065,4.076,8.473,25.993
476.713,6.349,8.004,41.714
39.473,6.896,6.778,11.873
267.768,7.856,7.958,28.632
156.261,5.933,7.092,83.516
112.697,2.513,8.175,3.192
252.905,8.893,6.077,6.042
303.045,8.111,6.889,69.018
4.886,1.601,7.075,39.228
390.103,8.265,7.861,77.53
409.941,9.726,6.456,93.252
482.755,6.372,6.716,27.406
90.322,2.818,7.81,4.662
297.276,6.066,6.192,46.136
213.313,3.425,6.503,96.458
167.414,6.759,7.883,54.997
282.817,5.448,8.189,38.367
391.192,9.295,7.822,55.648
11.526,6.179,7.318,17.371
484.7,2.14,6.248,75.383
404.941,7.251,8.068,68.365
375.577,3.009,6.31,72.688
380.194,2.724,6.963,30.927
194.53,3.918,6.126,81.538
375.81,0.12,7.774,89.406
193.385,9.691,7.259,95.598
449.353,5.323,8.269,64.216
88.611,7.735,6.347,35.469
146.174,2.579,8.048,39.363
275.669,7.466,7.277,56.997
159.606,5.672,6.915,57.971
212.119,4.241,7.609,79.448
246.211,9.707,7.976,9.408
428.177,4.938,7.101,57.093
261.596,6.575,6.582,35.508
181.23,0.153,8.289,83.561
123.868,3.015,6.782,35.855
204.338,8.887,8.496,47.315
257.868,7.59,7.918,23.538
373.057,5.368,7.72,30.277
60.524,9.002,6.031,56.005
110.805,4.862,7.121,43.165
189.827,5.665,7.256,20.949
180.199,3.822,6.941,47.914
195.874,6.2,6.375,17.369
396.761,3.19,6.919,88.291
162.077,3.855,6.187,92.496
250.949,9.663,6.727,23.417
311.954,1.113,6.209,6.179
116.089,1.053,7.881,92.776
359.348,0.433,7.678,31.884
273.556,3.2,8.35,19.608
223.391,3.982,6.95,92.012
404.892,0.945,7.966,88.38
121.748,5.491,7.469,6.263
441.588,5.833,7.615,21.557
280.524,7.51,7.369,81.444
304.587,9.76,7.948,27.453
437.529,6.194,6.105,67.176
408.791,1.117,6.201,4.965
300.781,0.885,6.24,84.322
376.594,7.775,6.722,42.8
216.66,6.503,7.478,47.536
273.689,1.619,7.614,81.018
31.035,2.534,7.782,45.963
44.929,7.502,6.702,11.308
414.713,5.662,7.626,50.932
29.836,5.85,6.294,46.218
84.7,2.1,6.025,45.553
397.916,6.291,7.737,20.082
0.573,7.706,7.789,17.235
141.202,8.853,7.555,78.009
292.019,7.367,6.647,62.298
297.725,5.764,8.319,1.629
388.576,6.733,8.189,83.694
252.963,4.851,7.289,13.017
254.701,2.269,8.473,74.03
362.655,8.822,6.747,10.51
249.312,5.326,7.228,97.166
304.246,5.943,8.32,90.151
448.887,9.901,7.155,19.119
200.726,9.85,7.178,1.834
192.563,5.863,6.198,6.906
1.774,0.34,6.528,81.065
306.713,3.961,6.395,8.601
14.886,9.373,7.413,78.036
252.074,2.883,6.796,82.16
402.117,9.993,6.193,31.384
274.961,0.843,7.275,73.777
134.818,5.681,7.673,82.21
393.084,5.154,7.841,78.282
134.859,2.554,8.094,19.965
366.516,9.486,7.205,45.48
305.129,6.192,6.977,7.756
84.998,2.302,7.71,53.007
452.567,3.84,6.033,44.79
100.322,7.212,7.584,90.359
494.794,2.977,7.014,2.79
3.655,8.796,7.132,53.494
131.742,1.657,6.741,73.498
99.93,2.645,6.318,46.931
6.997,1.449,7.004,24.571
366.184,1.042,6.771,61.375
346.713,3.003,8.4,98.723
396.175,9.992,8.359,5.059
128.349,0.943,7.61,20.408
222.168,2.13,8.259,49.57
329.557,2.716,7.878,60.162
219.884,6.191,6.865,62.791
348.663,7.453,7.51,6.961
316.987,7.519,6.551,13.169
57.324,0.086,7.718,94.523
390.522,6.519,6.112,8.459
360.338,6.307,8.078,42.492
327.917,5.177,7.458,58.148
77.547,3.792,6.146,32.102
133.998,7.974,8.179,26.312
196.589,3.439,8.194,29.731
139.965,2.3,8.132,28.978
113.905,3.101,7.936,38.56
402.679,4.396,7.695,12.492
319.116,2.141,6.992,85.5
282.736,6.076,6.341,76.181
112.976,8.842,6.722,4.376
459.038,5.955,6.868,76.365
95.592,4.467,6.895,82.977
397.475,7.969,7.414,92.28
483.336,7.48,6.521,61.682
363.546,3.671,6.474,85.431
496.429,6.042,7.792,76.151
325.526,7.298,6.019,3.516
108.73,2.455,6.374,81.291
101.91,3.663,7.087,58.521
162.282,1.058,6.373,65.405
3.565,9.877,8.4,88.608
340.849,0.859,7.675,2.032
134.334,1.686,7.082,11.681
407.592,4.798,6.281,57.806
179.586,8.653,6.963,41.555
239.978,3.559,7.627,42.386
482.844,7.686,8.422,31.908
121.086,6.76,7.182,82.036
360.627,6.387,7.731,11.252
377.559,8.45,6.488,53.764
110.499,0.142,7.559,46.364
250.498,9.292,6.598,55.58
175.101,8.292,6.495,6.005
385.953,9.379,7.273,67.702
311.242,7.936,6.529,2.339
237.992,8.786,7.803,53.255
389.682,2.031,8.343,27.286
117.578,3.192,6.984,31.992
376.811,3.152,6.806,74.102
432.687,1.092,6.44,98.603
439.311,7.296,6.976,48.06
391.837,1.362,7.399,67.282
204.007,0.525,6.932,25.597
490.904,7.754,7.558,55.847
189.797,9.047,7.656,10.899
319.313,7.641,6.245,85.173
80.537,8.254,7.744,46.116
490.224,5.956,8.251,36.785
351.993,8.877,6.066,51.826
376.689,4.967,7.378,91.382
32.888,9.883,7.51,77.869
381.709,1.034,7.775,16.12
387.362,8.092,6.964,77.032
335.886,6.414,8.047,39.893
145.955,5.806,7.35,40.106
244.845,7.258,7.022,76.023
55.217,8.403,7.798,46.508
235.794,8.629,8.318,8.175
121.912,1.754,8.03,25.43
174.548,1.97,8.327,89.567
81.3,0.162,6.665,59.603
115.027,1.318,6.296,86.359
38.284,2.639,7.336,31.21
459.951,7.21,6.111,69.206
265.205,4.758,7.686,78.744
198.371,7.579,6.6,19.106
267.515,4.865,7.136,3.309
314.147,5.556,7.639,63.808
460.939,1.111,7.208,58.112
89.346,7.766,6.59,4.943
147.776,7.581,8.201,41.668
487.895,3.076,7.911,56.778
185.596,3.286,7.503,21.996
11.281,2.197,7.746,10.557
73.822,8.138,7.038,80.328
13.169,7.47,6.94,92.577
494.962,6.091,6.4,45.302
139.435,2.388,8.009,14.263
461.771,1.719,6.953,42.708
497.943,0.503,7.731,28.633
299.921,0.456,6.75,49.56
16.598,1.871,7.99,1.893
40.796,1.005,6.263,86.829
240.795,5.561,7.563,6.752
203.086,3.581,8.019,43.557
303.089,4.449,7.651,66.453
219.424,5.941,7.74,65.464
467.038,6.591,7.315,30.522
267.37,6.482,7.398,50.458
346.863,2.609,6.165,50.194
448.243,8.096,6.627,13.995
73.436,9.177,7.805,37.869
114.867,3.159,8.364,12.809
53.659,0.171,7.354,6.652
69.819,8.992,7.814,6.509
256.292,9.235,7.709,44.063
160.59,0.509,8.498,73.231
211.586,0.05,7.988,98.47
491.245,8.164,7.569,57.551
78.352,3.015,6.288,30.635
270.406,9.146,6.907,21.503
49.436,2.167,6.627,69.788
159.248,8.612,8.134,6.126
263.763,0.686,7.115,26.967
473.316,2.606,7.338,69.166
195.614,9.731,8.412,45.057
32.453,2.312,8.092,50.521
194.081,1.33,7.975,97.573
72.871,8.571,6.356,41.058
114.995,1.178,6.057,59.918
309.045,0.975,6.314,99.863
33.712,3.234,7.851,68.951
232.362,6.353,7.027,51.931
304.731,7.107,6.294,33.065
210.929,8.812,7.848,97.669
9.563,5.409,6.486,30.089
492.76,3.934,7.473,12.467
183.558,3.588,7.854,92.66
389.289,8.469,7.52,32.581
162.823,7.238,8.484,59.3
237.508,9.054,7.085,64.944
194.232,9.64,6.78,26.83
171.27,3.001,6.503,42.917
10.926,5.297,7.259,16.393
180.01,6.318,8.131,88.57
444.745,1.638,8.367,58.868
345.197,0.533,8.43,89.137
72.711,8.678,7.328,26.455
295.578,5.355,7.513,63.765
446.115,5.708,7.454,22.578
350.017,5.549,7.165,29.616
74.342,7.55,6.381,36.754
433.916,1.455,6.164,55.393
150.772,6.14,7.092,56.022
227.038,4.695,6.465,20.833
263.071,8.97,8.217,5.561
425.253,5.196,7.904,77.438
465.804,9.429,7.546,53.079
464.826,3.533,6.119,32.012
3.977,9.669,7.556,6.223
460.944,8.752,7.553,11.355
27.193,5.843,7.098,42.934
132.887,3.537,7.644,48.899
257.494,3.759,8.145,38.37
239.963,7.728,7.895,57.085
302.355,5.806,7.184,81.592
239.723,4.016,6.656,68.036
467.188,6.361,7.195,86.835
120.274,7.332,8.365,61.965
137.012,0.229,8.05,11.398
460.369,0.899,6.068,15.845
38.37,0.945,7.957,39.661
304.78,2.319,6.426,29.106
340.868,4.27,7.428,65.572
252.771,8.036,8.016,62.957
347.116,3.511,7.403,46.797
86.377,0.175,7.01,64.72
426.316,4.834,6.803,91.205
70.013,9.966,6.763,49.68
200.406,3.49,8.094,35.38
37.629,9.613,8.063,48.148
272.606,1.013,8.058,15.366
334.873,1.731,6.707,10.641
470.611,7.241,7.997,41.643
369.668,5.012,6.092,92.417
270.551,7.651,6.516,86.428
466.309,8.636,7.286,68.149
239.218,2.511,7.017,72.171
280.603,6.828,6.28,86.195
298.049,6.076,6.104,91.628
204.99,8.615,7.528,66.284
419.241,4.301,6.784,39.21
92.588,0.519,6.04,15.6
277.421,5.742,7.077,1.685
361.117,9.589,6.767,65.145
451.988,0.146,7.442,40.384
441.959,2.403,8.325,8.888
254.37,3.161,6.77,28.588
321.581,7.658,8.493,47.405
197.119,3.233,6.215,78.576
234.089,2.391,6.221,32.164
453.133,6.486,7.782,65.967
465.352,0.464,7.872,5.275
447.707,1.706,7.057,96.276
69.185,4.08,6.715,97.197
425.042,3.556,7.985,53.304
474.182,3.472,8.391,66.098
180.625,1.086,8.475,76.692
259.323,3.608,7.586,97.068
389.548,7.98,7.85,54.917
281.039,4.138,8.056,75.78
496.742,5.862,7.997,20.044
227.857,1.636,8.483,16.25
356.971,0.697,8.026,71.539
396.296,8.8,7.656,92.47
247.05,3.314,6.941,57.195
428.492,3.503,7.495,53.916
273.077,8.777,8.201,57.542
205.825,7.078,6.764,88.074
53.912,7.563,6.077,80.205
196.707,6.82,6.818,80.365
366.968,1.058,8.401,11.544
460.643,9.58,7.985,76.215
125.84,9.091,6.468,77.062
177.618,2.362,6.03,14.083
76.98,8.04,7.673,47.677
345.361,4.094,7.448,10.69
480.094,6.838,6.207,40.305
320.476,1.656,8.415,64.46
308.538,5.386,7.544,22.611
276.745,1.266,7.629,14.086
44.228,5.362,8.134,64.191
364.752,2.436,6.843,82.848
301.025,4.525,7.396,16.276
330.738,6.68,7.44,90.52
449.406,8.771,8.418,73.966
391.98,1.653,6.329,68.126
390.458,8.933,7.897,12.976
463.592,3.9,7.438,93.045
494.967,8.438,8.113,47.873
290.641,5.125,8.08,54.025
54.441,8.622,6.03,51.751
229.565,6.628,6.641,53.576
393.801,5.087,6.452,82.464
13.863,3.125,7.154,10.782
28.444,9.689,8.263,48.896
33.579,8.009,6.013,61.778
365.518,3.812,7.22,12.657
250.583,1.667,8.212,58.521
184.449,7.795,8.316,51.407
52.809,9.899,7.643,23.049
366.12,2.79,8.074,26.48
160.51,9.159,6.81,9.534
132.662,1.254,6.715,70.836
326.16,9.522,6.123,15.686
279.505,7.453,7.258,79.107
181.205,3.466,7.14,89.078
320.744,3.046,6.93,24.87
135.611,6.434,6.283,26.773
397.415,5.935,6.577,13.187
114.659,9.189,6.509,54.547
79.419,7.662,8.36,96.457
391.22,5.404,8.416,25.129
353.946,9.276,6.009,16.822
91.319,5.927,6.426,61.008
58.123,8.497,8.222,85.797
419.2,8.409,6.096,87.154
388.299,9.192,8.359,35.197
163.629,0.676,6.95,78.894
329.099,5.838,7.347,59.641
62.08,4.684,7.91,73.557
253.524,4.905,6.61,68.009
9.365,4.599,6.252,13.639
195.801,8.375,8.025,36.392
37.421,3.184,8.462,76.547
237.574,4.628,7.647,76.231
210.841,2.007,8.063,13.086
222.193,2.517,8.353,46.746
22.666,6.604,6.571,87.029
180.808,1.169,6.876,79.366
378.242,1.878,6.548,58.512
184.457,5.28,6.154,21.437
357.586,0.438,7.831,33.129
184.739,1.269,6.364,65.713
211.62,8.634,6.232,78.36
281.946,8.461,6.894,61.751
475.341,3.478,6.151,40.142
54.43,3.48,6.449,58.086
16.457,9.365,6.175,1.378
303.979,0.258,8.193,73.826
474.549,5.803,7.949,84.553
494.862,5.974,8.149,5.563
242.082,7.879,8.171,40.546
234.041,9.518,8.361,85.027
322.482,3.558,6.467,60.116
277.817,4.378,8.25,48.856
317.044,6.713,7.313,9.619
437,9.673,6.416,73.983
373.153,8.908,7.639,69.238
248.439,6.671,6.818,59.384
230.932,8.567,6.116,6.984
319.801,0.852,6.197,64.632
227.853,3.771,7.059,6.116
228.89,0.131,8.066,82.393
8.153,1.775,6.778,87.058
87.032,6.305,7.915,53.558
244.257,8.856,6.139,84.995
411.327,6.328,6.984,40.677
139.364,6.641,6.319,29.714
261.322,1.038,8.159,48.926
172.481,6.649,8.42,56.319
52.402,4.543,6.814,76.879
479.149,6.514,8.472,60.605
427.337,3.262,7.881,85.729
39.246,5.815,6.003,93.647
359.894,4.241,7.213,52.678
173.79,5.586,8.085,72.05
497.425,1.471,7.335,48.67
151.199,3.958,7.375,90.7
119.369,3.743,7.119,4.023
283.945,7.364,6.988,72.142
417.563,7.064,6.068,50.138
96.259,9.089,7.554,7.052
354.701,6.321,7.917,74.823
30.703,3.145,7.975,39.889
459.467,7.832,7.562,53.194
40.537,4.97,6.853,71.568
457.116,1.935,6.057,25.955
245.404,7.474,8.239,29.544
224.046,1.325,7.073,36.31
486.654,1.782,7.503,75.014
495.192,7.588,6.486,98.2
325.089,7.701,6.355,36.933
63.56,7.908,6.217,61.469
253.085,2.933,7.997,33.081
264.582,8.666,7.616,87.802
257.223,7.227,7.553,93.615
284.746,8.34,8.298,19.773
9.362,7.086,6.397,65.755
355.614,5.796,6.426,90.689
356.197,1.094,6.474,48.024
57.735,7.109,7.058,34.199
285.12,6.905,8.186,90.66
284.181,3.125,8.204,26.529
341.225,7.358,7.476,21.503
42.699,5.505,7.645,88.173
313.252,5.594,8.244,63.727
140.376,3.676,7.561,19.319
253.501,1.168,6.574,64.644
386.662,2.169,7.762,87.745
352.823,7.688,7.925,9.841
59.452,2.714,7.588,26.412
295.592,0.023,6.684,60.817
484.558,9.97,7,12.384
78.385,2.107,7.176,90.64
426.454,6.554,6.363,59.702
351.274,9.269,7.131,58.914
387.002,5.997,6.403,6.533
140.979,7.99,7.249,42.71
143.944,9.764,6.127,20.297
453.01,8.604,8.371,81.044
179.916,5.579,6.616,34.277
31.508,3.637,7.168,40.9
300.298,4.825,6.082,64.425
62.409,8.418,6.482,72.025
398.298,8.534,7.733,79.208
320.873,8.459,6.28,18.311
437.363,5.972,7.57,26.993
392.419,4.77,6.005,10.146
56.057,3.113,7.163,85.788
190.535,0.034,7.803,32.228
387.28,7.645,8.316,13.489
208.671,2.77,7.232,31.824
486.183,3.297,8.101,6.659
367.87,8.435,8.006,83.822
7.75,0.523,6.739,29.417
439.993,9.276,8.187,35.657
50.402,0.014,7.601,94.094
70.262,9.392,6.26,19.744
367.246,4.548,8.348,21.194
432.484,1.021,6.442,56.486
268.175,6.742,7.176,97.255
144.525,8.959,7.166,90.217
175.658,4.381,7.563,59.696
171.445,6.914,7.662,81.411
163.339,9.794,6.582,49.275
121.455,2.407,6.881,44.028
304.434,8.204,6.361,40.646
450.203,2.952,6.315,45.998
153.541,4.263,8.063,70.986
93.347,2.818,7.877,82.325
419.289,4.46,7.107,58.024
370.892,0.051,6.24,87.026
465.419,3.034,7.125,64.232
82.76,4.453,6.736,80.471
72.126,6.322,7.945,69.271
270.715,6.374,6.242,77.605
307.217,5.838,7.128,2.886
240.087,2.93,7.478,86.855
299.483,9.474,8.464,88.708
90.19,3.92,6.224,84.29
239.807,2.169,6.285,73.285
329.046,5.545,8.47,78.965
216.353,7.489,7.014,18.941
339.724,0.122,7.859,5.715
225.596,2.763,7.959,29.685
166.8,8.25,6.786,44.802
151.803,5.07,6.536,27.807
205.451,4.085,6.69,87.196
11.545,9.309,7.911,96.476
334.263,0.895,8.101,77.309
422.553,6.156,7.749,48.184
177.314,3.422,7.103,15.431
23.017,0.708,6.656,87.332
493.388,2.137,7.063,84.358
131.849,6.279,8.286,17.068
63.311,0.283,8.158,5.822
184.876,5.922,6.808,89.997
369.279,9.569,6.82,82.372
146.958,7.951,7.95,93.491
287.352,3.456,7.066,36.43
207.78,1.382,7.432,66.135
58.882,4.651,7.056,86.556
165.144,3.93,6.606,34.801
362.435,9.717,6.472,47.978
306.002,9.899,6.349,53.637
59.889,4.106,6.029,3.898
81.661,1.488,6.702,83.01
320.367,9.106,6.429,94.436
406.708,7.935,6.645,42.296
174.737,5.113,6.19,61.504
297.655,3.654,6.854,54.62
85.322,4.482,7.3,35.442
155.688,9.019,8.361,9.161
10.135,1.846,6.868,52.494
384.138,8.068,6.078,25.167
200.505,0.182,6.906,65.582
408.063,9.206,8.043,54.185
354.186,5.003,6.85,59.462
414.372,2.267,6.729,60.572
142.829,0.029,8.297,88.682
92.554,5.595,6.743,15.595
485.953,2.445,8.426,80.761
358.664,6.313,8.082,95.518
417.021,2.812,7.711,72.41
6.567,0.88,7.496,14.766
177.231,5.051,6.562,85.174
371.408,5.645,7.826,79.388
38.991,4.526,6.868,86.412
283.67,4.58,7.214,49.148
214.536,5.897,6.26,82.204
8.808,5.264,6.74,16.247
117.988,1.326,7.323,58.091
142.396,1.971,7.17,55.622
55.93,1.418,6.859,89.777
315.768,6.933,7.18,86.428
121.199,5.286,7.862,71.888
138.81,4.299,7.148,18.31
449.119,7.983,7.265,80.868
233.562,3.258,7.753,61.811
196.064,5.681,8.104,81.843
361.936,0.744,7.317,93.897
454.807,7.444,8.37,45.559
12.518,6.952,6.884,74.706
224.119,8.024,6.631,97.322
305.391,8.845,7.733,22.152
159.282,7.58,6.439,84.853
386.204,8.445,8.25,15.051
485.739,3.457,6.966,2.696
471.714,3.433,7.745,84.856
132.991,9.443,7.425,96.028
113.169,9.146,6.136,4.189
478.745,5.485,7.773,84.598
229.314,3.666,7.975,70.24
104.149,8.66,8.456,70.279
353.498,3.234,7.04,46.503
142.21,1.536,7.257,42.293
133.623,6.395,8.187,37.929
439.625,0.426,6.673,38.802
81.24,3.791,6.473,93.778
32.196,8.077,6.332,81.762
134.593,2.952,8.446,32.058
303.473,9.313,6.676,74.316
61.544,9.558,7.893,65.992
235.797,8.158,7.124,84.752
313.669,9.876,6.601,10.1
424.368,5.308,8.283,70.314
114.935,5.692,7.16,25.249
408.673,8.362,7.415,24.918
117.453,4.928,6.556,70.868
338.383,4.067,6.81,89.599
215.337,6.148,7.869,52.087
57.341,6.577,6.858,47.088
357.132,7.509,7.265,81.696
108.881,6.682,6.286,3.519
88.312,7.457,8.125,70.999
179.161,6.746,7.844,6.556
326.645,4.804,7.902,25.197
116.998,1.349,6.445,67.04
91.831,7.854,7.238,38.639
4.977,0.308,6.069,30.227
235.822,9.925,6.788,50.927
214.323,8.285,6.87,85.137
116.934,6.709,8.284,43.174
26.826,9.666,8.482,53.755
214.628,6.125,7.544,16.639
394.103,0.564,7.292,45.02
357.641,5.594,7.1,2.638
430.397,2.772,6.046,83.975
4.791,3.695,8,21.477
483.21,4.596,7.68,92.069
170.706,7.746,7.623,36.412
495.199,5.029,8.023,83.752
126.31,4.747,8.32,39.572
235.768,3.02,6.974,16.121
176.964,5.399,7.066,50.869
177.88,2.484,8.438,26.798
421.141,2.61,7.661,32.977
373.209,7.573,8.128,32.297
496.076,3.425,6.554,35.238
306.757,0.514,6.793,50.314
231.628,3.437,6.979,13.641
45.037,6.386,6.792,26.506
498.281,8.14,8.211,63.6
275.765,9.619,7.279,75.814
350.239,7.462,8.384,25.137
203.371,4.289,6.803,26.939
273.858,2.991,6.093,48.325
471.289,1.296,6.345,98.129
83.21,6.277,6.543,55.47
146.186,5.099,7.6,81.536
76.03,6.777,6.453,91.949
396.108,2.371,6.954,64.051
31.023,3.236,7.988,52.396
40.816,2.921,6.312,76.69
149.247,7.977,6.201,32.569
257.094,1.712,7.35,97.288
203.137,6.085,7.745,48.062
22.408,0.514,8.277,92.901
478.746,5.495,7.655,76.219
476.435,0.639,8.365,21.939
139.678,1.759,6.611,22.849
365.763,1.13,6.855,35.633
289.288,3.467,8.098,37.832
118.738,3.437,8.028,2.485
131.086,8.264,7.662,85.724
245.577,2.257,7.265,24.804
209.618,0.864,6.044,82.652
145.615,6.035,6.701,48.805
403.756,6.875,6.396,59.611
240.731,2.948,6.128,54.109
327.424,6.028,7.94,94.524
94.637,7.761,6.328,42.379
266.754,3.476,6.894,39.488
158.988,5.254,8.444,61.875
263.207,1.466,7.023,38.803
390.413,0.236,6.354,61.137
384.457,9.814,7.724,57.665
177.11,2.997,8.025,77.729
347.139,2.789,6.698,99.005
470.645,9.732,8.023,97.754
312.835,7.282,6.679,13.253
74.205,5.853,7.733,45.76
339.854,6.993,6.312,42.814
52.452,7.099,7.07,19.877
436.055,7.633,7.301,74.63
258.33,0.672,7.813,96.886
192.57,4.128,7.625,16.11
28.503,2.951,8.133,27.952
190.392,0.706,6.461,85.647
451.603,4.126,7.653,31.221
10.491,6.162,6.319,44.685
237.324,1.785,7.195,74.295
465.579,3.05,7.311,13.475
197.42,6.392,6.068,53.187
214.088,5.793,6.176,11.857
289.28,8.688,8.098,31.231
231.469,7.912,6.717,24.455
84.301,9.656,6.865,73.293
9.278,5.972,7.601,15.916
304.906,6.985,6.552,66.531
460.403,8.605,6.482,57.985
53.182,8.4,7.054,67.905
105.476,7.187,6.147,87.781
185.115,5.003,8.292,53.878
404.371,2.732,8.35,72.34
134.63,8.772,7.121,80.651
441.027,7.767,6.523,69.867
27.479,8.379,7.176,32.587
470.478,1.408,6.25,96.185
280.374,3.148,6.994,7.013
329.389,4.249,6.184,37.858
183.845,8.384,7.765,82.31
390.997,8.929,6.689,35.641
83.283,2.849,7.302,55.047
24.456,6.864,6.034,14.315
197.758,0.778,7.312,85.83
426.848,4.096,6.008,93.185
377.463,4.867,8.313,98.418
258.578,7.656,7.253,8.632
286.069,8.92,6.25,20.717
64.946,3.373,6.853,50.004
420.341,5.277,6.115,27.989
393.48,6.474,7.327,64.62
328.235,3.287,6.306,84.698
233.096,9.855,7.183,13.58
482.23,8.758,6.764,1.316
439.516,2.964,7.904,99.379
322.215,5.079,7.206,45.593
185.9,2.308,8.12,7.777
309.011,5.145,8.353,59.261
287.72,6.833,8.424,75.567
197.121,0.855,6.65,80.323
153.337,8.701,7.919,57.36
203.505,5.937,7.095,68.272
286.956,9.896,7.065,48.15
214.067,0.256,8.171,62.356
131.787,8.315,6.364,95.207
380.482,7.92,7.195,98.765
265.734,1.329,7.482,63.129
33.838,3.353,6.165,58.808
184.158,8.848,8.161,35.205
442.457,5.185,6.786,33.1
377.618,4.013,7.642,92.525
161.623,9.055,8.32,66.85
469.092,0.933,7.799,46.399
38.301,4.731,8.215,66.929
480.617,6.524,6.174,12.971
122.853,6.085,7.232,94.401
4.547,2.643,7.412,52.71
216.904,5.633,7.723,34.074
179.485,7.086,6.292,2.316
269.545,5.849,7.642,68.039
398.386,6.845,6.365,96.987
421.215,2.561,6.169,56.295
200.615,8.328,7.173,33.935
214.923,4.497,7.501,42.415
74.089,9.872,8.395,57.3
23.774,0.233,7.747,69.187
320.607,3.803,7.478,19.15
32.219,1.805,6.536,93.577
366.915,5.556,6.38,42.017
269.545,2.432,7.518,62.821
99.291,7.375,6.557,91.232
269.761,8.819,7.767,58.257
91.499,2.109,6.286,68.671
219.369,1.607,6.849,63.686
399.78,8.754,7.933,25.556
230.96,3.613,8.078,96.332
74.35,4.346,6.863,47.769
361.914,2.21,6.517,10.741
93.384,4.253,8.395,99.801
369.275,2.313,7.903,65.352
239.676,6.659,8.018,61.239
226.871,4.989,6.557,91.742
425.718,7.881,7.061,54.645
354.302,3.127,6.171,36.68
16.455,5.056,6.273,18.299
148.087,2.595,6.552,81.248
435.46,9.345,6.758,33.77
9.163,5.219,8.493,52.124
272.627,1.735,7.055,51.379
363.913,2.728,7.745,74.299
310.928,0.829,8.261,68.733
380.266,0.278,6.615,42.934
362.846,5.259,6.362,43.178
346.015,3.371,6.608,27.763
410.77,9.638,8.206,34.751
322.845,1.713,7.664,71.435
201.209,7.939,7.128,56.671
235.955,3.16,8.051,6.054
358.362,2.235,6.592,51.31
438.153,9.696,6.598,95.549
136.109,8.026,7.418,11.82
171.038,6.306,7.975,11.385
465.37,6.971,6.649,67.108
289.256,9.914,6.525,95.817
89.481,5.932,7.185,3.644
331.848,1.019,6.336,35.109
495.381,0.649,7.87,7.633
411.727,6.666,7.443,27.316
372.871,6.576,7.281,55.897
104.023,7.482,8.181,44.77
438.07,1.088,7.831,36.969
262.894,9.449,6.373,21.857
444.645,5.512,7.051,62.326
164.914,6.496,6.803,58
31.026,0.349,8.005,66.645
237.988,9.61,7.798,79.528
134.919,5.626,7.18,73.217
357.615,5.634,8.059,95.77
478.553,9.436,7.025,17.772
345.487,9.294,8.009,95.189
443.467,2.203,6.08,18.042
226.512,9.311,6.337,84.441
385.82,7.366,7.89,79.056
421.522,0.189,6.286,66.941
355.438,2.398,7.709,70.918
253.889,4.13,7.809,69.461
312.933,5.828,7.655,53.461
350.253,7.013,8.046,4.233
126.542,2.102,7.279,58.377
404.79,8.367,8.243,39.524
475.162,8.457,7.424,27.964
232.62,6.35,7.27,49.522
350.534,9.211,7.273,84.963
368.513,8.13,8.28,58.257
331.124,2.216,6.609,96.511
273.558,7.987,7.738,42.636
440.824,9.532,6.607,17.66
224.463,1.376,6.23,32.151
30.551,9.787,8.384,15.322
422.278,0.25,6.324,68.803
336.991,5.222,7.715,16.792
424.629,7.739,7.061,52.307
69.274,7.904,8.093,92.418
15.376,7.347,7.933,43.952
467.187,5.294,6.359,40.869
73.864,6.51,7.17,21.11
404.826,6.999,6.069,75.625
411.605,4.945,7.074,31.121
354.353,5.957,7.751,99.05
65.631,8.464,6.58,17.509
333.699,3.129,8.025,1.222
444.543,5.232,6.133,54.402
212.766,0.085,6.086,7.796
206.758,6.874,6.069,37.596
221.429,1.954,6.7,45.713
41.136,4.81,7.168,25.584
446.013,2.102,6.269,97.834
434.591,0.235,8.492,35.138
498.955,4.832,8.499,15.326
292.592,4.248,7.3,4.695
375.596,4.251,7.42,31.633
101.336,2.088,8.317,82.285
333.764,9.472,7.924,25.347
324.866,0.035,6.42,60.272
450.604,8.915,7.981,98.922
415.396,7.369,6.577,35.015
469.233,1.721,7.076,61.983
434.417,4.722,7.331,60.353
434.347,9.889,7.792,59.836
31.862,6.437,6.375,95.385
422.981,1.274,6.19,78.807
303.739,4.576,8.165,1.873
190.222,4.682,8.067,3.762
28.257,8.023,7.308,4.964
338.837,9.162,7.656,37.096
164.101,0.822,7.798,44.524
233.888,3.14,7.191,80.914
340.864,2.984,6.643,63.993
455.887,9.96,7.203,99.998
412.718,5.592,8.377,79.61
225.299,8.798,8.095,87.476
193.892,4.26,7.164,19.016
119.89,7.227,6.564,64.501
186.213,2.866,8.224,15.753
55.523,9.118,7.596,67.822
485.553,4.551,7.012,81.156
286.959,8.037,6.279,30.727
63.903,2.558,7.879,17.554
176.403,6.936,6.792,24.504
273.52,4.052,7.516,81.283
266.443,0.314,7.424,55.159
17.752,4.13,7.749,54.11
475.421,5.5,7.344,58.099
137.688,1.518,7.576,49.739
8.092,1.839,6.204,86.476
38.222,4.649,7.663,51.237
290.097,3.427,6.485,60
68.893,4.407,6.98,98
20.862,4.608,7.281,46.077
189.813,1.401,7.717,19.527
311.381,1.812,7.856,56.734
55.92,8.482,7.762,70.757
156.664,1.627,6.238,13.392
208.88,6.659,6.967,17.036
79.73,4.185,6.702,3.412
253.037,9.682,6.996,74.694
42.607,0.661,7.617,21.012
23.259,8.304,6.482,90.207
259.918,4.914,7.255,52.029
123.948,0.054,8.212,95.569
47.687,2.637,7.828,38.923
211.956,4.077,7.813,95.626
457.57,3.142,8.122,97.785
362.096,3.624,6.998,13.874
407.808,9.167,7.899,13.369
435.957,3.609,6.147,42.927
486.314,4.188,6.141,41.975
381.623,7.611,6.829,65.342
304.204,7.938,6.492,12.153
182.713,0.841,7.296,75.876
90.822,7.041,6.458,23.269
343.33,4.826,8.439,15.911
497.475,1.339,8.128,79.658
233.679,2.647,8.456,8.949
361.84,0.45,8.019,71.448
247.546,3.602,8.378,12.003
215.967,2.554,6.92,74.266
205.153,3.821,7.245,79.263
252.312,5.803,6.599,58.882
183.448,7.323,7.59,35.829
374.387,6.054,7.971,24.386
437.136,6.784,7.247,81.082
441.443,8.656,6.741,11.573
113.849,8.738,7.269,97.472
447.955,8.607,6.157,78.133
170.776,1.532,7.803,69.347
154.654,2.511,7.129,98.874
363.378,5.023,8.246,69.184
152.348,3.587,8.308,11.292
26.483,1.317,6.314,32.937
186.809,2.878,8.49,58.957
360.733,9.754,8.425,57.966
163.479,3.469,7.568,1.996
314.78,4.189,8.064,26.738
330.06,0.064,6.046,73.893
366.868,7.194,8.426,66.3
448.565,4.136,7.141,89.856
216.282,1.031,8.274,96.06
83.216,9.686,6.963,87.083
159.463,7.774,7.97,55.761
216.084,7.262,7.045,54.754
356.946,9.579,6.907,37.58
6.561,4.075,8.367,89.981
157.893,7.185,7.748,83.234
389.921,2.062,8.1,78.121
335.429,6.971,7.358,78.063
365.87,0.141,8.296,85.037
405.905,1.263,7.85,91.971
391.618,4.253,6.18,82.283
341.092,0.121,7.917,81.689
219.831,4.62,6.047,66.371
491.799,5.228,8.073,46.353
284.537,6.216,6.83,55.538
101.385,1.004,7.496,53.996
146.406,1.81,7.873,82.596
346.781,6.133,7.592,27.331
462.37,6.582,7.681,36.953
89.36,0.259,8.232,56.16
41.173,5.404,6.935,98.51
440.766,7.85,7.368,49.448
457.639,0.691,6.437,13.518
138.19,4.132,7.169,67.733
188.643,3.265,6.375,62.016
330.094,9.137,7.584,84.813
164.965,1.858,6.811,85.633
438.579,3.184,8.148,26.653
53.789,8.984,6.859,5.489
18.991,3.307,6.717,78.717
104.243,5.313,7.228,65.586
143.044,0.33,6.438,14.995
56.463,9.849,6.51,98.568
32.845,8.249,7.958,92.667
377.804,6.344,7.243,72.59
82.138,0.608,6.516,6.317
456.961,0.749,6.079,22.119
184,5.45,7.166,33.133
335.303,2.851,7.857,6.535
112.701,6.228,6.878,82.911
120.161,5.982,6.62,8.585
287.355,8.387,6.991,21.334
280.321,2.814,8.398,32.573
384.365,5.779,7.058,33.862
378.907,7.774,6.649,27.245
335.344,4.908,7.423,97.881
224.565,8.306,8.027,96.121
445.32,1.313,6.056,62.41
311.289,7.339,7.395,13.386
495.099,9.43,8.091,70.961
409.685,3.319,6.539,97.568
22.155,3.663,8.304,99.835
160.297,0.835,7.444,62.044
285.938,6.415,7.292,19.67
360.735,5.525,8.409,83.336
275.168,0.403,6.324,62.653
393.065,7.522,7.85,45.761
141.328,8.293,8.046,15.847
91.956,9.071,7.221,24.739
26.958,5.457,6.016,58.288
286.657,4.526,7.311,26.805
344.3,8.761,6.384,48.31
163.075,3.987,7.406,71.843
306.792,6.554,7.847,98.749
26.079,6.154,7.328,5.347
49.647,3.722,7.577,79.88
350.877,0.869,6.26,13.659
184.035,0.214,6.243,94.41
335.667,4.282,8.127,77.226
415.861,4.812,6.123,40.387
426.311,8.227,6.711,51.746
86.084,4.144,8.344,67.994
243.143,2.812,7.147,56.541
366.963,4.621,7.686,98.025
386.99,2.38,6.554,99.864
392.338,0.914,6.676,6.648
114.084,1.13,7.273,73.061
96.267,3.192,7.595,74.931
295.006,0.127,8.401,79.223
370.543,2.202,7.436,91.791
159.57,7.875,6.24,59.743
52.353,2.346,6.917,26.2
358.373,1.107,6.61,67.495
149.849,9.491,6.636,32.972
83.181,6.225,7.263,34.91
73.862,0.6,6.792,61.683
157.455,0.622,6.723,29.617
296.339,6.121,8.42,69.756
179.201,5.401,7.46,85.459
10.331,0.684,6.654,98.562
48.454,2.243,6.69,17.671
145.252,9.29,8.028,46.079
329.852,5.72,8.216,74.326
49.258,4.403,7.698,58.162
280.328,2.502,7.079,7.395
59.943,1.337,7.911,35.457
105.808,4.026,8.343,79.579
86.094,9.224,6.416,49.789
33.614,0.487,8.154,69.743
335.665,9.91,8.122,64.411
231.702,2.078,6.916,94.391
415.527,4.088,6.729,85.958
49.445,0.451,7.413,35.036
72.366,5.848,6.681,50.272
153.229,4.836,6.363,48.161
382.933,6.667,8.383,28.616
152.879,5.427,7.228,62.487
204.209,3.982,7.181,26.793
150.802,7.378,6.315,16.807
40.112,0.25,7.26,11.919
469.717,5.41,7.857,29.36
274.269,1.139,6.62,47.849
393.917,4.36,6.922,12.45
329.179,7.911,6.447,67.903
257.127,1.425,6.888,87.154
44.839,9.358,8.153,43.282
321.367,8.885,6.593,87.452
77.685,4.149,6.074,15.947
207.192,0.06,7.341,8.674
314.557,7.897,7.449,81.572
391.115,8.809,6.822,97.502
342.523,1.747,7.604,34.722
335.767,9.162,6.095,66.074
74.521,9.141,6.851,65.797
173.064,4.713,6.361,68.865
21.456,7.98,6.575,57.655
359.738,4.449,6.956,26.387
476.293,5.64,7.234,9.002
132.055,3.198,6.233,2.349
43.848,1.595,6.253,18.85
237.785,7.465,7.685,12.878
428.349,0.014,7.01,4.784
275.987,5.796,6.441,9.954
23.389,8.647,6.587,5.828
487.136,2.213,7.8,55.263
414.325,3.329,6.129,6.658
65.797,5.875,7.272,99.623
460.899,2.469,6.901,50.673
225.344,8.475,8.028,90.211
185.949,3.666,7.975,49.293
230.527,5.816,7.723,14.452
417.286,2.261,6.962,84.223
329.74,0.414,7.578,24.535
29.624,1.737,7.6,5.005
478.802,0.462,6.83,19.91
73.892,4.686,8.2,60.35
372.784,5.866,8.462,44.031
318.068,0.447,6.786,17
93.764,0.905,8.003,53.766
85.366,4.855,7.252,95.352
435.164,7.992,7.159,72.934
209.847,6.28,6.966,7.855
327.288,1.047,6.73,32.659
252.036,8.875,8.299,69.547
363.677,9.175,7.852,14.874
239.621,3.25,7.102,54.327
143.69,6.16,7.879,55.066
181.692,4.923,7.796,9.756
429.539,9.42,6.668,61.007
234.017,5.087,6.44,90.107
106.725,9.6,8.091,65.52
467.303,1.993,8.029,91.633
398.3,3.455,8.492,61.741
27.833,7.813,6.048,75.428
499.471,7.836,7.351,89.369
347.463,7.322,7.753,46.871
80.133,8.596,7.456,16.64
118.584,7.025,7.776,12.81
346.223,6.361,6.343,95.397
389.881,4.589,6.004,55.146
119.518,4.671,6.233,68.627
128.484,4.062,6.95,61.567
153.56,6.202,6.822,56.929
299.009,4.067,8.185,56.382
85.908,1.475,6.209,47.831
52.122,1.065,7.107,88.557
339.432,9.245,8.395,12.968
389.549,0.247,7.257,71.869
250.465,1.055,6.331,68.394
181.916,4.453,6.728,7.177
216.021,2.629,7.567,22.489
194.204,4.058,6.03,78.983
479.992,1.174,8.42,24.144
384.045,1.309,7.417,58.196
104.044,8.007,7.76,9.288
192.095,7.591,7.247,23.065
272.006,1.043,8.395,89.196
306.493,6.678,7.473,36.818
234.092,6.093,7.655,80.782
405.063,7.134,8.152,48.368
383.803,4.744,8.154,32.905
252.579,2.7,6.07,57.09
427.215,6.637,6.708,53.864
375.545,3.714,6.616,98.493
389.291,2.19,6.017,35.099
478.2,4.086,8.192,65.716
133.233,7.633,6.793,69.265
133.824,4.758,6.867,63.007
444.476,2.999,6.249,48.444
386.113,8.319,8.474,78.564
463.273,8.816,8.066,77.05
31.565,4.333,7.43,95.945
313.879,3.747,7.93,97.719
72.314,6.127,7.943,22.31
251.949,0.58,7.642,65.79
77.873,6.913,6.435,85.791
64.039,7.823,7.801,96.269
6.084,3.974,7.424,15.132
315.119,1.746,7.81,94.959
179.511,0.288,7.359,23.321
52.594,6.372,8.391,57.673
161.419,2.69,7.568,65.775
84.472,4.639,7.434,88.072
470.847,3.864,8.107,80.564
160.002,1.749,6.948,93.518
166.977,5.084,6.789,78.95
419.929,4.596,7.258,34.535
323.878,6.241,7.461,18.706
355.086,2.519,6.551,16.41
318.001,2.146,7.706,9.666
473.098,8.143,8.006,93.308
103.5,7.022,7.443,49.134
494.52,7.722,7.307,96.571
415.478,1.233,6.737,77.714
294.486,2.24,8.274,95.424
331.186,5.755,7.886,86.988
324.413,8.572,7.201,58.75
29.198,8.921,7.648,23.357
109.008,8.319,6.842,26.151
480.735,0.434,6.15,37.766
267.182,8.209,6.51,3.405
189.177,8.991,6.199,67.017
381.019,0.567,7.27,55.962
262.259,4.163,7.555,11.002
6.581,5.366,6.951,82.663
368.119,2.328,7.325,82.445
366.109,5.167,6.214,12.738
82.574,8.86,7.925,21.185
478.33,8.669,6.082,25.788
111.954,9.398,7.586,53.039
228.875,4.841,7.083,94.547
57.368,4.106,6.46,66.863
301.641,6.658,7.308,68.428
187.726,4.168,7.952,29.848
176.587,0.419,7.034,62.79
413.488,7.199,6.919,21.919
4.781,2.81,6.356,71.393
398.973,0.491,7.486,24.251
285.724,0.206,8.07,2.384
493.049,9.314,7.403,52.845
294.722,2.521,6.413,30.502
27.69,4.479,7.653,63.268
25.323,9.506,6.075,74.86
441.576,4.675,8.095,81.565
420.607,0.786,8.304,98.166
172.945,5.519,7.493,56.002
309.016,0.882,8.204,48.765
244.796,0.951,6.211,25.311
483.582,8.515,6.571,74.939
474.98,2.894,6.793,48.788
491.92,6.787,7.933,33.378
433.224,5.089,7.211,43.777
454.776,2.223,6.871,37.679
108.639,5.178,6.395,97.872
415.503,0.69,8.027,23.409
354.429,3.472,6.051,42.038
481.393,5.228,6.843,31.422
285.631,2.284,6.607,17.992
42.584,6.602,6.323,30.648
298.699,0.518,6.43,49.442
343.29,4.848,7.234,63.53
110.161,7.15,7.065,62.07
197.057,4.299,7.296,77.495
299.252,8.746,7.819,8.056
187.053,6.322,8.231,32.122
187.474,9.585,6.296,35.906
66.543,2.841,6.207,69.529
470.373,9.388,6.801,21.543
375.247,6.068,7.366,22.216
0.622,7.452,6.25,10.425
382.807,9.022,7.79,53.796
369.897,5.512,7.39,72.95
4.865,8.622,7.871,70.067
184.802,5.417,6.895,74.537
303.374,5.992,7.003,17.788
226.375,4.451,8.019,59.069
388.993,1.456,6.668,10.239
212.729,5.535,6.954,96.701
76.931,9.774,6.034,11.404
488.208,7.872,7.388,87.883
121.02,7.475,8.129,4.8
358.846,6.433,6.07,53.582
71.578,3.479,7.534,85.423
164.506,1.696,8.114,63.827
221.014,2.246,7.235,49.888
96.116,0.063,6.783,13.61
224.98,6.735,8.491,66.264
78.581,8.119,6.162,60.631
279.503,2.689,6.526,46.407
331.857,0.919,8.213,24.259
31.217,3.357,6.743,22.791
435.566,2.921,8.05,97.031
92.57,4.509,6.833,96.541
112.681,2.641,8.03,93.76
330.675,3.397,7.714,52.083
234.376,9.076,7.171,98.839
249.698,3.348,7.307,30.446
64.077,7.855,6.444,43.262
402.868,6.258,6.29,18.259
308.527,3.375,7.792,46.947
67.691,8.178,8.121,19.318
187,5.951,7.805,7.558
405.205,0.086,8.282,1.988
284.178,0.687,8.225,38.468
54.324,7.526,7.945,89.863
186.389,4.465,8.245,44.302
121.347,4.055,6.418,64.916
258.733,1.458,7.828,81.972
421.681,1.573,7.884,55.742
218.134,7.978,6.385,56.756
216.671,8.29,8.274,52.889
452.675,5.6,6.022,13.384
288.093,2.951,7.087,63.93
283.096,9.327,6.054,72.594
130.955,6.24,7.308,1.028
303.861,7.966,7.03,9.251
287.955,0.033,7.558,54.627
198.426,4.503,7.916,84.056
495.348,8.709,7.921,53.779
440.945,3.382,7.806,44.019
374.793,7.266,6.255,93.742
268.673,6.577,7.044,8.554
231.03,1.522,8.04,14.682
92.449,7.749,7.636,68.829
152.869,1.125,7.703,11.774
386.98,7.279,6.567,14.378
226.874,9.91,6.813,87.321
441.135,9.58,8.39,21.809
73.956,8.002,8.117,62.621
254.174,5.345,6.412,40.279
323.483,6.748,7.362,14.536
258.424,7.281,7.226,39.223
444.613,0.084,7.109,42.208
494.782,1.024,7.177,63.235
57.917,5.971,7.607,16.196
64.977,0.065,8.418,4.698
65.162,9.089,8.188,60.993
340.589,4.897,8.188,7.475
186.338,2.578,7.758,16.233
366.657,3.938,6.044,98.166
202.736,8.508,7.101,3.254
313.803,9.272,7.278,64.585
384.929,1.162,8.106,14.744
274.108,7.78,8.307,82.297
269.752,5.782,7.129,58.595
44.117,5.855,6.751,47.775
205.391,7.795,6.843,46.58
272.889,2.228,7.447,67.423
230.99,5.31,6.687,84.03
450.391,3.194,8.277,1.686
453.265,0.945,7.047,3.005
410.959,1.051,8.475,27.973
187.649,1.365,6.274,74.088
358.65,6.149,6.47,20.184
197.644,1.058,7.279,41.266
116.297,5.701,8.171,51.252
171.451,5.883,6.885,37.921
35.482,9.039,8.094,46.999
165.889,6.264,7.064,80.076
230.371,9.856,8.132,23.691
477.74,0.31,6.694,33.347
156.705,7.041,7.18,53.131
451.227,0.265,6.697,86.644
114.429,7.294,6.538,21.318
95.484,3.859,7.053,52.951
259.498,6.113,6.837,87.702
336.256,3.095,7.968,12.138
22.166,1.591,7.869,72.422
110.533,7.235,6.896,23.149
227.842,9.046,8.481,18.187
165.502,1.836,8.435,24.399
356.311,9.207,8.295,50.784
255.58,1.402,7.466,60.736
80.18,7.357,7.031,20.231
447.233,9.594,6.783,12.084
146.453,1.474,6.038,45.814
365.566,4.351,7.58,6.682
389.958,3.375,7.383,54.355
481.579,3.885,7.575,68.604
249.254,7.531,7.44,94.633
307.918,6.612,6.344,15.151
167.438,9.687,7.738,43.898
339.09,1.855,6.901,26.414
231.692,5.433,7.291,22.572
218.826,4.491,6.914,52.433
427.734,9.189,6.055,15.201
25.084,0.106,8.191,2.526
440.981,9.892,6.372,17.051
426.035,4.797,7.455,34.216
253.183,6.255,8.208,2.086
245.101,3.601,6.553,85.856
180.904,8.525,7.03,58.774
497.087,5.62,6.944,3.689
55.585,6.628,6.223,23.633
295.108,6.489,7.059,66.768
340.841,3.64,7.199,3.964
467.165,0.76,6.066,38.32
390.102,8.077,7.22,10.57
321.924,2.897,6.235,39.768
58.406,8.489,8.231,96.834
186.867,6.086,7.625,46.046
69.421,3.537,6.141,61.756
440.606,5.942,8.068,41.436
374.811,6.455,6.904,32.187
378.768,7.067,6.564,61.451
326.128,8.223,6.635,62.452
253.522,1.598,7.494,61.918
74.986,9.441,6.204,3.655
164.847,4.108,6.147,69.957
68.458,8.605,7.569,67.908
362.457,2.205,8.455,7.943
80.114,0.29,7.209,19.826
351.057,5.733,7.033,52.515
346.128,3.247,8.368,36.717
229.652,9.845,6.602,58.026
67.614,1.045,6.601,76.281
157.4,0.473,8.263,55.258
160.047,0.45,7.617,46.439
350.193,2.169,6.134,27.101
56.872,5.792,7.685,61.934
414.534,5.056,8.05,82.895
380.504,3.501,6.685,26.978
93.153,0.888,6.957,79.026
359.582,2.337,6.494,42.343
334.257,1.841,7.583,12.074
374.06,7.457,7.66,91.153
94.464,7.799,6.171,68.482
78.795,7.77,7.694,84.26
118.242,9.69,7.646,65.836
182.936,8.842,6.088,13.23
396.832,4.978,7.388,54.62
368.962,4.149,7.535,63.729
462.726,9.158,7.075,26.86
29.315,6.112,8.253,63.459
5.778,2.944,6.821,57.112
349.569,5.645,6.168,3.137
139.644,9.921,7.68,88.373
167.039,8.495,7.513,53.851
273.401,2.813,8.473,58.853
51.207,9.53,6.578,15.982
321.347,9.815,6.989,80.595
162.574,2.312,7.153,53.616
316.358,8.956,8.154,9.766
417.003,8.832,7.036,70.391
85.556,0.398,7.93,49.404
465.437,6.697,6.392,34.131
265.344,3.053,7.024,92.237
461.464,6.746,6.387,82.307
103.865,9.136,8.374,5.237
302.281,4.988,6.444,70.164
201.944,4.144,7.048,18.041
387.111,9.215,6.206,2.651
302.954,9.741,8.303,22.645
247.258,0.622,7.56,5.728
456.493,9.228,8.406,64.185
188.559,0.828,6.106,75.988
109.99,3.373,6.437,18.636
304.051,7.626,6.95,21.726
312.014,7.77,7.553,14.272
219.547,7.258,6.824,56.674
243.305,0.391,7.78,49.444
479.777,1.33,6.413,1.609
366.343,9.362,7.502,37.594
55.301,0.815,6.995,9.717
106.065,0.785,7.271,58.32
487.788,8.356,7.424,47.905
363.233,6.413,6.15,46.43
457.523,3.517,8.31,73.778
151.931,1.657,7.965,46.477
370.933,8.842,7.106,49.132
357.001,9.885,7.369,63.631
147.345,0.5,6.081,30.834
275.408,5.541,7.245,93.803
313.708,2.613,7.066,28.866
240.566,8.324,6.936,91.464
413.589,3.461,8.038,81.554
416.435,7.146,6.455,90.718
425.3,5.395,6.441,19.145
401.712,5.415,7.304,23.895
244.042,8.58,7.718,84.934
190.719,4.704,6.056,95.76
415.688,8.456,7.365,75.568
245.101,3.634,6.747,64.163
123.186,1.748,7.892,81.131
253.672,4.555,7.172,5.118
70.925,4.984,8.085,85.58
345.815,4.784,6.992,28.832
167.961,8.083,8.068,6.609
130.329,5.647,7.791,68.478
478.254,8.884,8.071,75.526
388.44,5.142,8.031,63.091
393.535,2.247,7.216,35.664
311.861,1.295,6.92,12.603
419.586,8.684,7.913,77.13
379.581,0.562,6.904,5.688
299.387,1.176,6.223,76.21
480.562,0.637,8.147,95.787
95.797,4.237,6.993,99.685
471.69,5.326,6.332,40.234
200.719,0.199,7.616,11.758
264.199,5.156,8.224,10.359
61.37,3.938,8.152,49.662
270.054,7.736,7.386,79.384
305.603,8.3,6.22,5.74
498.851,6.85,7.742,17.664
487.596,4.735,7.522,59.273
483.199,2.161,6.525,9.46
174.194,8.471,8.251,87.963
495.633,3.417,6.217,50.807
227.739,3.563,6.933,39.297
425.918,9.16,6.236,2.31
108.16,9.756,8.28,12.186
252.917,8.981,6.088,82.933
483.006,9.982,7.064,70.197
473.516,8.689,8.154,3.018
341.867,7.044,6.628,97.423
398.907,2.938,6.263,35.972
88.213,9.53,6.318,61.033
360.829,8.766,7.012,72.538
309.025,2.407,7.071,95.695
45.776,4.892,7.795,89.153
56.58,0.701,6.595,60.144
54.222,9.533,7.755,14.796
362.178,5.728,8.497,84.657
70.858,2.452,8.161,81.859
233.866,2.924,7.589,64.275
178.491,9.807,8.35,98.934
275.252,6.156,8.478,53.301
353.238,4.207,7.426,22.16
342.361,4.998,6.684,26.123
257.76,0.986,8.287,41.254
232.167,0.75,8.11,42.848
198.908,5.927,6.212,83.284
430.955,5.12,8.341,88.808
165.426,3.592,6.916,38.891
129.683,5.661,6.805,94.585
371.658,0.727,6.858,92.88
179.882,9.44,6.8,41.647
423.499,2.937,7.29,86.939
163.944,0.718,7.449,12.169
350.972,1.695,7.064,51.612
22.555,0.955,7.031,71.555
192.781,1.786,7.843,35.211
171.615,4.168,6.008,3.286
408.339,7.381,8.367,6.491
483.528,2.723,7.786,89.562
230.441,4.359,7.768,52.331
412.418,9.288,7.055,16.077
349.847,2.958,8.414,90.31
483.693,7.947,6.001,94.276
405.554,1.578,6.191,33.281
38.739,1.783,8.01,59.013
356.641,4.562,7.847,33.254
267.75,2.341,6.678,72.801
8.218,9.03,7.487,94.845
125.656,0.508,7.33,3.758
460.878,5.973,7.318,47.616
463.031,6.042,7.489,80.108
399.425,0.66,8.484,69.228
490.89,7.326,8.468,19.041
403.273,4.689,8.454,39.827
5.102,7.231,7.372,47.36
143.917,8.269,6.795,74.752
15.312,3.229,7.4,46.451
47.054,4.845,7.557,32.085
109.42,2.608,6.779,42.085
251.779,2.015,7.582,96.722
423.766,0.006,7.555,5.63
430.983,9.636,8.259,34.046
308.101,4.409,6.594,20.6
464.088,0.131,7.744,40.65
250.031,0.089,7.127,58.99
444.518,2.884,6.325,20.234
227.033,0.139,6.79,43.223
138.613,3.745,6.143,82.957
458.206,0.629,6.798,64.57
193.968,0.393,6.173,68.245
251.702,6.694,8.314,94.096
164.43,9.068,6.254,41.487
331.419,4.094,8.043,99.803
497.516,8.368,8.265,38.822
12.757,0.293,7.169,19.086
449.924,7.777,6.135,80.941
1.963,0.628,7.489,51.487
182.114,8.384,6.587,35.15
84.303,8.824,6.442,25.386
378.671,7.86,7.417,82.328
25.305,8.207,6.891,56.836
276.742,5.615,7.826,62.817
147.463,2.649,7.478,46.764
66.835,6.432,8.073,22.232
385.909,4.395,6.146,34.421
108.708,0.053,6.587,13.742
111.838,4.768,7.417,34.778
137.538,6.512,8.201,91.357
293.383,0.139,8.034,57.911
329.833,6.214,7.699,5.574
8.801,6.525,7.435,76.651
120.935,1.581,7.579,76.998
215.485,4.311,6.534,76.19
165.988,9.643,7.488,62.037
442.085,8.842,7.234,4.12
393.854,4.108,6.961,38.881
312.945,3.498,8.219,33.202
169.021,1.241,8.074,3.092
350.336,0.352,6.192,9.481
421.819,2.975,8.464,42.622
297.415,9.403,6.575,88.196
392.231,9.586,6.538,96.212
374.552,8.125,8.36,74.599
285.869,3.508,7.112,23.337
156.092,1.436,8.013,92.25
372.891,5.955,6.721,97.82
103.398,6.465,8.183,43.594
389.744,4.246,8.081,52.668
402.273,6.916,7.299,35.254
411.072,7.467,7.763,85.353
236.458,7.831,8.41,30.471
96.24,5.023,7.13,11.762
49.862,7.916,7.236,46.144
371.681,0.255,7.807,17.784
443.131,6.804,6.966,43.664
325.419,2.356,8.403,58.957
72.08,2.705,6.101,80.458
467.448,0.913,7.008,69.507
494.551,1.924,7.785,74.117
216.689,9.92,7.073,59.461
297.413,4.154,6.648,9.055
388.614,9.278,7.034,88.123
368.195,1.629,8.204,70.116
483.894,2.041,7.368,79.199
57.442,5.578,6.838,94.152
290.362,3.495,7.679,96.845
345.966,6.439,7.53,96.385
445.049,4.22,7.401,27.689
437.055,8.116,6.978,85.311
489,4.316,6.181,95.908
256.039,5.723,7.552,70.926
415.38,3.211,7.049,71.876
213.641,7.04,7.072,88.536
211.157,6.547,6.585,29.467
126.674,3.97,6.624,19.995
409.119,2.76,7.969,44.259
492.908,6.141,7.198,95.038
128.171,9.432,6.273,6.986
28.066,1.326,6.115,44.809
407.771,7.991,6.562,69.389
310.115,5.43,7.219,65.476
479.849,5.256,7.543,81.18
126.12,9.617,6.359,27.691
35.514,6.059,7.085,24.161
246.221,8.305,6.181,82.917
42.733,5.145,6.094,82.746
130.895,2.499,8.158,25.634
62.989,6.945,7.646,44.587
112.066,9.232,7.953,45.716
53.072,8.412,6.455,51.814
476.953,1.984,6.805,83.805
139.281,3.169,7.109,60.735
221.949,5.169,7.645,52.303
449.306,5.716,7.337,29.659
338.661,1.938,7.379,5
309.019,2.3,6.392,91.893
352.782,7.588,7.187,71.905
414.411,7.303,8.059,8.366
438.835,8.392,7.274,30.457
321.32,9.329,6.499,65.057
445.004,3.083,7.033,21.703
267.699,8.596,7.887,11.404
138.645,6.66,6.337,55.482
440.038,9.578,7.451,33.575
270.736,2.721,8.413,82.946
453.069,2.697,6.951,95.121
20.084,7.043,6.109,59.179
198.758,9.284,7.583,71.577
473.903,8.246,6.118,98.359
124.825,7.27,6.479,23.369
470.768,3.873,6.121,90.581
476.951,7.178,6.427,56.375
441.071,8.011,8.137,19.576
281.834,7.533,7.837,29.628
323.47,6.768,6.855,69.12
434.808,0.471,8.243,92.275
387.949,6.597,7.663,12.778
315.047,4.783,7.119,64.286
491.13,9.616,6.171,38.312
342.838,6.072,7.827,32.848
487.741,6.082,6.939,18.824
28.694,9.941,6.757,88.928
69.48,0.936,6.721,37.061
225.729,2.763,6.019,44.885
192.44,6.561,7.857,21.531
391.367,3.152,6.363,61.177
80.307,3.462,7.302,44.58
488.048,8.926,6.04,20.107
157.533,5.794,7.57,31.738
214.462,1.029,6.924,39.726
137.373,3.109,7.577,8.621
289.682,0.761,6.225,6.134
29.314,5.561,6.666,99.256
74.839,1.733,6.276,92.844
372.899,8.571,7.615,59.722
93.25,5.773,6.271,25.233
117.757,0.594,7.543,24.009
396.491,3.009,6.337,44.612
46.651,6.163,8.358,39.229
218.737,3.355,7.041,73.57
11.532,5.132,6.316,41.304
173.404,9.094,6.105,95.582
349.491,3.5,6.824,26.038
45.052,3.359,8.228,3.638
444.167,8.198,6.36,60.727
454.75,3.188,7.977,98.805
52.495,0.78,7.043,85.29
495.366,1.809,8.007,1.516
148.765,9.488,8.186,57.945
42.051,9.333,8.495,45.925
2.534,2.248,6.17,77.068
204.261,5.535,7.991,26.019
314.905,1.374,6.174,25.131
166.09,6.747,6.787,32.354
418.359,1.853,7.616,25.37
358.303,0.498,7.118,3.172
175.081,8.249,7.413,63.191
367.155,3.254,8.415,61.663
470.244,1.085,8.047,85.327
46.548,8.339,6.909,70.077
153.052,7.624,7.5,64.446
231.663,6.838,6.121,23.977
248.995,9.112,7.132,74.273
271.098,4.892,7.521,85.682
150.313,1.281,7.787,44.947
333.63,0.613,8.254,54.51
322.542,3.184,6.708,78.649
288.911,0.868,8.255,47.097
56.881,5.355,7.654,66.985
238.484,0.145,6.194,22.268
178.113,4.438,6.951,58.841
245.519,1.785,7.191,4.681
460.933,3.683,6.881,21.688
240.266,6.75,6.29,92.166
6.99,3.51,7.379,59.927
219.418,3.413,6.329,46.095
410.324,9.908,8.288,52.675
390.03,7.188,8.163,1.003
256.695,5.139,7.188,46.5
124.885,5.794,6.169,15.254
232.544,6.202,7.381,85.955
281.851,0.246,7.481,41.939
499.936,0.803,8.221,23.969
322.089,6.492,6.169,51.673
347.132,3.645,7.73,37.206
245.727,0.554,7.407,46.544
177.245,2.975,6.437,72.849
406.476,1.303,6.304,51.414
247.466,9.163,7.735,91.58
497.345,2.029,6.85,26.426
228.56,1.437,8.5,33.28
34,6.262,8.235,77.977
341.289,5.219,7.414,78.555
23.321,5.759,7.604,97.683
125.251,4.359,6.397,63.211
176.869,4.672,8.235,57.81
369.742,7.788,7.147,59.296
247.118,2.199,7.303,36.771
14.323,3.965,8.183,39.111
308.425,9.578,6.016,28.706
205.718,1.9,7.236,60.091
460.917,2.938,7.567,84.184
249.781,1.916,6.398,63.715
354.488,0.205,6.171,47.786
109.434,2.698,7.337,7.299
380.487,0.465,7.369,25.518
360.478,1.547,6.826,84.657
452.041,3.627,8.206,40.225
16.911,0.207,6.753,88.671
223.75,7.53,7.291,25.028
339.578,7.956,6.467,57.996
47.582,4.114,6.028,96.41
205.302,9.847,7.065,56.128
471.073,6.79,7.317,21.683
217.967,7.437,7.912,23.725
492.702,1.923,7.122,16.611
28.42,8.374,6.697,3.102
358.915,9.45,7.511,69.55
290.508,2.363,6.953,78.525
250.27,6.865,6.584,82.205
485.424,7.469,8.276,8.299
64.825,3.052,7.342,94.284
447.999,4.75,6.501,62.228
345.62,0.975,7.677,9.746
129.498,1.731,8.008,9.404
450.835,0.616,7.896,51.47
214.647,5.602,7.499,25.185
407.114,6.253,7.299,24.67
194.418,9.161,7.943,2.165
425.465,5.422,7.77,48.752
318.315,2.606,7.429,9.573
70.523,0.595,7.644,8.6
324.832,8.85,6.422,16.706
95.672,4.789,6.05,2.055
205.961,7.373,8.328,11.247
85.148,0.146,8.338,59.84
11.008,4.881,7.97,26.413
105.943,3.257,6.931,7.813
268.186,0.303,6.377,14.413
240.78,7.757,6.893,5.271
250.749,5.129,7.816,77.919
123.843,3.332,6.838,56.587
342.581,8.058,7.99,47.939
352.132,4.469,7.683,87.454
178.984,0.035,7.575,8.886
440.585,9.444,8.326,4.68
322.012,2.557,8.234,42.985
356.52,8.306,7.779,27.138
138.67,8.164,6.498,48.106
0.306,1.624,8.347,90.44
432.688,4.74,6.568,45.18
411.212,0.402,6.931,17.949
61.596,3.546,8.067,79.985
187.053,7.31,6.522,39.49
330.67,2.371,7.597,75.75
326.055,1.171,7.145,14.998
430.175,5.071,7.56,34.379
70.134,5.37,8.395,3.238
214.97,6.758,8.021,24.308
48.612,7.591,6.74,65.054
194.798,6.958,6.143,30.021
7.554,8.454,8.418,14.782
449.137,2.229,7.463,6.568
263.522,5.698,6.433,60.673
424.901,3.601,7.568,8.632
29.952,9.621,6.106,80.081
113.729,4.403,6.469,36.361
129.69,9.597,7.582,31.189
193.346,7.691,7.006,62.855
401.433,7.185,6.813,56.105
193.279,4.916,7.639,98.771
102.327,4.434,8.166,6.072
32.495,5.265,7.696,85.286
39.746,2.936,7.159,60.348
380.024,9.045,7.647,88.379
222.401,7.943,7.739,69.697
363.091,8.014,7.938,76.473
341.144,4.332,6.768,78.883
67.681,0.711,6.286,2.5
71.444,6.831,7.705,83.991
377.671,3.744,6.303,68.258
360.634,8.704,7.155,94.791
189.015,7.803,6.577,14.186
38.711,1.453,6.83,92.236
6.049,6.017,7.177,85.593
144.078,6.922,8.24,23.407
4.611,5.681,7.701,13.283
115.036,5.14,6.429,63.233
209.75,2.279,8.199,67.92
60.708,2.359,7.251,71.381
52.139,7.68,6.511,84.71
448.219,0.187,7.319,56.114
292.735,7.789,6.477,29.112
467.228,5.268,6.918,85.849
172.913,9.362,8.014,43.906
338.572,9.973,7.647,44.027
102.346,6.635,7.195,49.756
309.17,4.123,6.566,83.72
64.793,4.751,6.705,97.107
1.04,2.042,8.446,17.939
465.766,0.992,6.857,13.092
277.447,5.788,7.54,29.493
463.47,8.055,7.249,90.52
166.916,2.618,6.058,53.284
163.893,4.197,8.362,1.56
200.328,5.548,6.22,58.61
353.02,9.079,7.647,55.347
282.904,1.386,8.028,8.903
462.677,2.369,7.872,15.747
12.72,9.185,8.023,10.21
354.098,0.395,7.849,52.594
165.164,6.561,7.114,53.567
90.117,6.395,8.241,46.554
255.198,3.833,8.281,45.647
252.532,4.682,7.092,58.464
68.506,8.549,7.212,66.553
100.948,1.65,7.214,96.414
204.082,2.316,6.697,54.968
204.406,5.124,6.287,27.303
158.779,4.097,6.655,97.485
74.273,5.744,8.11,11.471
2.187,9.208,7.358,31.954
485.118,9.171,8.125,90.34
471.75,2.3,7.863,94.443
241.825,3.021,6.872,64.856
497.526,1.621,6.463,2.448
336.827,9.278,7.418,44.815
34.429,3.979,8.34,93.343
58.859,4.497,8.099,89.08
458.055,8.026,7.91,89.484
315.026,5.13,7.91,30.091
421.592,1.198,7.319,82.657
449.135,4.378,6.424,67.559
223.971,6.305,6.714,89.477
24.263,7.192,7.445,64.153
94.14,6.454,6.791,38.14
33.286,1.192,7.954,63.806
94.37,3.043,6.933,36.426
205.266,7.336,6.285,1.247
59.098,8.802,7.956,81.86
83.367,0.472,7.745,85.087
222.911,0.422,6.633,75.06
170.085,6.434,8.453,23.522
233.829,5.48,7.008,14.453
214.586,1.553,7.701,17.824
322.239,5.483,8.276,50.597
468.595,9.745,6.39,27.162
53.932,6.309,8.198,87.953
49.63,4.491,7.76,54.893
426.403,8.275,6.419,45.566
253.198,2.128,7.661,87.287
383.203,4.143,8.186,9.026
107.711,5.278,7.998,87.227
414.431,5.045,7.902,80.411
461.923,9.21,6.403,69.021
317.742,2.927,6.477,11.989
52.94,0.565,7.369,6.187
447.647,9.164,7.45,17.445
396.244,2.171,8.359,27.76
375.439,3.79,7.172,62.007
18.364,5.309,6.756,8.953
399.481,9.759,6.477,19.121
68.976,5.353,6.135,20.841
111.193,4.477,6.172,67.4
288.567,5.836,7.435,35.271
132.49,9.708,6.441,28.25
330.674,8.179,8.129,3.88
304.035,1.69,7.491,10.341
54.075,8.033,8.162,55.423
328.007,8.411,7.069,63.701
461.977,6.907,7.489,74.483
80.555,6.572,7.314,50.251
298.531,4.409,8.467,27.633
170.933,6.417,7.992,29.952
229.806,7.376,7.489,65.432
143.5,1.228,7.516,43.213
177.065,2.573,6.622,16.679
14.456,1.941,7.837,1.385
490.776,8.412,8.457,26.74
312.4,6.8,6.324,75.8
250.353,4.508,7.593,66.808
191.858,8.261,7.295,10.661
269.687,7.168,8.126,44.973
190.053,9.136,6,15.316
179.954,0.768,6.341,47.821
231.973,5.092,6.093,11.958
137.992,7.067,6.407,68.265
90.025,2.075,7.77,58.813
278.303,3.271,6.349,26.643
421.383,4.19,7.556,99.25
76.414,7.943,8.171,59.275
16.367,4.936,6.087,27.605
123.406,4.929,6.067,36.417
489.86,4.309,8.475,91.7
414.379,2.286,7.683,21.116
297.933,9.231,6.352,21.173
464.624,3.178,6.767,57.486
222.64,5.675,8.463,33.882
491.64,1.488,6.568,31.114
148.151,4.342,7.882,41.621
120.153,9.038,6.603,83.281
319.024,9.955,6.996,84.26
189.077,3.618,8.202,66.921
313.183,1.54,6.071,58.152
152.498,3.145,6.768,2.547
308.959,3.272,7.218,56.945
137.873,6.445,7.564,95.455
25.486,4.962,6.071,83.895
456.068,7.685,7.027,15.297
441.603,7.013,6.861,97.424
485.399,2.513,6.067,22.447
358.264,7.843,6.888,13.258
341.361,8.475,8.329,29.605
279.502,5.984,6.687,14.973
62.971,9.277,7.464,23.243
94.618,7.829,6.745,31.572
144.735,5.954,6.267,59.487
445.078,9.062,6.724,61.765
86.485,6.004,7.177,53.909
461.437,5.212,6.741,30.519
261.393,3.563,7.56,95.387
357.785,8.829,8.373,30.383
55.122,1.227,6.173,40.702
134.517,4.735,7.793,42.804
479.259,5.374,6.003,3.222
133.075,5.547,6.003,43.45
148.261,6.519,6.332,34.496
98.799,5.058,7.2,8
64.537,2.568,6.12,81.303
116.629,8.569,7.805,71.46
321.163,6.575,6.073,29.062
227.684,8.582,7.239,26.8
276.878,2.76,7.69,90.568
61.182,6.371,6.594,19.724
401.058,7.142,7.448,87.495
392.047,3.834,6.654,8.703
10.795,8.122,6.535,84.115
191.758,0.025,8.046,54.623
34.385,5.949,6.832,77.81
396.053,6.136,8.035,10.201
368.635,5.338,6.542,42.583
450.994,6.3,6.89,45.583
118.202,1.672,6.257,52.016
228.148,6.848,7.241,63.152
92.244,3.358,6.954,39.55
185.617,4.521,6.015,45.296
261.122,3.331,7.162,37.656
26.665,4.739,6.186,70.167
357.435,6.216,8.092,90.933
271.647,8.383,7.234,12.317
414.48,4.834,7.725,29.463
135.89,3.232,8.053,22.755
451.661,4.879,6.128,93.997
499.347,6.888,6.843,59.852
459.649,3.467,6.063,15.146
388.946,4.143,6.124,40.395
406.184,5.628,6.095,47.895
286.872,2.94,7.195,62.675
95.077,2.091,7.127,22.314
338.52,1.404,6.153,50.701
356.377,3.526,6.656,80.35
492.693,0.483,6.611,66.339
270.651,5.835,6.742,11.316
135.685,1.759,7.602,91.317
341.836,3.774,7.743,34.517
489.688,2.692,6.848,43.03
88.607,6.304,7.971,69.545
162.999,8.503,7.045,46.665
270.94,6.333,7.306,59.211
85.107,5.425,6.364,48.297
11.11,6.691,6.582,31.472
168.492,0.3,7.819,44.653
432.685,1.228,8.443,31.847
21.734,0.949,7.762,45.415
214.465,0.982,6.135,21.049
381.1,2.605,6.357,7.008
476.591,5.321,7.114,70.179
492.738,1.147,7.831,13.467
210.985,9.351,6.415,82.407
475.192,8.543,7.877,37.029
17.709,9.716,7.39,25.643
372.958,0.425,7.936,41.568
321.373,8.514,7.394,15.812
124.761,8.037,7.506,85.052
253.659,9.021,6.622,17.508
64.777,5.279,7.8,49.888
435.799,7.879,8.11,17.038
178.949,0.513,8.178,5.525
313.022,0.759,6.074,79.975
79.388,1.185,7.561,56.183
103.082,9.148,8.474,8.733
495.978,0.612,7.467,89.398
376.543,1.001,6.428,39.865
480.986,9.304,8.194,43.184
147.926,1.074,6.661,49.993
82.281,8.698,6.113,23.239
251.534,7.893,7.076,55.527
247.334,0.403,6.251,25.747
87.473,0.218,6.288,83.766
366.61,5.344,7.158,82.79
180.889,9.972,7.532,48.231
93.183,8.788,8.263,53.649
165.992,3.1,7.763,99.294
281.829,3.863,8.107,79.741
363.235,3.879,7.029,7.227
240.945,7.342,6.796,18.088
262.797,3.411,7.482,60.014
69.473,1.478,7.739,37.796
457.345,7.471,7.421,80.591
464.362,4.58,6.661,64.464
341.713,0.768,6.924,99.078
8.816,7.901,7.121,2.276
268.537,5.853,6.035,44.4
314.609,4.894,8.2,41.343
497.327,6.733,7.279,43.988
498.033,5.054,7.878,88.636
428.806,6.484,6.43,41.194
31.915,8.675,7.392,79.835
476.638,6.135,8.315,63.632
306.331,6.596,6.536,49.284
400.443,6.139,6.865,69.591
203.596,5.312,6.971,23.679
159.835,1.72,6.958,15.087
231.622,3.357,7.502,96.751
73.437,6.931,6.984,39.761
178.533,4.255,7.685,31.067
428.809,4.061,7.211,27.268
18.975,7.593,6.394,62.609
75.439,0.056,8.371,99.647
62.558,6.79,6.599,89.594
201.538,4.892,7.406,40.645
498.493,3.768,6.152,89.634
86.679,3.405,8.297,46.253
72.741,1.729,8.32,11.821
457.528,3.343,6.911,19.599
441.025,3.914,6.302,25.056
16.12,4.374,7.925,91.855
375.853,6.723,6.656,97.919
327.733,4.536,7.752,23.484
383.87,7.963,8.288,40.902
247.251,6.397,7.476,98.173
495.69,1.896,8.153,84.872
21.924,2.772,6.562,44.841
117.186,0.792,8.276,45.81
198.273,9.457,6.567,87.982
224.889,8.866,6.565,3.905
460.684,0.848,8.2,93.137
280.002,5.741,7.387,9.847
22.555,9.604,7.999,90.242
203.931,7.471,8.006,7.342
208.245,4.918,7.617,96.941
482.745,2.411,6.473,1.847
299.599,2.79,7.73,96.528
317.826,7.362,6.159,7.151
356.627,7.806,6.502,13.39
385.02,5.287,7.607,96.33
317.526,1.209,8.27,79.385
118.597,9.339,7.929,84.141
437.023,8.448,6.831,43.717
366.06,1.405,8.059,8.939
370.935,0.567,8.416,15.741
498.278,5.359,6.83,92.447
401.263,2.841,6.467,39.059
414.576,2.832,6.494,75.812
475.703,0.872,7.001,69.325
75.567,9.534,6.131,47.906
248.864,8.302,7.219,86.199
290.284,1.138,7.831,65.796
164.638,8.766,7.326,74.241
419.702,6.83,8.425,83.852
381.21,3.254,7.154,23.042
360.442,8.713,6.033,30.034
498.575,5.98,7.175,75.796
129.691,8.487,8.325,83.091
367.729,4.693,6.24,60.165
275.702,5.007,6.557,99.336
156.495,2.91,7.789,87.924
80.293,3.877,6.735,80.252
447.942,5.678,7.913,25.29
297.728,9.471,7.048,33.969
412.467,6.001,7.99,36.713
272.672,1.474,7.379,10.192
109.989,0.07,6.206,73.413
168.774,8.51,6.965,41.807
190.769,3.643,6.833,62.479
486.467,3.15,8.025,71.236
2.817,8.007,7.562,1.828
492.833,9.454,7.944,5.734
490.231,7.48,6.93,34.175
498.075,1.738,7.729,65.899
238.294,3.914,6.163,48.347
481.904,7.594,6.092,93.95
197.8,9.069,6.719,26.432
13.147,9.986,7.934,11.283
112.174,5.116,7.335,12.321
472.648,8.225,7.022,23.279
6.882,0.466,8.242,24.386
272.997,2.858,7.243,38.515
37.801,3.715,7.533,56.844
143.198,9.755,8.465,25.67
44.046,0.034,7.306,52.021
429.764,3.08,7.959,48.303
295.535,9.304,7.035,31.599
451.053,3.067,6.091,43.972
344.177,2.251,8.086,38.952
485.515,7.301,8.361,95.055
254.939,7.453,7.086,7.818
319.355,4.722,7.259,76.93
288.154,9.469,7.06,31.632
242.13,2.027,8.492,19.354
422.98,9.134,8.258,87.199
322.263,7.555,6.103,47.484
400.656,3.682,7.948,51.504
393.182,8.069,7.502,42.164
95.523,1.332,6.063,41.048
325.082,1.31,7.112,69.592
99.824,9.299,6.374,76.181
291.66,0.948,8.183,79.116
338.717,0.041,6.032,52.995
498.618,3.89,8.183,70.498
15.271,1.039,8.352,77.983
45.621,8.63,6.182,68.649
38.513,9.227,7.8,20.171
199.181,4.824,7.372,71.466
410.794,4.255,8.386,65.167
422.028,5.39,7.995,10.526
368.49,2.262,7.736,64.974
448.439,2.98,8.314,87.634
161.43,1.01,6.401,41.911
44.077,4.465,6.94,14.222
29.077,6.117,8.107,61.453
426.066,9.302,6.254,24.659
365.218,7.391,8.339,54.96
349.308,7.231,7.863,67.257
169.838,3.08,7.098,51.518
189.953,8.883,6.847,31.55
479.057,9.47,6.369,85.847
31.902,9.323,6.234,14.456
386.866,0.388,7.059,5.237
154.817,6.044,8.108,83.045
19.527,6.432,7.33,4.383
371.285,2.951,7.128,49.232
165.456,9.924,6.798,54.245
361.074,2.912,6.392,34.498
353.827,2.166,8.475,28.31
267.393,4.841,6.064,74.286
388.687,3.231,6.78,37.268
290.519,9.24,7.923,13.249
143.318,4.401,7.301,46.855
367.058,4.101,6.785,72.911
294.57,6.259,8.482,31.504
6.364,0.811,7.548,14.078
450.822,7.567,6.738,34.77
272.822,7.684,8.12,55.001
434.314,4.74,6.375,11.071
441.368,9.557,7.159,24.22
222.483,5.793,8.099,97.112
253.83,6.952,8.459,21.212
207.877,9.243,6.958,7.288
224.718,6.663,6.345,43.784
447.574,4.318,7.417,8.309
394.072,0.248,8.36,2.342
63.263,7.283,7.664,2.534
305.154,9.649,7.505,30.348
497.953,4.702,6.773,8.306
297.775,3.398,7.516,20.097
392.936,5.193,8.212,65.177
384.531,7.284,6.939,29.547
175.159,0.007,6.605,57.974
185.925,8.872,7.202,41.72
362.038,8.864,6.94,88.588
249.992,5.413,7.175,69.946
285.285,1.224,6.239,85.398
356.453,6.718,6.841,52.37
388.788,1.378,8.066,78.338
135.758,5.075,7.001,61.942
73.397,0.936,8.42,74.649
145.897,5.891,7.772,68.776
253.769,3.181,6.915,30.751
171.071,8.31,6.629,13.416
284.181,7.999,7.713,80.836
26.733,9.985,6.756,8.656
254.875,2.575,8.317,60.912
183.992,0.618,6.291,98.889
267.333,4.43,6.072,19.087
211.267,0.834,6.553,74.605
142.113,1.785,7.517,95.363
452.054,5.973,8.087,50.053
92.382,5.921,6.425,57.728
340.683,0.433,7.462,37.399
462.322,4.429,6.36,44.735
269.335,5.302,7.408,63.38
438.204,2.68,6.045,87.274
62.426,8.72,7.395,95.281
246.894,1.611,7.304,54.779
228.513,2.539,6.107,78.444
4.059,1.57,7.724,73.911
221.629,1.165,7.431,25.455
184.515,8.79,7.558,46.724
334.899,2.779,7.324,68.668
469.165,7.225,7.805,13.76
42.896,4.28,7.313,88.513
163.738,6.359,8.306,40.852
222.032,9.282,8.359,45.896
227.593,8.446,7.817,87.105
387.405,0.69,8.279,18.054
221.698,8.452,8.308,4.517
13.581,4.518,6.655,29.317
355.052,3.501,8.485,15.873
442.415,6.724,6.669,98.573
256.952,9.502,6.046,57.051
290.554,0.941,8.406,56.888
81.468,7.681,6.559,79.617
110.323,2.035,7.46,26.593
117.585,3.801,8.427,52.745
215.371,8.738,6.124,15.073
464.073,5.458,6.673,10.256
260.892,0.675,7.522,44.53
96.049,5.08,7.906,91.377
133.044,7.896,8.018,44.666
192.008,5.289,8.21,45.721
311.629,1.669,6.421,86.645
220.017,4.45,6.925,29.318
196.222,9.243,7.786,49.497
282.364,6.582,7.788,17.276
120.917,7.299,6.77,84.771
39.452,7.859,6.761,4.682
12.207,0.907,6.802,41.898
125.63,5.815,8.23,28.381
45.796,3.759,8.274,26.469
168.17,1.392,6.037,25.174
386.467,2.027,6.813,37.583
358.147,7.812,6.98,90.248
305.464,1.615,8.456,71.168
426.25,3.124,8.36,89.054
141.034,2.849,7.571,20.448
442.527,0.486,6.115,85.063
199.62,4.622,6.478,43.556
200.447,7.659,7.086,98.126
202.676,0.222,8.398,59.772
49.047,1.126,6.237,49.25
487.745,7.202,7.978,92.596
69.253,5.936,6.478,38.751
170.443,7.152,7.27,75.126
159.65,2.301,7.917,47.864
37.34,8.038,7.731,73.628
76.13,4.799,7.939,28.293
22.429,6.103,8.034,41.262
146.202,0.922,6.764,35.188
433.328,2.05,6.91,87.014
169.721,7.734,8.039,92.928
61.846,2.239,6.097,73.817
322.847,0.925,7.286,82.337
498.3,5.972,8.301,36.035
116.162,5.479,8.213,15.915
139.786,6.079,8.011,68.972
485.924,6.183,6.054,64.093
89.388,5.002,8.219,27.113
255.607,4.938,8.279,91.326
119.826,9.242,7.659,36.397
466.176,5.339,6.747,81.707
490.761,6.173,7.225,13.78
407.349,2.67,7.907,29.387
157.392,8.711,8.033,61.828
201.744,0.244,6.858,24.951
121.153,5.572,6.815,95.693
445.379,3.839,7.84,55.605
457.279,6.039,7.716,73.414
209.435,3.602,7.283,56.588
328.267,7.177,7.051,41.269
82.777,0.203,7.643,82.393
217.468,4.059,6.081,3.24
315.75,8.313,6.189,43.253
192.702,2.502,7.433,88.231
178.8,0.528,6.526,9.428
0.499,4.965,7.937,21.538
402.147,9.765,7.931,96.102
444.669,0.642,7.775,95.938
484.732,0.701,8.259,39.07
359.636,5.951,6.352,75.474
274.396,2.501,6.648,62.955
134.642,4.102,6.631,49.808
499.65,8.305,7.956,81.579
294.876,1.988,7.303,65.436
340.577,7.193,6.632,10.015
341.203,5.045,6.341,84.122
422.626,9.05,8.233,28.169
4.836,9.73,7.73,63.663
110.123,4.85,7.321,77.769
332.767,5.846,8.414,89.867
447.573,7.458,8.124,92.6
342.669,3.187,6.445,92.654
206.746,2.267,7.27,66.06
180.778,9.647,7.215,62.794
368.974,4.326,8.111,2.461
370.619,0.016,6.373,9.37
303.529,8.377,7.129,39.866
145.734,5.997,7.591,79.492
462.577,1.686,8.363,59.614
275.94,0.301,8.248,24.289
395.246,2.915,7.335,13.166
107.154,9.279,7.517,47.352
172.02,9.335,8.131,91.381
437.29,3.11,7.861,6.26
25.054,8.359,8.198,46.802
256.158,4.418,8.24,6.844
240.853,6.543,8.081,25.758
375.615,3.344,6.023,95.426
140.947,5.16,6.777,11.363
109.533,2.938,7.009,6.034
463.066,0.611,7.695,9.63
285.855,1.394,6.767,69.477
52.345,2.907,6.809,2.203
96.518,9.763,7.001,39.972
499.413,9.657,8.388,95.381
97.804,8.277,7.093,7.818
305.238,2.325,6.352,93.275
210.064,4.416,6.016,12.637
442.8,4.398,6.592,13.651
377.584,3.87,8.347,60.878
298.476,0.449,8.387,25.15
5.369,5.345,7.323,1.302
439.898,0.728,7.616,75.198
222.334,8.019,7.99,37.714
465.789,6.913,6.14,90.904
247.77,3.527,6.936,28.531
347.112,6.471,7.606,67.262
34.646,2.33,8.246,33.311
372.576,2.653,7.817,15.685
168.998,3.141,6.875,97.509
175.68,7.97,8.275,59.229
59.328,2.107,7.662,84.133
73.429,5.628,8.076,25.768
92.88,2.005,6.964,39.928
164.103,2.85,6.005,48.212
445.985,2.355,6.415,63.334
184.13,6.45,8.318,40.092
362.181,5.267,6.083,25.491
41.374,7.213,7.49,19.798
295.549,2.199,7.023,60.328
240.946,0.091,7.074,25.518
488.979,6.805,7.002,40.264
423.104,1.149,6.169,4.433
227.415,2.463,6.306,26.388
387.571,3.057,6.157,48.817
96.519,7.468,6.135,79.809
281.168,6.259,6.214,37.932
37.31,1.843,7.742,30.221
174.045,5.979,6.286,52.092
112.931,7.081,6.654,5.926
359.455,3.889,7.642,36.036
245.045,2.46,6.281,14.392
375.535,6.79,8.276,26.099
257.648,6.109,7.194,39.675
43.242,0.779,8.408,6.745
367.684,6.667,6.481,79.927
416.615,4.885,6.077,28.198
451.766,7.534,7.476,24.05
285.996,1.907,6.822,35.012
376.793,2.582,7.431,37.417
376.022,5.433,7.184,81.457
77.875,4.817,7.143,29.191
82.11,3.864,8.128,46.594
35.443,7.46,6.48,50.318
159.957,5.648,7.249,31.256
236.754,7.103,7.04,78.549
498.949,1.533,7.684,62.775
215.497,7.29,6.125,72.379
363.121,4.615,7.324,6.403
346.699,0.338,7.196,82.132
102.241,2.345,8.434,24.798
29.254,0.258,7.89,10.089
273.003,4.569,6.387,66.444
350.153,3.259,7.273,22.581
499.126,9.874,7.959,41.244
179.306,8.685,7.311,71.083
448.182,8.257,6.892,11.163
190.966,5.011,6.942,13.646
344.706,8.071,6.918,66.825
299.126,2.669,6.05,45.512
26.489,5.606,7.826,22.899
39.194,3.929,7.527,52.063
10.382,1.713,6.672,62.244
185.417,0.726,7.575,41.102
372.901,5.582,6.772,18.12
86.378,0.976,6.608,65.104
302.926,7.18,7.853,12.999
144.414,9.215,8.023,65.7
398.496,1.621,7.564,27.813
399.198,4.709,7.96,1.138
387.707,7.388,6.914,47.115
262.417,2.868,6.18,31.688
142.283,9.208,7.512,23.711
404.722,8.885,6.64,50.351
93.05,1.038,7.944,34.327
144.88,0.274,6.895,30.207
91.974,9.765,7.677,76.495
337.105,9.565,7.382,9.219
343.118,4.223,8.044,40.389
326.255,0.506,8.081,25.437
207.801,6.189,6.171,29.25
50.086,2.934,6.738,44.744
455.585,9.367,8.177,92.344
253.865,7.947,7.01,66.261
203.486,6.496,7.287,20.118
294.412,2.845,6.458,57.67
96.395,7.013,7.382,16.229
66.274,2.892,6.662,88.643
202.763,0.376,8.073,42.961
113.61,5.084,6.501,95.018
122.145,4.887,6.9,66.574
446.256,7.63,6.238,83.521
265.38,8.657,7.47,18.749
241.735,3.545,8.355,85.638
344.74,4.495,6.433,19.765
475.774,4.704,6.049,97.64
56.099,3.242,7.056,28.71
416.767,7.434,7.871,68.721
292.01,5.221,8.438,55.103
73.083,9.14,6.128,48.378
148.575,6.503,7.965,43.435
241.181,2.119,6.922,38.979
345.589,1.648,6.384,31.018
121.304,3.724,6.481,60.123
267.439,3.469,8.31,98.437
342.336,4.071,8.023,67.544
