TDS (mg/l),Turbidity (NTU),pH,Depth (m),Flow Discharge (L/min),Filter Life Span (hours),Filter Efficiency (%)
187.27,4.487,6.459,1.903,21.447,4394.721,90.079
475.357,8.63,8.446,4.731,9.709,3982.861,87.321
365.997,8.695,6.364,0.974,37.508,4146.319,88.696
299.329,4.707,7.632,1.951,18.038,4446.934,90.701
78.009,9.729,6.033,3.438,50.817,3932.351,86.734
77.997,0.756,7.017,4.997,53.085,4319.041,87.886
29.042,0.034,6.773,2.595,61.207,4579.14,90.189
433.088,3.807,6.955,4.148,60.68,4052.446,86.06
300.558,6.011,7.245,4.621,67.813,3975.927,85.884
354.036,6.292,7.501,0.543,23.815,4456.513,91.215
10.292,4.764,7.459,1.8,73.353,4475.779,90.454
484.955,1.249,7.577,0.952,52.958,4551.682,90.362
416.221,1.705,8.111,3.992,44.293,4329.964,88.368
106.17,8.521,8.217,3.052,65.142,4207.065,88.976
90.912,8.679,7.843,0.93,50.625,4410.649,91.204
91.702,6.739,6.197,2.393,53.041,4191.527,88.407
152.121,6.642,8.403,2.813,3.302,4444.264,91.402
262.378,5.977,8.368,3.64,80.402,4182.028,87.809
215.973,2.029,7.779,4.008,42.993,4381.722,88.996
145.615,4.283,7.294,0.895,52.29,4548.305,91.245
305.926,6.959,6.627,2.694,39.601,4113.101,87.823
69.747,5.373,7.891,1.225,55.602,4551.88,91.575
146.072,0.186,8.195,3.89,6.35,4635.473,91.347
183.181,9.536,7.663,3.46,39.007,4073.963,88.21
228.035,8.448,7.573,3.754,67.199,4011.094,86.973
392.588,2.605,6.483,0.837,93.906,4350.125,88.344
99.837,6.165,6.894,2.796,85.069,4181.517,87.814
257.117,9.232,7.808,4.283,96.319,3869.706,85.504
296.207,0.96,6.042,3.71,78.37,4180.372,86.308
23.225,5.03,7.603,4.378,63.629,4232.144,88.194
303.772,4.562,7.917,1.427,42.904,4483.105,90.771
85.262,4.102,6.837,1.791,13.191,4530.455,91.403
32.526,8.356,6.19,2.486,25.829,4184.75,89.096
474.443,3.806,8.048,2.855,27.846,4336.077,89.224
482.816,0.637,6.355,1.635,43.36,4412.025,88.878
404.199,0.658,6.927,2.216,61.374,4413.377,88.718
152.307,0.427,7.768,3.592,62.248,4495.624,89.462
48.836,4.091,8.042,3.404,46.099,4442.637,90.193
342.117,7.184,8.156,0.997,28.19,4429.242,91.166
220.076,2.037,7.326,4.936,6.593,4313.953,88.685
61.019,6.465,7.19,3.032,98.895,4164.199,87.592
247.588,6.871,8.121,2.676,94.016,4189.105,88.012
17.194,2.552,7.408,4.853,19.11,4381.091,89.385
454.66,6.006,7.447,1.131,60.934,4282.037,89.013
129.39,6.849,7.085,2.947,30.27,4246.172,89.214
331.261,4.666,6.932,4.123,20.248,4141.484,87.612
155.856,3.367,7.201,2.295,68.757,4406.829,89.391
260.034,6.192,6.912,3.813,78.833,4012.616,86.195
273.355,9.778,6.859,4.546,41.253,3823.157,85.753
92.427,4.268,8.484,1.677,6.847,4707.343,93.285
484.792,3.917,6.841,1.587,40.748,4305.636,88.824
387.566,4.643,6.641,2.123,53.687,4218.496,88.041
469.749,0.762,6.885,2.383,89.428,4298.342,87.318
447.414,5.532,7.477,1,66.023,4315.39,89.153
298.95,3.287,8.277,1.541,71.339,4517.166,90.444
460.937,1.214,7.97,4.43,21.06,4320.713,88.361
44.246,4.663,8.106,3.05,72.307,4405.729,89.733
97.991,0.034,8.148,1.705,50.681,4792.184,92.425
22.614,4.018,8.301,4.746,82.221,4278.874,88.172
162.665,1.057,6.588,3.984,22.421,4381.286,88.906
194.339,0.243,7.146,2.131,51.971,4588.239,90.436
135.675,8.245,6.963,3.944,21.738,4078.299,88.039
414.369,9.162,6.955,3.182,29.306,3953.325,86.989
178.377,2.077,7.631,3.577,83.388,4345.551,88.245
140.467,5.393,7.005,1.947,69.092,4327.733,89.204
271.348,2.78,7.541,1.443,73.12,4488.916,89.992
70.462,4.936,6.956,1.641,7.785,4533.868,91.742
401.098,4.366,6.778,0.877,73.147,4324.943,88.828
37.275,2.691,6.883,2.62,49.649,4473.841,90.049
493.443,7.004,8.009,2.328,46.455,4178.305,88.42
386.122,1.265,7.503,0.511,41.85,4659.113,91.552
99.358,0.531,8.435,4.354,85.328,4461.264,88.919
2.761,7.677,8.082,3.568,18.569,4328.967,90.407
407.731,6.659,7.214,2.51,81.597,4070.387,86.886
353.429,4.985,6.606,4.852,92.904,3863.649,84.203
364.504,4.678,7.685,4.732,17.656,4143.776,87.665
385.635,4.974,7.817,0.928,99.96,4347.425,88.967
37.022,4.37,7.16,3.268,99.063,4254.082,87.861
179.233,3.929,6.575,4.177,62.511,4128.737,86.841
57.935,4.997,7.393,1.278,27.585,4577.499,91.998
431.552,5.285,6.635,1.076,43.533,4288.775,89.038
311.649,6.919,8.35,1.669,17.868,4430.588,91.203
165.449,7.112,7.572,1.759,12.9,4417.241,91.177
31.779,3.776,6.73,4.842,70.699,4142.638,86.852
155.491,4.135,6.539,4.012,58.405,4151.393,87.17
162.592,3.737,7.792,0.769,56.794,4620.567,91.759
364.803,5.365,7.769,4.039,25.528,4171.306,88.067
318.779,4.534,7.493,1.263,24.256,4488.368,91.001
443.606,8.896,7.536,2.108,98.984,3978.248,86.461
236.107,6.964,7.51,1.933,63.249,4264.902,89.106
59.797,8.987,6.9,1.726,82.126,4173.975,88.614
356.622,7.091,8.344,1.889,38.473,4335.587,90.099
380.393,9.71,7.198,3.894,84.524,3785.688,84.925
280.639,6.357,6.051,1.699,72.516,4131.914,87.501
385.484,9.636,6.871,4.103,35.662,3830.923,85.843
246.898,1.582,6.326,0.91,72.052,4494.976,89.704
261.366,0.525,6.908,3.178,92.637,4330.824,87.539
213.771,5.791,7.521,4.384,22.159,4172.949,88.245
12.71,9.835,6.057,0.857,55.216,4211.45,89.513
53.946,4.176,8.176,3.357,96.698,4352.678,88.813
15.715,2.12,7.526,2.802,82.318,4493.834,89.751
318.205,5.215,6.738,1.994,62.409,4229.778,88.238
157.178,6.488,6.778,0.953,7.907,4463.696,91.504
254.285,3.152,7.164,3.544,41.226,4294.815,88.481
453.783,7.148,6.62,1.892,65.426,4057.675,87.067
124.646,9.751,6.011,2.025,41.557,4065.579,88.166
205.191,8.97,6.066,3.729,99.711,3783.223,84.526
377.776,2.916,6.894,4.754,75.586,4028.174,85.401
114.399,3.267,6.311,2.001,19.521,4471.315,90.498
38.49,3.715,6.056,3.86,49.548,4215.449,87.774
144.876,3.946,8.148,4.805,39.013,4286.603,88.66
80.611,1.003,6.685,0.94,59.79,4664.466,91.348
464.849,7.62,7.258,2.881,45.21,4033.814,87.172
404.06,3.653,6.449,0.55,24.552,4456.024,90.411
316.702,8.798,6.117,4.213,72.713,3746.665,84.379
435.73,9.269,7.862,1.791,11.559,4202.661,89.692
401.836,0.244,6.312,1.997,53.681,4410.998,88.646
93.285,9.885,6.064,3.593,31.706,3942.844,87.077
446.279,7.1,7.468,4.051,96.687,3870.152,84.865
269.671,5.204,6.034,2.3,31.053,4216.234,88.413
403.72,3.895,7.091,3.495,34.753,4193.457,87.756
448.046,5.185,6.722,4.804,71.002,3866.564,84.511
159.002,3.246,6.799,4.491,13.719,4261.497,88.452
55.026,6.227,6.01,3.656,33.138,4130.26,87.839
113.968,0.93,8.411,4.744,69.896,4423.443,88.814
213.554,6.211,7.292,4.442,4.045,4159.641,88.419
409.007,2.753,7.431,3.781,31.789,4259.32,88.101
430.365,0.176,7.665,4.628,1.817,4376.134,88.796
3.476,5.527,7.994,4.178,15.873,4371.718,90.217
255.374,5.784,7.52,2.76,60.816,4237.421,88.501
208.706,4.266,7.905,2.76,46.215,4404.456,89.862
111.054,0.723,7.122,0.54,16.447,4833.665,93.389
59.933,8.933,6.928,0.636,8.725,4435.12,91.944
168.808,6.114,8.058,3.858,6.576,4316.71,89.936
471.455,1.157,8.163,2.996,9.45,4504.197,90.295
161.601,5.109,6.345,3.924,10.512,4184.731,88.275
259.395,4.973,7.357,4.773,9.545,4160.902,88.005
351.509,0.604,7.709,2.536,6.453,4598.41,91.101
181.815,6.069,6.209,0.898,70.006,4296.75,89.088
485.891,8.083,8.324,3.32,94.185,3964.968,86.133
481.224,7.49,7.3,0.949,85.742,4148.548,87.875
125.891,2.03,7.614,3.296,27.32,4512.709,90.463
248.624,8.623,6.446,2.875,21.224,4059.172,87.966
150.439,3.425,6.661,3.705,5.743,4337.634,89.347
142.42,9.465,6.303,2.079,16.447,4144.96,89.125
18.443,0.717,6.66,1.147,57.209,4691.747,91.561
304.782,4.862,7.231,1.563,99.814,4271.68,88.177
251.34,5.971,8.084,3.576,86.044,4154.451,87.475
25.739,2.477,7.334,2.652,51.977,4527.607,90.499
139.323,7.714,6.611,2.934,42.922,4126.552,88.15
454.133,6.269,6.112,1.953,15.635,4144.022,88.165
119.781,0.181,7.555,4.265,42.441,4475.15,89.381
72.447,6.084,7.05,4.998,59.891,4045.095,86.677
244.726,4.915,8.461,1.905,59.952,4467.589,90.551
492.825,1.96,7.949,3.734,56.197,4264.725,87.673
121.028,9.957,8.021,1.27,82.578,4251.552,89.677
336.068,8.972,6.031,3.841,51.498,3799.353,85.17
380.81,2.925,7.944,2.439,47.812,4418.283,89.582
118.819,5.411,6.487,3.224,31.272,4233.778,88.648
364.108,3.165,7.464,1.569,18.844,4511.554,90.877
183.892,7.755,7.119,4.332,1.139,4096.638,88.281
316.153,9.303,7.429,1.28,32.888,4225.882,89.721
316.765,3.588,6.334,4.679,63.675,4000.342,85.443
267.887,8.056,7.142,0.776,56.331,4287.264,89.726
45.145,4.984,6.092,1.796,53.521,4350.826,89.468
417.651,3.966,6.102,3.033,77.465,4044.879,85.864
160.39,9.384,7.644,4.363,24.052,4030.614,87.881
93.259,5.104,8.379,3.097,68.175,4390.081,89.75
20.388,4.674,7.943,1.473,61.109,4580.979,91.601
295.446,6.724,7.173,4.366,34.56,4027.663,86.948
338.782,2.612,6.14,3.183,22.636,4250.415,88.061
8.294,3.248,6.113,1.546,56.706,4476.743,90.175
256.047,9.32,6.395,3.028,94.57,3853.458,85.385
113.248,6.785,8.44,3.539,8.559,4377.062,90.721
322.586,8.266,6.997,3.562,95.345,3878.125,85.308
87.183,2.711,8.109,3.758,47.011,4461.88,89.962
345.469,5.438,7.763,4.531,71.294,4035.985,86.278
193.368,9.714,7.514,4.212,80.517,3886.771,85.977
468.365,3.187,8.37,3.235,16,4387.959,89.676
68.76,1.605,6.576,0.645,5.451,4767.608,93.103
170.533,5.109,7.137,3.873,13.721,4258.286,88.978
56.737,3.878,8.162,4.887,34.754,4335.661,89.173
462.347,1.596,7.379,1.875,95.699,4348.076,88.002
438.67,8.886,6.616,3.231,5.235,3964.427,87.258
128.971,9.907,6.522,3.959,92.06,3812.362,85.175
329.992,5.686,7.882,3.376,56.568,4188.207,88.022
408.611,7.747,6.032,4.651,11.132,3824.143,85.454
277.6,8.59,8.285,2.63,16.122,4264.981,90.066
264.825,7.01,6.046,2.893,69.244,3993.882,86.349
120.926,0.442,7.577,0.672,61.237,4785.523,92.375
46.551,1.576,7.512,4.551,17.578,4458.838,89.886
448.608,0.71,7.446,1.68,90.529,4435.719,88.665
450.209,0.099,7.186,4.903,14.157,4269.937,87.587
316.551,3.06,8.131,1.409,51.646,4557.595,90.977
169.515,3.924,7.648,1.641,53.301,4513.24,90.776
174.605,2.41,7.955,2.681,87.18,4445.207,89.303
362.978,0.646,6.289,3.472,3.193,4361.478,88.777
448.555,5.299,6.125,2.483,14.509,4145.949,87.904
443.543,2.733,6.071,2.083,17.897,4304.589,88.687
389.938,7.96,6.368,2.93,7.225,4036.324,87.679
321.016,0.081,7.668,4.812,63.517,4293.95,87.328
42.07,8.425,7.235,4.829,23.73,4050.868,87.799
80.814,9.548,7.881,1.976,58.09,4256.478,89.848
449.277,7.161,6.479,3.561,78.479,3852.198,84.886
303.215,7.336,6.917,3.749,41.444,4015.562,86.942
4.599,9.336,8.221,3.44,77.116,4154.774,88.577
50.736,2.091,8.339,1.009,78.009,4747.153,92.319
331.751,9.946,8.304,2.928,27.079,4120.352,88.916
2.531,7.735,8.046,3.935,2.559,4317.99,90.475
80.404,7.266,7.721,1.404,11.225,4505.757,92.125
274.367,3.611,8.284,2.067,82.529,4438.939,89.647
345.948,5.458,7.785,1.417,41.125,4408.722,90.313
325.981,6.539,8.385,4.491,84.071,4031.276,86.434
112.135,6.203,6.062,4.363,55.204,3993.211,86.241
356.09,7.05,8.304,1.261,20.542,4432.648,91.236
118.625,0.824,7.389,3.922,71.511,4403.161,88.564
162.7,3.556,6.279,2.138,56.26,4342.465,88.929
373.246,4.34,6.537,3.588,35.829,4119.671,87.14
324.816,2.606,8.13,2.72,9.684,4528.933,90.974
424.612,1.726,7.265,2.624,11.128,4443.264,89.839
328.806,1.389,8.457,4.466,19.663,4425.934,89.479
284.154,3.664,6.294,3.366,67.62,4132.24,86.745
46.837,4.934,7.031,1.561,73.069,4430.752,90.057
183.858,0.63,6.83,0.998,63.461,4632.789,90.882
132.601,9.465,7.29,4.7,34.39,3950.692,87.002
121.995,7.652,7.584,1.19,44.607,4406.504,90.915
486.505,7.309,7.654,3.803,71.246,3933.902,85.819
196.549,1.729,6.003,2.731,66.326,4309.836,87.954
446.023,6.038,6.222,1.13,77.528,4129.242,87.329
315.569,5.297,6.088,3.995,24.873,4036.879,86.709
397.406,9.825,8.161,4.57,1.444,3966.306,87.596
251.319,7.477,6.783,1.047,27.378,4319.394,90.163
288.452,5.758,6.918,0.802,35.441,4408.586,90.459
246.259,8.508,7.126,4.324,96.091,3839.443,84.986
97.621,1.551,8.123,2.754,22.555,4665.428,91.894
361.226,0.152,6.035,3.535,82.814,4196.151,86.179
140.386,6.902,6.297,2.487,62.629,4140.421,87.849
12.158,0.983,7.713,2.356,17.586,4745.291,92.572
322.736,1.154,8.41,1.848,40.947,4655.148,91.488
88.555,7.447,7.607,3.033,51.506,4237.749,89.096
470.229,2.705,6.653,1.219,35.071,4402.844,89.489
476.964,6.286,7.3,3.728,23.389,4057.637,87.228
457.432,9.174,8.437,2.972,26.032,4107.018,88.562
185.079,3.165,7.32,4.314,58.935,4231.987,87.68
7.728,2.171,6.934,4.645,69.122,4278.239,87.743
464.159,1.066,6.959,4.553,47.428,4160.375,86.449
214.092,1.305,8.418,3.206,94.232,4460.464,89.054
483.327,0.622,7.797,1.934,73.128,4467.267,89.128
481.81,0.876,7.718,2.107,89.284,4397.773,88.348
426.505,4.32,6.58,3.436,48.091,4088.936,86.704
147.224,3.209,7.399,3.704,2.473,4430.494,90.243
192.549,7.066,6.892,1.226,59.615,4297.823,89.502
425.568,8.702,6.601,4.991,82.008,3649.053,83.281
158.461,7.848,8.239,0.984,54.117,4445.661,91.27
84.746,5.306,6.958,3.232,57.222,4250.461,88.524
278.401,1.024,6.707,2.89,97.522,4296.271,87.295
468.077,7.098,8.329,3.159,37.248,4153.567,88.292
348.015,3.628,6.493,2.902,80.385,4142.95,86.714
285.031,0.857,7.864,0.761,51.002,4722.971,91.977
48.588,8.425,7.632,4.982,46.907,4025.678,87.315
307.504,3.382,8.301,4.916,15.412,4284.862,88.709
495.027,2.182,8.08,2.86,75.091,4315.233,88.056
70.042,8.715,7.763,1.438,82.506,4296.807,89.757
259.165,9.021,6.786,1.323,43.657,4178.356,89.053
438.687,3.39,7.239,0.757,76.59,4406.213,89.313
370.384,3.548,8.361,3.253,58.531,4331.133,88.79
348.508,5.796,6.058,2.652,26.498,4123.53,87.709
351.242,7.334,7.986,2.373,92.448,4134.005,87.616
179.746,0.631,6.63,2.863,69.98,4415.198,88.642
146.796,5.933,6.463,4.428,87.955,3957.49,85.475
404.681,9.528,6.581,0.818,28.865,4139.752,88.967
405.057,2.621,6.149,2.948,91.72,4103.082,85.9
433.536,9.088,8.48,3.655,37.102,4037.152,87.727
456.62,9.502,8.175,4.868,1.944,3923.376,87.065
255.671,2.692,7.303,3.829,8.428,4368.134,89.405
250.758,7.542,7.788,2.967,9.845,4259.955,89.764
399.148,2.388,7.391,3.95,21.507,4282.127,88.323
324.982,7.376,8.029,4.987,19.466,4033.991,87.358
350.983,7.974,8.112,4.499,6.732,4073.596,88.061
397.896,2.472,6.582,0.901,89.644,4366.266,88.508
445.003,7.159,7.149,3.087,83.003,3959.823,85.916
168.998,8.121,7.587,4.039,76.52,4011.209,86.783
187.791,3.586,8.446,3.523,48.434,4422.213,89.814
46.991,1.677,7.707,2.376,43.09,4639.511,91.467
289.14,0.92,8.244,1.951,43.111,4652.534,91.37
17.971,5.754,8.115,3.322,26.915,4428.869,90.746
232.799,9.781,7.455,2.356,61.218,4082.066,88.143
271.322,8.23,8.234,2.264,6.849,4336.181,90.762
143.271,4.358,6.944,4.265,66.22,4145.827,87.104
295.417,5.366,6.948,1.92,51.872,4283.013,88.921
15.25,2.795,7.952,3.402,81.836,4443.966,89.46
18.674,1.631,6.336,4.43,97.301,4205.118,86.567
411.3,4.821,6.765,3.298,87.784,4024.399,85.812
180.095,4.635,7.521,2.718,72.272,4314.045,88.808
63.53,5.219,7.05,0.659,43.846,4558.709,91.714
261.122,9.528,8.352,3.567,22.238,4127.034,88.906
384.997,6.039,8.396,4.989,66.822,4012.649,86.27
107.911,6.058,7.256,4.138,20.958,4213.094,88.739
311.445,1.28,7.348,3.355,3.006,4473.509,90.089
42.674,9.965,7.812,2.611,57.75,4184.96,89.262
25.841,7.728,7.143,1.509,40.019,4383.99,90.758
265.677,8.772,6.475,3.614,87.726,3839.183,85.146
270.318,4.143,7.867,1.298,64.932,4484.783,90.441
318.715,5.021,7.844,4.492,65.078,4094.698,86.803
363.046,5.221,6.612,2.093,79.001,4151.383,87.29
487.926,1.941,8.082,2.299,34.23,4468.851,89.929
258.15,6.895,7.534,1.472,95.859,4240.656,88.516
161.478,9.03,6.591,2.667,22.911,4114.278,88.623
397.593,1.637,7.63,3.562,87.296,4251.563,87.134
135.416,0.863,6.584,1.863,91.173,4478.938,89.137
219.486,7.382,6.663,3.658,4.865,4111.899,88.285
39.228,2.732,8.12,3.293,63.55,4499.425,90.178
12.675,6.239,8.324,2.176,75.193,4446.144,90.581
481.324,6.958,6.642,1.908,95.429,3994.059,86.074
417.99,3.219,8.32,4.376,25.887,4272.691,88.434
347.987,8.151,6.597,0.554,56.623,4209.517,88.974
204.476,5.5,6.293,3.722,77.539,4024.849,86.123
86.647,8.69,6.146,2.378,15.687,4167.594,89.126
78.219,7.633,6.605,3.73,85.445,3995.921,86.395
125.121,8.686,6.963,2.784,40.96,4139.162,88.588
274.613,0.202,8.319,0.877,64.335,4768.092,92.098
357.298,2.435,6.605,4.919,5.162,4157.89,87.258
330.099,0.9,6.914,0.887,23.071,4646.451,91.504
139.967,4.421,7.835,1.213,48.34,4574.538,91.588
477.433,8.9,6.755,2.392,29.632,3993.408,87.308
368.948,4.675,7.711,4.751,95.826,3986.114,85.305
277.177,8.497,7.08,1.819,79.698,4103.295,87.785
305.86,3.272,6.491,3.059,86.623,4153.448,86.65
209.8,3.396,7.835,2.846,47.165,4429.852,89.846
123.865,8.956,6.068,1.986,47.891,4102.699,88.235
177.986,4.258,6.731,3.633,80.714,4146.405,86.934
378.923,7.898,6.89,2.757,39.366,4050.312,87.479
7.197,2.366,7.146,3.102,48.604,4485.197,90.076
58.036,9.488,7.7,1.446,53.33,4315.318,90.466
23.001,5.746,7.149,4.669,61.109,4126.897,87.382
20.364,7.593,7.486,0.998,65.347,4428.286,90.907
427.73,0.895,7.489,3.606,68.394,4292.912,87.514
351.829,4.927,6.933,4.487,44.957,4032.504,86.353
237.087,9.01,8.335,0.878,30.22,4416.182,91.563
48.917,8.77,8.39,0.629,92.095,4428.857,90.999
245.808,0.468,7.455,1.999,82.845,4533.542,89.647
236.736,3.037,6.179,4.055,1.34,4239.548,88.293
86.601,4.433,7.228,3.728,51.779,4281.448,88.627
216.926,1.723,6.461,4.2,28.186,4275.167,87.987
199.252,7.3,7.208,2.289,64.63,4198.044,88.524
307.925,1.845,6.471,4.972,50.761,4102.188,86.068
317.547,3.466,7.76,2.147,3.095,4522.932,91.238
22.652,6.633,6.201,4.124,73.049,4018.62,86.446
187.306,4.821,8.383,2.079,28.263,4539.239,91.556
312.93,7.386,6.488,1.483,26.763,4221.267,89.161
251.568,9.612,7.652,2.015,4.161,4248.954,90.332
428.245,1.165,8.292,1.367,83.005,4554.129,90.061
329.347,7.096,6.62,1.081,58.305,4217.804,88.724
81.467,2.303,8.336,2.138,48.999,4665.886,91.86
35.284,4.145,6.972,1.161,67.905,4520.42,90.769
321.21,0.329,8.401,2.76,35.192,4616.665,90.913
13.256,1.359,8.428,0.659,57.378,4887.568,93.71
292.888,3.198,6.47,2.441,25.678,4345.234,89.155
470.115,3.42,8.078,4.811,7.233,4206.154,88.015
287.737,8.996,6.484,2.115,56.573,4030.068,87.434
194.085,7.418,6.566,1.119,22.898,4330.927,90.306
321.644,9.722,6.21,1.873,75.254,3936.271,86.527
229.126,5.991,6.391,4.061,45.732,4027.495,86.615
272.808,2.417,7.581,1.911,25.789,4558.068,91.048
470.732,3.277,7.123,2.226,61.226,4268.094,88.052
193.051,3.198,7.977,4.05,12.545,4411.248,89.947
480.595,3.265,6.83,1.673,76.381,4259.44,87.81
452.675,6.73,8.422,2.652,45.766,4222.574,88.787
97.896,5.308,6.125,0.784,81.452,4356.787,89.346
34.681,3.854,6.157,1.283,14.672,4548.007,91.49
50.389,1.491,7.753,1.443,38.872,4753.61,92.595
9.111,0.221,8.219,2.586,18.823,4810.002,92.978
47.221,2.188,7.989,4.194,7.058,4532.289,90.909
341.503,1.075,7.225,2.095,95.579,4397.278,88.339
35.594,7.854,6.674,2.212,72.938,4189.795,88.525
159.488,1.125,6.034,1.855,33.235,4515.448,90.16
422.438,7.242,7.274,1.942,25.369,4209.071,89.01
11.636,3.857,7.189,2.316,21.228,4546.229,91.407
407.234,0.734,6.861,4.547,5.258,4280.508,87.973
140.927,8.127,7.445,0.61,11.164,4484.392,92.17
59.082,5.796,7.822,3.311,11.188,4409.408,90.721
348.369,2.358,7.752,4.495,66.96,4199.779,87.035
314.471,8.947,6.658,2.376,59.876,4003.853,87.124
438.736,0.453,7.463,3.429,57.251,4346.915,88.032
367.536,2.018,6.372,3.136,73.712,4191.521,86.784
401.74,7.52,6.304,2.024,25.866,4099.39,87.991
141.017,7.094,7.965,1.118,34.905,4489.618,91.675
88.72,2.893,7.734,1.488,13.543,4708.526,92.818
375.307,0.62,7.92,0.759,59.183,4679.099,91.385
403.417,8.581,6.381,3.941,93.358,3726.525,83.906
495.253,3.137,8.287,2.898,86.451,4261.515,87.692
206.309,1.957,6.333,4.035,55.945,4216.842,87.196
186.009,5.161,8.175,1.806,64.816,4456.253,90.463
388.206,9.102,6.881,4.121,99.239,3728.298,84.021
170.402,0.435,6.264,1.891,52.218,4525.806,89.867
465.379,7.658,6.717,1.046,87.188,4077.124,87.197
429.206,5.725,6.454,2.902,50.565,4053.177,86.744
214.497,4.254,7.227,4.754,5.739,4215.833,88.377
375.436,7.441,8.374,2.365,93.531,4154.138,87.838
377.271,9.658,6.82,2.819,12.076,4004.343,87.82
51.562,2.292,7.53,2.531,70.715,4518.131,90.162
451.276,1.436,8.229,2.558,24.558,4520.507,90.39
252.626,9.129,7.575,1.465,90.203,4147.899,88.316
413.229,6.69,6.905,2.401,20.848,4167.645,88.475
160.025,4.38,8.477,2.736,14.867,4545.364,91.619
447.762,5.733,6.469,3.852,44.433,3962.291,85.898
194.601,7.456,7.308,1.129,50.171,4347.44,90.21
5.419,7.73,7.992,3.072,82.074,4238.577,88.884
452.691,9.199,6.002,3.48,76.478,3712.927,84.124
45.643,4.268,7.755,2.223,33.499,4550.014,91.446
159.657,2.934,6.666,2.971,39.11,4364.747,89.137
475.031,6.397,6.424,3.698,58.09,3899.069,85.329
475.304,4.157,6.685,2.593,55.606,4152.525,87.216
286.719,5.946,8.417,2,86.343,4328.352,89.204
315.919,4.2,8.23,4.211,47.775,4238.365,88.166
224.223,1.53,6.534,4.95,89.457,4090.947,85.474
146.605,4.694,6.293,1.475,21.302,4431.15,90.507
164.332,6.909,6.91,4.502,86.895,3939.396,85.598
336.259,7.993,7.481,2.954,31.125,4122.62,88.313
376.187,4.933,8.168,2.516,79.137,4272.191,88.411
395.79,1.652,8.415,4.519,56.973,4295.139,87.877
394.809,4.147,7.878,4.597,87.681,4048.026,85.848
45.603,7.863,7.498,1.727,23.894,4413.32,91.253
247.21,4.129,6.356,2.113,70.448,4253.384,88.068
28.779,6.965,6.185,4.334,85.047,3952.392,85.763
274.764,5.072,7.49,2.709,77.892,4231.362,88.056
220.765,2.412,7.348,1.796,57.034,4510.091,90.254
443.852,7.962,8.115,4.83,67.865,3872.813,85.438
175.458,0.842,6.807,1.477,20.455,4662.238,91.67
58.534,5.249,6.099,3.247,22.43,4248.699,88.837
71.496,2.089,7.059,2.426,27.462,4568.248,91.035
380.755,0.671,8.423,2.531,82.973,4499.353,89.365
309.109,5.029,7.989,0.977,17.577,4560.025,91.933
50.561,4.996,6.084,1.657,30.593,4406.482,90.258
42.053,7.069,8.187,1.251,92.123,4434.798,90.547
350.485,7.448,7.179,3.873,75.768,3931.437,85.791
36.382,7.278,6.912,3.64,73.579,4097.962,87.427
410.93,4.096,6.867,4.073,46.059,4076.976,86.538
353.121,6.317,7.488,3.647,70.534,4050.645,86.696
40.674,5.769,7.326,1.079,57.007,4501.906,91.18
42.419,4.216,7.642,4.904,8.075,4325.65,89.44
493.32,5.972,7.434,1.348,58.076,4247.159,88.682
187.135,9.472,6.36,2.077,45.772,4069.547,88.079
185.321,1.929,6.643,3.681,12.282,4382.542,89.281
406.4,9.058,8.103,1.132,35.082,4270.805,90.075
473.624,0.535,7.658,1.267,89.585,4496.377,89.228
493.001,3.084,7.121,4.445,80.567,4005.813,85.178
376.689,2.881,6.457,1.994,91.476,4230.874,87.258
188.13,6.264,6.019,3.495,71.991,4001.181,86.171
41.75,1.312,6.78,4.364,63.623,4327.802,88.035
388.573,8.823,6.137,4.879,14.785,3760.742,85.107
279.202,8.286,7.206,1.446,11.614,4298.838,90.358
212.111,6.521,8.055,1.053,25.429,4517.187,91.874
453.177,4.584,6.713,3.833,32.106,4068.011,86.734
55.599,9.33,8.119,1.347,61.097,4360.777,90.796
246.313,8.307,7.761,3.111,87.854,4050.819,87.122
5.677,4.993,6.313,2.897,89.182,4210.765,87.714
234.33,7.019,7.611,3.02,68.553,4153.967,87.96
28.152,5.669,6.379,3.424,57.817,4182.337,87.946
59.409,5.879,7.637,4.329,25.194,4256.732,89.079
58.763,3.31,6.357,1.723,93.857,4380.778,88.862
324.605,4.621,6.981,2.999,67.44,4170.043,87.412
373.022,0.781,7.416,2.015,53.812,4506.944,89.766
291.684,3.573,6.126,1.934,11.292,4372.063,89.68
481.086,6.958,6.383,0.592,82.762,4125.156,87.511
187.435,9.532,6.801,3.197,35.55,4018.945,87.694
142.856,9.631,7.156,4.876,90.158,3794.676,84.934
434.3,5.557,8.146,3.926,17.673,4191.699,88.407
111.798,6.066,6.468,1.593,5.811,4416.729,90.929
481.611,1.857,6.869,3.723,44.038,4192.869,87.045
6.077,6.953,7.189,1.838,8.752,4466.96,91.668
484.939,0.707,6.739,3.891,7.118,4292.766,88.068
21.58,2.847,7.564,4.347,71.659,4325.266,88.39
445.572,6.684,6.642,2.004,26.48,4153.775,88.278
263.851,3.103,7.931,0.51,64.246,4626.531,91.554
496.482,0.498,7.263,1.873,57.512,4450.841,89.083
36.898,8.319,6.216,1.426,14.935,4314.687,90.493
276.927,3.103,7.567,3.284,39.192,4356.36,89.103
484.651,0.631,7.423,1.805,7.54,4572.819,90.842
261.549,0.748,6.846,0.662,42.746,4664.769,91.445
314.699,2.518,6.028,2.891,19.054,4292.352,88.488
347.874,1.78,6.502,4.436,10.535,4222.552,87.654
227.271,7.743,7.014,2.531,32.382,4182.776,88.827
313.779,3.217,6.5,2.193,1.339,4410.236,90.054
292.157,8.047,7.444,1.303,76.019,4213.576,88.79
450.579,1.738,7.781,2.243,16.66,4508.226,90.437
22.723,4.929,8.14,1.989,62.958,4531.374,91.163
140.482,6.88,7.617,4.977,83.426,3982.92,86.059
475.206,6.52,7.723,0.637,91.807,4261.33,88.651
445.132,6.011,7.521,1.575,56.2,4259.098,88.832
227.828,9.248,8.464,0.809,79.04,4331.083,90.295
310.066,2.285,6.653,4.358,46.022,4168.071,86.906
138.691,4.937,6.666,2.378,49.528,4313.515,89.121
94.061,8.84,6.316,4.083,55.13,3923.975,86.34
231.849,0.779,7.214,3.615,67.344,4370.393,88.264
176.676,0.559,6.24,4.676,67.322,4205.5,86.549
291.828,2.333,6.675,0.607,78.752,4486.773,89.78
38.867,6.33,7.207,1.433,62.077,4417.266,90.451
487.197,2.599,8.394,3.659,88.381,4223.184,87.128
493.105,1.902,8.41,3.134,71.214,4343.501,88.294
349.081,4.588,7.859,3.626,92.966,4133.464,86.781
268.048,6.136,6.973,3.09,75.293,4096.937,87.057
154.764,2.486,8.163,3.115,74.132,4454.907,89.553
406.898,3.007,8.189,4.697,86.179,4123.053,86.271
342.366,6.136,8.275,4.646,65.925,4053.155,86.713
81.308,9.457,7.6,0.671,18.778,4441.828,92.068
455.464,6.747,6.504,2.362,9.214,4130.767,88.24
411.269,7.829,6.228,2.798,32.267,3981.393,86.84
474.9,3.668,8.287,2.111,81.625,4333.532,88.619
362.86,2.723,6.139,0.723,3.149,4517.73,90.963
306.708,4.543,6.74,2.625,15.854,4299.243,89.197
209.122,8.071,7.217,4.891,11.505,4001.539,87.322
466.364,4.563,6.055,0.825,4.68,4352.307,89.845
433.032,8.467,8.267,4.175,81.218,3906.908,85.797
22.609,9.888,6.718,1.38,28.679,4270.688,90.386
13.183,0.72,6.071,3.096,73.164,4408.636,88.571
188.232,0.454,8.484,2.242,15.049,4777.314,92.759
405.277,1.496,6.778,2.071,41.484,4410.393,89.138
493.638,3.844,8.192,4.417,12.53,4213.441,88.162
75.208,1.31,7.134,4.881,1.246,4419.689,89.578
297.065,8.707,7.658,2.24,61.703,4134.51,88.34
190.445,0.231,6.603,3.382,48.617,4418.043,88.764
484.957,3.158,7.257,3.004,42.247,4240.464,87.93
421.059,1.847,6.644,0.846,8.787,4559.346,91.06
419.164,9.315,8.378,0.685,59.232,4275.432,89.957
234.347,6.695,6.152,3.98,78.22,3908.85,85.315
207.41,9.12,6.687,2.275,7.657,4166.094,89.32
136.704,9.723,8.233,1.884,41.932,4296.488,90.463
28.188,4.971,7.2,4.935,31.844,4200.166,88.175
432.361,2.343,7.5,0.884,89.296,4449.736,89.307
406.451,1.937,7.629,1.711,27.003,4537.75,90.689
499.859,2.229,6.177,4.356,94.484,3931.815,84.042
498.318,7.086,6.044,2.367,83.012,3898.206,85.278
277.716,0.404,8.345,3.129,10.916,4640.637,91.419
384.494,0.514,6.679,0.718,48.583,4581.01,90.478
472.383,6.081,6.951,4.641,65.251,3860.182,84.774
424.824,6.421,7.705,1.116,59.714,4306.041,89.389
123.674,6.653,6.591,1.46,68.244,4282.105,89.134
225.272,3.719,7.833,1.206,43.204,4577.725,91.461
64.58,8.059,7.146,2.739,90.57,4124.284,87.755
477.026,5.336,8.142,4.176,27.766,4135.712,87.68
303.087,1.055,6.696,1.701,10.316,4574.611,90.959
114.321,7.971,6.51,1.14,97.819,4185.562,88.269
335.85,9.531,8.079,2.345,65.544,4097.91,88.183
309.064,0.6,6.816,4.917,66.261,4172.765,86.245
179.081,3.914,7.03,0.55,81.935,4498.904,90.344
56.779,4.875,7.984,2.768,42.723,4464.035,90.676
335.787,1.465,7.589,3.512,39.237,4388.075,88.928
260.154,8.677,7.104,4.13,94.965,3843.545,85.089
386.159,2.841,6.625,3.858,39.291,4162.95,87.089
260.082,7.83,7.911,0.835,8.769,4468.474,91.946
426.091,6.71,6.451,2.578,31.475,4075.773,87.456
275.953,5.98,8.321,0.854,87.481,4434.672,90.266
280.469,1.921,6.376,3.289,10.401,4351.536,88.988
438.327,2.207,8.012,0.847,71.954,4543.146,90.374
201.741,0.473,7.061,0.718,27.374,4754.983,92.418
67.008,2.407,6.465,1.877,74.831,4455.266,89.526
14.391,3.454,7.006,4.725,51.941,4244.321,87.96
377.569,8.331,6.554,3.695,64.021,3852.491,85.384
310.155,3.664,6.34,0.518,25.076,4493.76,90.786
352.04,7.546,6.598,1.781,17.644,4193.043,89.018
106.482,4.394,8.168,0.579,7.268,4771.478,93.96
68.186,7.849,6.265,1.824,82.732,4152.054,88.048
7.272,9.763,8.431,3.585,71.338,4150.215,88.718
175.294,2.398,6.012,3.919,30.042,4241.698,87.836
294.959,8.623,7.646,4.118,83.854,3906.352,85.812
196.122,6.218,8.141,4.595,83.536,4078.587,86.816
218.737,8.173,8.335,2.146,14.638,4371.59,91.021
452.079,6.516,6.36,4.382,71.655,3802.685,84.265
174.128,4.239,7.746,3.775,29.936,4338.191,89.354
256.995,2.281,6.268,2.92,47.252,4297.809,88.19
391.827,0.7,6.882,4.796,43.584,4190.469,86.679
198.271,5.355,7.83,4.765,60.418,4118.767,87.19
311.043,9.903,6.865,4.539,35.366,3811.155,85.729
431.182,7.38,6.783,1.41,8.252,4236.225,89.494
474.76,3.273,6.29,1.435,67.592,4249.227,87.798
73.537,8.272,6.166,4.555,96.097,3818.594,84.707
463.294,7.69,6.288,2.291,67.119,3949.382,86.13
246.058,2.816,8.189,4.088,54.421,4337.33,88.674
129.122,0.143,6.028,3.591,17.199,4437.564,89.247
229.568,1.182,7.732,3.931,62.893,4380.505,88.531
490.016,8.773,7.922,0.618,61.498,4223.676,89.254
246.309,8.366,7.42,2.435,62.257,4132.542,88.213
164.376,2.952,7.827,4.357,89.339,4238.531,87.378
316.7,2.852,7.631,2.705,71.916,4347.822,88.615
120.073,7.929,7.139,3.606,78.557,4039.747,86.991
37.932,9.377,6.957,3.902,32.021,4053.624,88.029
64.44,7.791,8.353,1.043,27.767,4553.669,92.596
64.023,6.056,8.43,1.201,21.471,4645.156,93.054
75.951,2.427,7.628,3.76,78.059,4371.34,88.661
69.414,5.257,6.493,0.746,70.16,4436.867,90.244
320.437,2.335,7.12,2.039,34.867,4461.413,89.966
90.94,8.08,7.241,4.631,14.97,4081.582,88.09
172.834,3.87,7.895,3.085,84.82,4331.495,88.628
448.394,8.337,7.669,4.597,39.044,3888.096,85.992
236.981,3.816,7.287,1.892,19.785,4490.601,90.853
333.779,8.241,7.701,3.365,15.297,4124.052,88.56
86.16,3.333,6.06,1.79,92.048,4333.144,88.411
96.145,4.401,7.942,1,13.886,4698.243,93.164
20.434,6.155,6.529,4.958,36.608,4065.918,87.14
84.468,0.703,7.641,1.293,63.587,4730.246,91.877
139.295,9.482,6.285,1.348,41.4,4167.126,89.102
88.505,5.736,6.286,4.289,48.269,4072.159,86.96
44.351,5.078,6.089,4.11,80.46,4060.903,86.328
60.318,8.394,8.276,4.9,99.924,3987.83,86.397
230.389,8.658,7.511,0.823,47.255,4326.27,90.387
103.167,5.223,6.905,0.924,38.504,4508.413,91.266
182.135,9.273,7.969,2.519,41.27,4207.785,89.447
251.709,0.647,7.565,3.163,37.542,4506.928,89.888
345.197,1.132,7.55,0.671,47.903,4662.889,91.49
19.656,5.968,7.218,1.213,33.978,4524.308,91.694
399.705,3.541,6.02,3.665,46.799,4064.997,86.244
313.95,4.642,6.646,3.508,94.6,4035.485,85.802
40.88,3.281,6.273,0.904,29.335,4593.761,91.628
436.789,4.047,7.656,4.692,65.536,4044.524,86.004
460.436,8.226,6.622,1.646,49.206,4057.557,87.551
30.539,5.935,7.125,4.493,73.507,4104.266,87.088
138.439,9.973,6.884,4.653,47.757,3859.607,86.111
403.101,7.869,6.358,2.705,16.894,4036.491,87.557
374.13,2.737,8.396,2.354,87.369,4405.571,89.003
92.261,2.643,8.334,1.752,67.901,4644.088,91.555
104.675,3.359,6.212,4.133,53.061,4181.421,87.291
185.236,8.433,8.068,1.385,83.277,4287.574,89.573
242.261,0.273,7.221,3.3,97.642,4362.078,87.726
309.127,2.302,7.934,3.052,41.531,4435.508,89.63
184.457,9.049,6.378,1.62,35.953,4159.193,88.947
231.267,6.399,6.331,4.924,75.606,3853.904,84.703
373.735,2.268,8.227,4.308,46.006,4299.54,88.216
18.342,2.191,8.245,0.592,9.491,4927.492,94.837
126.218,8.626,7.165,2.4,36.087,4209.872,89.326
356.675,8.938,8.175,2.115,81.055,4118.677,88.057
447.603,2.561,7.669,4.473,70.963,4125.808,86.317
255.839,4.205,6.463,1.69,86.422,4266.212,88.059
266.057,8.346,6.822,4.993,15.516,3901.577,86.364
53.586,7.71,6.34,1.4,25.148,4331.386,90.375
223.706,8.139,7.935,1.597,22.259,4370.41,90.923
266.309,5.184,8.463,3.497,97.162,4209.899,87.683
121.235,9.115,7.366,1.225,17.724,4362.28,91.18
134.622,3.26,7.64,4.5,60.195,4263.328,88.009
188.642,1.567,7.865,0.995,63.658,4687.081,91.704
10.036,7.087,6.561,4.925,62.27,3979.647,86.3
161.04,5.394,6.84,4.436,69.475,4051.265,86.436
105.724,8.546,7.031,4.278,48.908,3997.264,87.047
163.749,0.812,7.486,2.332,9.285,4674.375,91.894
59.881,8.437,8.126,2.811,70.422,4238.853,89.215
445.264,2.933,6.636,2.554,28.829,4281.252,88.404
296.796,6.549,7.177,4.943,8.511,4030.531,87.185
339.551,0.401,7.879,0.657,17.809,4796.754,92.91
394.586,6.096,6.218,2.218,29.435,4139.124,87.926
249.221,7.173,7.282,4.858,43.812,3971.579,86.429
43.46,3.688,6.361,2.162,86.271,4341.222,88.656
268.553,2.154,7.348,2.293,54.114,4455.305,89.658
293.421,5.376,7.92,3.341,47.725,4246.895,88.605
372.72,8.332,6.592,4.583,19.935,3858.142,85.882
215.83,3.235,8.124,1.825,95.967,4468.212,89.693
63.79,2.525,6.837,4.764,90.943,4167.263,86.521
141.888,2.789,6.477,1.772,81.792,4396.549,88.984
181.541,9.491,7.163,4.169,32.992,3968.083,87.198
322.959,3.593,8.19,1.741,56.601,4490.572,90.418
285.389,0.036,6.172,0.828,39.496,4610.902,90.725
178.048,7.817,6.819,4.155,40.889,4004.715,86.983
493.258,6.993,7.633,2.525,8.141,4198.208,88.998
302.887,1.286,6.894,2.258,14.864,4518.102,90.418
118.613,9.849,6.177,2.434,96.156,3930.188,86.295
50.891,6.081,6.83,3.252,61.398,4205.517,88.265
76.43,5.008,8.052,1.682,1.625,4645.174,92.938
122.979,3.822,8.42,1.568,81.109,4570.418,91.04
80.341,8.987,6.099,2.675,9.617,4133.656,88.936
93.284,2.44,7.423,0.66,71.107,4665.448,91.675
142.548,2.858,6.263,3.393,62.464,4247.957,87.712
86.687,1.224,7.701,4.203,7.232,4530.806,90.603
448.383,7.591,6.02,3.773,53.563,3813.759,84.879
40.117,5.955,6.037,2.612,5.696,4313.274,89.862
262.256,6.091,7.942,3.044,7.375,4339.384,90.147
205.198,2.185,6.186,0.618,6.067,4632.86,91.923
491.189,6.512,6.763,4.606,26.289,3891.98,85.61
56.019,7.655,8.395,3.011,80.375,4266.893,89.162
198.928,3.579,8.463,1.924,36.883,4601.753,91.722
484.735,8.013,6.404,1.821,64.314,3986.569,86.627
432.754,3.488,7.402,3.468,13.36,4275.887,88.672
408.536,7.581,7.398,3.129,93.354,3956.795,85.909
128.951,0.337,7.131,1.345,50.92,4695.386,91.546
85.444,5.512,8.312,2.345,3.435,4571.537,92.335
334.322,9.695,7.885,3.543,54.203,3973.896,87.106
464.688,9.812,7.911,1.839,19.268,4145.684,89.208
278.381,2.818,6.674,2.792,20.386,4367.379,89.315
285.806,4.414,7.086,1.647,60.437,4359.407,89.314
139.99,0.63,7.219,0.823,23.412,4791.292,92.868
384.746,8.733,6.747,2.247,22.184,4076.605,88.164
93.522,5.686,6.237,3.794,54.555,4104.113,87.201
161.84,3.851,6.316,1.462,24.31,4463.266,90.545
212.718,1.128,6.452,3.895,11.941,4369.015,88.909
253.805,9.468,6.509,3.513,41.417,3916.521,86.591
121.205,5.302,6.606,2.783,6.148,4344.241,89.972
57.418,2.829,6.639,4.872,90.627,4125.283,86.195
305.31,3.502,7.139,4.475,45.702,4147.226,87.066
144.315,2.707,7.274,3.034,2.296,4511.865,90.908
290.619,6.018,6.772,3.01,23.241,4183.523,88.408
77.181,9.3,8.268,1.75,95.824,4256.607,89.398
240.57,8.567,7.383,4.641,50.143,3925.278,86.321
266.295,4.604,7.969,4.532,36.53,4207.303,88.089
25.912,8.265,8.311,3.839,32.196,4256.536,89.723
168.302,4.231,6.408,1.075,42.28,4452.973,90.376
67.207,2.523,7.07,3.666,21.965,4436.641,89.904
31.687,9.834,7.083,1.639,75.164,4186.523,89.064
494.98,3.039,6.886,1.35,51.322,4351.575,88.914
161.177,3.237,6.022,3.916,75.392,4117.347,86.391
404.937,9.897,8.04,4.819,26.184,3872.431,86.432
127.32,1.339,6.279,0.99,1.144,4695.971,92.35
340.751,7.605,8.489,1.238,96.657,4281.125,89.126
380.114,9.358,7.932,1.487,51.695,4183.232,89.123
297.819,5.118,7.45,4.833,8.894,4139.097,87.837
235.788,0.025,6.387,3.634,11.271,4433.575,89.231
205.92,3.751,7.288,3.552,44.033,4295.063,88.635
174.434,1.116,6.653,2.773,69.831,4405.351,88.69
464.765,4.162,6.631,2.919,40.268,4150.151,87.347
415.31,7.9,8.074,1.806,82.195,4159.746,88.146
482.513,4.387,6.952,1.195,33.577,4347.848,89.459
62.149,4.319,7.127,4.011,5.515,4353.49,89.776
365.434,5.568,8.107,2.618,1.821,4384.176,90.494
469.17,5.817,6.219,1.652,86.085,4059.143,86.476
90.617,8.563,7.487,3.348,98.462,4043.523,87.02
33.248,3.084,7.446,1.443,14.147,4701.201,92.796
370.56,8.217,7.063,2.699,7.142,4125.954,88.653
287.237,5.659,8.074,1.356,91.526,4362.207,89.405
420.914,3.005,8.357,3.919,10.975,4361.199,89.404
69.886,2.951,7.163,1.944,23.612,4592.243,91.572
397.634,3.611,7.14,2.488,80.363,4225.161,87.531
100.814,6.227,7.255,3.897,99.8,4074.465,86.615
81.828,2.308,7.808,3.468,49.115,4479.412,89.995
82.133,9.203,7.67,2.299,21.866,4292.183,90.464
407.287,5.749,6.557,0.82,84.924,4212.798,88.003
332.599,9.2,6.16,4.647,40.037,3744.87,84.808
261.533,0.464,8.373,0.536,27.992,4873.795,93.597
179.415,3.426,6.653,3.806,49.551,4224.584,87.778
438.6,0.228,7.596,4.754,85.724,4182.065,86.032
196.223,2.723,8.071,1.88,24.067,4636.736,91.943
408.3,8.62,6.751,0.839,42.96,4170.048,88.857
219.567,0.366,7.589,1.623,44.98,4678.514,91.445
188.472,4.361,6.27,1.91,83.444,4256.74,88.041
231.34,1.176,8.425,2.531,67.925,4579.086,90.464
150.689,4.168,6.145,2.864,78.268,4187.881,87.347
373.805,8.389,7.095,3.764,69.645,3887.527,85.695
251.36,6.231,7.342,4.554,59.675,4022.228,86.495
116.106,7.368,7.976,2.592,14.109,4383.815,90.907
449.787,3.491,6.303,3.858,83.462,3978.065,84.993
191.946,9.444,7.102,1.072,61.121,4212.55,89.347
271.776,7.093,6.749,1.98,70.416,4145.624,87.88
453.236,4.218,6.78,1.031,78.096,4281.157,88.296
312.119,4.265,7.947,3.613,31.858,4300.405,88.965
58.449,9.187,6.014,4.584,44.294,3865.77,85.971
469.916,5.764,7.873,4.501,54.588,4004.859,86.232
313.854,7.064,8.026,1.969,34.939,4325.702,90.027
167.453,4.17,8.253,1.554,26.595,4624.508,92.23
69.636,2.237,7.567,1.733,77.906,4580.921,90.701
397.013,7.236,6.834,1.793,75.619,4092.538,87.34
310.036,6.078,7.068,0.87,83.348,4294.172,88.932
266.731,5.013,8.424,1.1,69.973,4508.447,90.889
446.946,6.24,8.203,1.465,31.861,4374.573,90.299
394.299,2.083,7.159,0.537,33.373,4594.167,91.233
75.837,7.939,8.358,0.713,53.252,4523.121,92.081
155.861,9.482,8.057,3.643,83.724,4021.931,87.227
124.245,8.911,8.253,3.287,35.283,4218.337,89.504
371.973,3.214,7.707,4.754,76.828,4094.944,86.145
16.766,4.06,8.144,2.308,31.264,4609.71,92.002
284.945,8.084,8.229,2.499,34.514,4257.291,89.653
381.229,5.951,6.23,0.805,75.484,4203.382,88.064
438.383,5.479,8.413,1.185,68.179,4393.285,89.895
171.041,9.266,6.834,3.612,21.615,4030.109,87.865
410.629,5.36,7.1,1.558,82.875,4215.13,87.931
55.316,5.149,7.98,3.98,78.676,4257.521,88.333
423.226,0.42,7.662,3.676,79.944,4306.157,87.388
63.744,0.694,8.233,3.863,47.565,4575.287,90.485
198.644,0.074,7.001,3.608,33.535,4469.279,89.38
398.648,9.132,6.933,3.684,85.128,3798.671,84.875
74.959,4.084,6.079,2.961,59.233,4251.724,88.15
114.626,4.686,7.157,3.552,93.167,4182.547,87.299
361.126,8.454,7.81,2.868,26.129,4138.723,88.662
360.018,6.092,6.753,1.427,97.587,4152.748,87.379
320.574,6.095,7.157,1.479,38.543,4325.635,89.699
346.974,2.965,6.548,2.324,39.063,4322.583,88.725
271.362,8.339,7.932,0.563,24.643,4435.013,91.605
125.9,1.658,6.151,4.502,96.538,4126.005,85.792
172.848,0.531,7.763,1.707,4.932,4782.764,92.938
90.799,1.916,6.947,0.732,47.862,4684.617,91.942
454.225,2.677,6.104,2.41,37.183,4234.061,87.772
291.696,2.823,8.134,4.17,16.767,4375.811,89.437
200.426,6.705,7.219,2.288,71.611,4214.43,88.44
231.003,2.178,7.498,1.682,89.934,4477.341,89.528
473.642,6.767,7.83,2.952,25.113,4162.425,88.403
76.676,0.911,7.638,3.085,50.268,4570.858,90.479
293.115,1.472,7.827,3.916,58.243,4354.434,88.404
252.944,5.088,7.906,4.099,39.658,4220.482,88.335
305.727,9.219,7.473,3.678,92.232,3881.218,85.656
9.055,8.596,6.914,0.52,46.69,4411.676,91.229
436.062,9.688,6.608,0.509,98.295,4010.852,87.032
466.059,6.505,8.257,4.899,30.225,4017.154,86.821
282.567,6.758,8.425,1.689,8.251,4477.895,91.724
348.325,6.25,6.894,1.771,57.922,4209.84,88.394
461.25,6.228,6.281,3.795,82.511,3841.514,84.458
353.619,1.471,6.556,3.117,39.451,4314.649,88.193
76.27,5.437,7.677,2.586,19.325,4460.409,91.042
288.144,3.861,6.432,1.024,74.086,4355.558,88.973
303.358,4.425,7.95,0.867,27.818,4579.778,91.847
212.065,5.236,8.308,3.666,77.204,4241.886,88.218
368.222,1.284,8.409,1.061,26.97,4732.592,92.441
467.184,3.595,6.023,2.461,56.172,4130.538,86.822
462.784,0.634,8.395,3.813,88.88,4317.405,87.476
225.42,9.797,7.85,4.654,21.257,3974.551,87.472
56.619,1.185,6.21,4.431,82.249,4225.828,86.791
492.421,2.585,7.038,4.388,27.278,4134.967,86.852
419.449,8.913,7.75,2.113,66.406,4075.505,87.765
62.331,4.827,8.392,4.672,25.128,4349.169,89.689
460.421,1.356,6.41,3.576,12.342,4260.674,87.89
434.948,3.842,6.319,4.489,66.738,3939.948,84.885
259.419,1.159,7.181,0.9,59.894,4620.639,90.955
295.638,2.002,8.42,0.678,40.747,4744.803,92.641
199.501,0.52,8.428,2.433,4.632,4764.475,92.755
27.381,4.382,6.57,4.226,48.053,4205.462,87.889
167.599,8.066,6.798,2.338,15.722,4227.436,89.537
401.427,5.86,8.27,4.481,36.588,4112.043,87.512
2.316,6.063,7.837,1.556,59.034,4505.664,91.285
166.75,2.006,8.431,0.677,93.996,4703.716,91.699
199.084,3.439,8.233,3.926,51.62,4355.979,89.075
268.698,8.452,6.538,3.318,20.284,4024.461,87.578
459.928,0.879,7.899,2.48,94.676,4378.646,88.103
173.173,8.579,6.121,4.304,3.565,3959.093,87.129
173.477,4.837,8.045,4.209,64.639,4225.717,88.062
368.751,8.371,7.504,1.96,26.977,4197.446,89.216
226.109,3.18,8.39,4.271,75.994,4287.892,88.073
112.302,3.388,8.4,2.053,33.791,4641.532,92.094
226.22,7.516,6.127,3.299,43.446,4007.043,86.891
70.429,7.85,6.401,1.366,77.271,4221.252,88.795
88.193,2.296,7.211,1.689,89.884,4513.478,89.925
249.184,9.729,8.199,2.515,19.073,4219.155,89.919
209.463,0.845,8.036,1.916,30.333,4704.401,91.994
457.423,0.685,8.411,1.081,1.428,4767.159,92.863
181.197,5.955,7.545,2.67,85.801,4227.524,88.204
290.294,7.227,6.641,2.801,94.766,3987.981,86.1
316.132,9.609,6.063,1.214,28.665,4089.02,88.486
6.547,4.049,6.557,1.284,39.071,4543.402,91.258
331.769,0.253,7.688,0.632,43.467,4740.149,92.043
89.018,6.029,8.316,0.637,41.565,4638.823,92.781
480.535,2.897,6.802,2.114,39.895,4303.937,88.51
74.331,4.329,8.189,1.16,48.112,4653.07,92.348
207.312,4.885,6.987,4.636,16.225,4154.793,87.851
42.675,0.645,6.771,1.397,6.71,4770.317,92.83
498.437,4.86,7.272,0.797,72.629,4310.061,88.832
251.098,4.263,7.106,2.319,84.81,4270.363,88.134
297.693,7.125,8.284,1.366,81.209,4324.304,89.569
33.538,6.457,7.171,0.778,63.036,4473.594,91.043
374.98,1.852,6.693,3.887,96.912,4106.684,85.653
104.953,2.061,8.106,3.007,1.153,4652.096,92.128
449.027,2.51,8.497,0.757,32.635,4658.746,92.014
102.57,1.79,7.62,2.606,31.692,4597.291,91.193
95.344,6.572,6.626,0.675,35.618,4447.627,91.092
18.275,9.944,6.597,2.094,80.199,4083.512,88.016
236.033,6.521,6.144,2.135,35.798,4185.28,88.451
282.421,6.067,6.193,4.203,53.181,3948.067,85.769
32.854,4.099,8.287,3.809,61.78,4402.916,89.641
387.764,3.126,6.241,4.536,84.693,3950.939,84.6
226.644,9.111,7.211,1.132,61.97,4215.053,89.264
262.195,9.69,7.745,2.902,38.749,4091.239,88.432
220.381,4.968,8.126,0.591,69.779,4555.365,91.346
200.382,2.902,6.428,4.215,52.038,4171.966,87.07
279.82,7.701,7.094,2.15,53.312,4162.889,88.406
77.62,1.325,6.629,0.812,34.18,4708.283,92.138
90.964,7.656,6.64,1.961,1.159,4337.266,90.658
430.893,8.189,6.76,1.791,36.229,4099.471,88.089
473.058,1.249,7.468,3.947,30.969,4291.16,87.977
186.655,9.769,6.041,1.07,10.934,4193.544,89.757
135.372,9.855,7.022,3.001,20.665,4100.32,88.753
322,9.367,6.467,4.073,98.108,3713.868,83.968
204.367,4.96,8.418,3.828,28.702,4351.383,89.715
12.693,2.461,7.457,4.712,52.298,4340.546,88.621
78.076,5.82,8.17,0.503,55.384,4625.93,92.451
357.986,4.199,6.489,2.092,56.443,4237.866,88.074
329.462,2.059,8.025,2.163,5.685,4607.115,91.632
13.548,4.237,7.037,0.65,77.375,4565.345,91.151
110.986,6.639,6.444,4.178,73.304,3992.607,86.185
115.537,0.709,7.903,3.6,97.742,4441.601,88.651
335.946,3.334,7.905,2.876,19.284,4429.615,90.104
9.855,0.178,8.49,2.323,55.825,4791.238,92.408
52.054,7.495,7.952,4.529,80.579,4080.364,87.246
399.958,6.407,6.363,1.69,13.31,4220.362,88.993
89.272,0.627,6.806,2.005,79.168,4545.785,89.854
326.373,9.647,7.129,4.787,27.726,3833.24,85.949
119.091,0.226,6.317,0.791,28.804,4724.118,92.021
49.721,5.9,7.97,4.013,94.614,4186.666,87.69
121.586,7.764,7.317,3.731,32.073,4145.424,88.463
361.133,7.879,8.361,4.558,58.84,3988.069,86.656
427.848,0.343,7.473,0.908,44.569,4636.368,91.021
415.11,9.064,7.307,4.867,8.738,3865.787,86.29
198.592,9.185,6.179,0.63,95.098,4106.162,87.866
334.043,5.614,6.373,2.02,22.159,4243.336,88.896
102.492,4.821,8.124,0.882,27.502,4676.918,92.94
146.574,0.449,8.477,0.73,38.347,4902.224,93.773
448.168,5.62,7.038,4.841,50.355,3913.899,85.321
6.501,4.094,8.025,3.739,15.284,4490.162,90.977
42.754,7.728,7.569,2.776,63.364,4244.828,89.133
103.943,4.039,8.398,0.987,51.956,4683.255,92.525
13.266,6.836,6.595,2.867,30.998,4262.404,89.365
90.718,1.014,7.362,1.94,69.573,4606.977,90.678
291.521,1.33,7.022,1.722,51.894,4513.96,90.02
210.712,1.397,7.354,3.281,84.228,4363.615,88.213
446.336,0.455,6.672,4.059,85.685,4143.997,85.72
408.722,5.413,7.244,2.495,98.031,4103.884,86.683
170.909,7.94,7.562,2.72,7.666,4286.446,90.17
129.712,6.104,6.203,3.431,41.113,4124.874,87.669
189.846,5.75,7.857,1.061,50.65,4495.958,91.178
295.147,6.806,7.766,4.229,24.147,4117.578,87.976
134.032,3.396,8.201,4.266,92.281,4272.09,87.817
312.074,3.62,7.065,2.935,9.725,4356.529,89.554
204.706,3.143,6.154,1.344,43.422,4434.683,89.855
276.024,7.121,7.154,2.753,19.334,4207.288,89.016
218.063,1.616,6.344,0.977,68.532,4509.814,89.898
147.233,0.13,7.619,3.935,70.794,4446.664,88.798
474.227,5.962,6.118,1.9,87.379,4011.794,86.033
381.803,9.424,6.935,1.9,41.488,4058.438,87.997
70.057,6.094,6.207,4.753,77.736,3950.235,85.553
434.234,7.829,6.008,2.398,55.408,3941.61,86.211
243.716,6.728,8.401,4.053,81.415,4113.748,87.342
447.276,4.974,8.49,3.367,9.453,4321.047,89.608
399.928,7.184,7.389,1.923,46.881,4193.674,88.623
212.607,8.241,6.597,1.057,15.905,4303.867,90.352
11.235,2.247,8.278,4.09,79.245,4442.317,89.305
134.339,3.361,8.308,3.931,16.114,4470.169,90.549
270.817,2.237,8.136,1.261,1.798,4736.636,93.02
316.739,4.522,7.361,1.621,93.023,4303.489,88.461
128.944,8.851,6.187,3.948,48.975,3918.914,86.355
69.678,3.452,6.221,4.926,98.534,4024.965,85.3
417.465,3.745,8.242,4.296,45.847,4206.857,87.734
492.201,8.604,8.19,3.579,59.488,3965.827,86.644
262.845,5.154,7.086,4.619,74.673,4008.201,85.881
85.84,5.354,6.82,1.784,28.799,4435.44,90.673
136.154,8.608,7.61,0.543,14.153,4479.904,92.24
9.195,4.905,8.017,1.944,66.452,4524.547,91.053
457.149,6.816,7.829,4.874,51.558,3923.081,85.76
58.876,0.856,7.539,4.469,82.853,4369.047,88.119
288.258,1.786,6.579,0.727,5.462,4640.849,91.89
137.028,4.044,6.656,2.759,54.932,4309.179,88.756
277.089,4.948,7.81,0.856,19.39,4570.719,91.998
325.71,9.657,8.007,4.051,62.114,3925.64,86.532
414.871,9.707,6.29,2.177,76.284,3866.028,85.809
103.211,8.512,6.468,4.604,27.038,3955.169,86.835
5.498,3.156,7.701,0.745,48.697,4737.671,92.837
68.443,9.64,6.972,3.803,42.6,4015.512,87.621
450.009,6.893,7.408,2.297,75.732,4089.969,87.21
436.945,3.929,7.537,1.707,60.387,4347.285,89.048
298.707,7.017,7.941,2.829,12.95,4285.108,89.827
300.258,0.165,8.014,2.685,97.698,4479.174,88.864
332.518,1.462,6.7,2.07,91.321,4341.08,87.936
87.686,8.297,7.353,3.42,58.293,4118.067,88.087
457.206,6.456,6.309,3.476,77.97,3875.958,84.917
209.385,3.642,8.105,0.847,2.977,4733.047,93.393
191.569,5.007,8.114,3.179,20.948,4405.412,90.347
259.459,9.051,6.749,3.698,77.018,3868.708,85.632
23.483,6.316,6.402,0.841,11.513,4505.449,91.834
83.142,3.981,6.175,3.466,5.23,4319.809,89.34
369.017,1.203,7.437,4.118,61.956,4263.371,87.375
41.399,2.937,6.229,4.244,4.39,4322.129,89.059
301.576,9.783,7.701,0.687,19.128,4323.193,90.976
122.675,4.374,7.695,3.638,8.918,4407.839,90.301
194.648,4.718,7.535,4.086,53.893,4203.828,87.915
144.347,4.986,8.191,2.286,68.016,4433.064,90.146
177.836,8.841,6.946,2.943,19.148,4131.026,88.771
359.523,6.039,8.256,1.693,47.407,4379.726,90.135
148.561,6.937,6.092,1.896,2.997,4292.51,89.976
283.202,3.894,6.282,2.757,27.201,4261.75,88.514
238.025,0.291,7.031,1.18,18.781,4713.921,92.039
331.836,9.31,7.485,2.167,17.43,4165.5,89.274
468.415,9.491,6.081,1.856,23.277,3967.123,87.286
366.286,9.492,7.419,1.572,80.729,4065.469,87.695
107.47,9.437,6.768,2.677,95.025,3993.47,86.816
15.592,8.152,8.218,4.274,70.899,4137.167,88.108
131.132,6.846,7.333,1.59,8.153,4450.133,91.474
297.539,8.445,7.47,3.469,63.188,4002.694,86.929
25.713,6.005,8.364,1.644,73.677,4511.534,91.18
248.183,1.344,7.91,1.139,12.001,4761.826,92.901
298.421,3.912,7.096,4.745,30.138,4129.978,87.172
167.122,9.713,7.192,3.35,43.41,4028.236,87.762
385.456,3.511,7.62,0.971,31.762,4533.092,91.067
53.299,8.678,6.5,3.347,52.314,4050.169,87.582
37.569,0.932,6.222,1.294,13.961,4699.494,92.135
364.094,3.342,6.778,4.495,45.03,4089.101,86.443
247.746,3.51,7.946,1.614,73.595,4486.695,90.184
344.201,0.516,6.643,4.131,46.632,4260.105,87.29
217.414,1.191,6.327,1.396,21.833,4581.132,90.95
123.201,1.932,6.548,3.012,80.409,4334.524,88.121
409.551,8.378,7.697,4.605,40.045,3905.422,86.167
399.708,0.634,7.535,1.832,43.084,4552.563,90.285
347.348,2.987,7.721,0.866,36.405,4589.616,91.428
136.073,0.102,6.805,2.987,29.683,4549.332,90.227
295.115,6.956,8.252,1.275,60.593,4381.108,90.292
180.487,6.203,7.129,3.778,19.593,4195.607,88.621
45.791,6.45,7.284,3.159,77.154,4212.865,88.292
458.657,3.744,8.372,2.059,48.688,4417.437,89.811
68.409,2.083,8.448,3.675,88.475,4461.986,89.36
475.119,7.203,7.654,1.573,93.95,4122.428,87.446
223.003,8.111,8.362,4.627,38.914,4078.648,87.831
92.566,1.386,7.354,2.061,16.723,4680.246,92.051
270.95,4.868,6.768,3.933,51.021,4102.554,86.976
436.473,2.487,6.788,1.663,27.775,4414.296,89.611
366.112,1.681,7.397,3.717,43.226,4314.503,88.217
403.281,7.343,7.513,0.642,38.367,4341.534,90.235
329.392,5.381,7.099,1.83,45.597,4301.983,89.178
346.138,2.162,8.209,0.918,50.358,4647.264,91.618
424.598,3.1,7.067,2.53,63.115,4260.095,87.9
124.834,9.667,6.684,2.458,1.378,4174.058,89.627
244.712,8.487,6.02,2.116,26.386,4090.975,88.192
110.605,8.799,8.426,4.915,17.855,4120.131,88.663
493.834,4.6,8.061,1.598,71.334,4326.646,88.933
472.03,6.238,7.539,4.06,83.4,3933.198,85.369
19.713,3.768,8.076,2.514,72.85,4512.344,90.525
352.788,0.777,8.026,2.007,97.492,4491.674,89.175
462.624,4.011,8.33,1.416,8.648,4542.261,91.539
90.288,5.94,6.965,3.35,47.011,4225.33,88.565
283.973,2.871,7.387,2.002,90.038,4372.924,88.69
457.744,8.48,6.247,4.158,32.59,3790.817,85.126
16.973,1.511,8.413,4.858,80.429,4410.624,88.755
348.71,3.671,8.463,1.522,56.612,4522.928,90.765
148.675,1.249,7.973,1.079,97.877,4656.826,90.964
462.198,4.048,7.135,1.92,37.731,4312.57,88.963
485.529,0.397,7.241,2.602,42.3,4416.747,88.863
472.133,2.725,7.088,1.854,17.217,4416.632,89.812
237.107,4.007,6.733,4.867,16.804,4134.088,87.375
431.021,4.782,7.319,4.006,86.239,4004.235,85.614
422.275,5.437,6.134,4.848,41.322,3862.968,84.848
159.55,2.75,8.48,2.18,62.426,4587.891,91.08
414.458,5.23,7.06,1.871,75.473,4199.213,87.807
18.504,5.09,8.318,2.333,44.386,4546.002,91.543
298.135,3.162,7.811,2.853,95.425,4297.787,87.972
115.004,8.302,6.725,3.837,93.879,3928.425,85.836
60.283,5.456,6.555,4.465,68.332,4069.392,86.648
38.477,3.323,8.489,2.584,99.526,4506.064,90.062
348.144,9.473,7.93,1.801,1.262,4262.635,90.456
169.937,8.451,6.624,1.935,1.916,4257.577,90.092
362.383,9.826,6.169,3.636,7.686,3865.377,86.525
32.678,6.922,7.742,3.054,94.408,4217.555,88.308
157.645,3.782,6.758,2.689,60.879,4317.14,88.697
269.746,2.809,6.553,1.412,92.845,4353.092,88.445
395.362,6.633,7.837,4.44,13.583,4083.274,87.687
159.376,9.808,7.698,4.015,4.166,4089.928,88.8
312.946,6.267,7.204,1.133,54.785,4327.666,89.609
442.989,8.816,8.357,2.153,18.347,4221.344,89.675
307.932,3.291,7.699,2.94,86.124,4285.186,87.978
116.48,4.07,8.234,2.545,42.621,4521.945,91.014
12.2,9.063,6.476,2.29,77.275,4104.842,87.994
435.049,7.569,6.742,3.735,52.127,3900.474,85.754
10.635,9.814,6.261,0.745,53.338,4248.904,89.9
437.351,7.748,6.761,2.621,68.503,3970.948,86.349
264.469,4.485,8.429,1.68,34.21,4550.051,91.504
469.534,5.311,8.407,0.881,94.936,4362.463,89.268
399.392,9.005,7.901,2.592,40.641,4099.663,88.292
498.967,5.516,7.303,1.271,40.406,4297.027,89.221
175.356,2.554,7.952,1.662,71.035,4571.548,90.771
383.594,4.356,7.384,2.782,63.989,4222.633,87.893
200.965,5.163,6.009,4.882,99.582,3854.903,84.102
239.938,0.967,7.254,3.579,85.173,4328.797,87.726
313.753,7.438,7.497,1.758,29.174,4286.794,89.807
436.839,1.094,6.664,2.221,11.054,4449.151,89.709
492.042,4.049,6.508,2.328,11.556,4246.472,88.564
384.137,8.046,6.685,1.191,36.799,4181.337,88.859
208.883,4.676,7.559,1.223,48.241,4498.903,90.909
210.679,8.42,6.365,1.168,64.075,4165.241,88.538
368.791,3.419,7.801,2.847,85.915,4268.167,87.848
119.389,9.576,7.057,3.534,98.965,3915.844,86.042
55.237,2.095,6.883,3.158,41.463,4457.234,89.786
177.311,0.383,8.018,4.9,55.012,4394,88.505
143.619,8.724,7.265,1.066,60.474,4290.901,89.922
148.154,7.522,6.946,4.939,56.298,3937.913,86.073
116.804,2.32,8.195,2.6,9.941,4665.26,92.249
21.047,9.847,6.921,1.484,12.389,4316.006,90.99
8.937,5.023,8.148,4.745,88.987,4206.692,87.684
493.861,9.511,7.26,2.609,67.883,3906.945,86.244
213.887,5.05,6.52,2.063,68.197,4249.843,88.332
192.163,4.719,7.532,1.462,81.663,4411.644,89.715
339.824,4.491,6.713,1.705,9.33,4387.646,90.131
109.127,3.349,6.368,4.906,42.133,4139.874,86.982
474.981,5.337,6.216,1.868,25.421,4179.662,88.144
393.173,4.526,6.604,4.9,66.42,3914.708,84.841
44.706,0.367,7.841,1.986,22.279,4800.259,92.89
208.79,2.604,8.095,1.541,69.52,4581.708,90.903
439.559,2.131,8.154,1.325,39.402,4577.771,91.023
472.366,8.674,6.675,2.353,44.501,3973.299,86.89
233.701,5.989,7.652,1.566,81.983,4328.428,89.261
306.706,7.637,6.576,3.636,35.469,3987.835,86.815
83.517,9.568,7.557,1.579,26.403,4324.815,90.855
495.584,6.44,8.218,4.259,85.176,3955.71,85.637
115.836,9.826,6.102,4.253,68.855,3797.986,85.239
471.366,3.118,8.463,1.785,40.986,4494.283,90.468
324.823,1.863,8.068,3.891,50.358,4361.419,88.669
303.868,4.033,7.904,4.359,35.438,4230.055,88.156
256.344,4.708,7.728,3.156,55.57,4282.57,88.682
115.335,8.954,7.926,2.148,14.731,4342.909,90.968
88.264,5.599,8.486,2.484,88.956,4398.2,89.772
110.243,2.922,7.925,4.038,55.851,4375.831,89.076
93.219,7.426,6.879,1.82,39.142,4309.697,89.933
389.792,5.058,7.535,2.005,57.588,4289.985,88.841
175.063,1.621,6.842,1.224,16.958,4659.364,91.91
28.921,5.768,8.425,2.296,8.769,4592.535,92.568
484.551,9.114,8.25,0.889,55.264,4227.601,89.458
441.893,8.426,7.419,1.945,7.979,4189.223,89.34
463.876,5.868,7.953,2.181,66.426,4219.058,88.287
497.454,3.771,8.274,1.65,80.224,4364.74,88.976
86.948,0.87,6.609,0.956,98.848,4580.629,90.079
198.121,4.696,7.449,2.848,77.155,4271.925,88.357
379.119,7.521,7.204,4.393,97.438,3820.666,84.489
348.01,3.603,7.929,2.01,3.196,4531.323,91.362
76.948,2.354,6.948,1.566,56.326,4569.361,90.837
407.917,9.314,7.772,1.783,17.309,4194.712,89.568
112.22,8.216,7.007,4.378,25.268,4045.474,87.667
111.909,6.383,6.278,2.875,73.719,4117.725,87.355
268.487,1.368,6.268,1.089,26.03,4563.23,90.782
296.47,1.449,6.298,3.691,18.801,4302.322,88.27
290.043,1.032,6.081,1.195,37.813,4516.407,90.096
45.743,6.163,7.332,0.771,9.242,4606.629,92.823
438.73,1.156,7.68,1.651,15.503,4594.765,91.139
132.8,8.426,6.317,1.256,15.499,4287.331,90.246
64.757,9.93,7.53,3.222,23.38,4155.095,89.296
444.374,3.663,7.494,2.681,87.199,4201.62,87.243
477.826,4.537,6.368,3.758,30.228,4034.74,86.406
431.064,7.117,7.01,2.802,28.113,4093.222,87.786
404.758,9.372,7.888,2.386,13.473,4152.33,89.2
327.621,8.941,6.042,2.868,2.594,4001.344,87.67
275.429,0.576,6.367,2.455,16.878,4490.953,89.914
43.493,1.691,8.49,0.667,72.574,4830.837,93.09
204.227,7.546,7.834,3.563,97.015,4053.63,86.83
186.344,6.889,7.16,4.83,74.638,3946.18,85.782
129.877,1.332,7.575,2.399,85.47,4515.048,89.695
361.71,5.021,8.116,2.407,78.888,4281.212,88.529
247.938,7.808,8.106,0.706,30.309,4464.986,91.689
40.523,2.188,6.812,4.507,73.392,4254.069,87.463
110.092,8.713,7.228,4.681,75.308,3913.412,85.995
341.629,0.53,7.595,4.159,26.598,4393.105,88.824
38.065,7.822,6.18,0.979,92.145,4225.699,88.682
425.603,6.158,8.364,4.551,99.797,3961.044,85.46
247.573,3.152,7.082,0.608,56.568,4552.882,90.909
240.293,7.209,6.927,2.501,32.343,4197.358,88.813
296.204,7.824,8.268,2.753,36.403,4239.403,89.377
412.34,9.339,6.296,4.253,58.662,3713.827,84.353
173.905,3.678,6.098,3.879,1.77,4247.549,88.561
339.008,6.86,7.713,4.087,31.525,4086.994,87.613
282.866,6.026,6.963,4.406,5.851,4101.251,87.762
133.514,5.252,7.911,2.642,62.794,4371.939,89.667
439.315,8.904,6.171,4.011,60.801,3729.554,84.359
398.713,0.032,6.959,0.806,59.514,4595.357,90.368
329.226,2.821,6.588,2.5,15.948,4371.22,89.399
425.291,5.383,7.849,0.636,94.511,4350.535,89.175
433.647,1.783,6.568,4.619,53.889,4081.153,85.808
354.181,9.079,7.145,4.813,56.03,3790.115,85.064
418.507,6.476,8.047,0.878,54.882,4374.133,90.135
348.736,4.779,8.288,2.897,52.917,4320.022,89.105
340.07,8.147,7.807,1.963,93.904,4119.144,87.696
309.306,4.509,7.073,2.041,60.6,4301.87,88.765
376.358,5.587,7.43,2.528,49.027,4224.621,88.432
79.303,0.028,7.724,1.063,76.878,4771.36,91.953
440.435,3.657,8.187,1.313,25.895,4532.529,91.163
435.922,1.388,8.221,3.098,20.009,4484.953,90.066
14.624,6.897,8.327,0.584,44.482,4633.182,92.956
412.908,4.79,8.027,3.199,2.553,4331.694,89.728
64.435,3.018,6.367,1.935,30.058,4499.974,90.604
167.559,4.678,7.869,4.245,42.587,4259.546,88.573
371.754,2.096,8.036,3.2,58.291,4376.371,88.81
80.38,9.251,8.195,3.686,54.777,4138.539,88.613
408.984,0.54,8.312,1.015,37.373,4723.489,92.023
416.067,8.654,7.273,1.696,34.983,4146.944,88.716
253.734,5.114,7.638,4.985,1.131,4180.464,88.327
3.193,6.189,6.024,2.451,88.23,4169.715,87.672
143.519,3.026,7.432,2.115,23.896,4560.852,91.277
308.463,9.667,7.183,4.432,36.442,3864.6,86.182
490.593,2.819,8.406,0.649,3.005,4683.46,92.65
315.907,5.889,8.254,2.906,95.727,4190.932,87.719
129.902,9.934,7.994,1.446,49.963,4293.201,90.413
317.003,8.811,6.142,2.157,3.304,4092.923,88.539
269.993,5.363,7.005,1.399,25.868,4405.71,90.407
389.923,9.904,7.74,0.67,88.047,4140.748,88.498
53.49,7.014,6.074,2.374,38.194,4216.166,88.884
380.514,2.087,6.59,4.051,69.251,4120.703,86.141
270.633,4.056,8.219,4.784,61.771,4181.84,87.417
481.496,3.345,6.324,3.307,47.722,4098.273,86.509
170.936,3.44,6.128,2.25,83.489,4263.414,87.831
316.311,7.605,7.451,3.964,4.995,4100.338,88.235
466.014,5.843,8.366,2.774,91.33,4151.467,87.354
51.255,0.381,8.087,2.154,72.087,4704.378,91.437
468.614,8.774,8.437,1.306,86.508,4167.056,88.438
343.943,2.968,7.884,4.083,2.676,4354.4,89.408
33.919,9.971,7.093,2.752,9.395,4199.865,89.896
150.482,9.542,8.367,4.837,21.382,4057.842,88.227
354.086,9.405,7.067,4.109,59.763,3828.966,85.514
33.675,8.111,6.875,2.39,10.15,4305.816,90.39
291.085,2.206,7.12,3.834,93.223,4186.371,86.593
172.942,5.326,8.035,2.54,75.111,4346.459,89.311
310.458,2.243,8.294,0.859,80.952,4614.2,91.005
22.871,2.597,6.894,2.825,58.801,4448.039,89.671
435.768,6.11,7.156,4.396,63.464,3925.696,85.455
486.744,0.408,8.246,4.349,22.885,4380.075,88.694
484.439,9.695,6.118,3.087,91.094,3693.889,83.936
374.826,9.187,7.96,2.21,65.243,4097.721,88.081
65.043,3.808,7.136,0.545,42.356,4651.391,92.233
379.132,5.154,6.941,1.901,88.286,4180.147,87.465
12.293,4.661,7.117,4.954,86.518,4104.073,86.574
11.062,8.822,7.047,3.769,1.053,4179.014,89.426
161.805,6.886,7.892,3.729,92.559,4105.918,87.199
244.322,2.781,8.32,3.925,36.979,4404.324,89.508
385.204,4.468,7.229,3.291,42.793,4192.205,87.835
341.648,4.29,8.082,3.136,9.446,4390.348,90.096
222.951,9.593,7.83,2.541,87.88,4061.954,87.619
136.813,1.753,6.827,2.498,54.381,4468.075,89.663
498.562,0.896,7.468,4.419,90.665,4129.548,85.658
213.091,8.806,7.667,2.271,78.301,4136.192,88.221
225.694,8.967,6.059,4.281,89.9,3736.753,84.159
81.812,8.717,6.99,4.27,94.878,3905.478,85.721
397.405,5.11,8.482,3.969,88.705,4119.655,86.842
346.841,6.597,7.593,0.669,21.774,4445.535,91.217
110.385,5.634,6.836,1.166,7.941,4514.217,91.753
41.191,0.694,6.625,1.916,62.405,4590.759,90.492
340.25,5.958,6.524,4.314,16.351,4020.237,86.826
327.256,0.136,7.004,4.43,86.448,4214.114,86.318
136.63,3.25,6.483,0.687,94.798,4459.211,89.619
475.432,9.323,6.338,1.961,13.006,4007.796,87.745
75.529,3.04,6.91,4.327,24.348,4319.86,88.867
216.167,9.398,7.517,1.624,62.897,4185.596,89.046
471.808,2.501,6.366,4.892,72.801,3940.826,84.431
209.864,3.146,6.111,2.702,51.719,4275.248,88.179
319.263,6.284,6.087,4.718,37.534,3887.964,85.39
198.797,7.616,6.668,2.43,31.296,4181.069,88.783
137.108,5.014,6.475,1.957,66.931,4298.714,88.822
491.989,8.821,7.348,2.131,74.712,3985.254,86.752
204.667,0.402,7.139,4.479,29.595,4384.352,88.668
447.05,9.222,6.812,1.988,33.274,4031.212,87.746
114.977,1.963,8.084,3.512,46.547,4508.444,90.208
106.552,8.842,7.262,2.614,45.571,4178.269,88.98
15.567,4.009,6.229,4.738,84.423,4072.07,86.079
325.833,8.328,6.739,1.217,44.254,4184.424,88.9
184.263,6.717,8.433,2.429,97.863,4276.75,88.804
432.179,1.759,8.442,1.061,31.785,4670.528,91.915
236.605,9.18,6.637,3.102,69.589,3937,86.428
484.097,2.455,6.418,2.313,76.135,4193.428,86.909
92.763,2.441,7.239,0.774,63.41,4651.229,91.611
434.312,8.142,7.204,4.324,37.338,3889.018,85.959
388.298,1.059,7.025,2.19,26.484,4483.499,89.888
385.461,2.22,7.323,2.721,60.824,4334.809,88.406
422.392,5.037,6.58,2.334,66.204,4129.224,87.141
380.512,8.305,6.287,2.699,26.505,4000.335,87.23
313.11,1.475,7.426,0.573,34.312,4686.347,91.963
65.622,5.477,8.331,4.17,86.344,4236.859,88.148
16.263,7.112,6.344,1.995,81.241,4208.665,88.408
460.424,8.606,7.762,3.76,19.194,4001.298,87.403
308.325,9.356,7.095,0.792,93.402,4121.525,88.088
398.269,7.846,6.735,2.857,63.175,3969.968,86.422
240.761,6.528,8.133,4.59,50.179,4107.169,87.528
58.654,4.336,7.141,2.292,20.886,4497.003,91.062
62.593,1.121,7.458,1.388,73.289,4673.131,91.335
342.783,7.097,7.108,0.946,92.159,4205.6,88.264
215.153,9.927,6.203,4.366,7.43,3864.918,86.553
100.262,7.368,7.487,1.575,52.554,4367.644,90.361
245.797,0.167,7.047,4.888,87.836,4209.002,86.262
32.104,4.963,6.217,1.615,95.3,4305.387,88.59
290.986,6.146,7.49,2.664,8.142,4313.407,89.897
134.497,6.897,6.025,2.561,79.314,4075.656,87.032
398.78,7.197,6.521,0.779,28.859,4257.255,89.443
155.181,5.581,7.953,2.893,54.609,4340.077,89.529
227.61,2.234,6.095,3.527,78.59,4174.129,86.625
5.81,9.422,7.617,3.84,54.968,4093.767,88.215
36.223,6.967,8.374,2.852,11.896,4462.024,91.591
196.247,2.368,6.428,4.157,59.463,4191.665,87.033
239.969,3.223,7.043,3.884,12.663,4309.362,88.934
300.01,9.219,7.439,1.373,35.397,4224.823,89.66
145.831,8.875,7.126,2.307,56.265,4152.695,88.627
347.491,4.051,7.551,1.142,99.15,4366.314,88.887
430.061,0.383,7.01,1.1,72.966,4510.867,89.494
389.925,0.485,6.371,3.705,31.027,4285.403,87.689
19.809,2.839,6.223,2.887,87.779,4306.133,88.035
240.253,6.291,7.861,3.204,23.389,4284.218,89.496
52.465,5.842,6.597,3.795,39.015,4183.813,88.201
121.023,6.338,8.119,1.748,65.055,4429.571,90.547
493.331,7.173,7.858,2.306,41.646,4166.546,88.401
71.248,0.19,6.124,3.231,73.228,4397.706,88.302
249.444,1.051,6.503,0.935,65.41,4548.735,90.149
309.078,3.595,6.73,4.249,67.061,4079.721,86.205
351.232,1.549,7.486,2.046,42.606,4505.81,90.097
279.824,0.753,8.025,3.464,6.458,4565.53,90.817
4.885,6.41,6.151,4.98,87.398,3919.358,85.242
163.231,8.153,6.624,2.639,8.328,4192.549,89.288
258.856,7.526,6.941,1.468,46.939,4247.661,89.265
43.933,8.17,6.458,1.474,30.892,4306.179,90.204
175.313,6.659,7.363,0.772,30.337,4477.895,91.473
16.602,7.353,7.195,3.952,23.436,4201.469,88.986
39.289,2.718,6.791,1.82,27.894,4585.759,91.394
198.462,9.93,7.292,1.277,95.579,4114.603,88.169
66.358,1.832,6.89,3.712,97.233,4298.564,87.563
283.77,2.145,6.858,1.891,57.522,4432.512,89.393
344.732,2.889,6.663,3.202,52.941,4223.429,87.572
400.293,9.753,7.351,2.38,5.788,4097.699,88.845
100.075,9.883,7.11,2.004,80.57,4105.339,88.213
83.741,7.949,6.491,2.702,17.885,4203.751,89.243
52.284,6.291,6.032,1.912,15.116,4341.132,90.147
318.215,5.201,6.377,4.418,42.983,3990.873,86.039
353.238,9.706,6.107,0.829,35.407,4095.098,88.509
15.793,6.956,7.079,0.636,10.567,4567.489,92.656
468.106,9.447,6.563,2.329,15.645,3985.688,87.535
25.986,3.166,7.051,1.278,99.241,4507.583,90.033
270.648,3.338,6.824,3.847,73.748,4147.979,86.744
354.53,8.547,7.345,2.09,60.257,4100.317,87.965
435.485,1.499,7.81,1.676,31.058,4558.534,90.724
357.043,9.459,7.198,2.117,43.416,4069.79,88.102
400.864,5.075,6.155,1.488,63.17,4186.214,87.753
169.725,9.264,6.044,1.848,78.644,4014.177,87.135
407.413,3.368,6.533,3.056,94.695,4086.223,85.926
40.057,7.16,7.062,4.388,13.145,4163.128,88.648
447.408,4.829,6.112,2.169,19.973,4189.248,88.141
273.796,6.268,6.819,1.943,57.19,4222.952,88.538
408.649,5.044,8.218,4.018,93.911,4075.619,86.33
226.159,9.671,6.225,0.601,45.802,4174.172,89.185
321.789,6.921,8.371,1.859,63.761,4316.726,89.606
263.201,2.513,8.142,2.535,30.079,4543.273,90.886
365.795,9.097,8.079,3.203,81.362,3987.187,86.787
40.815,2.94,8.159,1.202,60.921,4706.423,92.337
30.176,3.716,6.2,2.448,38.799,4396.739,89.694
123.552,1.021,6.378,3.048,54.72,4410.68,88.866
79.772,9,6.336,2.796,69.781,4024.549,87.248
435.892,2.861,6.278,3.085,22.138,4213.985,87.777
109.607,2.589,6.819,3.481,34.803,4379.98,89.229
487.933,9.203,8.076,2.207,25.801,4131.138,88.814
168.448,8.055,6.63,0.786,96.056,4205.255,88.509
91.059,1.411,6.611,0.75,5.254,4759.478,92.965
394.849,7.693,7.69,4.364,6.588,4037.288,87.615
329.354,9.13,6.242,3.548,36.218,3875.763,86.135
249.098,0.785,6.901,3.939,54.265,4323.853,87.931
277.682,8.252,6.739,4.68,33.561,3887.324,86.013
359.601,5.474,8.118,3.877,85.836,4098.897,86.773
114.227,6.692,7.286,3.615,17.769,4239.839,89.228
498.167,4.929,7.616,3.451,37.098,4146.82,87.576
487.397,6.978,6.323,1.664,49.307,4074.686,87.347
325.163,0.341,8.322,4.808,21.014,4429.788,89.19
99.771,7.627,6.806,2.939,29.719,4196.016,88.951
340.114,0.333,7.767,1.499,94.794,4550.46,89.657
36.099,4.553,8.387,1.444,52.502,4643.53,92.276
15.326,1.51,7.272,4.169,87.097,4352.953,88.111
128.841,8.236,7.269,1.626,27.667,4332.748,90.522
231.311,3.137,6.293,0.686,61.625,4464.935,89.974
434.136,4.541,6.976,2.428,76.561,4157.546,87.172
363.585,4.288,8.131,4.178,42.737,4213.667,87.996
371.353,7.725,6.338,2.365,62.847,3999.658,86.686
212.747,4.811,8.294,4.116,86.459,4197.917,87.558
172.967,7.89,7.668,4.222,14.938,4133.744,88.555
185.519,0.735,7.052,4.36,36.119,4367.519,88.535
493.825,1.916,7.366,3.15,82.566,4213.777,86.887
20.055,5.515,6.376,3.648,23.859,4239.35,88.81
433.516,9.471,6.544,1.678,56.055,3984.122,87.122
289.338,0.748,6.716,0.949,44.364,4605.963,90.84
219.308,0.431,6.962,2.898,66.825,4441.615,88.877
362.629,1.566,8.289,0.548,67.133,4680.264,91.601
243.334,6.412,6.919,2.596,58.27,4173.527,88.076
436.712,3.99,7.31,0.959,94.731,4327.702,88.527
450.351,8.256,6.405,0.988,18.357,4167.051,88.964
210.86,0.719,7.84,4.419,83.674,4333.397,87.713
138.414,1.964,7.401,3.382,49.452,4435.518,89.45
296.175,3,7.1,3.404,66.519,4238.482,87.62
456.182,6.267,8.368,2.32,28.101,4307.124,89.67
105.331,6.852,8.227,2.36,10.367,4470.713,91.659
311.483,1.242,7.649,1.864,77.993,4504.65,89.639
315.78,9.438,8.305,2.455,25.923,4203.353,89.606
366.557,3.41,7.412,3.142,39.639,4293.911,88.566
65.784,7.132,8.067,1.34,5.705,4571.883,92.801
357.912,5.242,7.024,1.678,65.37,4262.807,88.547
454.516,2.228,6.217,2.726,69.057,4172.295,86.701
89.842,8.462,8.485,2.232,90.264,4276.823,89.404
118.772,8.182,6.414,4.188,89.211,3875.712,85.32
485.698,3.961,6.629,4.198,70.808,3960.617,85.086
90.488,5.886,6.408,2.012,32.891,4334.25,89.779
427.193,2.578,6.844,2.529,38.088,4312.827,88.521
246.139,6.899,6.723,4.895,38.788,3937.283,86.055
123.616,3.09,7.503,4.224,13.834,4383.923,89.628
435.375,8.441,8.491,1.47,94.781,4172.778,88.312
222.653,2.174,6.131,1.761,81.998,4353.009,88.362
257.409,0.148,7.946,0.876,15.382,4840.175,93.292
179.617,2.685,6.32,3.55,94.7,4163.515,86.494
296.475,1.911,6.05,1.926,84.479,4299.634,87.725
81.762,5.083,7.596,2.915,91.966,4289.219,88.497
195.541,2.037,8.183,3.957,29.279,4464.485,89.963
484.706,7.632,6.441,4.262,34.221,3825.468,85.202
129.067,2.414,6.854,1.964,47.523,4508.726,90.336
328.368,7.07,6.422,1.568,23.196,4221.366,89.103
162.595,5.785,8.266,4.318,47.077,4230.099,88.566
386.737,9.862,6.676,2.216,1.911,4055.703,88.497
65.437,9.999,7.112,4.199,87.876,3882.858,85.95
484.911,8.695,8.237,1.174,17.067,4294.939,90.387
226.895,7.6,7.382,4.604,50.584,3983.251,86.607
118.025,3.865,8.332,2.674,92.954,4427.657,89.506
36.748,7.533,8.316,1.266,82.277,4445.485,90.892
84.879,9.567,7.154,2.908,77.836,4048.17,87.573
259.887,0.234,7.456,4.415,60.939,4340.578,87.867
168.502,5.379,6.576,2.252,44.191,4290.792,89.08
414.442,2.18,8.476,1.301,45.158,4610.971,91.312
215.444,5.579,6.696,3.095,9.61,4254.25,89.12
124.357,4.664,7.958,4.255,7.414,4360.087,89.926
308.572,5.758,6.782,1.046,84.5,4262.462,88.507
353.389,5.51,6.783,0.686,41.457,4374.538,89.984
83.521,9.601,6.26,0.753,6.348,4316.124,90.978
83.81,5.522,7.4,1.537,66.642,4434.971,90.34
18.336,8.462,6.612,0.533,68.647,4338.344,90.236
368.201,3.198,6.371,2.429,23.517,4303.152,88.756
331.902,4.381,6.567,3.64,41.661,4124.355,87.141
237.315,4.704,6.628,3.697,57.769,4123.665,87.07
422.085,2.787,7.26,3.365,60.032,4219.03,87.426
402.835,3.798,6.965,1.833,51.6,4318.677,88.81
292.677,5.985,6.189,3.812,37.055,4017.995,86.605
434.136,5.802,7.34,3.094,7.813,4201.8,88.68
102.921,6.364,7.969,4.375,3.206,4283.316,89.71
55.96,3.518,7.436,2.651,46.494,4481.58,90.406
134.875,3.158,8.436,1.311,21.091,4745.033,93.187
28.543,6.116,6.248,3.356,93.91,4081.292,86.709
265.585,1.329,8.053,1.179,64.401,4659.409,91.349
468.303,2.53,7.264,4.834,58.965,4064.41,85.814
19.672,0.421,7.304,3.665,41.249,4550.523,90.219
61.055,0.726,7.298,3.903,33.623,4505.351,89.935
226.1,2.434,6.813,3.557,18.801,4353.316,89.075
466.938,0.195,6.811,0.939,6.954,4630.095,91.29
158.078,2.454,7.58,2.594,63.815,4469.201,89.79
253.617,6.55,6.112,3.431,78.141,3957.476,85.758
20.786,0.611,7.472,1.532,85.919,4681.203,91.136
74.172,4.367,7.811,3.558,72.706,4324.505,88.828
493.315,9.131,6.891,4.189,89.798,3687.325,83.715
482.559,7.913,6.543,1.737,98.298,3947.103,85.862
2.47,3.054,6.533,1.398,96.205,4467.161,89.626
475.906,9.248,6.205,4.474,59.631,3653.421,83.712
319.56,3.296,6.224,0.523,23.196,4499.097,90.748
433.959,0.725,6.417,1.651,11.529,4500.29,90.105
227.37,9.941,6.048,2.33,99.399,3862.254,85.611
257.798,8.7,6.666,3.525,31.531,3987.07,87.165
244.423,4.659,6.766,4.987,4.363,4114.018,87.494
333.432,6.664,8.488,2.169,39.714,4352.606,90.128
69.826,6.712,8.479,4.77,75.062,4150.307,87.766
14.987,1.945,6.468,2.15,89.189,4448.601,89.178
153.965,2,6.533,3.63,48.279,4316.705,88.284
352.34,4.696,7.23,1.244,30.109,4427.383,90.381
100.927,9.116,6.372,2.572,78.062,4017.639,87.13
336.716,0.1,7.26,4.421,50.873,4308.836,87.61
484.956,7.825,6.998,1.94,9.517,4153.085,88.783
46.95,0.575,6.812,0.973,88.887,4653.802,90.822
336.301,4.782,8.057,2.852,65.925,4281.319,88.589
221.875,6.379,8.07,2.478,4.644,4420.076,91.068
434.071,6.868,8.47,1.533,1.897,4429.471,91.336
88.575,0.585,6.558,4.575,9.684,4405.349,89.132
346.313,4.186,8.221,3.208,82.374,4254.105,87.973
419.058,5.838,7.345,2.062,48.649,4229.487,88.56
472.307,0.66,7.479,4.983,34.195,4212.04,86.977
341.624,1.351,8.241,1.119,25.68,4722.449,92.373
248.587,6.636,8.357,4.316,51.179,4145.603,87.935
308.924,5.216,7.817,1.538,9.221,4494.199,91.415
434.452,1.618,6.87,1.578,62.101,4406.84,88.933
285.305,5.352,7.224,2.742,38.672,4260.627,88.825
15.194,9.127,7.538,3.479,85.986,4069.976,87.578
465.474,0.156,8.072,3.607,75.688,4354.544,87.835
344.763,6.426,7.645,0.6,2.818,4505.194,91.952
338.257,0.737,6.914,1.791,17.483,4571.356,90.76
107.838,0.064,7.045,3.473,47.929,4504.196,89.582
329.443,1.507,6.126,4.504,66.209,4089.761,85.687
196.932,4.229,8.311,3.515,71.797,4326.102,88.812
325.616,8.023,6.22,1.696,81.808,4024.787,86.837
53.297,2.818,7.45,2.785,5.873,4587.199,91.659
328.923,6.257,8.179,3.414,2.83,4293.546,89.784
499.707,4.112,7.052,1.109,60.45,4317.982,88.809
24.106,2.343,8,2.952,72.659,4530.287,90.279
488.587,5.142,8.01,2.622,78.883,4179.521,87.549
203.454,7.975,6.15,2.015,16.416,4180.179,89.03
435.377,8.325,7.03,3.306,96.905,3844.7,84.975
391.193,8.465,7.728,3.363,23.713,4070.176,88.004
283.508,3.386,7.056,4.872,25.783,4155.829,87.316
369.225,7.935,7.363,2.427,16.275,4179.665,89.014
439.258,2.122,7.486,2.891,5.281,4423.263,89.816
202.07,7.384,6.378,1.209,81.163,4184.358,88.247
163.517,9.484,7.03,2.968,1.559,4147.164,89.301
333.797,0.137,6.071,0.662,46.914,4573.278,90.305
403.923,4.404,6.374,1.174,10.105,4377.609,89.996
381.143,6.478,7.281,1.271,5.435,4375.676,90.646
398.907,7.018,7.434,3.347,93.531,3971.306,85.883
217.792,1.761,6.366,3.053,82.715,4268.907,87.39
408.917,9.722,7.889,4.091,40.093,3909.052,86.606
60.105,6.153,6.932,2.59,46.401,4303.781,89.42
272.245,1.643,8.302,2.637,86.943,4474.298,89.367
2.879,0.205,6.969,1.227,79.887,4702.741,91.29
162.293,7.833,6.375,3.842,69.47,3941.519,86.07
183.231,0.797,7.895,0.516,54.12,4798.141,92.679
198.086,1.411,7.42,2.412,61.174,4508.832,89.9
347.734,5.748,6.967,1.347,39.942,4320.759,89.533
194.279,6.035,6.89,3.97,53.282,4086.579,87.143
224.347,6.869,6.377,3.53,54.43,4020.189,86.718
118.772,3.935,6.852,3.68,86.619,4187.781,87.192
186.626,7.739,6.073,1.169,22.647,4264.92,89.744
113.635,9.744,7.256,3.51,25.416,4079.806,88.467
36.598,2.711,8.242,3.609,21.883,4565.667,91.251
301.724,7.03,7.988,0.512,58.338,4428.594,90.812
334.106,9.285,6.071,1.929,69.821,3943.281,86.52
309.745,6.863,8.203,0.893,24.612,4483.796,91.651
231.747,6.811,7.131,3.566,68.019,4063.987,87.003
189.893,2.238,6.477,1.454,63.181,4469.079,89.73
431.667,5.351,7.881,1.691,32.787,4370.034,89.978
259.541,5.625,6.807,0.852,23.752,4436.934,90.819
239.591,7.001,6.633,2.677,88.299,4049.159,86.709
12.821,9.968,6.403,0.649,57.397,4255.849,89.975
170.624,0.336,7.217,4.305,70.686,4347.633,87.87
190.098,0.652,6.233,0.619,92.609,4548.601,89.756
199.411,0.78,7.964,0.777,21.334,4837.316,93.394
290.086,7.43,7.177,3.382,35.705,4091.543,87.787
266.801,1.364,7.117,4.626,44.011,4259.525,87.564
303.953,6.225,6.005,4.515,24.057,3937.694,86.004
382.442,3.247,8.045,0.876,84.202,4494.874,90.081
406.493,4.573,7.232,1.798,9.257,4392.988,90.209
359.062,2.157,7.1,2.845,24.677,4388.791,89.288
477.762,8.661,7.903,0.62,19.912,4316.607,90.565
9.116,5.862,6.157,2.879,95.386,4139.431,87.199
97.889,9.446,6.917,2.515,63.108,4092.733,88.13
3.781,5.746,7.439,3.148,71.905,4296.149,88.966
323.737,1.239,7.151,4.641,11.734,4303.713,88.292
449.015,1.709,6.454,1.736,20.207,4421.474,89.525
121.741,9.891,6.748,3.376,81.179,3919.46,86.35
463.517,7.256,6.751,2.434,57.205,4022.674,86.831
30.134,0.493,8.48,2.458,5.467,4851.544,93.609
467.218,7.038,6.815,3.413,57.001,3940.775,85.949
175.811,4.122,6.513,4.781,48.063,4083.076,86.587
50.71,3.072,8.057,4.384,16.216,4455.904,90.319
242.936,1.541,7.053,3.378,59.701,4349.607,88.361
128.388,8.399,7.11,2.577,18.208,4232.712,89.665
142.436,0.638,7.372,2.408,81.334,4530.62,89.684
153.645,2.898,7.489,4.042,62.23,4298.511,88.232
401.513,3.064,7.476,1.482,87.26,4370.972,88.756
269.581,1.609,6.086,3.144,43.042,4292.848,87.981
155.654,5.082,8.047,2.772,51.68,4392.202,89.93
305.167,0.117,6.487,3.422,76.298,4295.474,87.227
358.075,3.01,6.731,1.343,55.081,4399.058,89.343
136.312,9.336,6.434,3.631,57.626,3930.043,86.525
206.775,3.105,7.918,3.321,55.781,4389.406,89.268
60.943,3.605,7.459,1.311,49.64,4604.867,91.634
90.575,4.732,7.888,2.523,80.764,4393.096,89.543
340.559,5.617,7.633,3.554,49.036,4158.773,87.782
90.719,8.087,6.26,4.557,90.179,3840.247,84.927
262.582,1.903,6.754,1.049,81.053,4481.873,89.579
354.523,8.717,7.268,0.539,69.552,4220.646,89.126
53.438,7.575,6.762,1.243,89.967,4266.489,89.038
283.656,7.227,6.518,4.952,54.172,3845.155,85.078
128.281,0.868,8.175,3.958,82.362,4449.419,88.931
481.463,0.216,7.869,3.265,24.94,4459.047,89.406
241.773,5.94,6.863,1.099,8.225,4442.107,91.121
402.996,8.631,7.913,2.372,68.815,4083.337,87.735
275.113,5.844,7.569,3.719,30.859,4193.531,88.38
21.706,2.132,6.009,4.531,63.826,4202.676,87.028
316.576,0.905,6.951,2.218,8.662,4552.373,90.709
475.702,6.996,6.726,4.999,95.609,3693.894,83.082
300.806,7.218,6.545,1.129,51.996,4226.315,88.908
409.594,1.725,6.629,2.241,1.943,4443.827,89.936
442.103,0.282,8.356,4.439,48.132,4360.252,88.206
114.04,4.083,7.216,3.425,79.182,4259.591,88.029
106.022,5.827,8.119,4.149,86.657,4179.329,87.675
305.49,7.06,6.536,4.585,46.665,3895.968,85.611
205.514,8.099,6.436,2.783,13.468,4130.644,88.602
419.931,6.105,8.222,1.556,90.711,4269.905,88.624
450.012,1.109,7.239,3.622,98.136,4185.04,86.202
176.711,6.826,8.238,3.036,7.256,4376.064,90.736
118.435,9.842,6.158,3.977,8.729,3949.302,87.358
390.263,9.056,8.291,2.803,56.994,4086.926,88.016
137.403,8.717,7.039,4.15,53.856,3976.613,86.843
411.307,3.022,6.388,4.559,59.277,4007.642,85.39
211.869,7.508,7.708,3.873,32.394,4137.416,88.303
333.775,8.511,7.992,3.846,5.984,4110.174,88.595
47.768,6.783,6.118,3.142,58.455,4117.652,87.627
311.93,2.506,8.468,2.622,15.993,4571.328,91.305
225.884,9.538,7.743,4.877,34.785,3927.164,86.785
293.304,4.508,6.804,3.403,58.662,4150.663,87.272
84.007,1.298,6.378,4.282,21.64,4359.476,88.768
368.437,1.098,6.981,2.774,54.704,4372.184,88.504
431.399,6.475,6.551,2.997,71.757,3972.482,85.95
108.37,4.377,7.235,3.483,7.512,4387.174,90.11
47.857,0.945,7.955,3.778,62.328,4521.799,89.878
11.819,7.404,7.65,2.518,51.434,4334.313,90.05
320.986,7.993,7.09,2.103,10.647,4217.193,89.463
303.547,7.254,6.297,1.577,70.928,4115.659,87.624
273.349,2.023,8.393,2.406,31.778,4597.288,91.262
115.974,6.898,6.676,1.451,19.047,4381.566,90.695
195.453,0.107,6.695,2.375,28.963,4570.902,90.452
297.238,3.051,7.614,4.436,55.074,4206.456,87.429
248.383,3.988,7.926,4.897,58.426,4162.492,87.237
493.893,8.352,8.46,3.097,17.795,4136.181,88.69
68.22,3.904,8.423,1.157,93.727,4609.827,91.332
347.572,0.113,8.284,2.424,33.565,4639.488,91.093
202.159,3.523,7.088,3.209,27.561,4355.52,89.337
214.1,4.989,6.417,2.168,19.486,4329.337,89.595
358.799,9.49,7.461,1.423,12.932,4224.031,89.958
346.218,9.41,6.043,1.521,98.226,3912.165,85.962
495.628,1.809,6.491,2.633,67.798,4211.948,86.984
64.197,1.851,6.006,1.474,78.916,4470.736,89.474
52.055,1.634,6.451,1.623,40.747,4593.636,91.019
362.169,7.889,7.187,4.429,42.046,3916.163,86.108
289.193,0.06,6.983,4.006,98.702,4252.742,86.558
137.08,1.272,6.923,0.749,20.868,4743.568,92.609
39.71,5.38,8.077,1.941,33.366,4558.091,91.861
42.829,2.476,7.687,2.894,20.321,4593.542,91.475
447.095,0.924,8.341,0.773,28.98,4729.149,92.279
95.934,3.599,7.113,3.574,66.694,4292.615,88.339
161.686,2.742,6.681,2.23,31.583,4463.945,90.146
113.328,5.111,6.307,2.287,87.677,4214.371,87.8
177.498,9.792,7.68,1.694,5.816,4308.611,90.966
34.712,1.243,8.104,2.003,36.117,4758.424,92.596
259.53,3.727,6.459,4.378,86.21,4019.626,85.452
33.806,9.32,8.197,4.049,62.516,4106.888,88.24
400.178,8.769,7.316,4.711,77.325,3767.296,84.53
116.856,3.943,6.36,3.645,33.041,4249.826,88.351
270.006,6.99,7.607,3.1,37.561,4191.072,88.632
440.04,0.879,7.3,1.667,88.935,4421.53,88.59
325.439,7.125,6.07,3.501,75.208,3887.555,85.261
266.479,9.729,6.998,4.578,39.042,3844.288,85.971
162.167,5.375,7.962,0.811,22.32,4620.604,92.595
166.501,4.985,7.389,2.494,11.523,4433.933,90.72
334.743,1.873,6.705,1.172,86.321,4419.625,88.895
497.07,6.338,8.322,4.148,70.067,4011.82,86.319
330.92,5.904,6.594,3.263,61.127,4050.168,86.662
278.892,6.519,6.632,4.458,77.882,3896.165,85.139
365.325,0.261,6.887,0.784,91.584,4531.393,89.476
232.603,5.487,8.236,4.576,76.397,4122.598,87.108
30.071,5.949,7.269,0.802,42.645,4548.874,91.847
281.148,2.075,7.705,1.794,18.471,4609.842,91.536
478.813,2.083,8.441,1.203,71.669,4536.882,90.277
87.651,2.762,7.958,1.154,25.425,4747.615,93.051
345.002,7.117,6.432,1.273,78.479,4130.579,87.656
100.467,6.063,7.971,2.661,34.534,4408.555,90.559
267.914,8.458,7.871,4.03,16.52,4094.242,88.315
48.338,2.957,6.582,4.542,26.21,4279.511,88.42
225.185,9.121,6.813,3.051,27.397,4052.822,87.99
378.082,7.437,7.775,1.21,38.501,4318.647,90.033
173.786,3.95,6.596,0.856,26.472,4536.62,91.287
332.456,0.953,6.52,2.724,23.33,4419.169,89.244
397.725,2.57,7.759,3.944,39.783,4274.526,88.118
463.589,9.568,8.201,3.291,86.942,3907.014,86.071
117.321,3.104,6.188,3.123,7.975,4376.71,89.618
199.658,3.299,7.115,0.717,30.328,4614.372,91.83
76.208,1.896,7.518,2.352,56.669,4570.363,90.706
496.242,8.069,7.691,2.977,87.574,3944.703,85.992
463.5,2.756,8.49,3.192,29.129,4401.987,89.556
269.979,3.303,7.707,0.522,35.525,4647.34,92.109
421.017,4.143,7.55,1.398,79.997,4337.562,88.819
260.479,4.337,8.474,4.774,37.879,4247.168,88.394
311.793,4.113,6.152,2.789,85.304,4104.103,86.422
44.562,5.037,6.186,3.666,46.072,4185.674,87.907
377.635,8.145,7.402,1.887,57.341,4140.731,88.277
63.857,8.193,6.897,3.134,56.527,4121.623,88.109
413.034,7.983,6.242,2.104,12.811,4082.468,88.092
391.014,1.011,6.766,1.836,36.139,4474.633,89.688
354.372,7.997,7.686,2.351,24.917,4206.6,89.216
18.08,1.203,8.202,2.569,68.619,4656.827,91.243
151.564,1.247,6.236,1.99,93.431,4399.559,88.435
131.556,9.479,7.35,1.661,22.03,4285.172,90.475
180.068,8.194,6.74,3.307,10.035,4123.507,88.593
43.821,5.524,7.668,2.213,51.152,4445.081,90.597
468.479,8.75,7.374,1.408,39.693,4145.431,88.682
276.901,9.894,8.317,3.913,4.536,4098.207,88.905
152.762,6.106,6.094,3.757,92.241,3967.554,85.585
198.491,6.129,7.175,4.491,94.075,3974.598,85.644
223.601,7.544,6.482,2.998,85.191,3989.035,86.302
300.297,2.321,7.342,1.757,28.771,4534.688,90.756
257.84,1.671,8.134,4.387,13.12,4436.003,89.73
459.696,7.596,8.278,1.761,59.657,4222.741,88.91
248.482,3.449,6.996,3.45,28.87,4300.105,88.747
496.079,1.351,8.029,1.357,20.97,4609.753,91.293
425.712,3.149,6.701,3.331,64.489,4137.725,86.677
104.255,3.586,6.016,4.284,75.287,4091.17,86.235
465.298,9.652,8.138,2.93,53.201,3999.17,87.355
58.183,6.98,6.299,2.619,32.679,4224.523,89.012
408.725,5.309,6.044,4.971,51.74,3834.07,84.416
190.312,9.689,6.884,0.601,60.374,4228.006,89.583
438.987,9.031,6.948,1.993,6.137,4112.228,88.77
434.028,5.12,6.193,4.634,44.938,3893.046,85.017
402.963,9.057,8.035,3.392,60.235,3989.566,87.01
395.015,4.043,7.014,2.939,13.819,4280.156,88.876
152.34,2.304,7.225,3.37,45.435,4403.27,89.27
40.46,2.327,6.662,1.949,35.326,4564.062,90.985
201.49,6.623,7.279,0.82,86.921,4340.107,89.519
86.762,5.011,7.917,1.738,49.449,4525.052,91.259
347.476,6.59,8.265,2.014,43.201,4335.507,89.9
173.05,6.861,8.426,2.659,25.144,4396.842,90.775
487.805,0.223,7.067,2.273,95.79,4332.784,87.437
320.486,0.54,8.475,2.845,96.155,4483.485,89.035
411.24,5.327,6.737,1.382,37.309,4288.926,89.114
66.262,1.91,6.017,1.328,92.975,4454.323,89.187
431.007,6.325,7.919,2.083,62.241,4227.38,88.549
461.379,5.522,6.446,2.632,78.324,4018.008,86.053
243.531,5.858,6.131,2.038,9.895,4274.901,89.407
303.126,3.025,8.31,3.095,3.11,4512.539,91.002
382.405,6.398,7.98,1.895,51.894,4293.538,89.336
87.419,8.295,6.257,1.297,8.515,4320.454,90.608
251.283,9.981,7.942,4.383,89.278,3852.721,85.629
199.332,8.384,8.11,1.403,82.195,4287.451,89.568
73.187,5.575,8.263,4.85,71.768,4182.457,87.779
183.767,1.934,7.359,4.943,4.108,4344.777,88.987
34.086,6.814,7.759,3.636,46.375,4261.775,89.198
12.906,9.377,7.906,2.759,8.731,4321.917,90.945
67.583,2.119,7.722,4.079,92.936,4338.625,88.092
481.558,2.56,7.617,4.429,61.649,4126.692,86.418
274.765,1.49,7.369,3.693,16.497,4422.693,89.509
482.911,7.367,7.198,0.959,56.5,4201.062,88.656
216.249,4.066,8.49,0.513,12.735,4760.812,93.7
155.908,0.627,6.844,1.364,15.422,4707.889,92.113
253.071,8.749,6.221,1.348,9.015,4205.188,89.587
219.756,5.577,7.913,1.321,87.301,4395.81,89.758
52.832,3.311,6.535,2.794,55.022,4372.05,89.164
320.413,3.44,7.332,2.84,33.462,4350.012,89.197
108.019,2.903,6.24,3.754,1.067,4347.321,89.333
309.794,4.555,7.548,1.407,47.73,4436.062,90.25
325.101,3.37,8.36,0.917,51.765,4609.705,91.591
76.012,5.479,7.807,3.497,34.32,4350.316,89.804
30.675,7.735,6.536,2.678,48.948,4185.843,88.689
390.381,6.745,8.428,3.498,10.972,4238.576,89.299
229.9,2.945,6.768,2.213,92.284,4308.692,88.047
29.082,5.287,7.092,3.879,26.576,4289.233,89.213
497.433,8.401,7.245,3.572,94.901,3808.777,84.659
28.89,0.682,8.477,3.427,49.795,4656.888,91.276
347.518,0.783,6.172,0.624,85.816,4470.278,89.08
491.839,5.562,7.742,4.362,58.143,3997.735,86.064
119.59,6.391,6.905,2.195,84.597,4222.463,88.296
71.125,2.114,6.196,1.11,2.004,4663.278,92.247
60.692,7.452,8.338,3.9,19.461,4301.865,90.06
151.638,6.463,7.475,2.689,36.037,4307.527,89.654
50.523,9.233,7.884,0.644,30.317,4476.436,92.231
346.081,1.69,6.601,4.018,94.726,4111.284,85.672
31.146,7.514,7.904,2.458,40.072,4373.214,90.586
254.711,0.836,8.071,3.897,97.239,4353.747,87.816
498.348,5.653,7.077,3.9,65.45,3954.97,85.591
406.985,5.519,7.43,0.95,83.72,4301.139,88.83
307.61,3.884,8.43,3.26,39.992,4389.036,89.656
153.127,8.446,8.117,2.121,19.818,4361.137,90.947
311.948,0.044,7.112,2.959,5.995,4545.182,90.405
263.521,5.202,7.661,0.898,65.984,4452.479,90.425
213.042,2.172,7.961,3.147,97.208,4371.861,88.398
65.355,7.435,6.061,3.999,12.707,4076.347,87.867
443.302,0.431,7.471,4.941,77.404,4155.033,85.905
224.892,8.316,8.461,1.941,37.097,4349.59,90.62
97.311,8.381,8.368,1.198,99.353,4350.582,90.027
183.88,8.329,8.081,2.147,87.134,4210.815,88.735
207.065,1.526,6.266,0.587,23.846,4640.359,91.623
413.769,6.304,8.485,2.339,76.81,4238.855,88.512
366.807,0.144,7.524,4.616,73.689,4252.854,86.835
384.652,8.48,6.557,1.375,76.578,4048.806,87.266
5.516,7.23,7.686,2.65,9.199,4420.949,91.286
208.077,5.312,8.141,3.077,81.132,4274.573,88.528
240.672,7.306,6.281,1.31,26.882,4257.728,89.5
9.596,0.943,8.291,1.985,59.452,4759.698,92.285
129.907,5.287,8.301,4.601,12.425,4315.809,89.62
380.145,2.913,6.034,1.831,56.254,4272.069,88.032
68.555,9.726,8.251,3.359,90.735,4087.109,87.882
267.655,8.571,8.367,1.116,18.54,4425.609,91.642
107.601,7.333,6.094,3.514,85.649,3966.246,86.006
6.06,9.337,6.735,1.756,44.109,4239.804,89.758
120.601,3.468,6.933,1.541,32.911,4539.665,91.108
487.937,9.009,6.872,1.059,6.653,4173.634,89.372
400.769,3.252,7.898,0.711,53.323,4549.031,90.933
479.788,7.328,6.895,4.855,20.794,3856.109,85.552
243.927,7.364,8.391,2.363,94.07,4224.576,88.514
54.868,0.183,8.487,3.999,24.576,4663.06,91.44
273.98,3.611,6.792,4.64,59.092,4079.461,86.287
227.189,0.194,7.272,1.418,56.295,4649.49,90.99
422.179,9.971,7.394,4.414,34.345,3819.669,85.845
49.041,1.222,7.449,3.686,85.354,4419.912,88.712
244.121,5.428,6.936,3.101,19.141,4251.715,88.954
75.024,7.906,6.415,4.141,81.889,3930.845,85.861
162.338,2.013,6.136,0.998,21.54,4588.959,91.278
368.679,4.851,6.266,1.686,4.871,4321.36,89.62
238.009,6.074,8.253,1.09,94.441,4404.748,89.925
187.944,1.602,6.701,4.532,64.093,4214.647,86.986
197.238,7.786,6.192,0.945,63.417,4210.015,88.802
229.723,2.993,7.559,4.91,27.239,4245.896,88.085
392.508,2.11,6.188,0.995,14.778,4488.054,90.366
446.042,5.583,6.175,3.478,70.9,3925.729,85.223
477.667,4.103,7.554,3.472,52.355,4159.469,87.302
393.452,9.203,7.478,4.691,32.473,3856.973,86.006
157.703,8.801,6.104,1.954,32.362,4131.353,88.63
344.067,4.834,7.151,1.994,89.036,4223.932,87.799
218.802,3.593,7.089,4.308,89.077,4110.923,86.296
127.335,3.255,7.367,4.904,28.188,4263.511,88.33
420.436,2.676,7.845,0.636,79.621,4517.657,90.183
19.213,5.445,6.707,3.359,23.441,4306.044,89.46
450.881,8.05,7.082,1.596,80.988,4058.652,87.192
230.739,3.108,7.982,3.776,13.502,4422.851,90.026
318.601,1.901,8.306,3.977,76.057,4326.453,88.074
329.677,4.755,8.228,3.931,56.013,4215.088,88.017
447.559,0.69,7.194,2.46,12.644,4489.842,89.979
318.335,7.013,7.302,1.21,61.96,4275.48,89.239
306.967,5.184,7.323,3.131,20.048,4266.373,89.018
33.326,4.964,8.172,4.051,20.218,4406.826,90.355
259.204,3.004,8.1,4.605,45.287,4279.098,88.239
75.085,9.047,6.779,2.537,96.464,4041.386,87.163
368.717,0.905,6.407,1.606,89.331,4371.895,88.097
256.111,8.698,6.947,1.035,82.822,4162.663,88.408
340.114,3.767,6.721,4.089,85.263,4034.246,85.62
20.836,8.806,8.377,2.909,50.232,4295.618,90.096
42.396,7.288,6.665,3.534,38.098,4151.322,88.319
358.162,1.042,6.453,1.217,88.515,4415.448,88.582
36.042,8.315,8.249,0.53,9.006,4620.107,93.606
35.628,6.822,6.216,4.854,99.613,3878.079,84.831
6.054,0.323,6.651,4.149,55.745,4419.5,88.734
478.251,1.337,7.098,2.3,54.506,4364.778,88.504
368.754,6.356,7.488,2.557,29.903,4231.064,88.918
176.626,6.626,6.819,4.681,17.866,4058.494,87.394
148.268,7.467,7.241,1.434,68.349,4296.458,89.521
174.852,7.202,6.497,4.113,36.809,4017.267,86.965
387.327,6.595,7.436,0.581,30.942,4400.193,90.671
330.685,7.662,7.02,4.441,17.072,3975.278,86.881
92.598,5.751,8.123,3.152,53.978,4355.34,89.739
87.055,2.608,7.039,2.649,59.242,4446.616,89.656
49.198,9.124,7.11,3.679,44.864,4072.533,88.014
330.151,0.182,7.48,0.804,2.191,4789.035,92.923
382.186,3.666,6.308,1.38,49.676,4319.072,88.794
132.523,7.289,6.392,2.331,27.924,4219.51,89.102
10.472,4.272,7.976,3.28,14.726,4521.254,91.347
41.086,0.248,6.684,1.15,58.179,4703.989,91.533
483.93,0.66,7.712,2.208,67.452,4440.543,88.929
147.722,6.486,6.244,1.674,52.358,4254.059,88.963
384.612,9.649,8.055,3.405,61.815,3966.587,86.942
312.332,5.519,8.471,4.637,61.049,4129.186,87.337
190.97,5.068,6.934,1.247,13.3,4493.269,91.32
102.844,3.183,7.264,1.352,22.365,4635.9,92.09
60.693,2.567,7.107,3.202,1.939,4527.87,91.029
307.506,0.21,8.235,2.541,98.208,4508.781,89.169
387.317,2.73,6.025,3.731,21.911,4155.378,87.154
321.952,4.491,7.634,1.795,81.656,4334.974,88.881
265.151,1.979,7.631,2.952,78.342,4379.688,88.607
20.976,0.873,6.956,2.241,70.796,4575.77,90.312
484.244,7.177,6.548,1.766,45.525,4086.228,87.56
399.357,8.946,6.599,3.782,58.803,3817.143,85.267
146.411,9.368,8.001,4.082,19.447,4111.478,88.731
489.985,6.18,6.165,1.98,11.504,4141.498,88.154
300.941,0.528,7.41,3.303,35.824,4462.112,89.421
291.211,7.409,6.767,1.304,82.733,4164.841,88.044
374.037,1.101,6.663,4.059,56.839,4204.633,86.808
405.885,6.697,7.264,1.766,76.622,4158.81,87.831
328.239,7.794,8.245,1.269,89.142,4265.449,89.101
64.048,7.259,7.545,4.73,56.493,4073.598,87.349
169.134,9.519,7.972,2.401,37.361,4221.804,89.7
464.042,7.381,7.502,3.396,85.712,3938.078,85.738
112.308,6.932,7.744,4.141,23.733,4210.057,88.943
186.084,2.617,7.081,3.588,3.452,4418.521,89.936
216.038,9.248,8.315,3.041,6.017,4244.961,90.164
219.702,1.795,7.255,2.172,58.642,4491.353,89.866
306.47,9.049,7.379,4.633,89.341,3790.242,84.724
471.538,3.127,7.312,1.101,56.863,4415.32,89.523
120.346,1.302,6.79,4.478,41.51,4323.008,88.205
60.751,8.267,6.578,3.694,58.13,4028.401,87.183
98.735,0.025,6.185,3.071,67.439,4425.83,88.591
443.462,8.321,7.795,1.961,76.091,4093.449,87.67
322.905,2.623,6.723,1.157,35.383,4493.224,90.365
142.953,8.847,6.973,2.494,39.302,4155.435,88.815
407.973,6.915,8.3,4.027,3.34,4170.883,88.75
430.685,6.662,7.416,3.854,65.313,3977.162,86.117
423.257,3.653,6.243,3.404,77.896,4033.739,85.654
459.463,0.594,7.999,4.966,51.58,4240.686,87.069
126.121,8.301,6.64,4.877,38.278,3921.693,86.324
377.521,1.709,7.382,2.3,33.982,4465.998,89.833
230.27,3.723,7.275,1.366,64.859,4459.873,90.067
420.999,6.004,6.595,2.587,33.744,4122.627,87.69
364.245,4.823,6.289,4.301,60.309,3955.016,85.394
388.224,1.987,6.528,2.564,92.77,4217.48,86.843
328.081,1.406,6.243,2.012,33.731,4421.332,89.298
88.714,1.232,6.689,3.836,7.763,4463.847,89.931
272.513,8.63,8.493,3.426,87.527,4063.948,87.353
492.335,0.316,7.005,4.859,28.082,4196.499,86.779
468.694,9.77,8.16,2.972,98.868,3898.215,85.925
21.587,1.985,7.373,4.854,84.172,4273.53,87.489
82.407,1.103,7.666,1.809,43.263,4702.834,91.927
65.864,5.77,6.391,4.392,63.191,4052.115,86.62
362.99,0.8,6.687,2.079,28.476,4482.344,89.779
408.893,6.025,7.276,4.144,9.333,4088.918,87.603
106.756,8.506,8.203,4.667,53.055,4068.792,87.709
252.926,0.479,6.107,3.304,43.042,4343.789,88.151
420.352,7.999,7.267,3.778,97.022,3844.729,84.877
366.401,3.945,6.128,4.814,60.148,3930.63,84.888
271.119,1.595,7.142,2.188,74.968,4430.145,89.03
295.174,1.761,7.572,2.802,14.389,4512.591,90.51
254.18,9.188,7.862,4.542,72.643,3900.191,86.032
148.774,1.106,6.346,3.528,6.577,4439.022,89.656
282.511,8.668,6.416,4.431,61.693,3800.495,84.988
344.443,5.442,7.175,3.282,84.016,4076.926,86.562
436.661,0.391,8.495,3.829,48.823,4431.124,88.94
318.146,4.645,6.89,0.559,22.293,4497.236,91.143
380.561,8.174,7.069,2.029,44.926,4115.171,88.155
80.036,7.262,7.081,3.967,84.271,4039.761,86.734
230.779,4.888,6.202,2.318,71.725,4185.141,87.601
4.666,8.6,7.935,2.133,60.939,4326.026,90.231
123.339,1.204,6.633,4.782,69.69,4223.845,86.903
363.231,9.099,7.759,2.986,83.585,3973.513,86.629
495.905,8.464,7.188,1.366,16.034,4178.909,89.168
49.589,7.083,7.529,2.625,84.35,4242.809,88.709
200.747,8.179,6.135,2.834,80.852,3959.069,86.236
400.035,5.438,8.225,4.949,48.271,4059.094,86.74
102.018,6.752,6.61,3.732,40.885,4117.405,87.791
277.542,5.606,7.675,2.837,93.323,4178.076,87.529
366.536,3.554,7.995,2.444,82.122,4329.882,88.544
307.993,5.689,7.35,4.62,98.878,3936.854,85.086
94.012,2.575,6.843,3.407,64.534,4338.854,88.516
177.692,4.403,8.445,2.102,4.121,4617.009,92.45
391.896,2.808,6.696,2.591,16.235,4341.721,89.097
277.113,1.229,8.372,1.752,82.211,4597.587,90.522
2.615,3.219,6.391,4.822,64.26,4166.104,86.984
380.495,8.52,6.973,3.659,20.607,3973.976,87.09
17.656,3.811,6.346,2.265,2.182,4504.358,91.165
372.867,7.48,6.006,1.324,27.026,4153.627,88.51
101.24,1.752,6.651,1.297,14.619,4667.949,92.059
479.037,4.244,6.218,2.65,87.747,4029.597,85.692
183.97,1.149,8.466,2.604,88.396,4559.976,90.06
163.466,1.386,7.904,2.38,84.391,4532.583,89.898
74.444,6.174,6.009,4.333,10.366,4100.941,87.758
152.802,6.075,6.559,4.906,14.369,4056.399,87.243
438.325,2.134,7.675,2.097,14.417,4503.179,90.528
498.167,4.744,6.996,1.826,26.583,4277.602,88.933
184.155,8.633,8.08,3.965,8.216,4171.249,89.22
224.305,1.742,7.262,2.524,98.175,4378.205,88.323
361.035,0.192,7.634,1.479,85.66,4554.063,89.742
443.098,6.52,7.493,1.314,7.85,4354.591,90.423
296.522,0.535,7.595,1.763,15.224,4677.829,91.787
195.763,9.799,6.575,0.506,26.969,4265.139,90.322
206.311,6.096,6.933,4.736,77.726,3956.26,85.614
347.809,4.704,6.127,2.436,71.696,4116.551,86.86
1.609,4.3,7.469,0.873,63.42,4616.988,91.826
309.795,5.731,7.148,1.242,91.307,4266.537,88.472
177.747,0.906,7.902,1.955,4.592,4751.307,92.739
397.099,9.3,6.516,2.983,16.968,3955.839,87.179
46.495,6.256,7.092,3.667,19.792,4266.878,89.348
294.101,1.84,6.452,1.885,6.905,4503.803,90.521
240.486,5.626,7.535,4.809,62.21,4046.613,86.532
321.163,1.333,8.12,3.921,21.76,4449.137,89.674
32.427,0.176,7.914,4.216,48.781,4547.2,90.037
289.992,6.305,8.36,1.956,68.858,4342.439,89.627
280.742,6.485,8.429,2.214,59.946,4336.994,89.716
280.33,5.837,7.93,2.921,29.723,4309.421,89.548
301.744,1.835,6.717,2.533,42.003,4391.817,89.049
338.234,6.034,6.548,1.67,34.643,4247.747,88.941
402.494,0.565,7.119,4.988,85.394,4112.825,85.444
134.91,6.092,8.485,4.318,42.573,4259.489,88.997
412.525,5.54,7.032,1.571,7.105,4348.591,90.077
249.128,6.553,6.498,4.516,62.317,3921.363,85.556
38.529,8.955,8.361,3.141,20.57,4313.844,90.619
29.275,8.504,6.965,0.557,34.524,4431.961,91.525
167.119,9.807,7.727,2.058,33.442,4226.186,89.869
392.448,9.762,7.97,0.616,8.17,4334.774,91.195
353.84,7.723,8.108,0.895,95.144,4267.925,89.045
394.307,9.564,8.053,1.305,55.159,4189.098,89.209
258.635,8.673,8.091,2.68,16.469,4245.186,89.889
220.099,7.276,7.669,2.216,56.02,4259.453,89.217
73.726,0.754,7.01,1.17,45.706,4717.942,91.949
164.096,0.49,7.668,2.275,35.142,4662.415,91.42
217.01,8.376,8.092,1.87,47.775,4299.377,90.029
44.3,4.897,6.877,2.346,67.292,4351.528,89.311
110.306,8.146,6.741,1.275,20.753,4342.625,90.663
299.113,3.129,6.859,3.244,54.25,4247.041,87.867
367.832,3.976,7.378,0.7,81.486,4422.069,89.599
499.174,7.002,6.131,2.245,23.027,4042.833,87.299
466.557,9.153,7.947,4.527,52.038,3847.027,85.696
321.283,0.878,6.347,2.389,96.608,4298.124,87.278
210.624,8.615,6.332,2.485,80.25,3988.172,86.664
318.089,7.93,6.494,0.806,59.709,4193.843,88.72
392.826,3.155,7.442,3.224,75.162,4217.311,87.368
59.168,3.552,6.714,4.714,53.037,4186.744,87.403
204.952,0.465,6.92,1.812,98.67,4487.75,89.03
419.901,0.157,8.329,2.27,17.749,4652.631,91.396
191.916,4.77,8.118,3.147,72.238,4318.191,88.891
285.936,0.955,8.13,0.919,1.589,4827.186,93.543
293.885,1.94,7.444,4.776,13.444,4295.952,88.407
92.238,8.468,8.166,2.604,72.459,4241.777,89.233
181.118,5.71,7.946,1.018,76.175,4464.424,90.596
167.256,6.336,8.383,2.009,4.9,4527.212,92.124
13.098,1.875,6.161,2.182,34.052,4529.475,90.517
12.096,8.287,6.072,2.054,12.701,4255.981,89.919
415.849,8.68,6.438,3.62,89.124,3761.644,84.329
136.535,5.233,8.323,2.055,45.934,4504.987,91.161
259.039,9.126,7.514,1.957,44.811,4180.237,89.092
149.363,8.448,7.065,1.949,82.563,4149.367,88.203
470.34,7.313,7.282,4,69.842,3887.631,85.372
129.648,7.341,8.074,1.888,92.307,4302.153,89.301
214.828,1.054,8.323,0.563,93.927,4728.013,91.657
436.365,2.708,7.824,2.145,32.006,4450.321,89.996
420.967,0.668,7.9,1.752,65.189,4540.469,89.953
93.051,0.087,6.801,4.591,54.637,4360.896,88.089
401.322,1.583,7.168,2.651,59.986,4351.914,88.394
229.093,8.805,8.213,1.556,62.906,4285.142,89.864
241.484,2.399,7.965,4.917,6.942,4350.208,89.152
66.74,9.702,7.711,1.61,89.612,4212.363,89.138
40.301,5.973,6.163,3.934,14.888,4174.38,88.387
363.97,2.373,6.099,3.423,43.019,4180.927,87.091
248.231,4.971,6.326,2.58,29.916,4242.088,88.613
218.425,2.191,7.453,2.326,55.821,4482.32,89.922
364.754,9.84,7.341,4.426,96.187,3724.786,84.238
382.756,8.473,8.357,2.638,41.83,4173.215,88.856
79.454,0.262,7.737,2.189,60.715,4680.502,91.277
305.113,9.478,6.735,2.094,14.973,4107.69,88.77
67.677,7.211,6.404,1.741,46.839,4278.185,89.477
375.688,0.824,8.124,2.34,91.663,4465.989,88.99
328.478,6.706,7.149,1.04,93.309,4224.767,88.326
478.307,6.469,7.634,0.793,55.097,4311.252,89.502
34.479,2.188,7.413,2.937,77.09,4466.811,89.554
28.527,7.584,6.269,2.544,1.319,4276.322,90.025
141.094,0.871,6.143,1.28,53.619,4564.921,90.374
130.853,4.894,6.943,0.981,73.514,4439.017,90.123
123.489,0.099,6.904,1.145,33.657,4741.897,92.112
453.127,9.687,7.684,1.919,90.214,3985.228,86.856
124.773,7.516,7.581,2.532,78.183,4210.347,88.576
135.975,1.589,8.422,1.37,77.2,4703.414,91.739
379.699,3.417,8.145,3.9,3.102,4357.603,89.57
224.87,1.606,7.241,1.37,19.204,4656.025,91.85
388.355,7.666,7.25,1.059,71.647,4198.369,88.567
32.683,0.589,7.685,4.975,56.61,4411.972,88.73
243.786,8.404,6.285,2.515,58.268,4018.42,87.123
16.807,9.422,8.5,1.265,2.466,4539.035,93.192
31.327,6.766,7.297,4.526,44.763,4133.647,87.919
453.219,2.13,8.275,1.54,78.857,4482.679,89.677
69.623,3.601,8.418,4.665,66.692,4327.087,88.684
266.21,4.772,7.454,1.035,57.67,4454.812,90.403
205.548,6.046,6.258,4.288,69.963,3952.008,85.634
173.672,6.687,7.433,1.329,85.247,4318.754,89.341
449.917,5.542,7.494,4.723,85.104,3904.886,84.86
10.912,3.513,7.973,3.084,46.146,4515.483,90.747
331.895,8.909,6.121,1.355,31.472,4102.247,88.381
481.697,0.814,7.166,4.302,37.271,4230.322,87.175
280.084,4.663,8.307,2.258,52.616,4426.53,90.138
468.411,7.756,8.478,3.798,9.847,4126.376,88.492
26.129,0.609,6.478,3.395,59.508,4445.78,89.045
209.397,7.053,8.176,3.714,45.873,4197.106,88.628
130.079,8.197,6.366,2.047,76.134,4104.727,87.745
365.41,6.608,8.103,4.725,28.12,4068.461,87.386
490.649,0.129,6.693,3.019,7.564,4400.482,88.968
128.265,1.801,8.399,0.849,89.562,4721.678,91.862
327.087,3.421,7.739,0.8,7.74,4643.764,92.387
99.049,2.337,6.998,3.822,92.801,4265.603,87.429
282.665,9.627,6.702,4.325,50.252,3814.592,85.531
231.966,6.516,6.588,3.629,6.572,4141.009,88.299
486.003,2.97,7.702,1.749,13.459,4476.92,90.526
304.264,9.297,8.239,1.517,53.762,4247.786,89.729
174.753,7.406,7.887,3.044,2.563,4321.489,90.411
57.048,2.846,8.087,1.386,91.598,4616.124,91.099
75.623,3.789,7.953,2.206,79.83,4487.838,90.217
112.658,1.994,8.448,3.329,50.951,4553.931,90.628
125.483,9.711,7.895,1.782,92.698,4177.566,88.762
425.308,5.173,6.526,2.189,26.715,4208.877,88.374
280.611,8.961,7.979,2.122,85.488,4126.357,88.097
261.695,3.465,6.805,2.572,80.707,4257.769,87.81
57.384,8.608,8.489,3.535,58.6,4219.175,89.188
430.07,0.539,6.942,4.021,32.565,4285.002,87.686
361.407,9.821,6.732,3.493,56.275,3839.613,85.78
33.834,9.12,6.598,0.618,95.765,4233.565,89.114
353.918,3.632,7.646,4.536,9.373,4233.745,88.333
271.769,7.747,6.273,3.115,20.9,4050.725,87.622
40.863,7.523,8.384,4.641,64.745,4148.228,88.092
229.15,9.013,6.736,4.837,68.164,3788.305,84.905
242.348,3.073,6.739,2.605,17.283,4403.952,89.788
82.887,4.655,6.115,4.624,80.823,4013.302,85.721
472.849,8.65,6.615,2.144,92.92,3892.317,85.589
424.988,7.786,7.047,1.672,8.887,4218.018,89.427
334.511,3.935,6.924,0.831,97.451,4350.378,88.71
231.148,8.457,6.683,2.533,28.84,4118.815,88.437
205.883,0.47,6.102,3.599,31.577,4360.704,88.432
325.487,7.82,6.751,4.896,5.445,3920.913,86.501
272.716,2.068,7.946,2.846,50.243,4469.766,89.816
31.137,2.861,7.097,3.805,95.521,4279.514,87.698
256.251,4.932,6.727,4.533,16.937,4110.82,87.418
403.202,4.497,6.762,2.944,58.109,4139.078,87.159
229.62,5.206,7.386,1.25,28.171,4482.129,91.101
25.978,5.448,6.756,4.317,2.845,4252.812,89.134
393.139,3.315,7.577,3.084,98.727,4189.533,86.903
100.682,1.752,8.474,3.913,71.901,4474.276,89.549
129.31,7.685,6.103,3.463,73.811,3967.461,86.242
82.353,4,6.422,0.775,66.633,4490.287,90.436
165.108,5.058,6.448,1.261,15.23,4452.741,90.893
378.376,6.447,7.118,1.788,21.463,4278.493,89.504
259.693,9.096,6.104,1.781,39.181,4069.209,88.029
102.441,7.076,7.194,4.276,99.551,3987.642,86.004
438.915,0.455,8.322,3.192,67.585,4435.667,88.817
439.791,8.386,6.029,0.875,44.796,4086.605,87.934
435.289,9.894,6.912,2.242,48.988,3956.697,87.045
119.398,4.725,7.902,3.003,92.298,4309.336,88.588
225.62,9.696,6.386,1.632,20.447,4136.948,89.074
492.495,5.473,6.194,0.679,32.766,4266.02,88.975
386.006,4.596,7.577,2.211,37.717,4338.332,89.385
13.584,3.314,6.025,2.575,89.865,4292.728,88.023
32.602,6.576,8.004,4.571,77.902,4142.416,87.618
231.966,2.298,6.167,4.588,59.488,4108.08,86.175
454.61,1.049,7.311,2.752,32.158,4411.819,89.111
269.351,0.272,7.85,2.622,21.018,4632.529,91.197
248.906,2.924,6.605,3.382,33.745,4284.144,88.381
52.737,3.958,6.259,1.662,93.016,4349.444,88.752
328.39,5.521,6.439,1.786,91.112,4142.876,87.174
411.052,2.927,8.137,0.512,42.774,4625.072,91.701
190.21,9.841,7.764,0.852,33.228,4337.66,90.996
387.806,2.917,6.495,1.303,88.575,4302.273,88.012
482.238,4.41,7.79,3.383,45.177,4188.812,87.759
101.883,1.033,7.772,1.457,4.831,4819.217,93.454
261.665,2.606,8.494,1.058,35.228,4711.994,92.55
143.569,0.483,6.979,3.273,61.122,4452.357,89.057
396.427,5.595,8.162,3.433,94.514,4105.929,86.793
288.797,7.511,7.116,0.769,43.035,4328.758,90.11
317.291,1.957,8.244,3.978,24.772,4420.591,89.545
398.957,3.679,6.229,3.228,39.065,4138.565,87.099
197.985,0.166,6.438,2.287,6.649,4594.55,90.929
457.545,8.395,8.125,4.924,89.985,3791.553,84.534
266.514,7.8,8.048,0.546,4.309,4518.379,92.481
78.977,0.633,6.764,2.952,1.096,4607.867,91.257
347.95,3.649,7.492,1.219,61.799,4447.326,89.95
396.631,9.553,6.957,1.982,16.245,4089.026,88.594
158.381,3.92,6.026,1.099,30.312,4456.811,90.441
428.59,5.262,6.065,3.507,49.607,3979.216,85.875
453.072,3.552,6.136,2.307,79.42,4119.86,86.47
138.452,5.961,7.485,4.938,39.364,4108.664,87.481
491.761,9.782,6.698,3.442,95.754,3699.11,83.968
70.356,9.975,6.36,4.628,45.866,3847.524,86.009
101.008,7.747,8.353,1.584,92.079,4354.891,89.952
92.112,4.043,6.303,1.935,45.781,4397.104,89.726
446.995,4.944,7.685,2.132,52.099,4280.377,88.766
327.146,3.567,8.235,4.273,95.85,4162.57,86.737
76.052,9.856,6.41,1.453,67.815,4129.259,88.571
220.162,7.078,6.537,4.76,15.788,3982.121,86.787
307.649,4.489,7.435,0.696,60.257,4475.039,90.495
41.732,0.121,7.271,4.504,23.297,4503.159,89.835
441.208,5.205,7.303,2.531,31.657,4232.961,88.574
401.802,9.839,7.387,2.867,83.977,3891.197,86.024
252.603,5.231,8.375,4.988,68.532,4113.75,87.021
483.563,1.824,6.135,4.415,29.401,4080.141,86.055
208.88,0.221,7.901,4.568,1.464,4514.887,90.201
492.055,3.547,6.581,3.135,53.587,4114.082,86.669
333.96,9.182,6.934,4.804,25.767,3835.438,85.851
317.336,9.966,6.223,3.595,3.803,3898.26,86.934
82.977,9.454,7.114,4.187,7.265,4064.007,88.404
440.964,7.294,8.011,3.744,67.652,4006.139,86.573
213.745,5.581,6.247,4.014,42.014,4053.301,86.787
81.117,5.907,6.689,3.371,26.985,4241.942,88.922
6.304,5.39,6.933,3.769,88.09,4167.553,87.412
279.878,7.07,6.26,2.462,82.684,4020.972,86.504
263.7,4.189,7.906,3.681,47.153,4286.897,88.654
359.677,6.692,7.967,1.746,28.283,4351.165,90.236
445.129,1.216,8.09,3.357,51.21,4387.459,88.727
39.703,2.657,7.46,2.857,75.54,4456.507,89.607
365.748,8.36,7.268,4.543,2.064,3967.465,87.162
93.706,9.037,6.656,3.53,61.644,3990.672,87.002
429.089,5.39,7.638,3.185,71.303,4118.657,87.091
409.532,0.316,7.111,1.909,81.863,4435.948,88.636
270.397,9.27,8.427,4.383,22.445,4060.857,88.165
355.121,7.021,8.42,0.744,21.14,4496.8,91.863
157.175,4.14,8.263,4.549,22.357,4341.098,89.429
235.584,5.984,6.9,3.438,93.212,4042.777,86.291
410.818,4.298,6.92,1.353,14.957,4406.511,90.205
229.633,4.653,8.132,4.563,76.7,4155.935,87.188
178.899,8.868,7.823,1.969,98.688,4155.193,88.225
247.106,1.611,7.761,1.257,94.682,4556.908,90.106
414.125,1.037,6.699,1.936,41.579,4434.232,89.238
167.604,0.027,8.083,4.825,84.096,4372.497,87.892
86.881,3.14,7.449,3.887,67.344,4320.985,88.478
356.007,1.474,7.117,4.626,86.978,4123.493,85.807
412.989,2.2,8.164,1.845,16.955,4581.465,91.305
50.319,0.112,6.986,0.871,76.729,4727.218,91.539
119.937,2.272,7.635,3.032,59.069,4468.537,89.776
70.986,3.327,7.165,2.674,54.471,4438.335,89.837
173.971,0.316,7.482,3.743,73.161,4424.821,88.611
225.175,6.079,6.101,2.942,28.033,4143.327,87.977
374.413,5.688,7.153,2.284,8.385,4298.493,89.607
325.574,0.97,7.391,0.521,50.71,4674.289,91.527
310.464,5.95,7.232,2.605,30.911,4248.134,88.957
176.187,9.987,8.119,1.043,26.384,4367.374,91.406
420.724,9.445,6.778,4.649,99.854,3630.577,83.141
235.644,0.027,8.21,4.648,20.588,4495.918,89.761
489.552,7.954,7.009,4.116,24.322,3898.114,86.124
317.071,3.536,7.736,1.21,34.054,4549.145,91.212
63.132,0.637,6.217,1.163,50.203,4641.535,91.104
338.089,2.96,6.5,3.035,87.042,4155.429,86.572
162.552,3.217,7.903,3.774,18.463,4433.863,90.119
343.164,5.232,6.031,4.57,61.981,3888.875,84.839
34.821,6.611,8.421,4.523,37.484,4266.897,89.277
87.441,7.491,6.477,1.199,79.895,4249.723,88.945
427.869,2.459,8.253,4.98,60.586,4169.305,86.825
113.59,3.218,7.29,1.206,79.714,4531.319,90.481
418.521,3.084,7.411,4.281,85.654,4078.331,85.852
139.638,3.627,6.21,3.141,91.301,4173.118,86.906
321.441,9.997,6.913,3.552,99.572,3776.383,84.767
347.075,7.779,6.391,3.218,62.268,3930.223,86.013
256.327,9.75,7.315,4.414,64.116,3846.235,85.746
152.655,6.931,7.377,3.367,14.917,4248.271,89.413
106.322,4.063,7.774,4.319,11.404,4366.413,89.769
16.595,3.897,8.196,1.195,49.275,4698.385,92.66
151.973,4.886,7.17,4.4,69.675,4117.399,86.943
326.581,4.169,6.583,4.968,25.572,4038.642,86.381
469.152,8.283,6.834,3.477,33.389,3920.197,86.353
435.602,4.65,8.118,4.894,70.313,4031.482,86.007
383.032,2.956,6.365,1.489,21.954,4404.286,89.71
394.224,7.749,7.568,4.232,52.616,3943.863,86.237
332.492,8.544,6.033,1.261,54.324,4075.097,87.771
130.143,4.204,6.614,2.822,91.778,4220.4,87.548
453.598,6.678,7.479,3.488,40.825,4056.683,87.162
335.366,0.588,7.141,3.471,21.844,4426.211,89.22
280.22,5.295,7.234,3.519,18.216,4230.226,88.709
55.495,0.45,7.651,1.944,30.022,4760.442,92.439
223.528,0.292,6.586,4.882,28.613,4286.886,87.67
230.179,6.129,6.702,0.529,75.27,4345.161,89.538
432.282,3.033,7.711,3.294,59.779,4254.3,87.855
273.324,7.425,7.346,4.397,68.56,3949.772,86.04
190.2,8.961,6.036,4.51,63.399,3782.706,84.881
488.4,1.394,7.676,3.741,48.643,4282.307,87.755
55.36,7.245,7.55,3.087,92.899,4170.617,87.951
211.274,5.145,6.197,2.558,81.925,4137.105,87.095
21.012,1.121,7.869,2.523,21.871,4724.289,92.361
369.952,6.516,7.305,2.413,42.943,4192.573,88.451
459.038,6.095,6.512,3.65,29.502,3992.978,86.463
140.019,5.156,7.398,3.79,74.823,4183.319,87.632
429.171,9.265,7.489,2.816,35.101,4019.198,87.62
146.109,5.211,8.3,3.834,64.381,4284.307,88.763
455.385,9.905,7.855,2.878,29.929,4014.923,87.821
376.981,5.092,6.755,0.938,17.993,4402.582,90.374
402.453,1.159,6.295,4.332,1.91,4233.334,87.662
9.003,4.705,8.133,4.417,99.468,4232.907,87.746
481.405,1.823,8.115,1.699,22.732,4564.279,90.962
363.335,5.971,6.438,4.039,83.392,3892.914,84.887
152.376,6.931,6.155,2.8,82.386,4047.979,86.735
414.697,4.684,7.78,1.058,24.36,4481.867,90.98
140.761,0.977,7.806,2.291,42.148,4648.018,91.352
436.377,4.686,6.443,0.844,83.775,4239.778,87.966
56.29,0.815,7.671,4.039,69.291,4455.689,89.108
351.843,6.821,6.697,1.383,37.618,4239.206,89.062
270.349,7.904,6.652,1.24,94.965,4120.89,87.63
48.267,9.624,6.811,1.438,34.892,4262.18,90.16
120.947,1.488,7.301,1.518,21.995,4699.476,92.221
6.202,5.324,8.011,3.533,15.525,4447.473,90.917
234.384,5.675,7.247,3.374,70.431,4145.469,87.453
150.633,9.225,6.745,1.082,3.871,4322.012,90.949
299.179,6.273,8.21,3.76,84.738,4112.301,87.157
148.619,1.455,6.138,2.071,31.118,4497.397,90.099
149.96,4.364,7.993,2.559,37.611,4475.033,90.683
371.597,6.548,7.961,1.062,80.381,4315.966,89.32
24.071,7.003,6.634,3.689,81.604,4069.12,86.976
451.447,8.631,6.496,2.193,40.601,3991.811,87.101
426.132,1.805,8.187,3.345,55.829,4369.24,88.676
333.902,9.515,7.397,2.422,68.242,4018.263,87.355
296.611,0.591,6.115,0.72,69.172,4523.293,89.719
446.151,9.838,8.227,3.666,53.871,3933.438,86.747
92.665,8.578,6.873,2.986,84.566,4044.274,87.17
39.485,6.603,6.855,2.454,84.303,4221.645,88.354
119.755,7.35,7.608,1.407,85.031,4322.686,89.582
397.289,0.727,7.653,3.31,27.554,4444.276,89.385
17.335,0.415,6.883,1.738,26.434,4732.215,92.182
291.403,1.018,6.358,2.431,14.842,4466.422,89.821
497.719,0.874,7.381,0.754,82.814,4504.483,89.479
427.848,5.474,7.563,3.995,7.005,4155.133,88.123
260.723,2.154,8.151,0.905,14.395,4757.665,93.079
31.82,8.602,7.211,4.509,92.695,3938.83,86.042
415.687,4.457,7.614,4.404,13.386,4163.525,87.839
299.489,6.955,6.136,4.87,13.007,3903.098,85.987
57.466,6.529,8.236,4.588,91.002,4127.659,87.325
46.929,3.199,6.818,4.871,31.7,4247.879,88.121
454.813,2.432,7.581,4.493,88.261,4083.269,85.68
334.6,3.425,8.29,1.006,38.388,4613.08,91.774
414.643,7.967,8.026,2.47,37.99,4174.043,88.751
439.489,5.863,7.594,0.843,14.383,4433.506,90.95
285.886,2.535,7.759,2.954,91.944,4326.918,88.11
258.723,8.178,8.302,2.884,76.407,4150.737,88.197
215.214,0.548,8.03,4.65,23.339,4456.378,89.495
158.473,6.992,7.525,4.864,73.052,3991.17,86.279
217.298,4.391,7.647,1.668,11.266,4547.105,91.676
386.94,7.313,6.368,3.12,52.857,3959.947,86.265
300.962,9.275,7.175,2.59,26.172,4091.987,88.441
446.262,7.5,6.752,2.96,85.208,3910.655,85.505
221.69,4.42,7.08,2.893,51.602,4283.684,88.647
303.545,1.51,7.656,4.614,92.2,4192.546,86.456
315.654,8.064,6.373,4.533,58.931,3805.166,84.881
295.849,4.607,6.043,1.052,50.894,4319.048,89.064
351.317,0.753,6.992,2.053,69.7,4441.218,88.941
118.717,7.191,6.805,3.887,78.613,4015.685,86.528
256.182,2.919,7.051,3.578,2.511,4368.276,89.533
52.112,0.489,8.328,3.34,52.706,4642.856,91.048
192.256,9.028,7.768,4.972,77.796,3876.461,85.695
243.834,4.831,6.819,2.016,41.342,4334.093,89.377
326.112,2.81,6.448,2.819,5.467,4348.487,89.273
475.266,7.164,7.546,4.906,2.738,3962.7,86.749
300.326,8.859,7.644,3.63,79.591,3949.099,86.353
371.797,0.003,7.209,3.419,20.609,4451.729,89.312
253.133,6.879,6.532,1.196,18.317,4326.428,90.145
317.052,7.67,6.071,1.61,29.667,4144.778,88.452
35.466,2.099,6.664,2.199,11.115,4601.626,91.535
127.196,4.896,7.143,2.592,6.275,4434.151,90.748
180.927,0.893,7.97,2.737,87.354,4513.426,89.529
236.247,7.467,8.134,4.56,30.976,4104.027,87.971
22.824,8.475,7.032,0.982,58.657,4352.534,90.481
70.012,1.082,7.99,1.618,85.922,4676.328,91.229
138.407,8.165,8.483,1.146,97.769,4360.732,90.079
485.766,7.716,7.792,3.809,69.161,3931.273,85.936
165.674,3.469,7.821,4.868,95.066,4148.963,86.58
241.021,6.903,8.274,4.523,42.929,4123.589,87.877
98.049,0,6.845,3.755,79.165,4401.672,88.225
305.39,9.318,6.028,0.597,93.823,4036.877,87.226
140.342,5.504,8.467,2.062,6.263,4582.692,92.415
103.496,6.203,7.226,4.386,32.427,4157.217,88.109
258.286,6.647,7.964,3.439,74.285,4142.495,87.676
2.753,5.614,8.031,1.443,32.212,4612.318,92.485
3.832,8.568,6.994,2.599,2.686,4303.79,90.581
109.534,6.097,7.353,0.896,80.895,4424.346,90.264
18.361,9.078,7.35,2.844,17.308,4252.943,90.08
54.013,5.823,6.551,4.555,32.766,4115.887,87.578
169.43,1.711,6.294,0.674,91.147,4509.416,89.696
401.293,9.136,7.359,3.263,21.677,4008.86,87.613
286.024,6.816,6.3,1.549,89.581,4112.151,87.271
256.334,6.992,6.865,4.957,42.832,3927.398,85.943
146.744,9.855,6.465,0.793,91.895,4117.322,88.211
465.877,0.752,7.767,3.278,87.808,4302.794,87.375
198.508,4.286,8.18,1.654,42.109,4554.867,91.413
43.546,2.391,7.445,4.471,92.265,4271.519,87.51
308.533,6.304,7.025,1.049,63.639,4300.912,89.264
56.919,8.068,8.492,2.432,48.086,4377.96,90.719
172.612,9.663,6.053,1.334,53.538,4095.352,88.317
253.706,4.546,6.761,4.097,7.267,4197.651,88.268
437.111,7.862,6.697,2.081,80.952,3987.951,86.429
246.773,9.171,6.891,1.34,29.954,4213.209,89.584
351.129,6.833,6.576,3.767,27.747,4008.273,86.855
496.408,2.427,6.661,4.177,71.824,4035.099,85.361
65.745,6.079,6.644,2.581,37.71,4294.122,89.388
137.366,9.7,7.264,2.205,51.902,4148.491,88.876
197.288,9.876,6.978,3.345,42.736,3985.406,87.389
210.914,6.424,7.598,3.431,50.959,4188.137,88.299
205.511,8.87,7.286,3.473,22.995,4089.025,88.321
453.806,2.003,6.459,1.741,88.609,4267.47,87.39
357.016,2.461,8.025,4.736,61.407,4204.563,87.17
303.953,9.529,7.18,1.46,24.137,4195.305,89.57
154.686,1.352,6.383,2.184,10.062,4554.851,90.854
411.895,1.911,6.417,1.777,54.011,4354.534,88.579
477.53,4.205,7.992,4.69,47.344,4086.509,86.653
410.599,5.896,7.757,4.228,93.317,3966.257,85.498
0.783,6.038,7.266,4.151,23.839,4261.581,89.189
318.201,2.92,6.765,0.521,88.279,4442.755,89.421
25.568,9.206,7.151,3.587,76.883,4029.619,87.289
128.804,9.151,7.591,1.536,48.174,4287.198,90.136
29.762,3.921,8.198,4.855,87.503,4248.413,87.785
301.898,4.343,7.39,2.888,86.326,4209.382,87.533
343.295,7.025,6.692,3.041,71.728,3998.716,86.377
57.244,6.63,6.107,2.104,11.054,4318.041,90.059
191.919,3.823,6.439,2.915,16.859,4331.509,89.293
228.118,4.142,7.625,3.874,59.568,4234.845,87.995
184.527,3.48,6.401,3.029,25.297,4320.369,88.995
60.513,2.354,7.204,3.386,55.566,4422.737,89.378
209.474,4.581,7.747,2.626,56.518,4365.287,89.462
375.589,6.864,6.771,3.724,59.122,3955.42,86.022
35.504,7.42,7.673,4.548,57.414,4108.911,87.741
40.09,7.789,7.453,0.73,38.547,4485.72,91.808
177.386,3.747,7.097,0.983,21.814,4591.764,91.824
470.863,7.646,8.243,3.585,52.336,4043.366,87.204
334.286,0.065,7.73,2.2,50.021,4582.604,90.345
339.335,4.77,6.901,1.767,28.244,4348.74,89.636
180.96,7.939,8.011,1.304,6.067,4471.133,92.032
296.83,6.3,7.845,3.077,21.351,4270.699,89.384
5.066,4.741,7.979,2.064,55.527,4540.912,91.276
318.048,6.446,7.602,2.786,54.026,4192.259,88.316
456.643,9.069,6.948,4.814,14.23,3803.235,85.611
306.287,5.664,6.871,3.912,60.999,4037.592,86.465
436.849,7.998,7.635,4.082,42.842,3951.358,86.485
361.987,9.807,6.327,1.059,65.713,4024.045,87.526
60.279,7.056,8.05,1.962,88.913,4347.989,89.707
451.227,5.733,6.926,0.978,31.546,4319.409,89.599
33.222,0.375,7.576,4.858,35.383,4465.638,89.415
266.984,3.745,7.248,3.57,68.005,4211.042,87.554
71.069,5.654,7.298,0.587,94.966,4462.988,90.377
5.853,7.972,7.845,2.64,49.126,4320.742,90.108
211.017,4.381,7.567,1.686,17.759,4528.001,91.417
147.52,9.601,6.626,2.93,93.566,3928.675,86.231
243,2.718,6.186,1.304,47.508,4435.748,89.698
288.6,7.446,8.101,0.756,46.609,4424.671,91.014
21.87,4.19,8.212,1.954,54.441,4596.461,91.677
61.502,4.86,6.411,1.83,25.998,4432.405,90.522
279.321,8.025,6.774,3.726,78.685,3906.455,85.685
171.584,2.962,6.706,2.635,64.463,4344.213,88.686
364.587,0.968,8.344,1.811,95.532,4531.501,89.65
326.146,5.203,6.512,3.067,21.185,4178.93,88.138
422.802,5.288,6.416,0.821,62.294,4259.155,88.555
346.246,7.972,6.455,3.481,52.147,3921.4,86.084
214.966,9.683,7.825,1.163,89.581,4195.383,88.963
336.483,0.553,8.22,1.759,4.006,4742.236,92.548
137.691,5.917,6.983,1.77,76.319,4304.058,89.052
153.157,6.813,6.34,2.596,62.683,4131.803,87.735
394.493,9.858,7.464,4.789,61.147,3755.068,84.897
223.21,9.426,6.525,1.961,87.657,3998.173,86.933
399.19,7.125,6.16,1.766,59.39,4064.843,87.192
411.211,5.218,8.216,1.26,71.876,4385.344,89.7
428.781,1.615,8.177,2.264,64.925,4466.322,89.499
458.318,3.842,8.44,1.319,7.881,4575.05,91.824
215.493,5.851,7.185,1.12,12.17,4481.857,91.452
159.433,7.252,6.735,4.358,34.511,4026.35,87.094
291.099,6.354,7.924,0.737,67.894,4419.72,90.424
185.586,7.141,6.451,3.699,3.618,4118.161,88.288
300.537,4.292,6.608,1.412,77.487,4299.847,88.511
352.793,7.276,6.639,0.553,21.098,4326.243,90.234
344.203,1.437,8.379,4.078,56.392,4373.333,88.601
187.276,1.626,7.825,3.66,20.915,4499.667,90.275
83.43,1.628,6.334,2.004,18.421,4573.016,91.034
215.265,8.909,6.232,0.857,34.085,4216.277,89.495
71.297,0.76,8.107,2.123,92.229,4640.277,90.709
445.049,8.015,8.006,1.316,24.547,4296.599,90.125
172.939,2.336,7.677,4.696,5.804,4383.26,89.475
77.23,4.684,6.49,2.883,88.342,4211.18,87.634
12.724,9.16,7.201,4.837,44.454,3983.093,87.134
322.911,5.859,7.507,2.081,62.485,4263.197,88.765
318.451,2.101,8.33,3.004,88.692,4390.958,88.653
170.302,2.841,6.424,1.356,75.809,4427.986,89.374
35.856,9.204,7.289,4.138,79.854,3977.209,86.735
204.814,4.271,6.394,0.685,48.529,4457.905,90.375
155.609,5.87,7.11,3.63,69.047,4138.545,87.456
338.56,4.599,6.5,2.262,96.413,4131.715,86.733
302.89,3.784,8.09,3.103,89.089,4279.917,88.044
182.297,2.233,6.637,3.165,61.63,4321.119,88.265
108.946,6.862,7.043,3.699,9.452,4217.946,89.144
494.018,7.182,7.019,1.419,97.99,4057.918,86.754
227.001,2.749,8.166,2.891,23.323,4529.861,90.89
344.137,7.89,7.894,2.421,36.715,4207.329,89.073
70.276,8.545,6.144,1.77,14.895,4245.217,89.867
242.795,9.207,6.168,2.731,17.495,4026.97,87.857
13.768,1.612,7.378,4.784,79.782,4312.338,87.809
252.728,3.039,7.069,4.77,13.699,4224.209,88.017
482.009,8.604,6.689,1.755,19.748,4082.751,88.211
192.103,1.985,7.982,4.479,17.978,4418.985,89.606
19.498,0.035,6.322,4.445,37.648,4400.839,88.642
15.478,8.708,8.435,1.623,69.774,4398.501,90.9
193.993,3.264,6.06,3.195,64.74,4196.797,87.3
80.012,4.145,6.296,4.415,72.745,4095.342,86.469
11.676,4.463,6.778,2.817,72.954,4321.168,88.821
378.107,8.483,7.273,2.164,1.297,4195.106,89.483
229.262,3.379,6.54,3.429,68.769,4190.065,87.227
144.622,8.923,7.841,1.276,68.773,4300.466,89.994
450.042,6.169,6.894,1.228,7.149,4318.818,89.968
58.069,5.273,6.096,4.247,43.285,4105.696,87.206
477.959,3.256,8.194,0.688,8.786,4631.228,92.201
156.983,2.437,8.36,4.116,19.892,4484.201,90.374
444.202,6.241,7.546,1.807,49.485,4240.818,88.785
301.471,4.469,8.016,2.674,2.189,4455.668,90.875
413.354,9.105,6.303,2.946,10.405,3952.951,87.157
492.007,4.916,6.672,3.952,9.407,4061.387,86.995
144.203,5.118,6.813,4.477,13.33,4178.913,88.191
480.568,4.167,8.402,4.119,5.928,4267.785,88.869
194.741,7.893,7.281,3.076,61.596,4105.308,87.805
192.756,4.248,6.019,2.066,18.681,4349.088,89.579
170.194,2.693,6.95,2.87,86.398,4315.532,88.099
270.704,8.62,6.019,0.635,88.595,4094.87,87.649
77.073,5.968,6.595,1.602,69.412,4323.435,89.331
276.856,5.915,7.137,2.148,7.431,4349.861,90.199
270.852,6.108,6.808,1.939,89.269,4167.584,87.616
380.951,7.188,6.082,0.928,42.45,4180.573,88.538
416.825,3.131,6.291,0.728,18.93,4453.437,90.284
220.221,0.338,7.377,2.393,78.099,4515.169,89.472
151.167,8.106,7.739,0.837,35.323,4438.716,91.466
129.667,1.289,7.011,1.788,51.101,4590.855,90.784
97.312,7.218,7.829,2.637,74.561,4260.511,89.025
28.824,0.823,6.408,1.445,11.011,4718.759,92.324
171.224,3.753,6.305,0.858,17.786,4535.886,91.307
135.124,0.63,8.099,2.445,96.887,4572.554,89.946
483.209,5.222,6.848,2.518,71.641,4086.996,86.72
278.854,6.531,7.081,4.62,23.881,4032.278,87.043
173.639,1.714,8.369,1.075,57.805,4741.223,92.348
290.234,3.716,7.06,3.267,19.611,4309.128,89.01
69.598,9.302,6.009,1.939,86.681,4033.726,87.261
222.022,4.424,8.345,1.056,45.413,4605.843,91.931
313.117,8.025,6.035,2.269,80.88,3957.023,86.169
244.449,9.272,7.656,2.426,97.22,4042.743,87.237
200.889,9.743,6.807,2.136,98.107,3983.288,86.775
496.924,8.983,7.176,3.946,14.624,3896.147,86.51
440.157,3.174,7.368,4.276,94.536,4041.325,85.42
311.703,9.626,7.021,1.169,27.759,4192.531,89.535
284.689,8.124,7.936,1.256,36.603,4346.288,90.534
310.33,8.372,8.327,2.395,7.236,4304.903,90.488
100.656,0.152,6.216,1.941,64.914,4539.775,89.794
197.569,9.542,8.001,4.188,64.768,3975.816,86.973
19.73,7.781,6.322,4.986,77.927,3878.839,85.343
237.773,7.68,6.201,1.315,94.68,4096.34,87.321
271.512,0.815,8.39,3.931,43.388,4482.517,89.636
113.875,2.326,7.223,3.233,41.336,4443.17,89.716
482.014,9.623,6.382,3.4,64.272,3747.477,84.719
454.727,5.007,7.425,1.69,67.074,4261.641,88.448
361.072,3.979,6.658,0.937,45.079,4402.448,89.767
266.693,8.399,7.161,2.945,92.014,3984.268,86.442
434.985,0.873,7.562,3.261,6.165,4456.594,89.766
65.326,4.169,8.173,4.834,75.884,4241.044,87.902
395.255,3.757,6.008,3.539,21.586,4118.266,87.094
62.41,3.499,6.535,2.497,50.038,4397.671,89.526
397.105,3.077,6.241,4.973,85.298,3903.773,84.108
137.884,2.101,6.243,2.18,33.631,4465.076,89.945
438.545,1.729,8.364,1.232,90.069,4527.427,89.892
472.021,6.404,8.34,3.281,45.618,4158.481,88.05
74.398,9.194,7.873,1.698,70.573,4279.473,89.847
231.338,5.089,7.608,4.65,72.545,4080.588,86.607
490.494,2.98,8.12,2.425,26.821,4421.577,89.841
241.704,1.592,6.146,1.173,90.165,4416.513,88.741
431.774,8.301,6.299,1.137,13.337,4158.506,88.942
294.366,9.715,6.793,3.423,59.417,3885.178,86.172
187.665,3.492,8.081,2.147,92.972,4439.115,89.509
142.892,2.91,7.181,2.137,4.068,4579.324,91.625
101.612,6.015,7.259,3.255,53.594,4241.608,88.685
380.899,7.753,6.573,1.497,25.397,4178.727,88.859
193.27,4.554,7.621,1.154,20.053,4582.211,91.988
255.638,6.301,8.22,3.458,24.143,4285.051,89.499
246.163,7.165,6.824,0.524,90.366,4267.934,88.925
288.64,9.606,7.548,4.583,43.126,3885.614,86.307
432.789,1.65,6.83,1.323,24.354,4503.03,90.282
490.37,9.974,7.982,2.515,92.828,3917.112,86.235
203.792,3.922,7.187,1.452,32.84,4509.92,90.947
413.759,7.232,6.849,1.482,72.623,4122.942,87.673
382.264,5.724,7.05,4.258,54.18,3993.562,86.111
286.764,4.867,6.228,3.133,68.237,4086.35,86.641
478.024,6.981,8.165,1.902,19.085,4300.157,89.905
100.237,3.958,8.395,1.63,68.174,4592.179,91.427
54.632,1.261,7.194,1.458,90.676,4601.842,90.49
426.981,4.889,6.553,2.995,10.99,4175.916,88.116
219.575,5.219,7.662,3.789,33.327,4249.91,88.732
423.484,2.019,7.131,1.641,97.288,4341.739,88.05
446.545,9.356,6.631,1.995,23.294,4025.869,87.833
31.229,2.275,6.096,3.742,6.896,4392.299,89.536
441.732,4.092,8.224,3.818,6.451,4302.269,89.186
224.16,1.549,7.992,1.433,28.255,4709.834,92.281
255.216,5.358,8.073,2.22,49.992,4389.769,90.005
313.296,3.076,7.1,4.415,27.614,4202.784,87.675
463.191,4.893,7.883,3.831,28.809,4171.377,87.893
9.558,2.246,7.453,1.231,83.311,4638.474,91.225
238.422,0.538,6.937,2.237,76.927,4470.058,89.093
343.861,7.792,8.107,4.88,31.774,3997.612,86.996
361.353,6.411,8.497,2.864,35.144,4291.762,89.489
346.266,3.407,8.248,3.737,96.998,4213.617,87.188
67.218,0.475,7.94,0.914,95.065,4755.146,91.743
149.698,8.656,7.869,4.246,97.337,3959.937,86.223
179.358,1.698,7.626,3.222,93.981,4377.871,88.348
402.219,9.307,8.134,1.29,63.181,4191.543,89.076
139.38,4.786,7.233,2.211,31.524,4430.139,90.422
105.352,3.404,6.454,0.874,96.98,4441.24,89.464
478.724,7.418,7.92,3.997,74.539,3933.038,85.81
4.432,8.768,8.299,3.852,71.413,4161.219,88.529
498.91,3.707,6.853,2.706,79.964,4119.994,86.512
338.411,4.073,7.957,2.534,60.248,4348.965,89.109
414.235,4.332,6.684,2.585,58.743,4168.708,87.399
147.31,9.223,8.357,0.669,36.772,4460.43,92.004
7.158,6.926,7.709,2.157,15.923,4473.448,91.653
368.935,2.476,7.423,1.078,44.414,4537.374,90.673
417.072,1.85,7.95,1.332,52.22,4556.335,90.596
370.238,2.304,8.033,4.83,87.903,4144.246,86.255
71.425,2.636,8.231,1.678,40.758,4706.278,92.446
376.714,2.302,8.253,2.676,88.419,4377.362,88.58
384.461,6.585,6.132,4.495,32.434,3877.314,85.424
329.27,1.159,6.307,2.361,94.523,4283.008,87.233
383.058,3.874,8.065,2.879,4.855,4423.72,90.351
422.961,6.251,8.365,1.26,53.008,4380.535,90.15
306.802,2.909,6.769,1.783,32.838,4434.126,89.885
44.302,0.653,6.022,2.778,30.147,4509.317,89.988
243.814,0.818,6.807,2.142,8.86,4585.932,91.016
38.825,1.26,6.957,0.672,68.448,4709.21,91.786
203.772,8.358,7.903,2.304,39.862,4260.353,89.712
203.553,6.579,6.119,4.168,94.956,3874.478,84.769
33.005,0.645,6.532,1.022,71.53,4659.11,91.069
174.41,3.911,8.235,0.584,44.846,4692.631,92.651
55.499,2.786,6.387,1.034,63.102,4542.042,90.625
404.118,5.78,7.898,3.591,7.534,4224.573,88.905
473.844,5.228,6.903,4.076,59.325,3965.763,85.633
36.158,4.811,7.657,0.719,66.949,4601.199,91.786
477.558,3.145,6.185,4.494,11.51,4050.008,86.329
261.288,1.378,6.716,3.323,68.561,4302.678,87.755
149.783,7.424,7.062,2.832,47.927,4181.105,88.559
38.431,8.799,8.143,1.641,48.482,4394.079,91.096
250.312,9.442,7.409,2.173,72.634,4081.109,87.917
397.258,0.586,6.113,4.761,45.531,4116.168,85.882
353.543,7.399,8.005,4.602,24.2,4045.144,87.429
25.113,7.265,6.136,3.315,30.53,4145.303,88.327
36.451,9.471,8.336,3.105,74.097,4183.108,88.931
201.437,2.529,6.529,1.447,8.029,4564.952,91.328
147.645,7.422,7.22,4.79,84.242,3929.611,85.68
116.192,0.546,6.181,3.899,58.638,4325.458,87.832
140.502,6.312,7.404,2.22,72.97,4286.597,89.03
401.741,3.508,7.243,4.171,35.025,4160.838,87.311
464.614,7.689,7.026,1.453,23.051,4194.354,89.02
202.551,8.633,6.089,1.46,80.653,4068.707,87.47
453.056,3.648,8.197,4.059,11.119,4282.626,88.81
160.748,5.256,8.007,3.017,17.42,4420.964,90.612
238.218,1.174,7.583,3.001,29.207,4521.906,90.279
113.014,4.169,7.431,3.082,35.771,4398.403,89.877
320.238,3.608,7.737,1.066,21.162,4584.281,91.714
489.491,1.831,6.36,2.073,91.35,4209.688,86.733
301.747,8.945,8.332,3.079,3.691,4219.781,89.844
178.907,1.481,6.712,1.614,80.543,4485.17,89.491
323.909,6.357,7.641,2.768,41.696,4224.104,88.731
61.46,8.901,7.517,3.007,83.775,4107.671,87.909
444.33,9.12,7.592,4.743,79.801,3747.137,84.409
251.542,7.932,8.197,1.606,12.983,4410.783,91.358
224.675,1.761,6.74,2.477,66.975,4391.909,88.778
292.932,8.174,7.872,4.917,38.466,3963.443,86.702
312.392,2.766,7.496,1.341,82.28,4456.503,89.572
35.888,9.224,6.19,4.01,85.251,3868.362,85.598
341.309,7.091,7.035,1.297,19.716,4309.19,90.022
120.966,7.853,8.095,4.325,48.386,4127.078,88.143
356.976,0.85,6.788,2.696,59.846,4368.552,88.342
411.267,5.828,7.206,4.875,54.864,3926.35,85.463
401.979,8.211,7.222,1.265,25.925,4232.215,89.526
276.25,8.616,7.545,3.596,27.977,4070.062,88.006
260.085,0.286,8.21,3.629,85.961,4441.849,88.645
71.438,9.392,6.434,3.735,4.237,4056.118,88.336
387.673,0.433,7.262,0.954,26.974,4661.264,91.473
135.705,6.145,7.061,1.799,23.084,4404.934,90.662
248.348,6.934,6.74,2.021,37.696,4225.613,88.959
142.137,1.073,8.299,1.959,68.924,4671.383,91.347
66.914,0.48,6.02,3.538,53.694,4383.433,88.441
314.779,7.849,6.305,0.747,54.522,4196.963,88.779
27.166,3.847,7.833,3.785,73.397,4352.087,88.941
374.323,1.071,6.659,2.87,81.404,4275.372,87.261
158.793,7.627,7.808,1.278,16.828,4458.56,91.705
0.067,8.492,8.081,1.518,11.695,4508.305,92.514
255.565,5.874,6.637,0.939,30.821,4386.626,90.32
23.426,1.612,6.48,2.566,82.928,4433.223,88.987
138.085,0.152,6.363,3.177,54.633,4432.692,88.826
353.488,7.008,6.5,3.114,15.14,4081.16,87.763
31.345,5.501,6.668,4.831,17.21,4158.568,88.064
419.669,6.508,8.172,1.832,89.929,4218.912,88.242
1.91,8.132,7.925,3.929,37.33,4217.358,89.24
123.412,4.342,6.005,3.754,26.273,4193.711,87.977
370.452,1.245,8.185,0.776,69.68,4654.088,91.218
158.135,9.4,6.197,4.685,86.218,3729.706,84.255
50.946,5.453,7.638,4.691,44.799,4207.028,88.258
180.117,6.153,6.379,2.284,79.322,4153.168,87.584
135.197,9.334,6.156,2.38,43.574,4056.163,87.926
421.356,9.316,7.899,4.188,69.451,3855.752,85.658
156.674,5.721,7.168,2.728,57.907,4263.839,88.776
394.466,2.976,7.498,4.096,89.55,4114.986,86.147
445.936,9.971,7.063,0.663,33.18,4152.197,89.182
216.909,6.808,6.168,1.626,77.272,4150.765,87.777
454.972,4.084,7.849,0.91,68.71,4424.802,89.786
188.659,5.598,8.051,2.544,84.044,4308.364,88.923
482.039,4.158,6.104,4.344,61.147,3904.754,84.684
44.645,8.883,6.939,3.064,46.554,4127.942,88.479
343.51,4.825,7.393,2.842,5.896,4330.383,89.692
246.907,8.235,7.513,2.147,84.13,4133.07,87.96
193.824,8.402,7.445,0.786,91.084,4266.746,89.277
316.356,8.243,7.732,3.949,45.516,4016.975,87.188
351.929,7.222,8.417,3.068,23.004,4251.793,89.454
2.182,8.549,6.976,4.689,65.068,3970.046,86.614
83.477,3.872,7.392,2.444,13.048,4533.322,91.364
356.523,1.147,7.748,2.307,5.044,4598.414,91.278
333.193,8.425,7.481,4.885,29.72,3912.385,86.354
483.024,4.982,6.967,1.135,68.311,4255.948,88.371
380.519,1.274,7.56,1.636,81.606,4475.297,89.319
475.386,1.153,7.625,2.697,16.529,4464.447,89.825
351.27,1.592,7.462,2.856,94.669,4316.053,87.692
149.026,7.51,6.513,2.969,55.656,4093.044,87.627
52.682,7.109,7.265,1.454,92.601,4314.075,89.347
390.912,2.038,8.211,4.671,15.829,4324.984,88.703
322.075,8.469,8.172,3.666,46.34,4073.396,87.811
24.093,2.813,7.877,1.663,43.65,4681.405,92.221
180.025,7.93,7.743,1.824,41.758,4321.891,90.18
478.4,4.888,6.383,4.462,93.148,3822.26,83.758
250.201,7.315,7.149,2.212,85.092,4132.648,87.67
216.365,3.814,6.277,3.004,79.633,4169.231,87.04
228.85,3.471,8.043,1.042,29.326,4653.481,92.283
104.441,8.414,6.728,1.633,34.565,4267.45,89.853
184.354,0.353,7.917,2.375,26.671,4691.087,91.75
184.907,9.747,8.036,3.453,79.555,4019.451,87.323
26.178,6.482,8.231,1.761,39.89,4530.067,91.846
383.784,4.325,7.885,4.778,97.89,4006.701,85.386
208.252,6.281,7.412,1.491,37.067,4399.797,90.511
411.09,1.227,7.495,4.005,17.809,4346.505,88.655
425.174,5.141,6.801,2.141,93.056,4110.352,86.715
105.997,9.851,6.442,4.25,78.488,3816.696,85.337
328.677,2.353,6.327,4.654,58.74,4067.807,85.796
236.141,7.223,6.455,1.342,85.985,4160.169,87.909
440.078,4.35,8.335,2.712,94.995,4234.808,87.703
107.87,6.525,6.411,1.195,86.276,4268.928,88.784
338.907,2.049,7.809,3.676,90.547,4260.321,87.312
303.876,4.705,6.462,4.245,27.853,4078.774,86.921
147.651,9.801,8.438,2.253,51.574,4251.542,89.94
68.3,1.953,6.916,2.285,79.734,4471.847,89.507
325.82,6.364,7.03,1.417,53.076,4274.022,89.119
369.299,5.756,7.011,1.879,64.542,4211.655,88.198
157.814,5.651,8.041,1.958,92.362,4362.207,89.394
322.416,6.151,6.546,1.2,30.239,4305.316,89.596
197.565,5.022,8.078,1.895,54.401,4459.574,90.558
356.603,0.169,7.643,4.583,56.79,4305.651,87.539
99.608,9.001,6.551,1.964,36.594,4185.606,89.19
445.108,8.27,6.164,1.735,37.459,4031.894,87.425
143.705,1.742,7.937,2.231,77.135,4557.453,90.326
183.893,4.133,6.547,4.821,93.022,3987.991,85.19
29.046,7.705,8.223,3.941,63.74,4200.929,88.684
55.756,9.801,6.324,1.408,49.306,4175.142,89.199
257.931,9.511,7.541,3.886,75.286,3910.338,86.204
133.796,8.994,7.73,3.948,99.783,3962.092,86.321
417.74,1.584,7.644,4.776,9.158,4280.491,88.188
7.347,9.145,6.79,4.51,65.507,3936.09,86.449
189.547,8.784,8.189,0.928,56.055,4379.938,90.874
168.673,3.769,7.925,2.546,61.414,4442.252,89.939
9.664,3.945,7.276,3.663,3.259,4452.593,90.677
62.184,4.599,7.508,4.88,95.612,4110.537,86.529
206.821,6.562,7.416,0.883,9.455,4502.866,91.903
246.432,2.608,8.367,2.157,31.44,4604.456,91.513
202.145,0.229,8.241,2.715,30.531,4678.993,91.553
265.469,1.412,6.589,2.36,73.578,4372.409,88.412
297.566,4.401,6.657,2.551,67.423,4206.903,87.715
4.962,2.82,8.454,2.161,7.111,4771.56,93.49
232.048,7.645,6.591,4.868,15.821,3942.436,86.56
481.75,1.067,8.384,4.115,32.56,4367.57,88.67
259.516,9.175,7.624,3.815,70.706,3951.038,86.556
338.771,8.953,6.125,2.348,92.994,3874.674,85.503
155.932,9.088,6.839,4.467,32.232,3940.438,86.808
386.996,7.396,7.19,0.92,53.032,4257.669,89.265
386.461,1.07,8.083,1.145,37.888,4671.228,91.654
260.648,4.381,6.821,4.793,58.158,4037.111,86.104
488.007,1.314,6.776,3.051,63.169,4236.455,87.127
62.775,9.877,8.301,1.218,52.311,4378.45,91.224
8.474,3.33,6.198,4.771,39.513,4192.86,87.533
385.079,5.853,7.379,4.887,88.099,3887.799,84.753
403.578,7.794,7.261,4.467,80.39,3827.123,84.806
60.104,9.206,6.143,1.574,99.842,4066.939,87.433
132.791,7.555,6.219,1.753,41.857,4218.735,89.035
8.776,6.745,6.955,2.331,4.836,4411.043,91.086
146.654,4.66,6.335,3.107,65.486,4185.556,87.599
386.571,6.054,7.195,4.965,78.559,3869.932,84.73
258.98,0.942,7.522,4.803,93.742,4207.907,86.424
174.048,8.839,7.728,4.645,2.026,4075.299,88.385
185.87,5.438,7.366,0.902,88.079,4405.462,89.805
0.677,0.401,6.949,3.907,52.157,4479.47,89.394
149.9,9.199,6.324,4.446,38.107,3876.744,86.146
323.229,4.893,6.619,2,22.972,4309.686,89.335
487.097,8.686,7.049,1.488,81.598,4015.007,86.94
423.53,8.569,8.31,3.868,37.01,4030,87.501
11.797,8.158,6.507,0.909,60.851,4324.296,90.082
449.28,0.614,7.033,4.734,51.655,4171.298,86.381
391.599,2.471,7.831,1.202,27.052,4589.405,91.365
390.188,8.755,7.763,2.559,78.99,4029.56,87.132
228.998,8.99,8.414,4.923,30.519,4024.106,87.633
199.003,4.581,6.477,4.947,78.944,3966.602,85.251
151.458,4.4,6.041,3.992,41.545,4126.095,87.166
32.847,1.751,6.806,4.276,3.978,4440.995,89.896
114.118,9.684,6.374,4.852,76.975,3756.981,84.705
123.302,2.131,7.371,4.673,90.028,4221.498,86.954
242.039,1.909,8.247,3.299,12.859,4552.54,90.97
373.722,6.607,7.721,3.806,58.938,4056.377,86.957
236.905,2.428,6.339,3.172,8.104,4360.668,89.254
28.922,9.388,6.29,2.779,83.159,4000.935,86.994
478.895,0.109,8.279,4.464,98.808,4238.973,86.434
471.362,0.058,7.219,3.821,50.004,4301.225,87.529
392.595,5.049,8.309,4.369,32.026,4181.212,88.006
495.664,4.881,7.841,0.932,84.729,4329.573,88.913
272.241,1.634,8.483,3.094,52.557,4516.002,90.125
481.384,4.945,8.178,1.983,45.454,4340.665,89.436
37.803,4.117,7.036,2.81,23.553,4450.688,90.506
182.84,8.903,7.896,3.258,61.986,4103.166,88.083
112.691,0.093,7.178,4.306,61.025,4404.193,88.459
97.917,9.763,6.583,0.643,27.021,4302.789,90.686
70.401,6.244,6.603,1.238,21.93,4445.208,91.106
311.207,1.518,6.993,4.647,44.418,4214.319,87.155
390.661,0.468,6.279,4.853,45.631,4132.623,86.01
289.149,5.381,6.444,0.749,13.713,4428.449,90.762
73.481,2.349,7.252,1.993,28.33,4615.002,91.571
405.562,3.012,8.385,0.544,16.875,4696.989,92.705
317.977,2.451,7.444,3.909,90.243,4191.529,86.748
194.083,6.502,7.021,3.569,8.359,4206.405,88.931
337.065,5.535,6.607,3.042,87.997,4035.221,86.133
129.952,0.78,6.49,3.612,53.261,4377.243,88.474
172.596,5.265,7.646,2.92,66.867,4289.301,88.804
458.743,7.912,8.121,1.575,92.402,4144.833,87.898
145.252,0.812,6.997,3.895,37.173,4422.694,89.099
234.994,8.897,7.377,4.025,70.559,3931.705,86.281
445.071,5.783,7.767,4.344,67.498,3995.606,86.016
353.861,9.506,6.146,4.793,98.846,3585.304,82.716
31.102,1.481,6.877,3.864,5.559,4500.592,90.395
73.652,9.936,7.824,0.745,46.088,4382.106,91.341
3.921,6.443,7.712,0.594,98.966,4489.749,90.841
315.461,5.675,6.133,3.829,33.46,4021.998,86.588
223.837,5.153,6.595,0.752,96.601,4321.472,88.795
67.137,0.237,7.7,1.922,81.855,4668.708,90.939
478.967,9.396,6.679,1.113,34.593,4078.093,88.254
264.83,6.44,8.036,4.86,3.881,4155.422,88.447
120.947,0.916,6.074,1.924,28.754,4551.204,90.499
250.302,0.21,6.476,0.748,13.248,4710.647,92.037
339.81,0.508,6.703,4.773,43.417,4210.873,86.827
38.12,6.094,8.313,3.239,94.013,4295.604,88.844
137.352,6.14,7.991,0.662,51.749,4553.649,91.861
403.483,4.997,8.21,4.25,45.303,4153.842,87.584
229.832,3.068,7.101,1.186,22.36,4578.463,91.481
273.289,5.317,8.056,4.111,62.522,4166.984,87.64
216.408,5.163,8.134,3.212,46.082,4333.616,89.424
21.95,0.194,7,1.297,77.499,4694.607,91.229
82.875,2.825,8.486,3.887,52.096,4473.082,90.057
222.771,0.532,8.128,2.545,88.771,4542.762,89.699
104.593,9.002,8.435,3.371,78.518,4146.968,88.385
24.99,7.252,8.166,4.413,15.361,4269.514,89.717
421.825,9.961,7.941,1.671,14.464,4189.018,89.734
490.596,3.022,8.36,2.147,3.411,4518.069,91.053
396.571,8.785,7.05,4.988,37.532,3793.59,85.196
426.892,6.031,7.958,2.787,6.407,4289.394,89.639
120.989,4.531,6.532,3.013,45.545,4273.749,88.641
480.313,2.226,7.832,1.784,24.894,4503.52,90.454
98.463,7.384,7.963,2.372,50.326,4340.047,90.112
475.715,9.041,7.791,2.757,16.672,4080.161,88.347
497.41,2.353,8.125,1.663,55.37,4469.054,89.843
355.861,1.754,7.033,1.572,96.677,4387.189,88.431
490.572,6.962,7.362,3.202,64.086,3994.413,86.392
284.77,9.77,6.027,1.326,56.875,4025.403,87.616
129.771,7.5,6.365,2.991,79.017,4039.561,86.855
218.498,2.846,7.61,3.678,1.551,4438.611,90.224
296.78,4.2,7.406,1.392,28.964,4485.068,90.821
36.541,3.843,6.493,3.856,98.711,4155.837,86.724
311.172,8.521,6.609,2.119,78.479,4010.416,86.876
490.589,7.714,6.86,4.966,9.936,3838.541,85.6
95.054,5.89,7.791,4.906,33.32,4179.865,88.232
396.298,2.75,7.524,4.094,44.547,4218.34,87.563
453.949,9.38,6.174,2.042,93.524,3830.152,85.18
471.851,6.533,7.9,4.717,59.033,3937.592,85.746
480.068,9.705,6.657,4.995,8.645,3723.651,85.061
260.73,5.801,7.679,2.58,51.398,4286.695,89.093
488.654,8.212,6.308,3.266,29.649,3890.053,86.068
378.655,8.131,8.495,0.527,34.531,4431.843,91.412
80.836,3.373,6.201,0.696,12.313,4616.786,92.057
238.45,9.64,7.854,2.753,46.417,4116.095,88.589
359.166,0.219,7.353,3.242,67.279,4386.03,88.253
123.67,7.687,6.215,1.906,76.196,4132.326,87.867
320.308,9.656,6.067,0.946,69.843,4029.475,87.493
333.3,3.389,6.907,4.02,66.391,4119.758,86.55
81.35,6.481,8.006,2.384,87.052,4323.279,89.307
282.543,5.622,6.103,3.42,33.905,4078.114,87.129
385.813,7.615,7.761,3.426,22.245,4115.359,88.216
249.448,8.662,7.638,2.961,9.854,4190.245,89.402
6.052,6.03,6.664,1.303,17.405,4496.706,91.602
4.519,8.159,6.194,3.272,15.79,4150.345,88.793
178.515,3.123,8.288,1.949,91.337,4505.818,90.082
463.097,2.286,6.751,4.186,18.871,4172.897,87.226
114.338,4.307,6.278,1.369,10.3,4497.803,91.167
317.182,6.777,7.704,1.81,40.625,4310.653,89.733
111.038,1.872,6.542,2.481,17.791,4521.307,90.597
160.835,6.804,7.189,3.83,13.926,4187.456,88.776
424.021,3.941,6.126,3.743,36.878,4055.449,86.368
364.431,7.956,8.482,2.017,92.019,4182.506,88.292
47.7,0.368,7.119,2.798,4.013,4681.773,91.888
214.351,6.68,8.498,1.554,21.564,4510.077,91.889
14.585,6.498,6.964,3.967,82.598,4102.354,87.147
240.445,9.409,6.87,1.385,25.278,4207.197,89.642
331.217,7.134,8.286,4.187,44.668,4098.309,87.677
59.251,7.963,6.824,4.716,10.756,4061.49,87.896
144.442,9.046,7.08,4.962,79.722,3827.813,85.195
198.918,6.751,6.195,4.356,73.91,3899.09,85.277
459.766,2.902,8.389,1.498,13.678,4586.785,91.602
496.628,8.698,6.213,2.374,94.848,3810.959,84.77
22.456,7.476,7.928,0.9,59.472,4498.859,91.637
380.504,4.244,7.347,1.24,80.018,4348.1,88.954
185.862,7.105,6.154,0.724,76.616,4241.56,88.781
196.229,8.677,6.004,3.385,52.388,3925.201,86.331
377.132,9.757,8.339,2.899,75.002,4017.559,87.353
459.213,9.524,7.855,4.627,24.542,3868.021,86.292
475.464,3.253,7.716,2.584,3.105,4406.649,90.011
288.561,4.217,7.096,3.39,34.866,4245.743,88.374
178.561,1.095,6.597,2.307,16.098,4552.69,90.695
393.775,2.475,7.7,4.233,98.127,4129.797,86.059
125.501,8.824,7.521,4.669,92.439,3896.367,85.687
282.037,3.608,7.816,2.443,15.27,4485.324,90.783
179.289,6.206,6.914,0.872,35.055,4434.202,90.853
328.316,6.66,8.467,1.236,51.422,4423.155,90.715
120.199,7.818,6.168,3.742,40.474,4010.545,87.046
95.796,1.828,6.199,1.964,70.302,4443.653,89.282
459.12,3.048,8.292,4.034,50.848,4242.133,87.827
50.902,4.483,7.619,3.874,56.961,4310.994,88.885
252.979,3.648,6.816,3.624,68.086,4174.065,87.154
110.426,9.829,7.905,4.164,3.343,4120.739,89.123
19.465,8.349,7.132,3.905,2.23,4191.08,89.393
18.009,4.797,6.053,3.347,18.634,4284.499,89.098
87.611,8.793,7.628,0.519,72.112,4383.21,90.749
433.385,3.477,6.608,2.821,24.802,4238.601,88.181
141.239,7.858,6.288,3.179,92.098,3963.241,86.069
475.23,2.237,6.563,4.823,8.771,4107.033,86.654
290.811,7.723,7.19,3.427,58.411,4027.934,87.012
218.307,4.565,6.125,3.09,3.529,4259.062,88.925
290.044,1.075,8.208,2.935,97.234,4434.011,88.69
258.349,2.733,7.4,0.965,22.153,4633.385,91.932
379.388,4.023,6.732,2.424,59.176,4221.637,87.831
141.248,7.493,7.718,1.105,95.352,4325.316,89.548
176.525,0.73,8.011,0.737,4.006,4894.579,94.125
447.047,6.595,7.535,1.983,51.761,4198.401,88.445
473.228,7.16,6.506,3.404,53.145,3909.265,85.709
446.279,6.539,6.276,4.401,35.797,3865.819,85.262
209.724,7.607,8.15,4.147,65.801,4083.512,87.459
390.183,1.782,6.587,1.826,54.71,4382.465,88.812
238.168,5.871,6.05,0.707,25.665,4370.357,90.208
248.77,9.411,7.607,2.312,70.826,4092.912,88.044
102.34,6.108,6.382,1.917,47.151,4295.707,89.318
295.565,6.113,8.477,2.171,47.561,4382.101,90.179
93.068,7.364,8.174,3.016,95.24,4210.604,88.363
165.782,3.332,7.521,0.637,53.968,4630.996,91.77
427.515,7.005,8.085,2.169,78.681,4170.246,88.017
103.538,9.162,7.176,3.014,86.871,4032.62,87.206
35.579,0.109,7.971,2.439,58.492,4712.963,91.577
34.504,8.701,7.616,3.503,78.851,4101.37,87.836
470.392,2.186,6.072,1.338,31.645,4365.607,88.995
253.46,4.559,8.372,1.192,19.011,4625.254,92.43
204.706,8.523,8.152,1.885,69.858,4258.443,89.443
405.439,8.239,8.384,0.958,92.693,4242.512,88.97
417.913,8.919,7.828,1.563,5.207,4261.189,90.236
166.096,9.404,7.03,0.891,76.543,4207.567,89.131
346.809,4.472,6.517,2.309,3.811,4316.25,89.466
385.561,6.564,6.45,3.702,46.402,3961.078,86.116
327.325,3.905,6.362,1.789,68.042,4262.301,88.114
75.798,3.507,6.552,0.517,41.125,4607.966,91.721
437.942,4.316,7.377,3.007,30.794,4240.622,88.393
269.547,7.431,7.709,3.614,19.497,4164.257,88.677
141.236,5.014,6.785,2.261,97.809,4235.465,87.881
212.614,8.141,7.372,1.836,57.461,4225.277,89.12
18.786,7.452,6.853,2.708,13.657,4305.211,90.151
63.933,0.205,7.741,0.956,5.767,4924.83,94.252
382.773,6.302,8.471,3.398,25.096,4250.658,89.146
0.006,4.366,7.723,3.8,54.324,4365.334,89.42
208.283,4.566,6.148,3.671,75.447,4064.324,86.259
261.255,8.184,7.193,1.979,98.115,4085.365,87.328
27.317,5.476,7.926,4.292,83.561,4208.793,87.895
486.539,8.856,7.356,4.761,61.585,3750.228,84.543
113.063,7.128,8.378,1.837,66.981,4407.186,90.54
152.099,5.528,6.137,1.682,52.685,4287.63,89.008
151.971,7.545,6.728,3.668,44.023,4064.641,87.47
115.208,0.383,6.552,3.687,78.688,4352.298,87.851
0.737,0.271,7.919,2.797,18.558,4761.191,92.508
364.672,0.833,7.309,4.655,34.059,4273.325,87.643
483.423,4.376,6.346,1.158,97.89,4162.471,86.959
112.147,2.355,6.714,2.648,57.601,4417.582,89.306
331.524,9.843,7.307,0.658,50.352,4206.224,89.512
370.948,5.423,8.49,0.737,85.228,4448.262,90.257
424.213,6.624,6.911,0.742,76.44,4220.721,88.43
211.315,2.788,6.392,2.713,33.278,4356.278,89.066
151.465,3.218,7.243,3.15,62.97,4346.661,88.802
162.648,3.355,6.775,0.516,19.354,4638.215,92.195
356.311,6.987,7.415,3.346,6.245,4166.833,88.702
408.39,4.737,7.167,2.704,98.995,4107.274,86.504
90.807,5.177,7.724,1.507,73.984,4469.448,90.508
185.471,5.92,8.286,0.568,93.146,4496.749,90.812
450.97,7.688,6.501,1.202,83.357,4053.278,87.006
403.347,0.904,8.053,3.201,43.379,4451.529,89.353
492.429,7.769,8.373,3.465,86.283,3983.621,86.304
377.124,5.632,6.934,3.412,78.883,4024.279,86.144
196.598,6.691,6.284,1.189,26.567,4323.512,89.977
295.319,3.276,8.055,4.6,62.678,4208.64,87.442
330.507,4.094,7.753,2.349,31.197,4408.005,89.996
39.228,2.312,6.532,3.956,24.17,4374.039,89.192
272.248,9.793,7.113,1.249,9.092,4242.432,90.271
354.66,4.97,7.445,2.618,54.773,4247.365,88.417
83.661,9.961,6.425,2.847,39.85,4038.21,87.972
390.316,4.898,7.787,3.967,9.716,4222.584,88.598
291.886,2.198,7.725,3.297,72.117,4342.734,88.365
476.111,5.075,8.218,2.297,72.583,4255.148,88.348
21.211,0.396,7.418,1.771,24.296,4785.691,92.733
132.663,9.048,7.436,4.878,95.635,3845.762,85.216
300.777,8.186,7.548,1.78,78.008,4161.128,88.287
148.28,7.258,6.684,1.083,80.725,4261.682,88.987
357.212,6.098,7.897,1.852,1.366,4418.212,90.998
379.503,5.798,7.656,1.971,97.865,4193.104,87.692
51.258,9.967,8.098,1.075,99.039,4280.178,89.802
256.927,2.78,7.921,3.687,51.215,4353.589,88.858
254.445,7.797,7.596,3.286,98.517,4016.921,86.523
184.64,5.814,6.402,1.925,61.602,4241.52,88.543
466.462,9.759,8.298,4.969,14.265,3883.236,86.617
413.753,8.278,6.918,3.448,81.609,3863.052,85.298
348.605,9.985,8.411,3.664,56.25,3988.575,87.319
357.163,5.883,7.005,3.007,34.887,4157.218,87.988
230.858,2.045,6.365,2.982,24.382,4371.811,89.088
460.497,5.037,8.212,0.59,52.371,4475.366,90.741
347.298,7.111,7.988,3.969,69.483,4033.686,86.775
364.491,7.744,7.966,4.598,87.824,3891.668,85.362
430.845,0.005,6.224,1.05,60.265,4481.126,89.21
137.036,5.05,8.198,4.08,42.114,4306.527,89.159
403.535,2.352,7.491,2.904,63.581,4312.114,88.191
97.62,8.749,7.176,1.784,50.199,4252.536,89.648
172.671,1.529,8.283,4.644,65.547,4370.012,88.503
167.805,6.665,7.665,0.578,61.288,4468.986,91.076
489.263,2.661,6.333,1.733,97.89,4186.49,86.684
428.269,3.565,7.299,4.488,62.602,4063.462,86.078
350.585,9.406,7.592,2.665,69.413,4008.3,87.211
363.528,2.404,8.246,3.195,89.346,4324.442,88.072
281.036,0.95,6.7,3.874,91.389,4211.78,86.489
473.545,0.693,7.986,1.166,14.947,4680.661,91.865
248.129,5.046,8,1.468,45.927,4484.899,90.904
190.259,6.417,6.32,4.994,94.334,3827.976,84.262
81.518,3.273,6.043,1.569,96.017,4351.015,88.532
393.103,6.903,7.454,2.926,19.813,4171.404,88.587
367.222,0.61,7.974,1.844,44.927,4608.97,90.824
192.178,8.573,7.386,4.331,28.586,4023.54,87.522
12.597,8.166,8.033,4.828,79.283,4047.399,87.131
419.499,9.855,7.556,1.136,85.365,4068.768,87.791
5.709,9.365,7.633,3.203,47.455,4177.047,89.105
351.85,3.562,6.07,4.152,67.89,4002.025,85.41
485.129,3.993,6.221,4.204,87.127,3885.332,84.18
218.831,7.46,7.813,2.482,71.242,4208.173,88.607
117.487,1.341,7.907,1.514,16.486,4780.534,93.043
352.436,3.14,7.355,2.242,71.487,4335.132,88.578
408.564,1.185,7.475,3.88,16.736,4362.499,88.813
273.215,4.549,7.536,4.972,65.721,4060.899,86.316
483.518,5.52,6.262,2.994,34.02,4041.017,86.726
25.834,2.112,7.67,1.378,6.588,4797.498,93.543
252.398,0.266,7.196,0.689,23.422,4764.389,92.49
359.227,7.194,7.506,4.747,47.37,3941.939,86.104
431.32,0.2,7.408,2.674,99.408,4348.943,87.555
89.628,9.734,7.908,3.725,26.315,4134.137,88.998
400.002,2.216,6.796,3.471,97.899,4125.957,85.945
276.354,6.639,6.934,4.509,37.058,3998.247,86.604
198.277,4.348,6.979,1.697,96.041,4319.564,88.539
65.858,0.597,7.906,2.488,95.654,4587.766,90.1
432.648,4.722,7.078,4.611,15.147,4063.939,86.904
78.637,5.168,6.443,3.135,83.043,4166.974,87.39
154.894,8.547,8.458,0.821,52.214,4454.431,91.586
145.023,7.323,7.233,1.375,68.934,4309.274,89.6
435.707,0.793,6.273,1.567,77.831,4357.398,88.034
336.351,2.092,7.676,4.972,13.329,4270.95,88.204
398.341,3.119,7.848,1.509,80.098,4418.617,89.321
125.234,1.164,7.251,4.414,30.977,4400.924,89.049
312.437,4.569,7.616,0.851,73.505,4444.794,90.084
285.873,9.843,6.432,1.318,57.792,4060.719,87.982
416.415,5.146,6.92,4.424,68.782,3946.478,85.321
453.044,7.419,6.405,4.545,62.665,3763.143,84.23
6.078,6.829,6.968,1.293,81.232,4360.549,89.842
337.01,8.499,7.407,1.534,89.561,4114.683,87.801
25.918,2.157,7.106,2.888,45.461,4510.137,90.294
274.429,7.538,7.483,0.737,39.825,4380.819,90.671
143.816,8.814,7.254,4.754,24.977,3987.522,87.27
153.388,1.715,6.795,2.129,81.57,4440.93,89.108
176.479,3.468,6.359,2.702,96.734,4210.565,87.179
310.646,9.701,6.632,0.973,20.337,4184.849,89.555
167.025,7.808,6.502,0.646,46.326,4318.974,90.069
366.35,2.826,7.769,2.605,77.263,4337.341,88.449
202.264,5.639,8.05,1.048,63.968,4489.202,90.944
34.177,4.043,7.801,3.336,81.688,4363.826,89.034
391.88,4.9,7.609,4.075,2.598,4207.298,88.517
142.879,3.552,6.77,0.643,91.223,4481.241,89.966
216.383,2.793,7.777,3.255,7.074,4490.241,90.67
342.722,6.748,7.513,4.17,45.102,4035.292,86.926
166.228,7.785,6.117,2.477,28.301,4134.994,88.403
28.293,8.74,8.269,4.819,92.891,4008.129,86.774
186.961,1.553,6.2,1,28.239,4592.327,91.107
472.224,8.229,7.257,1.953,37.96,4106.873,88.158
320.867,2.548,7.283,1.535,88.946,4409.008,88.965
335.74,4.273,8.093,4.983,54.203,4121.021,86.95
316.141,9.014,8.283,1.824,89.922,4157.251,88.378
99.496,4.545,8.349,2.246,66.436,4500.48,90.704
209.167,1.971,7.424,4.314,8.84,4390.195,89.405
375.47,1.599,7.698,4.685,44.044,4245.52,87.494
50.686,4.73,6.221,4.72,18.462,4151.384,87.748
138.926,7.627,7.22,3.012,7.448,4255.108,89.765
138.16,9.972,8.245,3.485,38.008,4132.28,88.934
216.009,7.874,7.139,2.071,90.934,4123.219,87.685
490.184,8.77,6.174,3.232,12.649,3885.28,86.357
33.751,7.478,6.502,1.862,1.67,4369.791,90.925
259.35,8.954,7.074,3.857,93.574,3857.124,85.322
89.682,0.763,6.594,1.882,53.48,4581.189,90.506
485.338,9.299,6.981,4.457,56.299,3732.104,84.548
56.652,3.964,6.832,1.146,92.917,4456.31,89.823
201.801,9.216,6.797,3.073,70.318,3970.077,86.762
368.942,0.757,6.228,2.843,82.854,4250.441,86.903
352.277,7.152,8.207,1.687,77.279,4263.688,89.01
211.364,7.357,7.732,0.626,61.574,4413.901,90.73
173.262,9.969,7.558,1.168,69.151,4215.616,89.455
198.806,7.689,7.516,4.856,56.51,3969.189,86.433
132.138,3.826,6.991,4.736,36.184,4195.814,87.744
102.666,5.572,8.058,1.037,29.25,4613.686,92.516
241.52,3.666,8.325,2.187,18.419,4572.951,91.645
134.267,1.96,6.014,2.593,36.046,4404.862,89.276
143.731,2.485,6.198,2.651,58.113,4342.325,88.588
328.378,2.22,7.687,1.845,59.166,4490.748,89.982
484.269,5.488,6.59,4.608,68.659,3844.329,84.403
301.819,9.062,8.279,4.588,88.063,3888.99,85.728
38.49,9.127,7.669,0.585,65.533,4401.661,91.099
37.792,0.548,6.921,3.425,17.918,4567.459,90.66
475.712,0.799,7.038,0.835,3.544,4635.464,91.559
148.645,2.451,7.727,3.189,20.49,4515.984,90.69
46.033,2.551,6.352,4.401,90.902,4162.788,86.484
299.522,0.949,8.209,3.423,57.198,4466.963,89.382
311.824,3.885,6.012,2.61,85.012,4120.007,86.515
324.252,5.877,8.447,4.811,24.197,4159.302,88.114
133.701,5.782,6.419,3.86,71.278,4057.454,86.596
7.555,5.434,7.855,1.622,73.436,4500.975,90.906
482.508,3.387,6.1,2.241,81.144,4112.982,86.334
125.447,7.065,7.079,3.919,54.016,4091.93,87.499
338.013,8.265,7.576,0.587,79.558,4257.523,89.259
353.315,3.463,6.176,0.788,93.609,4301.761,88.12
305.004,0.855,7.108,4.367,95.782,4187.25,86.171
156.454,2.963,6.758,0.693,13.418,4653.23,92.287
135.548,1.374,7.246,3.553,62.806,4407.158,88.856
298.834,4.674,7.261,1.935,12.235,4425.07,90.53
433.048,1.559,7.963,4.217,92.336,4195.493,86.499
473.367,4.628,6.309,4.313,95.584,3840.297,83.836
52.953,2.21,6.207,4.79,50.46,4203.78,87.196
77.414,7.387,7.005,0.93,96.029,4307.344,89.329
472.368,0.276,8.219,2.403,76.858,4477.915,89.093
368.268,5.547,8.138,3.083,69.898,4204.233,88.008
441.497,1.695,7.4,4.622,58.495,4155.29,86.476
101.316,0.01,8.222,1.699,41.271,4818.566,92.776
293.793,8.692,8.013,0.822,96.414,4244.779,89.091
350.57,6.715,6.695,1.408,20.508,4276.626,89.576
340.056,0.989,6.425,2.73,80.451,4289.114,87.383
204.076,6.641,6.753,3.565,37.378,4109.986,87.718
7.697,6.116,6.568,3.608,75.571,4135.161,87.431
291.463,4.734,7.557,0.836,17.205,4555.261,91.801
126.551,4.193,7.462,3.926,37.957,4304.771,88.926
225.127,8.871,7.496,3.471,94.668,3957.066,86.285
478.791,2.451,6.473,2.334,56.172,4239.618,87.57
199.518,3.983,7.98,3.07,49.634,4392.796,89.627
419.901,3.291,7.084,3.955,75.459,4087.498,86.108
94.27,7.712,7.181,1.679,42.288,4332.859,90.219
336.23,9.165,8.492,4.73,49.809,3950.259,86.754
488.503,8.498,6.706,1.12,56.5,4076.43,87.749
50.947,7.977,6.985,4.56,99.009,3920.192,85.605
4.16,9.868,7.691,3.834,80.732,4028.791,87.441
216.791,6.971,8.201,3.472,4.94,4306.021,90.102
46.313,7.511,6.317,0.873,78.578,4288.547,89.353
374.192,9.828,7.838,4.636,50.795,3840.123,85.842
457.274,0.07,8.296,1.829,23.836,4666.867,91.451
217.01,6.34,7.057,3.855,85.497,4023.683,86.284
129.356,7.39,6.717,4.482,27.783,4033.792,87.277
217.202,9.178,7.694,1.599,32.721,4276.551,90.192
361.724,8.838,6.615,4.616,7.236,3862.691,86.206
4.527,8.42,6.961,3.254,97.783,4051.889,87.067
294.727,9.458,8.242,3.466,79.743,3997.919,87.019
306.646,5.374,7.476,4.615,15.662,4132.716,87.783
318.844,0.069,6.237,2.87,49.465,4374.901,88.275
121.011,0.111,6.824,2.483,34.338,4599.424,90.684
357.026,5.446,7.568,3.35,4.207,4262.615,89.218
45.696,4.353,7.204,2.993,92.795,4294.99,88.328
99.635,4.512,7.651,0.777,84.102,4543.777,90.95
438.735,4.004,7.904,1.312,98.706,4342.157,88.636
369.362,9.177,7.202,0.561,25.009,4270.487,90.208
6.873,3.592,8.467,0.987,70.242,4724.558,92.621
124.188,8.562,8.287,3.784,12.699,4234.631,89.788
107.203,9.029,6.15,0.521,43.708,4270.407,89.976
135.403,4.995,6.666,1.87,84.827,4292.518,88.575
123.78,4.469,6.751,2.522,1.798,4433.987,90.663
31.263,7.61,6.461,4.72,48.589,3980.736,86.605
229.47,7.08,6.78,1.972,44.035,4224.06,88.924
366.367,3.285,7.062,4.024,69.409,4117.528,86.467
303.366,1.025,6.129,2.339,24.555,4426.877,89.331
336.436,2.649,6.318,0.943,18.155,4500.55,90.619
40.575,1.31,6.241,0.945,65.419,4612.942,90.868
475.745,2.947,6.116,2.446,64.484,4152.776,86.767
419.246,2.618,7.204,0.76,75.427,4452.94,89.561
402.545,6.377,6.835,3.072,25.444,4105.205,87.711
411.492,9.545,8.339,2.721,2.616,4173.493,89.572
466.355,6.857,6.257,3.661,87.918,3807.664,84.255
272.127,9.266,8.315,1.335,21.428,4355.736,91.123
100.141,7.841,6.216,3.168,42.379,4077.924,87.708
308.392,7.279,7.548,1.285,47.382,4313.371,89.844
371.441,4.141,6.619,3.75,19.546,4155.084,87.598
368.959,3.248,8.067,1.882,52.562,4466.479,90.114
260.725,8.463,6.154,3.265,91.515,3852.351,85.147
34.229,9.054,8.381,4.472,27.864,4165.383,89.091
185.556,4.519,6.118,2.697,52.514,4218.362,88.014
460.383,0.091,6.603,1.365,31.561,4525.902,89.971
292.224,7.925,7.16,4.488,98.092,3828.729,84.684
269.166,2.851,7.89,2.114,22.839,4554.858,91.175
134.427,0.099,8.378,3.786,11.824,4663.36,91.545
184.224,8.05,7.07,1.94,15.119,4288.123,90.145
447.673,5.174,7.893,1.842,37.338,4347.911,89.658
333.232,6.852,7.818,3.389,55.732,4122.192,87.72
393.694,9.147,7.428,1.203,67.133,4133.994,88.413
227.173,5.412,7.727,4.401,56.679,4135.06,87.407
315.124,5.032,6.095,2.244,90.648,4094.631,86.549
124.192,2.907,7.104,0.587,36.669,4670.955,92.215
352.73,3.052,7.965,1.874,71.521,4437.015,89.571
213.801,7.965,7.186,4.032,27.55,4055.049,87.665
221.273,4.49,8.184,4.367,68.494,4209.525,87.757
324.661,1.635,8.084,3.055,92.656,4373.458,88.299
468.14,0.945,8.159,1.823,97.862,4456.454,88.87
32.003,4.729,6.325,2.875,73.24,4246.024,88.147
412.372,4.65,6.61,4.264,94.302,3907.399,84.526
146.192,6.535,6.074,1.922,68.363,4178.631,88.063
221.96,4.711,8.457,2.234,96.356,4383.027,89.28
10.957,1.435,6.59,2.929,89.904,4409.148,88.623
150.523,5.078,6.918,4.492,11.555,4190.287,88.311
251.316,9.068,6.687,3.12,47.938,3981.836,87.059
28.088,1.594,6.099,1.434,35.398,4601.962,91.144
245.548,6.898,6.653,0.901,3.673,4400.221,91.035
463.555,5.939,6.245,0.928,47.224,4208.638,88.396
52.697,7.486,6.986,4.776,15.687,4088.944,87.978
382.22,1.506,8.417,4.201,4.609,4445.992,89.866
204.836,9.416,7.746,3.946,45.057,4016.597,87.54
327.587,6.21,7.767,2.734,24.006,4281.072,89.434
130.118,8.471,7.133,3.526,93.594,3984.869,86.454
79.746,2.466,8.028,1.073,81.457,4669.437,91.62
80.231,7.394,8.271,3.294,95.661,4196.524,88.227
35.246,7.81,8.404,4.149,88.265,4140.868,87.869
92.823,3.974,6.247,0.78,73.068,4455.52,90.017
332.11,3.84,8.199,1.833,60.167,4458.279,90.133
440.845,6.578,6.563,0.996,7.48,4292.365,89.822
407.063,0.934,6.993,1.671,27.315,4527.349,90.281
342.567,7.356,6.864,3.976,71.363,3906.911,85.562
55.216,0.429,7.688,1.994,40.717,4738.875,92.11
144.594,1.906,7.495,3.604,33.211,4455.109,89.791
154.903,6.641,6.273,3.98,11.293,4097.181,87.851
124.978,0.983,7.957,4.175,7.948,4550.671,90.722
257.503,9.718,7.099,4.43,21.789,3908.642,86.784
267.777,8.684,6.006,3.189,83.623,3846.287,85.232
178.443,6.263,7.036,1.763,66.639,4291.688,89.129
176.895,8.191,7.291,1.178,34.754,4343.848,90.548
414.278,8.876,6.172,2.767,7.042,3975.537,87.348
394.646,2.595,6.378,0.966,19.649,4474.824,90.33
153.898,8.494,8.484,4.598,45.539,4095.835,88.051
456.894,1.948,8.178,2.491,16.169,4510.502,90.528
476.408,4.133,6.333,4.428,76.497,3892.619,84.401
163.371,5.583,7.451,3.692,79.075,4156.94,87.453
177.212,7.139,6.948,4.357,14.55,4084.411,87.84
252.817,0.301,7.359,4.478,72.96,4300.754,87.368
470.56,2.905,7.176,0.74,51.712,4459.693,89.951
438.16,6.085,6.12,3.764,96.276,3819.78,84.061
51.284,3.574,6.789,1.519,78.969,4464.644,89.929
196.365,7.75,6.314,4.952,58.945,3832.612,85.062
276.686,6.517,7.222,4.003,60.758,4036.275,86.71
251.566,2.344,8.268,0.517,18.712,4794.726,93.463
96.932,1.459,8.489,4.673,89.469,4381.177,88.355
429.408,6.29,8.361,1.815,56.366,4312.567,89.449
338.47,4.505,8.464,2.375,57.836,4398.79,89.761
418.954,1.69,6.038,3.255,57.966,4168.395,86.611
429.382,3.264,7.824,4.623,28.347,4185.449,87.55
374.178,3.03,6.682,4.673,81.397,3999.534,85.091
219.605,1.081,8.164,3.036,86.372,4476.23,89.223
305.273,5.469,8.034,1.925,29.501,4425.815,90.604
80.183,7.636,7.059,1.756,44.735,4318.897,90.033
336.823,5.755,7.183,2.14,18.736,4310.72,89.646
89.627,8.263,6.663,1.312,24.616,4327.851,90.511
346.975,1.276,6.722,3.514,34.262,4314.98,88.19
114.799,4.356,8.453,2.875,90.297,4401.983,89.424
58.776,6.094,8.222,3.981,62.99,4264.079,88.839
82.642,6.76,6.48,0.924,59.207,4357.881,90.015
0.996,6.958,6.689,2.3,94.729,4201.074,88.151
359.37,7.29,6.272,1.579,79.341,4066.375,87.057
366.201,6.514,8.472,2.908,2.589,4342.391,90.352
257.467,0.942,8.268,2.607,13.309,4663.627,91.786
80.681,6.953,7.38,2.523,25.528,4346.671,90.297
41.777,7.248,7.732,1.92,31.088,4435.723,91.221
9.564,9.935,7.87,3.771,83.572,4041.24,87.557
82.874,6.934,6.51,2.667,77.221,4141.687,87.725
445.428,6.868,8.337,1.41,15.399,4395.729,90.864
120.768,5.148,7.317,2.964,53.859,4309.825,89.104
177.136,8.679,6.231,3.185,11.803,4058.476,88.071
52.673,9.968,6.993,0.596,18.116,4378.665,91.596
111.181,7.79,7.504,1.417,24.977,4413.645,91.224
259.612,6.125,6.882,1.591,90.624,4211.819,88.049
303.876,0.79,7.748,1.616,37.206,4647.339,91.338
122.676,7.267,8.205,1.575,91.666,4354.992,89.813
28.866,7.086,7.93,1.722,75.323,4401.374,90.386
195.516,7.756,7.607,1.682,75.191,4256.513,89.14
117.102,1.246,7.28,4.478,80.546,4298.289,87.551
109.777,6.537,6.636,1.938,10.501,4367.018,90.526
479.931,2.957,7.137,2.074,81.647,4255.221,87.623
308.15,7.603,6.732,1.698,26.006,4217.236,89.193
278.439,2.404,8.335,4.854,98.409,4191.872,86.656
207.888,6.84,8.268,2.91,84.972,4219.98,88.402
214.472,2.95,6.39,3.247,99.668,4160.142,86.49
270.453,0.09,8.057,3.81,93.775,4397.413,88.063
348.215,6.334,7.757,2.002,36.613,4311.545,89.649
351.073,1.133,8.438,4.86,94.227,4237.226,86.77
85.847,6.593,7.158,1.185,33.693,4457.325,91.214
250.056,9.256,7.805,2.56,66.268,4104.158,88.156
205.979,9.692,7.295,1.154,82.046,4162.318,88.71
435.263,2.359,6.174,4.057,38.815,4098.458,86.304
315.709,8.093,6.117,0.983,21.183,4208.551,89.301
266.252,3.536,6.305,2.993,89.594,4142.183,86.587
57.697,9.005,6.74,0.972,11.225,4375.358,91.343
302.819,7.875,6.648,2.537,37.133,4091.661,87.908
58.602,0.739,7.821,1.761,54.517,4730.648,91.983
168.603,4.071,7.79,4.565,80.67,4173.287,87.148
71.421,3.373,8.428,0.739,87.016,4690.555,92.047
346.037,7.852,6.776,3.425,51.652,3966.213,86.501
103.126,4.103,8.346,3.629,57.766,4399.512,89.648
195.93,6.846,7.532,4.5,85.529,3991.854,86.117
447.837,6.024,7.238,4.45,47.234,3959.244,85.927
102.158,9.756,7.67,4.897,56.351,3925.684,86.62
253.903,9.378,7.757,1.643,2.825,4309.935,90.884
209.636,4.277,6.43,1.737,95.161,4260.322,87.935
9.062,7.236,7.879,2.288,57.111,4378.605,90.386
396.379,8.295,7.813,2.919,73.03,4030.404,87.062
34.523,8.989,8.494,2.152,25.543,4416.378,91.605
237.128,0.681,8.28,3.831,66.002,4460.218,89.147
280.339,3.021,7.712,0.538,46.543,4633.026,91.771
314.213,3.202,7.781,0.579,12.135,4678.656,92.626
344.316,4.344,8.365,3.722,83.186,4208.517,87.557
126.636,1.693,8.418,4.474,84.095,4378.25,88.449
4.989,4.962,8.067,3.994,7.308,4442.082,90.836
361.722,6.632,7.918,1.027,39.67,4397.349,90.566
267.828,4.974,6.278,4.707,28.863,4016.781,86.371
418.059,6.658,8.076,2.849,52.121,4176.553,88.242
410.694,0.664,6.633,3.84,49.391,4241.917,87.125
421.663,8.76,7.409,1.405,65.986,4119.677,88.165
242.547,9.391,7.013,2.97,25.501,4062.574,88.188
166.814,6.179,6.864,1.985,22.948,4349.617,90.12
395.779,8.814,6.776,4.886,72.609,3705.116,83.969
225.647,1.314,8.139,2.634,97.644,4476.633,89.184
91.721,7.974,7.923,3.9,94.688,4068.313,87.129
427.487,1.191,7.309,3.215,79.407,4277.277,87.336
441.28,4.08,7.661,0.924,7.679,4533.682,91.484
233.155,3.238,8.461,2.943,24.54,4524.249,90.969
37.85,5.856,6.994,2.931,69.273,4256.02,88.624
193.913,3.015,7.378,3.721,30.281,4357.429,89.176
401.769,6.373,7.334,1.949,39.969,4239.044,88.903
450.887,3.674,8.34,4.373,95.415,4096.733,86.115
101.736,8.608,6.879,3.302,9.544,4157.367,89.061
33.487,6.339,8.466,0.677,86.263,4572.648,91.766
438.675,2.153,6.762,3.681,5.98,4269.153,88.278
194.702,3.361,6.272,4.581,34.456,4134.763,87.011
270.88,8.474,6.478,3.574,55.985,3919.307,86.175
484.033,3.865,7.066,2.21,36.282,4277.736,88.574
33.282,5.358,7.624,3.158,95.759,4270.589,88.356
324.159,6.489,7.292,1.271,50.933,4313.66,89.574
37.053,3.478,6.941,3.206,73.65,4333.773,88.645
187.734,2.94,7.405,2.754,70.504,4383.196,89.009
401.907,4.753,8.097,0.618,83.674,4442.001,90.009
216.736,2.149,8.097,1.949,86.527,4526.019,90.04
498.591,2.842,7.816,1.361,47.165,4459.764,89.979
279.53,0.621,8.381,2.258,86.437,4568.64,90.008
160.581,3.04,7.476,1.588,65.692,4525.068,90.506
110.056,3.207,6.019,4.254,68.92,4123.283,86.506
175.26,9.618,6.727,3.64,18.15,4003.927,87.743
186.267,5.897,6.821,3.831,25.265,4160.477,88.121
34.357,7.874,7.368,2.124,69.079,4275.414,89.425
184.787,0.454,8.262,0.516,27.298,4904.994,93.913
232.119,1.065,8.095,1.486,49.514,4692.554,91.75
361.369,8.145,6.58,3.899,49.507,3881.193,85.76
328.365,6.235,7.298,3.213,24.17,4184.275,88.472
354.383,1.91,7.648,2.924,57.083,4385.579,88.858
4.182,4.048,8.469,1.762,56.812,4652.532,92.172
108.834,5.387,6.078,0.841,13.773,4472.443,91.203
330.842,8.436,7.16,4.032,38.73,3948.093,86.624
241.995,0.604,8.47,0.674,37.217,4853.995,93.349
2.657,5.967,8.443,0.766,56.647,4654.707,92.771
402.247,7.17,6.827,1.827,75.184,4089.952,87.299
386.405,9.779,6,3.078,2.805,3904.426,86.95
274.21,8.072,7.467,4.965,14.124,3981.25,87.093
33.232,2.762,8.167,0.908,30.897,4809.422,93.614
383.258,7.096,6.811,2.629,81.231,4009.267,86.409
291.857,7.633,8.336,3.208,48.571,4188.069,88.685
390.98,7.297,6.832,4.204,51.578,3899.265,85.666
375.873,8.201,7.526,3.603,41.512,4011.192,87.157
401.501,9.037,7.805,4.135,42.099,3930.214,86.592
259.004,0.984,6.864,2.851,97.778,4326.97,87.587
70.162,1.048,6.881,2.453,89.965,4475.371,89.168
335.579,7.964,7.175,3.284,72.861,3977.36,86.434
310.237,2.524,8.088,4.554,33.084,4305.941,88.486
371.127,0.585,6.252,2.979,51.855,4308.787,87.745
84.941,4.012,7.579,3.225,69.252,4353.764,89.049
97.488,8.199,7.693,2.021,40.063,4328.44,90.343
445.205,1.266,7.395,3.183,52.923,4329.483,88.145
374.989,6.718,8.34,3.325,15.425,4247.2,89.333
454.114,0.036,7.505,3.89,10.264,4412.063,89.029
379.358,1.097,7.586,3.075,17.564,4471.49,89.868
298.578,3.509,7.499,1.389,75.81,4434.708,89.642
327.066,0.836,7.805,3.119,19.806,4523.691,90.29
444.564,8.459,6.339,1.84,92.547,3919.483,85.807
289.403,8.641,8.236,0.893,37.486,4382.563,91.043
316.196,7.556,6.106,4.214,17.734,3917.826,86.268
78.238,2.425,7.602,0.797,82.699,4654.696,91.447
236.961,5.232,7.539,3.343,46.208,4247.084,88.578
358.199,1.842,6.52,4.948,39.458,4107.099,86.229
135.471,2.813,6.102,0.894,33.616,4545.142,90.959
101.127,5.16,6.347,1.491,33.721,4409.642,90.307
156.913,7.35,6.679,3.924,66.681,3996.231,86.501
120.75,0.947,8.205,0.936,54.524,4810.173,92.84
107.456,2.967,8.139,4.247,47.297,4392.538,89.343
212.425,9.266,6.16,0.501,45.257,4205.805,89.385
453.919,4.291,6.723,4.505,15.058,4050.203,86.639
253.53,9.389,8.223,0.801,82.96,4280.139,89.788
93.96,9.914,6.592,4.649,92.758,3766.078,84.707
38.486,5.267,8.49,4.39,80.418,4266.534,88.441
348.078,2.88,6.642,2.928,45.675,4261.995,88.027
191.399,7.908,7.848,4.001,97.247,3999.119,86.391
410.915,1.593,7.043,0.837,62.246,4510.966,89.965
329.755,2.52,6.341,1.108,77.634,4377.075,88.751
398.121,7.849,6.638,2.162,74.381,4007.347,86.684
135.973,4.336,7.688,2.919,71.074,4349.967,89.09
346.179,2.015,6.843,4.407,64.557,4140.596,86.365
132.031,6.511,7.51,2.942,21.95,4321.348,89.947
469.534,7.328,6.514,3.493,30.151,3940.591,86.303
318.187,1.251,7.121,3.559,88.785,4256.998,87.057
162.256,2.77,7.281,4.449,18.816,4325.906,88.902
134.756,2.213,7.032,3.995,16.044,4393.552,89.439
95.463,3.799,6.495,4.897,29.132,4163.893,87.487
347.32,7.634,7.154,0.59,36.887,4327.226,90.194
109.358,7.137,7.732,1.435,55.76,4406.65,90.65
297.652,6.625,8.412,4.687,60.948,4070.542,87.084
132.318,0.063,7.974,4.065,79.277,4463.027,88.856
330.984,1.421,6.404,1.703,8.267,4516.956,90.513
407.47,2.233,6.682,4.884,21.615,4121.15,86.665
389.013,2.72,6.197,4.414,51.011,4045.753,85.763
380.426,1.464,6.339,0.791,25.83,4539.73,90.578
93.861,4.103,6.627,4.151,87.475,4120.543,86.562
44.192,0.752,6.499,4.03,64.377,4358.423,88.166
349.474,7.5,6.534,1.495,49.533,4155.079,88.306
184.174,7.877,6.577,3.512,1.044,4118.497,88.538
216.173,5.743,6.752,4.866,86.006,3921.336,85.076
15.575,0.897,6.314,3.541,46.625,4431.365,89.117
129.788,8.901,6.695,4.162,53.61,3936.11,86.495
16.838,9.656,7.721,0.947,70.129,4345.884,90.654
439.593,2.024,6.591,3.774,93.808,4073.149,85.401
121.698,7.046,6.43,1.421,16.663,4354.325,90.491
278.669,8.419,6.169,0.823,8.047,4258.191,90.027
19.49,5.398,7.25,2.984,13.069,4420.753,90.696
333.424,3.233,8.105,3.878,74.332,4245.684,87.683
161.514,4.786,6.148,2.96,13.799,4271.086,89.009
448.96,5.123,7.356,4.692,50.597,3984.555,85.876
444.059,4.006,7.627,3.63,70.943,4135.371,86.846
162.645,9.298,7.481,1.029,71.563,4255.836,89.632
450.48,7.439,8.194,4.705,41.229,3969.233,86.512
498.079,2.413,8.166,1.188,70.163,4487.783,89.9
412.708,5.856,6.143,3.912,95.051,3833.877,84.145
422.436,6.887,6.902,1.168,3.77,4310.289,90.131
124.504,1.402,7.677,4.994,67.467,4301.083,87.757
288.351,3.584,8.381,1.995,52.739,4509.76,90.645
33.628,9.055,8.012,2.732,22.046,4314.322,90.639
47.459,5.672,6.441,2.601,31.464,4313.827,89.525
499.446,2.17,6.698,0.959,83.878,4347.971,88.292
163.32,1.228,7.909,2.723,59.103,4557.334,90.351
374.092,5.182,7.179,1.173,2.439,4449.555,91.026
403.333,5.477,7.368,4.109,96.571,3957.284,85.25
429.012,3.344,7.522,4.812,66.952,4055.386,85.888
498.814,6.304,6.258,4.136,44.822,3857.938,85.022
120.748,0.687,8.14,2.44,71.521,4632.253,90.813
20.175,1.451,8.158,0.511,21.252,4939.554,94.618
205.596,5.463,7.171,0.665,26.786,4521.063,91.582
65.04,0.618,7.567,2.728,16.061,4688.396,91.909
11.213,8.809,7.65,3.558,40.31,4182.525,89.065
180.213,1.421,6.474,4.188,90.565,4186.339,86.384
391.869,6.739,6.281,3.198,39.47,3996.522,86.592
283.09,3.912,6.052,4.902,29.52,4018.739,86.066
156.389,3.998,8.282,2.722,70.653,4436.626,89.859
327.171,7.649,6.864,3.2,87.091,3946.203,85.886
116.009,4.995,6.215,1.535,25.179,4409.818,90.345
7.191,7.257,7.164,2.028,80.984,4285.211,89.219
382.177,5.052,6.189,3.574,31.176,4055.462,86.758
311.872,5.929,6.213,3.207,25.484,4097.217,87.496
381.151,7.607,7.222,2.163,47.823,4139.301,88.197
19.469,6.073,7.272,1.004,7.606,4598.216,92.728
418.56,6.156,7.45,2.042,86.361,4151.049,87.494
309.763,7.892,7.641,0.699,87.56,4269.597,89.188
281.698,9.491,7.671,3.113,68.06,4004.209,87.209
312.307,3.767,7.082,1.954,30.986,4406.409,89.884
432.217,5.771,7.609,2.209,17.504,4300.276,89.559
293.468,0.863,6.762,3.088,70.182,4337.161,87.929
290.475,3.588,7.103,3.116,11.206,4351.696,89.481
495.34,4.12,6.983,3.148,41.7,4146.483,87.284
378.365,8.352,6.823,2.712,9.792,4084.676,88.255
221.147,5.134,6.596,2.697,43.219,4236.28,88.471
353.699,7.311,6.196,4.195,14.315,3929.054,86.341
194.615,0.19,7.265,2.604,4.186,4650.894,91.524
114.438,4.645,7.343,2.912,45.524,4362.596,89.564
298.426,9.013,6.84,4.947,57.202,3775.06,84.883
464.091,2.243,8.44,1.315,44.495,4579.296,91.021
464.57,0.315,7.392,3.769,18.439,4377.428,88.684
170.953,4.334,8.223,2.629,8.666,4539.806,91.612
263.839,7.044,7.425,4.237,13.51,4107.622,88.054
105.818,4.545,6.475,2.318,72.984,4289.555,88.529
497.816,4.6,8.437,1.863,2.572,4473.27,91.087
490.559,6.698,8.213,1.435,86.468,4224.711,88.392
324.754,2.544,7.178,4.425,84.169,4117.402,86.096
402.207,7.519,6.608,3.732,88.166,3834.135,84.715
357.55,1.531,6.557,0.846,87.996,4439.739,88.977
296.579,3.958,8.015,3.711,67.084,4250.102,88.017
26.674,6.56,6.173,0.658,84.896,4340.39,89.523
227.382,8.284,7.595,1.317,73.303,4253.302,89.285
337.393,7.915,7.6,3.168,30.712,4117.389,88.241
338.766,7.217,6.456,2.586,75.758,4005.293,86.46
186.561,3.591,7.762,4.282,61.942,4251.298,87.971
470.846,1.223,7.764,3.236,3.722,4448.783,89.818
83.679,2.168,6.875,4.842,78.85,4195.314,86.815
250.18,8.648,7.208,4.348,87.213,3854.079,85.263
345.442,8.573,8.082,2.031,52.23,4199.248,89.042
348.568,9.516,7.308,4.254,49.216,3856.925,85.932
324.319,0.76,7.545,4.415,43.3,4326.315,88.058
137.644,5.368,7.032,4.864,72.165,4035.26,86.241
78.103,6.487,6.374,0.557,22.33,4473.693,91.46
317.97,7.107,8.495,4.436,77.62,4036.329,86.719
299.651,6.439,7.329,0.815,29.942,4419.79,90.83
89.678,7.7,6.841,2.877,26.888,4212.838,89.17
352.57,3.595,7.784,2.366,81.109,4323.61,88.503
227.586,1.794,7.552,4.639,18.263,4351.223,88.868
333.88,2.046,6.582,2.323,86.389,4283.898,87.589
418.684,0.12,8.192,3.182,97.809,4390.064,87.958
84.864,3.503,6.177,3.613,32.667,4273.452,88.459
9.572,0.917,7.514,0.586,92.859,4756.484,91.911
389.551,3.215,7.195,3.159,57.075,4233.883,87.733
304.849,6.282,6.795,2.831,26.675,4176.575,88.384
349.82,8.945,8.066,3.173,45.811,4075.521,87.981
419.077,8.396,7.641,0.841,80.205,4190.232,88.619
401.405,2.527,7.899,0.75,66.997,4553.84,90.626
480.46,1.341,7.037,1.299,49.983,4466.531,89.568
267.968,1.931,8.356,4.413,26.474,4410.856,89.423
244.248,9.71,6.862,2.104,72.854,4022.444,87.409
200.944,5.495,7.328,2.453,32.018,4348.201,89.81
76.846,1.825,8.334,2.256,33.764,4710.636,92.316
286.304,8.407,6.208,3.715,74.941,3835.923,85.132
138.506,3.952,6.272,1.668,56.285,4381.02,89.433
460.654,8.992,8.485,0.808,19.398,4349.037,90.994
291.595,2.607,8.428,2.202,69.024,4508.485,90.177
296.42,3.932,7.929,3.775,26.547,4317.484,89.089
177.462,5.049,7.21,4.617,76.289,4065.529,86.407
25.995,8.926,7.265,0.729,48.393,4397.555,91.169
15.872,8.688,6.643,4.147,59.904,3987.458,86.882
211.668,5.744,7.082,0.798,60.497,4414.397,90.262
42.283,2.218,7.078,1.988,15.534,4645.942,91.969
303.423,4.034,6.09,0.6,65.397,4364.802,89.204
440.487,9.756,7.133,4.602,86.846,3671.345,83.772
441.457,6.078,7.199,3.681,89.229,3948.82,85.419
329.523,7.811,7.664,2.161,69.167,4156.691,88.219
105.616,4.499,7.291,2.199,96.929,4337.66,88.757
431.498,5.32,8.154,3.379,60.229,4175.28,87.747
443.047,4.29,6.919,0.903,26.232,4413.083,90.155
98.327,7.029,7.024,1.153,66.357,4353.819,89.983
368.713,8.515,7.429,4.313,91.008,3819.511,84.839
143.26,5.074,6.507,1.41,36.526,4411.275,90.27
401.32,4.809,6.984,3.77,27.22,4125.841,87.429
498.619,3.403,7.715,1.516,96.684,4307.11,88.125
15.013,1.771,7.03,0.897,76.888,4663.455,91.397
448.683,9.392,8.267,4.55,5.928,3965.818,87.417
311.315,3.161,7.538,4.558,56.557,4171.261,87.095
486.691,8.007,6.384,3.224,24.209,3923.943,86.399
232.505,7.153,7.219,2.579,29.395,4231.23,89.164
423.694,7.909,7.912,2.987,9.671,4165.805,88.934
31.197,9.368,7.608,2.337,23.869,4295.459,90.526
167.64,6.234,8.213,3.907,51.017,4233.047,88.69
33.508,8.98,7.875,3.896,8.778,4214.659,89.753
487.672,1.677,6.154,4.185,89.08,3991.019,84.522
408.487,6.267,6.281,2.853,77.765,3969.682,85.799
426.274,7.723,7.624,4.106,38.757,3975.045,86.68
468.983,2.716,6.596,1.201,13.893,4441.432,90.09
42.552,7.408,7.47,0.636,99.403,4392.939,90.158
192.799,7.785,7.981,3.416,56.767,4157.258,88.34
35.517,8.312,7.442,0.975,42.875,4427.667,91.341
105.397,3.129,7.039,2.978,20.665,4455.6,90.288
114.683,6.816,7.616,3.745,21.118,4246.68,89.3
234.554,3.043,6.359,2.332,79.825,4273.664,87.851
134.281,7.39,7.808,0.697,52.468,4469.462,91.387
50.489,4.63,7.743,4.492,98.416,4171.483,87.12
83.746,5.975,7.286,0.695,95.357,4427.782,90.117
73.638,4.158,6.697,4.571,21.476,4224.874,88.281
486.538,1.62,7.994,0.737,99.938,4501.57,89.502
379.646,1.78,7.276,3.808,98.673,4170.632,86.254
483.881,0.776,6.148,4.662,80.129,4007.631,84.508
219.87,6.181,8.297,4.581,39.7,4173.14,88.189
139.184,8.486,7.919,4.52,23.19,4099.614,88.31
399.147,0.208,7.462,4.474,11.213,4366.399,88.614
163.127,0.662,7.092,2.797,6.145,4602.548,91.163
149.692,4.575,8.4,3.01,82.259,4370.916,89.259
116.253,7.377,7.938,3.289,94.611,4148.674,87.754
64.839,1.577,7.337,4.532,77.483,4314.332,87.842
128.232,2.717,7.633,4.272,76.145,4283.885,87.892
177.66,2.32,6.702,4.023,42.103,4278.809,88.063
336.997,3.991,6.489,3.541,64.477,4097.875,86.531
31.282,2.25,6.683,3.283,67.45,4377.016,88.771
105.253,3.526,6.733,4.651,26.471,4226.307,88.056
404.512,7.285,7.849,1.367,74.129,4233.459,88.779
73.461,6.11,6.35,1.367,15.466,4425.123,90.93
171.323,0.812,7.944,4.921,30.052,4415.929,89.102
432.329,6.377,7.308,2.989,59.381,4078.127,87.101
77.463,4.771,6.961,2.675,54.418,4342.519,89.312
41.368,9.346,6.751,4.328,70.754,3912.857,86.225
242.269,2.893,7.283,4.324,58.708,4212.701,87.408
151.21,7.262,6.794,1.295,5.905,4399.413,91.114
281.704,7.309,7.074,1.281,97.793,4177.388,87.989
401.902,2.215,7.848,4.079,76.585,4212.012,87.019
68.574,9.032,7.565,4.035,88.163,3990.741,86.735
290.35,4.912,7.87,1.513,80.589,4383.717,89.505
252.754,6.789,7.782,4.287,22.027,4139.691,88.213
72.039,1.459,8.038,2.66,93.338,4542.121,89.925
311.999,2.578,6.504,2.615,98.424,4207.177,86.861
136.82,5.861,8.488,4.936,8.789,4276.178,89.432
243.917,3.19,7.189,2.836,16.685,4420.454,89.995
41.136,4.997,7.796,1.117,99.039,4499.395,90.503
229.792,3.74,7.694,1.761,30.053,4531.363,91.135
153.232,6.406,7.415,2.002,82.16,4280.167,88.902
411.191,4.871,8.49,4.813,8.34,4201.796,88.396
28.489,0.046,6.543,1.688,73.512,4621.939,90.498
209.304,6.497,7.054,2.437,70.438,4191.382,88.158
229.216,4.221,6.319,3.873,93.827,4031.274,85.641
362.503,3.417,6.455,1.733,73.143,4273.729,88.031
287.144,0.941,7.782,3.657,5.099,4511.66,90.348
333.606,2.204,6.012,1.434,45.595,4389.65,89.102
388.525,2.238,8.225,1.591,35.441,4586.291,91.18
431.101,9.354,7.583,4.938,57.502,3766.207,84.893
156.938,4.325,7.102,2.16,43.404,4412.668,89.99
269.011,0.421,6.828,3.784,28.803,4391.336,88.752
420.054,1.388,6.316,4.28,66.443,4091.218,85.664
494.726,0.79,8.304,2.061,31.802,4573.823,90.657
444.76,5.889,7.781,2.107,85.215,4180.11,87.716
185.734,1.866,6.841,3.979,32.976,4334.078,88.571
97.583,4.986,6.177,3.232,52.018,4192.477,87.9
244.696,3.701,6.814,2.128,82.776,4295.701,88.239
370.821,8.039,6.462,3.873,82.466,3806.573,84.653
246.285,3.205,7.966,4.387,59.023,4256.468,87.936
241.59,4.583,7.799,1.558,38.612,4496.98,90.958
419.115,7.213,7.245,0.61,56.236,4280.907,89.411
180.702,4.334,8.215,1.734,85.119,4470.83,90.157
429.897,7.932,6.452,3.535,22.659,3934.775,86.501
203.402,6.617,7.13,4.619,13.126,4092.332,87.777
164.117,4.105,7.777,4.384,58.621,4234.711,87.992
226.995,5.04,6.17,1.5,57.83,4285.825,88.792
381.223,9.672,6.932,4.465,30.022,3812.462,85.726
63.001,6.616,7.429,4.148,44.012,4177.757,88.322
98.21,9.05,6.917,3.805,9.764,4090.089,88.518
475.722,1.788,7.2,3.597,13.945,4305.217,88.449
87.746,4.832,7.52,4.132,83.005,4187.337,87.493
283.864,9.087,6.921,4.378,46.983,3864.091,85.897
289.657,3.226,6.265,4.186,10.881,4180.006,87.659
244.812,9.677,6.349,1.048,96.225,4031.341,87.254
322.373,0.971,7.318,3.75,21.784,4403.488,89.108
114.913,9.027,6.437,4.286,32.374,3941.558,86.8
276.331,4.452,8.225,1.336,97.281,4433.557,89.698
186.087,0.737,8.085,1.462,18.908,4794.607,92.978
330.834,8.795,6.873,4.037,96.904,3784.583,84.515
70.612,2.519,8.077,2.048,72.502,4596.699,90.998
285.439,0.223,7.333,2.299,43.265,4563.056,90.265
92.635,1.358,6.398,2.197,59.898,4486.024,89.669
139.322,6.591,7.536,1.458,51.281,4405.998,90.525
109.355,9.778,7.699,4.725,80.669,3892.484,86.052
91.419,1.115,6.21,4.126,7.221,4392.453,89.187
412.855,4.619,6.786,1.627,81.526,4215.417,87.725
142.854,1.806,6.013,0.977,97.091,4447.679,89.048
463.562,7.45,6.791,2.177,43.528,4070.078,87.501
484.963,1.181,6.839,2.369,19.949,4405.564,89.21
285.63,2.398,7.576,0.532,11.772,4718.08,92.783
71.501,1.964,6.498,4.492,35.329,4295.931,88.195
187.274,5.525,6.075,4.331,13.935,4076.678,87.285
398.866,8.732,6.789,4.326,23.741,3862.827,86.01
183.695,5.111,8.064,4.126,65.789,4214.822,88.024
43.509,0.582,6.998,3.799,42.162,4484.68,89.6
278.392,5.634,7.038,3.355,90.201,4066.946,86.458
422.56,7.975,7.173,4.821,46.926,3831.233,85.236
397.963,1.322,7.879,3.703,16.256,4420.097,89.435
87.562,0.727,7.2,3.336,14.726,4576.809,90.839
336.382,1.878,6.228,4.05,69.619,4116.517,86.032
110.252,7.461,6.516,1.608,63.757,4235.097,88.952
109.104,5.917,6.47,4.852,71.079,3969.208,85.756
437.036,5.406,7.27,0.586,34.537,4410.454,90.381
124.834,2.495,6.075,3.418,91.588,4195.367,86.786
131.624,3.322,6.709,0.847,12.262,4629.757,92.172
0.327,9.659,7.518,4.34,4.252,4126.201,89.117
435.335,2.406,6.887,4.854,74.473,4016.3,85.14
396.297,9.016,7.769,2.339,68.03,4058.021,87.605
313.664,5.805,6.978,4.357,49.862,4015.258,86.396
375.133,1.233,8.448,2.011,5.326,4683.874,92.155
76.024,4.673,8.413,1.217,12.306,4723.327,93.512
229.162,9.485,8,1.745,20.335,4295.944,90.602
175.61,4.186,8.386,1.858,64.234,4527.214,90.885
46.888,8.634,6.512,3.338,66.642,4028.973,87.213
243.065,2.564,7.877,4.083,68.015,4293.688,88.026
460.37,5.709,6.804,1.423,80.502,4161.418,87.522
20.03,8.439,7.813,0.897,3.455,4552.78,93.025
145.73,9.207,6.935,1.497,64.683,4181.155,88.927
103.77,4.858,6.724,1.834,25.905,4442.307,90.621
119.073,6.397,8.397,1.759,57.533,4469.336,91.037
454.217,0.03,6.525,1.49,74.05,4426.796,88.536
234.035,2.532,7.896,2.597,72.285,4441.744,89.454
233.15,2.787,7.687,4.352,29.502,4318.54,88.727
380.288,0.935,6.759,0.952,36.175,4571.471,90.633
77.246,2.797,7.146,4.379,91.813,4214.576,87.067
243.633,3.211,6.357,2.737,85.04,4209.625,87.209
214.993,9.688,8.303,3.472,26.444,4138.325,89.025
298.455,6.686,8.42,4.169,59.117,4123.352,87.648
499.779,4.26,7.831,1.869,11.62,4410.036,90.262
384.724,9.881,8.124,4.794,65.733,3815.094,85.458
198.933,1.532,6.207,0.877,62.514,4531.863,90.153
413.777,4.761,6.96,2.874,27.128,4209.373,88.251
85.354,6.471,6.827,1.647,42.762,4366.309,90.177
15.232,0.556,7.412,2.336,78.448,4615.359,90.536
102.224,7.17,6.458,2.52,26.288,4231.662,89.205
170.206,0.999,7.408,4.615,77.068,4290.142,87.43
255.29,1.403,7.636,2.487,32.322,4552.449,90.622
307.565,1.597,6.331,3.641,84.117,4167.151,86.309
455.303,9.289,6.329,4.783,4.02,3754.501,85.291
254.927,6.832,6.089,2.725,26.557,4114.122,87.925
250.638,6.554,7.902,2.337,18.585,4366.281,90.443
25.122,5.555,6.828,4.878,89.166,4026.276,86.038
17.456,2.928,6.564,4.225,43.423,4291.923,88.363
275.58,6.209,7.945,4.729,55.014,4063.362,86.946
219.089,4.101,6.358,2.288,24.966,4342.512,89.406
419.59,1.454,7.068,3.633,13.707,4333.532,88.634
80.34,6.896,7.862,1.623,60.226,4418.451,90.651
12.486,1.296,7.435,4.396,29.047,4474.711,89.845
224.519,1.907,7.385,4.699,92.957,4175.107,86.394
118.739,8.177,6.394,1.705,48.159,4204.289,89.014
24.807,6.601,6.452,0.972,14.678,4476.196,91.596
362.299,6.31,7.456,1.403,3.355,4401.953,90.879
55.796,4.182,6.059,3.348,23.996,4286.126,88.876
304.16,3.963,8.173,1.725,32.672,4529.232,91.154
140.525,6.903,6.876,3.374,21.49,4191.87,88.775
86.748,7.4,7.042,2.076,37.195,4308.803,89.936
189.876,5.102,6.646,4.626,88.017,3975.953,85.41
400.723,9.693,8.192,2.537,5.747,4169.008,89.54
196.047,9.557,7.606,2.739,80.322,4050.18,87.566
375.385,4.124,7.125,2.066,43.153,4325.634,89.062
62.743,8.206,7.463,0.829,90.735,4340.307,89.958
386.386,5.433,6.951,2.721,67.038,4124.053,87.2
118.467,5.118,7.164,3.985,17.327,4268.167,89.044
338.697,0.55,6.894,4.789,95.99,4121.74,85.422
282.891,5.74,7.027,0.845,16.317,4457.143,91.13
464.572,9.006,6.787,4.088,34.293,3818.754,85.546
193.661,7.801,6.194,1.702,97.902,4066.532,87.027
33.083,7.863,6.093,4.203,21.973,4035.423,87.493
9.578,1.599,6.435,2.039,63.487,4527.893,90.124
413.429,3.584,6.629,1.015,97.773,4279.928,87.897
262.368,2.332,8.226,3.254,69.203,4411.017,89.118
387.622,3.159,7.528,4.523,66.613,4115.56,86.437
117.213,5.795,8.396,1.317,62.533,4534.417,91.457
172.542,3.648,6.849,0.598,55.99,4544.456,90.979
15.052,5.607,7.004,4.477,94.966,4074.898,86.481
480.746,4.385,7.799,3.64,54.832,4146.627,87.233
333.934,2.866,7.445,4.139,66.666,4186.955,87.063
466.603,0.954,7.32,0.769,74.145,4525.75,89.802
132.748,8.918,7.439,4.507,53.243,3974.406,86.887
305.732,0.114,7.46,2.386,88.884,4471.092,88.856
339.25,0.017,7.914,4.539,3.257,4460.542,89.578
158.775,8.268,7.67,0.792,40.132,4414.755,91.227
424.055,9.968,8.393,4.482,62.046,3856.64,85.936
473.581,7.271,8.37,3.53,2.878,4177.873,88.931
442.428,0.153,7.055,2.994,93.753,4289.703,87.005
369.533,2.267,6.089,0.778,82.812,4367.394,88.526
138.732,9.718,6.028,3.598,22.685,3942.334,87.112
140.808,8.086,6.308,3.19,33.846,4069.403,87.781
481.68,5.668,6.187,3.768,68.038,3881.579,84.836
5.142,2.369,6.933,3.725,34.761,4430.296,89.666
358.025,0.144,6.132,2.497,85.819,4305.702,87.242
353.123,0.209,7.562,1.421,25.599,4675.932,91.566
311.345,6.12,6.475,4.635,82.011,3858.324,84.599
495.054,0.218,7.285,4.665,46.995,4209.542,86.691
155.94,9.936,6.258,1.454,45.884,4113.848,88.661
169.986,1.834,8.069,3.338,17.675,4561.103,90.984
39.47,7.107,7.95,1.413,98.354,4381.902,89.968
221.399,1.551,6.966,4.376,35.138,4300.565,88.119
130.524,5.401,8.276,0.942,21.257,4655.629,92.964
171.693,0.806,6.464,4.956,4.212,4316.261,88.362
417.286,7.668,8.035,3.249,49.858,4086.849,87.67
467.742,5.849,7.365,0.603,4.194,4441.434,91.127
92.867,0.862,6.824,4.469,46.081,4353.86,88.336
186.254,8.486,6.211,3.58,90.362,3864.94,85.292
464.315,5.47,6.428,3.638,50.299,3972.768,85.866
30.904,9.216,8.157,1.738,5.288,4455.127,92.263
46.18,9.166,7.517,2.016,27.173,4314.416,90.622
81.395,9.205,6.593,4.615,5.826,3985.183,87.555
297.606,0.778,7.24,3.357,88.321,4323.893,87.589
75.236,1.21,6.27,0.576,24.771,4721.691,92.332
484.038,9.877,6.247,1.973,7.441,3976.624,87.655
223.357,4.876,8.269,3.193,96.489,4259.14,88.089
250.759,2.382,7.145,1.166,49.227,4554.921,90.772
123.329,7.697,6.904,0.942,41.158,4367.348,90.571
235.48,2.643,8.373,0.767,92.781,4625.1,91.116
330.957,7.272,6.998,3.338,53.553,4029.797,86.944
375.589,8.373,6.841,1.943,28.864,4125.627,88.479
376.934,7.843,6.682,2.182,79.405,4010.682,86.666
288.946,2.74,7.413,0.77,27.907,4626.938,91.812
452.18,4.016,7.396,3.821,44.84,4140.915,87.166
408.704,4.133,6.04,3.95,80.514,3937.003,84.805
378.524,4.913,7.635,4.232,93.213,4018.946,85.731
27.803,1.674,7.971,3.432,60.984,4534.273,90.235
3.439,4.525,7.54,3.98,50.976,4326.104,89.109
106.224,5.108,8.175,3.098,8.541,4482.135,91.268
331.762,5.317,6.691,2.712,62.085,4141.962,87.394
205.599,8.199,6.48,1.669,33.333,4201.664,89.143
201.203,5.173,7.743,0.74,51.935,4537.16,91.404
442.293,2.308,6.471,1.813,74.715,4279.85,87.744
447.781,6.631,6.228,3.576,64.38,3880.929,85.155
454.588,7.973,6.242,4.671,10.596,3809.934,85.385
156.939,3.194,7.921,1.653,40.327,4607.992,91.635
345.528,6.453,6.072,3.514,20.75,4018.835,86.917
135.817,1.469,6.724,2.652,15.961,4533.855,90.62
95.305,3.419,6.323,3.324,22.815,4335.654,89.154
92.316,9.092,7.887,0.507,92.148,4352.932,90.336
171.054,9.113,7.259,1.052,71.538,4236.422,89.383
214.979,5.753,6.514,1.477,90.902,4226.757,88.085
415.475,7.024,7.876,4.521,51.139,3974.358,86.339
59.946,8.54,7.876,0.682,1.111,4560.152,93.152
367.463,9.586,7.308,3.063,4.409,4052.595,88.358
265.727,4.899,6.69,4.679,15.325,4092.618,87.243
143.973,5.616,7.466,3.434,78.291,4193.781,87.84
246.41,4.156,8.334,2.68,20.964,4492.447,90.962
149.971,0.72,6.129,2.237,11.058,4556.12,90.667
298.041,4.228,6.667,3.309,86.238,4102.951,86.436
216.922,7.906,6.712,2.662,23.625,4154.043,88.676
82.203,8.049,7.58,3.674,50.739,4145.495,88.362
58.292,8.924,7.628,3.28,34.608,4190.243,89.233
273.348,0.515,6.516,3.053,89.759,4304.32,87.3
451.207,5.272,6.54,4.806,70.77,3842.739,84.301
171.979,1.074,8.321,4.261,45.938,4474.414,89.607
366.5,2.007,7.891,3.24,86.443,4308.582,87.824
329.331,9.002,8.336,2.924,72.946,4080.508,87.776
465.777,4.968,8.074,3.758,81.079,4088.199,86.562
410.491,7.585,7.005,4.118,97.779,3808.692,84.385
283.303,0.644,6.305,1.829,21.112,4531.553,90.298
328.515,4.168,7.574,3.501,21.046,4292.498,88.965
449.193,6.742,6.88,1.108,56.094,4203.274,88.495
199.759,1.334,7.064,2.437,53.728,4488.611,89.749
163.397,3.258,7.065,4.723,87.043,4115.48,86.262
5.406,0.645,8.341,1.968,16.435,4869.448,93.724
413.276,6.513,6.172,1.194,43.079,4179.344,88.317
400.49,9.709,6.483,1.158,53.263,4040.293,87.783
52.227,8.27,7.52,2.272,46.95,4291.272,89.924
288.429,9.746,8.209,1.513,7.643,4322.798,91.075
231.991,8.456,8.295,2.421,15.637,4317.299,90.553
59.355,8.552,7.397,3.735,16.203,4176.494,89.168
490.284,5.772,6.086,4.497,60.007,3805.224,84.184
107.348,5.183,6.907,0.996,43.457,4491.431,91.034
33.617,4.063,8.297,3.958,18.639,4476.711,90.799
297.424,8.181,7.25,0.966,73.929,4222.803,88.943
369.433,1.821,7.817,2.207,80.494,4424.17,88.983
16.222,0.562,6.673,4.984,21.803,4389.022,88.841
329.359,9.479,6.063,0.809,72.554,4041.613,87.534
266.146,0.038,7.446,0.603,7.298,4834.736,93.286
51.633,9.768,8.087,2.001,85.738,4222.896,89.302
86.262,7.289,8.476,4.78,96.31,4069.386,86.917
283.987,3.285,8.117,0.59,16.431,4713.534,92.957
148.179,6.978,7.385,1.502,78.83,4307.619,89.381
469.158,8.179,7.522,3.214,10.633,4065.977,88.007
409.37,2.454,8.06,1.552,96.164,4431.158,89.086
491.784,7.709,6.05,0.742,45.755,4107.889,87.934
129.835,8.044,8.379,0.736,53.992,4489.223,91.765
484.862,2.494,7.328,3.016,76.626,4210.824,87.09
215.617,0.419,8.38,3.029,25.63,4655.13,91.421
173.759,2.041,7.911,3.679,40.487,4453.301,89.741
25.175,2.006,6.381,1.093,7.931,4700.023,92.523
26.383,0.652,6.413,2.749,61.847,4496.875,89.546
346.006,7.26,6.884,3.204,80.134,3971.71,86.094
228.964,3.8,6.66,1.501,85.332,4340.794,88.695
113.261,8.844,7.098,2.963,54.099,4106.499,88.177
306.985,2.522,7.51,3.687,76.815,4249.061,87.479
126.429,4.532,7.091,4.959,15.841,4191.755,88.119
288.816,6.39,6.141,3.184,74.598,3982.603,85.997
179.604,8.775,8.439,4.375,1.449,4174.939,89.367
411.776,5.246,7.063,4.252,20.29,4072.35,87.094
410.348,3.735,8.128,4.731,63.829,4120.054,86.683
238.675,8.67,6.185,3.754,32.733,3924.801,86.522
175.41,3.102,8.025,1.459,41.65,4630.492,91.819
181.28,0.794,6.434,1.841,82.781,4463.297,89.043
402.857,4.45,7.699,4.031,57.539,4127.716,87.037
164.09,7.851,7.655,2.844,40.497,4225.495,89.205
104.53,0.308,8.275,1.631,47.111,4802.486,92.646
42.344,5.859,6.802,3.455,84.995,4150.565,87.413
233.347,5.945,6.272,4.579,49.074,3957.246,85.865
241.066,9.285,8.161,2.11,87.66,4145.058,88.36
420.454,2.865,6.829,3.183,25.463,4260.199,88.207
110.619,2.788,6.581,3.117,53.842,4344.046,88.739
190.496,4.405,7.216,1.071,37.534,4523.856,91.185
404.203,3.569,6.365,0.906,59.538,4346.288,88.938
411.812,7.363,6.742,4.502,57.976,3833.969,84.969
192.306,6.418,6.963,4.701,57.56,3994.08,86.29
229.562,7.589,6.693,4.569,53.25,3911.664,85.861
151.643,8.2,7.126,2.285,45.989,4206.25,89.063
466.277,9.23,6.962,1.794,91.127,3939.85,86.256
59.322,4.309,7.936,4.74,27.527,4319.486,89.212
466.875,9.847,8.296,4.473,43.961,3868.632,86.201
341.933,2.157,6.252,4.189,21.91,4183.697,87.265
265.786,7.144,8.058,2.004,33.893,4347.58,90.28
16.33,5.34,8.329,3.374,25.649,4469.041,91.036
237.798,8.169,7.717,3.877,67.302,4022.01,86.998
203.874,4.768,8.491,3.093,71.054,4357.406,89.294
80.609,7.839,6.838,3.209,28.397,4173.791,88.806
328.205,9.302,8.076,3.905,98.378,3891.126,85.718
485.575,7.323,7.684,3.951,29.138,4006.141,86.967
281.094,7.761,6.809,1.58,83.011,4128.264,87.781
357.377,0.672,7.762,2.258,29.967,4578.155,90.683
34.225,2.05,7.274,4.015,41.906,4422.469,89.421
208.833,9.743,6.472,1.677,66.807,4054.409,87.799
58.179,6.932,6.435,4.62,56.209,3993.352,86.451
306.398,5.614,7.783,4.275,51.114,4114.696,87.32
469.241,3.67,7.78,4.53,79.628,4047.663,85.781
330.889,0.444,7.327,1.838,71.064,4519.141,89.614
38.402,3.691,7.254,0.973,91.503,4541.278,90.605
177.333,4.989,6.45,0.953,23.854,4463.913,90.897
275.332,2.115,7.073,3.002,2.616,4458.537,90.194
201.604,1.731,8.178,1.875,99.986,4542.991,89.949
416.822,5.084,8.137,1.686,29.058,4424.362,90.478
407.336,5.859,7.652,1.501,5.252,4408.024,90.785
305.916,2.399,8.493,3.029,25.488,4522.503,90.69
186.729,5.874,8.233,2.966,67.209,4305.174,89.142
127.668,9.003,6.363,2.4,59.223,4063.817,87.747
52.937,4.732,6.998,1.123,21.464,4581.503,92.02
177.449,8.574,6.33,4.68,19.436,3908.735,86.465
206.586,9.273,7.165,2.426,44.99,4117.043,88.502
337.911,0.924,7.941,1.056,2.337,4768.63,92.94
329.08,0.958,6.389,0.667,1.236,4657.345,91.849
35.054,4.76,8.201,1.187,62.068,4621.753,92.025
197.63,5.881,7.423,1.837,33.203,4399.285,90.425
90.889,4.259,7.872,3.335,3.368,4488.572,91.13
78.406,3.265,6.113,4.869,46.521,4128.897,86.803
413.651,6.41,6.235,1.724,93.62,4036.466,86.351
20.958,0.021,7.552,4.054,26.237,4585.811,90.602
209.591,9.681,8.095,4.601,25.855,4008.881,87.734
84.102,2.321,8.185,2.262,47.33,4639.507,91.618
439.665,9.171,7.721,1.64,15.698,4198.342,89.578
278.52,1.09,6.502,2.71,64.156,4357.175,88.257
115.69,2.381,6.488,4.535,84.086,4150.174,86.375
251.214,2.349,8.203,0.549,20.258,4781.839,93.32
365.743,9.962,6.283,2.69,66.215,3845.947,85.786
479.059,0.046,7.715,3.909,88.912,4260.945,86.734
110.223,6.396,7.334,3.205,90.405,4157.128,87.586
443.091,8.697,7.054,2.738,55.735,3963.693,86.689
467.152,6.723,7.101,2.991,16.077,4109.091,87.947
458.21,3.627,8.363,3.287,66.258,4264.66,88.072
317.707,9.583,8.154,3.569,73.747,3972.926,86.867
314.91,8.935,8.162,2.103,75.677,4150.393,88.428
201.605,4.34,7.017,2.828,93.5,4214.057,87.507
376.199,5.733,6.267,1.731,61.912,4155.051,87.651
265.647,9.675,8.495,4.928,47.145,3945.791,86.889
338.719,9.826,6.363,1.343,50.753,4039.911,87.839
214.229,4.498,7.289,1.178,32.833,4513.408,91.155
365.748,8.474,6.662,1.71,6.669,4175.297,89.228
412.236,3.02,7.277,4.64,72.029,4062.495,85.811
73.218,3.718,6.762,3.465,2.965,4401.302,90.099
416.465,1.648,8.242,2.552,7.347,4563.716,91.058
270.148,2.092,8.421,4.664,34.079,4367.834,88.965
422.333,6.569,7.025,4.551,93.175,3821.496,84.254
215.651,5.108,6.175,2.307,48.83,4225.954,88.304
189.52,2.311,7.658,3.036,22.303,4507.264,90.543
457.53,4.029,6.942,4.574,89.808,3926.902,84.58
125.585,3.732,8.465,1.937,57.597,4588.184,91.425
422.106,9.874,6.223,2.334,37.611,3908.996,86.676
242.01,8.536,6.298,4.069,71.856,3831.424,85.156
257.048,3.88,7.749,3.644,44.671,4298.619,88.703
154.234,9.139,7.897,0.719,73.268,4337.159,90.381
286.521,3.426,7.178,1.028,22.619,4555.138,91.353
162.606,6.679,6.693,4.308,15.868,4091.508,87.76
19.635,9.666,6.775,0.634,46.633,4327.662,90.71
135.999,3.903,6.845,4.64,32.64,4192.106,87.765
3.19,6.799,6.563,1.723,60.91,4320.674,89.637
489.177,2.959,8.127,3.193,79.09,4242.658,87.523
482.874,2.663,6.163,3.041,90.249,4057.117,85.468
197.578,5.742,7.018,2.283,76.292,4235.054,88.31
364.185,9.793,7.869,0.641,34.833,4281.363,90.403
172.903,4.531,6.01,1.366,73.009,4305.307,88.682
335.547,9.376,8.195,3.267,53.459,4049.261,87.771
402.715,9.144,7.766,2.509,90.702,3985.762,86.694
473.378,2.538,6.183,2.362,70.981,4176.584,86.817
200.106,4.018,8.237,0.94,15.873,4697.073,93.017
391.649,6.433,7.218,2.062,8.731,4280.68,89.649
132.964,5.18,7.631,2.869,54.84,4340.981,89.416
495.166,0.96,8.205,0.85,37.139,4665.706,91.574
12.885,9.937,8.203,0.8,17.642,4501.703,92.822
301.764,7.527,7.022,2.712,79.968,4043.842,86.897
329.753,4.377,6.594,3.026,38.167,4196.802,87.899
344.023,6.182,6.644,1.659,9.515,4298.29,89.742
60.194,0.876,7.915,1.966,26.964,4767.078,92.664
469.265,4.953,8.324,4.086,68.012,4105.46,86.86
90.592,9.308,6.181,4.412,65.146,3835.898,85.5
311.377,8.966,6.038,1.964,26.984,4049.445,87.914
111.338,3.374,8.057,2.101,34.779,4601.744,91.682
153.608,5.314,6.967,4.236,5.933,4218.65,88.721
273.229,6.974,6.691,4.882,95.373,3804.834,84.187
208.597,3.4,6.471,1.943,33.389,4411.746,89.804
80.113,0.649,6.866,4.049,93.012,4323.174,87.496
85.468,5.054,8.429,2.659,81.574,4418.402,89.885
209.072,6.016,8.443,1.687,34.183,4501.873,91.482
378.641,0.058,6.829,3.568,69.721,4294.392,87.264
448.982,0.956,8.409,2.581,47.889,4514.718,89.955
42.064,2.073,6.75,1.707,97.688,4484.239,89.487
196.552,3.481,8.136,0.983,64.21,4614.644,91.548
50.123,5.411,6.53,4.401,52.388,4112.508,87.224
8.296,2.938,8.066,4.454,64.159,4381.834,89.058
330.859,2.762,6.884,0.837,22.805,4555.569,91.156
301.225,8.693,6.489,3.485,31.333,3952.451,86.819
81.51,1.451,8.337,1.232,71.557,4754.141,92.261
116.906,4.955,6.535,3.408,9.288,4287.942,89.273
11.854,9.528,8.48,4.584,30.956,4145.279,89.002
417.474,6.25,6.271,1.671,62.337,4114.129,87.393
487.345,7.172,6.025,2.066,99.574,3894.514,85.101
67.73,4.312,8.177,4.078,92.641,4275.124,88.119
115.738,0.199,7.467,3.809,83.39,4431.118,88.537
434.205,6.461,7.054,2.339,50.581,4130.182,87.734
463.232,6.319,6.205,4.318,80.67,3779.727,83.886
209.814,1.104,7.437,4.643,56.334,4306.671,87.835
25.311,4.622,6.984,2.537,46.387,4408.231,90.005
19.696,9.153,7.209,0.678,23.129,4439.382,91.909
286.975,2.051,7.576,2.792,95.142,4342.036,88.084
196.448,4.611,7.6,3.829,60.222,4227.909,88.06
14.326,4.611,8.401,1.49,67.86,4617.698,91.882
291.626,8.108,7.638,0.947,14.967,4387.892,91.162
5.651,8.246,6.849,1.783,43.654,4304.082,90.078
393.686,7.593,6.824,0.552,96.502,4157.713,87.89
153.216,3.655,7.193,3.72,76.009,4235.974,87.696
20.129,0.72,6.648,1.157,88.399,4626.221,90.594
294.176,3.495,6.941,3.756,40.192,4216.254,87.809
198.842,6.798,8.105,1.555,7.581,4500.503,91.969
486.9,7.027,8.149,4.964,35.796,3952.096,86.271
272.099,9.65,7.569,2.893,38.223,4072.644,88.239
137.62,4.536,7.457,0.686,30.811,4619.855,92.251
354.719,6.324,7.068,3.977,53.144,4009.204,86.458
135.746,5.392,7.59,2.345,20.021,4446.924,90.887
452.122,1.506,8.015,3.233,93.829,4289.19,87.405
187.361,4.612,7.845,4.78,90.845,4100.444,86.48
274.934,5.448,6.089,2.828,26.899,4162.412,87.99
25.287,9.507,7.828,4.12,65.497,4051.801,87.715
213.061,3.665,7.8,1.863,50.613,4502.705,90.621
416.182,9.801,6.247,3.715,25.757,3803.559,85.718
402.824,5.423,6.376,0.947,89.813,4190.679,87.636
112.159,2.425,7.97,4.52,23.875,4419.905,89.688
113.04,1.917,7.397,1.399,62.838,4621.834,91.165
408.653,1.417,8.054,1.859,34.2,4575.965,90.843
465.199,4.529,6.462,4.812,82.785,3840.355,83.935
47.68,0.219,6.077,1.198,62.413,4628.179,90.723
225.029,4.45,6.405,1.645,83.427,4274.11,88.242
168.727,9.884,7.131,3.111,35.424,4052.649,88.137
435.344,6.701,7.308,4.913,2.105,3982.574,86.815
41.762,7.598,8.144,3.611,22.944,4306.624,90.116
105.563,1.19,7.791,1.014,81.627,4702.126,91.562
376.234,4.731,8.476,3.867,32.37,4271.538,88.811
25.647,2.862,6.197,2.418,32.647,4456.654,90.099
246.268,8.941,6.326,4.965,45.514,3774.796,84.975
221.054,1.813,6.211,3.329,28.193,4330.608,88.568
167.201,4.587,7.346,2.894,80.903,4270.462,88.272
197.286,5.88,6.667,3.008,32.849,4207.58,88.511
264.97,5.14,7.709,3.387,60.791,4221.117,88.145
80.684,8.302,6.332,3.793,45.652,4007.083,87.105
285.998,2.315,6.258,0.852,29.448,4522.931,90.629
402.716,3.774,7.15,1.088,27.266,4461.655,90.476
380.08,7.921,6.94,1.852,50.688,4121.302,88.082
76.95,5.281,8.073,2.651,21.874,4495.954,91.325
74.625,4.021,8.094,1.9,35.218,4610.601,91.96
134.087,0.294,6.294,1.462,4.899,4691.568,91.955
180.537,7.534,8.031,4.663,79.24,4011.376,86.582
204.228,9.722,7.41,0.647,5.32,4377.525,91.639
339.849,6.203,7.259,4.724,87.355,3898.698,84.974
28.34,8.565,6.237,4.583,5.691,4011.609,87.629
17.336,5.169,7.849,3.577,84.969,4290.161,88.603
195.955,2.317,6.149,0.646,64.772,4506.905,90.116
348.582,0.144,6.694,1.514,51.089,4534.323,89.876
96.718,6.534,6.239,4.906,15.35,4027.504,87.082
320.752,4.931,7.327,4.577,26.421,4115.241,87.368
129.914,7.821,7.613,4.841,69.323,3982.597,86.479
443.043,6.947,8.227,4.983,51.703,3952.19,86.089
447.845,9.88,7.835,0.787,51.92,4182.979,89.274
148.644,5.103,8.403,3.069,14.19,4475.53,91.144
114.997,4.272,7.902,4.254,48.035,4297.72,88.778
205.652,2.867,6.745,1.939,59.437,4415.579,89.422
120.266,4.769,7.369,2.46,13.108,4466.115,90.961
336.192,8.729,7.145,1.777,97.459,4037.352,87.018
413.032,0.424,7.415,0.671,83.175,4580.274,90.098
336.546,9.779,7.43,0.827,32.429,4238.22,89.992
412.175,9.933,7.755,0.596,56.775,4199.585,89.408
198.496,5.978,6.208,2.873,56.338,4122.667,87.457
78.158,3.315,7.867,3.283,11.557,4530.431,91.183
368.975,2.23,6.359,1.885,44.38,4362.698,88.852
180.237,2.765,6.066,4.218,21.568,4213.284,87.747
335.635,0.501,7.297,4.496,33.989,4319.272,88.003
135.322,4.751,7.454,1.129,94.443,4438.38,89.865
40.615,0.573,6.087,0.734,55.581,4675.215,91.368
496.291,7.185,7.288,1.937,7.623,4212.492,89.204
78.101,3.719,7.336,3.708,67.556,4302.671,88.467
494.21,1.994,6.131,2.783,99.865,4088.265,85.482
488.64,5.449,7.779,2.696,17.602,4256.305,89.022
396.909,9.738,6.526,1.186,68.609,4011.435,87.35
329.711,6.951,7.986,2.082,82.602,4212.836,88.388
288.904,4.917,6.777,4.815,84.562,3936.755,84.997
433.051,7.769,7.195,2.033,71.045,4069.148,87.312
144.72,7.375,8.23,3.161,91.077,4183.566,88.137
233.841,8.917,8.015,0.763,4.177,4454.146,92.175
309.695,2.047,7.955,0.787,7.353,4744.844,92.989
205.595,8.589,6.401,2.409,14.319,4138.319,88.817
213.743,3.01,6.12,3.219,5.288,4322.224,89.072
165.142,9.41,7.514,2.176,12.875,4255.066,90.245
282.116,2.811,7.027,1.306,81.878,4426.77,89.292
425.287,9.268,8.273,3.812,89.749,3890.522,85.788
100.764,9.638,6.874,1.13,34.262,4273.576,90.285
467.217,1.455,7.026,3.506,95.761,4154.153,86.02
344.544,9.745,7.315,4.805,42.426,3806.596,85.565
411.637,0.857,7.991,2.617,18.026,4552.627,90.603
278.095,2.186,6.671,1.402,68.449,4441.65,89.388
389.758,4.442,8.355,4.289,42.611,4204.377,87.95
8.1,9.936,7.35,2.775,2.924,4250.819,90.46
409.19,4.886,8.102,4.654,96.669,4002.579,85.525
20.069,5.504,7.314,3.743,60.192,4251.518,88.564
444.957,6.944,7.93,2.438,61.72,4156.093,88.027
495.981,9.683,6.129,3.278,98.285,3656.324,83.485
147.034,7.834,7.998,1.265,83.517,4341.093,89.926
105.159,2.242,7.31,2.243,36.904,4568.272,90.986
382.682,3.03,7.124,3.172,5.141,4341.994,89.278
126.513,0.976,6.279,3.155,23.016,4454.281,89.606
432.781,6.445,7.854,3.142,35.801,4160.924,88.185
51.421,1.807,6.328,3.846,96.065,4239.989,86.981
62.978,2.574,6.481,0.975,88.978,4512.388,90.006
489.576,8.881,6.316,0.831,3.131,4153.353,89.167
336.919,3.268,6.016,1.166,98.736,4255.726,87.55
423.444,5.666,7.655,4.066,26.455,4110.946,87.545
162.165,3.976,6.677,0.792,77.762,4453.138,89.946
338.242,0.74,6.374,1.514,12.543,4554.789,90.645
297.121,3.629,6.8,1.646,22.811,4439.729,90.258
301.575,4.081,7.248,3.413,51.038,4226.611,87.98
341.266,8.957,7.259,2.307,70.658,4035.321,87.334
287.68,3.245,6.918,1.395,35.194,4475.798,90.379
214.531,3.792,7.237,2.523,87.452,4299.65,88.26
137.961,7.829,7.068,3.585,94.079,3999.795,86.406
384.291,7.59,8.057,4.037,13.134,4104.051,88.186
113.136,7.983,6.074,1.057,72.138,4201.669,88.69
346.177,9.538,8.17,3.716,14.059,4067.293,88.394
116.666,7.956,6.61,0.52,34.736,4383.36,90.873
312.665,4.076,7.804,3.759,82.137,4180.09,87.202
373.539,8.215,7.013,3.475,34.299,3987.686,86.998
109.357,5.087,6.736,2.609,90.832,4222.003,87.838
29.972,2.777,7.538,1.116,41.736,4704.93,92.465
65.487,3.029,7.922,3.94,31.67,4450.632,90.098
302.998,2.238,7.125,0.823,98.923,4468.928,89.372
424.723,1.45,7.166,4.53,44.709,4189.357,86.881
22.498,1.845,6.147,3.981,74.355,4264.453,87.454
367.076,0.632,8.31,3.834,60.346,4411.747,88.704
170.659,8.885,8.117,3.895,21.046,4150.6,88.961
239.264,9.31,6.995,0.804,50.531,4232.892,89.617
464.43,5.868,7.912,4.955,8.664,4052.832,87.202
165.986,8.405,6.783,4.364,71.166,3896.381,85.774
232.668,1.836,7.826,2.786,52.375,4491.165,89.939
6.841,9.017,7.292,3.737,13.115,4174.955,89.323
40.799,5.064,7.152,3.827,76.909,4205.127,87.801
129.296,0.672,6.141,4.234,80.652,4231.194,86.707
13.926,1.413,8.414,1.649,73.649,4751.519,92.203
315.688,3.09,8.094,2.174,33.577,4512.443,90.716
213.199,0.436,7.983,4.099,72.594,4414.923,88.554
274.073,3.093,6.762,3.96,58.193,4172.117,87.067
87.324,0.599,6.724,2.852,54.844,4503.905,89.67
147.966,2.36,7.433,2.283,65.226,4492.558,89.981
331.912,2.657,8.116,4.858,63.379,4200.208,87.165
482.651,9.944,8.337,2.368,80.115,3998.156,87.164
25.208,2.355,6.672,3.938,98.612,4245.836,87.179
445.192,2.392,7.519,2.357,72.901,4328.172,88.27
288.441,6.868,7.81,1.894,44.735,4314.464,89.758
281.96,8.594,6.566,3.384,46.705,3954.081,86.652
250.139,3.871,7.019,4.134,3.899,4262.045,88.743
34.697,8.756,6.469,4.916,16.831,3966.43,87.123
44.938,3.401,7.747,1.17,23.589,4718.002,92.965
300.456,1.97,8.159,4.443,99.042,4224.874,86.849
170.479,3.296,8.194,2.859,76.547,4430.367,89.527
458.634,6.094,7.675,0.985,15.013,4405.017,90.728
203.295,3.671,6.868,4.075,50.339,4193.421,87.532
71.641,6.729,7.653,1.992,22.14,4449.518,91.292
357.359,2.369,8.161,4.407,30.464,4317.279,88.579
146.677,7.01,7.565,1.21,60.853,4389.912,90.394
262.735,3.474,7.032,3.7,60.305,4207.535,87.515
348.916,4.559,8.3,1.854,87.309,4367.583,89.17
450.132,5.577,8.088,1.658,17.293,4404.472,90.545
396.096,6.862,8.206,0.726,50.243,4406.346,90.62
338.181,2.387,8.258,2.669,60.284,4449.923,89.613
339.817,8.359,6.985,2.262,93.116,3998.163,86.558
472.962,7.218,8.149,0.778,52.126,4335.495,89.999
147.912,2.341,7.426,1.52,34.726,4630.142,91.656
0.556,9.75,6.095,2.693,29.922,4092.659,88.552
135.977,6.648,7.59,4.137,22.394,4200.062,88.771
108.946,4.524,7.177,4.683,96.274,4076.168,86.156
330.917,1.575,6.688,2.819,60.691,4321.285,88.079
316.856,5.332,8.426,2.315,31.049,4423.972,90.529
296.731,1.648,6.138,4.796,74.766,4053.842,85.285
8.122,4.295,8.365,4.833,29.638,4375.098,89.743
364.389,4.087,6.398,1.357,50.88,4315.821,88.876
161.765,7.199,6.942,2.892,3.572,4257.096,89.695
332.528,1.924,7.043,4.194,84.81,4152.823,86.257
278.289,8.219,7.828,4.2,95.699,3921.261,85.721
171.365,3.261,6.539,3.582,86.71,4173.493,86.846
67.288,4.44,8.465,2.622,17.94,4592.846,92.081
47.209,7.723,7.873,2.316,82.702,4280.429,89.294
415.759,6.254,7.975,4.129,35.354,4093.32,87.456
459.199,3.08,6.266,1.516,93.692,4204.036,87.028
324.894,3.862,7.191,2.428,30.609,4359.519,89.448
51.717,3.058,8.364,3.051,9.851,4632.86,92.147
201.014,5.948,6.675,4.243,85.439,3974.444,85.674
364.47,3.326,6.363,2.182,12.548,4344.47,89.317
389.91,7.257,7.213,2.969,54.602,4057.445,87.206
59.109,5.798,8.326,1.756,38.219,4561.089,91.968
0.015,1.457,7.217,4.266,75.929,4370.369,88.382
356.069,3.103,7.012,4.035,75.141,4114.264,86.322
178.298,2.214,7.626,4.19,77.838,4287.976,87.766
127.241,3.903,8.342,0.759,7.265,4785.05,93.949
6.449,5.16,6.123,2.691,85.979,4209.985,87.788
270.15,5.068,6.383,1.111,47.167,4344.43,89.493
425.575,7.545,6.332,3.532,22.699,3944.548,86.482
478.816,1.892,6.213,1.901,30.591,4336.032,88.622
282.872,9.465,6.755,3.986,90.371,3781.552,84.751
257.231,3.428,6.573,0.793,1.593,4574.778,91.76
42.528,3.002,7.372,2.81,80.37,4424.076,89.338
274.436,6.852,6.818,1.056,92.469,4211.427,88.245
189.99,8.055,7.013,3.011,25.755,4150.983,88.669
303.568,3.785,8.355,3.233,82.378,4306.382,88.375
194.363,7.468,6.389,2.58,16.948,4176.448,88.836
120.15,8.837,6.971,1.758,2.606,4314.118,90.766
47.483,7.668,6.643,0.645,60.853,4370.874,90.401
157.459,0.342,7.373,3.48,64.974,4463.564,89.088
48.322,8.274,7.841,4.417,15.864,4172.811,89.052
88.448,7.745,8.042,3.801,51.734,4189.172,88.698
493.668,6.693,7.288,4.519,39.164,3917.16,85.788
222.052,7.6,8.137,4.683,8.55,4137.318,88.568
265.936,9.794,7.963,2.523,51.266,4118.759,88.613
436.809,4.311,6.393,3.641,58.929,4023.337,85.937
497.784,0.672,6.614,2.288,22.5,4405.033,89.027
291.357,4.609,7.679,4.638,74.238,4079.536,86.436
406.237,0.464,8.437,3.033,8.188,4597.65,91.034
163.471,2.943,6.94,3.886,55.549,4265.472,87.982
152.872,5.869,6.575,0.565,31.036,4468.972,91.14
201.352,3.096,8.173,3.09,44.171,4464.455,90.132
336.254,6.854,6.499,3.839,89.454,3876.275,84.924
341.096,8.22,7.744,1.657,67.325,4192.507,88.718
157.62,4.204,6.086,0.565,15.739,4531.587,91.42
66.605,9.001,6.047,3.846,88.744,3859.25,85.405
316.198,0.798,7.129,2.021,37.911,4536.913,90.23
64.163,8.401,7.641,2.43,34.787,4299.467,90.167
289.246,8.286,6.356,3.029,50.652,3972.471,86.704
346.711,3.22,7.91,0.996,21.324,4614.357,91.896
350.306,2.987,6.322,0.966,91.509,4328.056,88.262
376.736,3.051,7.334,4.824,47.321,4115.473,86.597
436.43,8.114,6.771,2.025,39.988,4070.683,87.741
249.979,8.317,7.881,1.65,17.926,4346.409,90.78
365.125,3.297,8.01,0.715,80.465,4521.193,90.396
309.586,5.926,6.165,1.283,95.331,4146.505,87.29
93.32,1.389,6.482,2.439,87.09,4413.942,88.685
12.845,4.688,8.232,2.039,16.988,4644.44,92.681
142.271,9.988,7.039,2.411,75.41,4041.49,87.657
221.517,1.588,7.192,3.668,21.212,4419.822,89.463
308.553,9.476,6.42,3.388,4.845,3965.454,87.449
424.98,8.243,8.487,2.719,48.963,4154.262,88.526
98.123,9.722,8.308,4.167,67.368,4044.188,87.685
62.775,1.796,6.005,4.358,13.304,4316.924,88.575
481.74,2.135,7.377,3.159,60.946,4252.296,87.554
54.022,0.169,8.181,1.029,84.521,4810.673,92.312
239.246,7.247,7.076,2.328,21.692,4249.495,89.452
292.782,6.441,7.092,3.355,43.351,4118.554,87.684
270.687,1.781,6.948,0.783,50.381,4591.415,90.945
43.016,7.911,6.072,0.59,83.29,4264.589,89.186
28.513,2.992,7.976,4.768,77.366,4302.233,88.146
52.742,1.35,7.142,3.785,77.163,4387.472,88.508
292.794,4.226,7.328,1.189,68.225,4419.74,89.783
272.172,0.91,6.639,2.503,62.161,4407.721,88.729
116.87,2.632,7.96,1.371,51.38,4666.112,91.937
318.887,3.713,7.984,0.546,37.592,4623.514,91.973
410.034,8.519,7.382,2.263,51.81,4077.4,87.811
20.789,7.925,8.262,3.418,85.518,4206.678,88.589
249.065,4.428,6.29,4.794,57.488,3988.727,85.641
344.655,7.246,7.967,3.964,98.575,3968.466,85.873
126.156,5.686,7.396,1.536,15.111,4508.459,91.639
153.885,3.408,6.578,2.013,44.674,4419.746,89.773
306.819,7.259,6.331,2.843,20.828,4090.813,87.877
448.968,6.835,6.753,1.361,37.145,4198.656,88.666
404.962,6.191,8.141,4.248,79.187,4018.852,86.254
291.565,6.18,7.969,1.256,82.653,4351.255,89.54
365.111,6.83,7.613,1.805,4.14,4348.468,90.492
182.411,3.845,6.226,3.099,95.384,4138.416,86.584
320.483,8.691,8.387,1.055,87.315,4263.847,89.373
233.091,1.623,6.764,3.311,90.592,4266.4,87.245
94.968,8.839,7.517,4.749,38.301,4010.82,87.377
350.869,3.423,8.008,3.612,50.199,4292.611,88.451
278.232,1.25,6.332,4.158,17.682,4280.465,88.003
179.311,6,7.63,2.473,40.286,4345.485,89.852
455.67,3.76,6.081,2.144,13.488,4250.876,88.502
10.467,8.155,6.254,1.979,86.465,4141.662,87.998
157.887,4.308,7.808,3.472,58.532,4322.177,88.929
28.441,6.686,6.388,2.833,14.462,4278.003,89.641
383.264,3.083,7.109,2.625,88.027,4226.517,87.31
351.054,2.095,6.621,0.953,8.956,4568.581,91.225
165.676,3.88,7.053,3.53,92.768,4189.891,87.135
337.831,6.068,6.193,3.764,11.469,4047.625,87.182
197.969,6.569,7.887,1.383,72.08,4378.819,90.038
378.127,5.782,6.198,3.919,64.885,3919.955,85.285
227.092,9.881,8.095,4.457,78.487,3899.203,86.171
206.14,6.911,7.657,1.286,56.912,4374.632,90.25
467.365,9.315,7.041,2.534,35.642,3980.001,87.238
125.44,1.179,8.166,4.443,28.166,4494.321,90.015
60.224,0.614,6.465,2.693,94.602,4427.247,88.511
292.272,3.11,6.661,4.169,44.686,4158.272,87.069
484.661,1.366,6.343,1.471,84.377,4307.813,87.644
188.92,5.259,6.954,0.788,72.583,4414.064,89.992
31.018,5.19,8.467,0.768,65.957,4663.009,92.527
169.653,5.75,6.403,4.876,97.09,3886.166,84.616
252.966,7.452,8.077,1.241,56.98,4370.565,90.372
80.962,9.713,7.63,4.392,73.569,3950.486,86.683
329.051,8.783,6.04,1.921,85.117,3937.986,86.163
498.875,1.184,8.362,0.68,5.552,4748.458,92.784
225.87,3.385,8.428,1.584,99.634,4502.872,90.048
177.364,2.558,8.312,2.775,26.955,4583.249,91.33
200.352,1.768,7.254,0.98,70.549,4597.705,90.802
57.573,5.447,6.551,4.65,95.408,3998.155,85.662
441.637,5.533,6.978,4.549,76.551,3892.316,84.817
207.413,2.272,7.535,1.171,23.732,4671.638,92.161
193.637,7.119,6.947,3.817,36.869,4086.505,87.632
329.845,7.329,7.77,2.573,42.004,4204.337,88.822
221.017,0.21,7.989,4.92,59.048,4367.842,88.151
324.117,3.958,6.523,0.749,60.692,4396.095,89.541
30.723,8.901,7.012,2.62,79.002,4120.834,88.089
406.862,5.203,8.394,1.785,86.108,4325.168,88.952
470.252,3.476,6.625,3.769,9.864,4156.913,87.513
324.383,2.537,6.866,1,28.043,4541.487,90.895
477.283,2.434,6.089,3.326,35.023,4145.902,86.839
75.716,0.998,6.831,4.766,2.323,4414.077,89.417
238.708,8.172,6.927,2.542,42.341,4125.838,88.287
300.903,0.867,6.25,2.544,36.521,4403.733,88.932
290.868,2.923,6.004,2.731,53.014,4229.686,87.644
200.731,0.457,7.439,2.371,10.918,4661.743,91.645
169.042,7.814,6.754,2.514,41.985,4164.833,88.573
63.412,0.393,6.045,2.585,60.144,4474.362,89.26
195.871,3.083,8.15,4.991,80.578,4202.615,87.145
81.33,5.733,7.461,1.024,76.879,4462.635,90.577
367.183,4.096,6.428,1.784,41.081,4293.864,88.757
104.415,2.823,8.163,1.449,39.564,4698.987,92.441
29.283,2.752,6.634,2.949,4.71,4506.857,90.847
276.183,7.978,6.569,0.513,9.182,4350.247,90.804
297.615,9.74,8.237,4.645,87.368,3848.631,85.535
435.957,3.48,6.449,2.89,80.782,4102.298,86.259
288.491,0.391,8.197,4.532,3.088,4496.518,90.052
172.74,0.366,8.007,2.052,88.385,4614.086,90.367
401.506,7.592,6.774,1.175,61.774,4156.068,88.221
270.139,5.524,6.086,1.365,80.39,4200.033,87.854
39.64,7.836,6.206,2.618,50.75,4145.697,88.3
282.925,6.975,6.274,0.681,15.912,4337.226,90.306
454.009,9.075,8.227,4.018,36.332,3967.466,87.034
198.156,8.858,7.01,4.058,45.553,3962.126,86.823
148.163,7.883,6.081,3.659,75.637,3922.733,85.836
71.735,4.752,7.391,4.534,81.457,4149.409,87.105
75.723,3.081,6.52,2.973,74.404,4314.001,88.32
216.386,5.07,6.588,2.657,48.188,4235.005,88.389
297.84,5.021,6.402,2.881,66.706,4118.713,87.026
40.308,6.103,7.905,1.319,30.256,4572.823,92.256
469.784,1.861,6.002,2.805,98.792,4094.096,85.511
377.567,6.556,7.097,2.938,17.652,4164.057,88.431
293.312,4.566,6.217,3.941,72.637,4007.423,85.718
414.219,6.202,7.381,2.066,16.338,4281.642,89.514
40.093,2.396,6.865,0.915,28.806,4697.535,92.406
238.419,4.344,6.071,3.189,75.134,4101.555,86.567
315.047,2.102,7.152,4.046,73.182,4201.674,86.916
414.326,8.753,7.426,4.863,13.326,3884.876,86.341
391.735,4.88,6.619,0.906,68.176,4295.1,88.733
138.535,2.25,7.914,3.859,21.18,4481.402,90.277
470.44,0.412,6.928,3.181,97.323,4224.163,86.392
62.173,6.757,7.873,0.569,60.702,4540.075,91.821
437.567,2.146,7.448,3.732,1.344,4342.751,89.058
485.47,9.896,8.173,0.618,21.637,4274.723,90.5
88.577,5.337,7.367,4.034,23.731,4274.765,89.111
361.033,2.89,6.464,3.746,25.463,4195.881,87.571
20.143,6.577,8.056,3.596,56.152,4294.869,89.36
202.711,2.752,7.958,1.04,21.355,4710.085,92.713
258.142,8.203,8.431,4.636,41.866,4056.583,87.608
290.323,3.082,6.234,4.545,18.159,4133.287,87.076
467.969,9.882,7.478,4.551,67.023,3730.535,84.6
336.125,6.051,7.229,2.122,57.302,4225.515,88.498
240.639,8.444,7.677,2.715,63.241,4127.233,88.173
404.838,0.728,8.45,1.017,96.773,4610.969,90.36
475.266,3.483,7.331,0.73,40.531,4467.23,90.312
11.033,7.375,7.714,0.764,22.332,4576.061,92.75
491.261,6.551,6.868,3.059,99.878,3907.941,85.046
43.066,1.942,6.747,1.946,6.749,4647.958,91.995
407.193,3.562,6.838,3.108,81.225,4128.877,86.545
140.167,2.634,6.097,3.167,17.055,4357.037,89.19
66.09,6.134,6.712,4.582,66.814,4039.65,86.568
219.928,3.446,6.432,4.47,47.906,4118.149,86.736
321.978,3.091,7.144,3.734,84.064,4157.351,86.66
190.476,2.074,7.152,4.183,73.378,4251.197,87.4
27.283,4.09,7.913,0.514,18.061,4785.608,93.903
299.731,1.955,7.256,0.57,66.859,4587.247,90.79
451.202,9.626,7.158,2.564,22.492,4007.536,87.738
191.608,1.545,6.579,3.442,17.758,4405.174,89.338
108.166,9.133,8.131,4.073,9.327,4176.392,89.411
221.289,4.285,6.228,2.513,12.252,4322.095,89.384
24.181,3.779,8.456,4.731,70.684,4330.107,88.728
410.244,2.313,7.19,4.167,99.22,4083.054,85.532
413.17,6.358,6.465,0.962,67.903,4189.986,88.128
294,6.855,6.886,2.481,71.138,4108.461,87.43
176.551,4.676,6.038,4.977,78.488,3927.11,84.889
399.892,0.557,6.416,2.345,89.012,4301.333,87.29
277.344,9.185,6.838,2.238,27.505,4107.076,88.551
412.966,9.803,7.386,1.823,60.85,4037.92,87.712
315.729,4.31,6.324,2.689,22.447,4245.17,88.52
392.203,6.137,7.69,3.784,53.038,4081.547,87.126
299.281,4.503,8.111,0.714,21.658,4621.6,92.35
207.071,3.219,7.431,4.261,7.337,4337.864,89.271
478.973,0.773,6.742,4.629,9.74,4213.688,87.271
270.557,4.561,6.303,4.015,97.654,3970.236,85.094
302.545,8.184,6.039,4.62,1.596,3878.192,86.221
110.244,0.17,7.83,0.927,69.326,4787.953,92.237
312.825,5.821,7.571,2.525,88.843,4179.418,87.652
285.804,8.808,7.191,0.82,39.977,4273.86,89.981
92.419,2.175,6.255,4.266,71.103,4201.732,86.959
29.794,1.833,6.518,4.786,35.54,4295.506,88.149
302.18,7.723,8.038,1.84,53.368,4275.842,89.542
381.846,2.551,7.2,2.909,93.634,4223.301,87.062
261.701,1.92,8.407,1.84,5.191,4719.529,92.719
113.386,3.78,8.5,2.205,27.45,4628.912,92.149
333.261,3.925,8.002,2.645,11.493,4449.859,90.561
40.053,8.741,6.645,4.059,50.097,4001.415,87.135
220.917,6.184,6.578,1.161,77.278,4267.395,88.757
81.683,4.06,6.634,1.207,97.683,4403.545,89.277
92.23,5.344,8.467,1.408,16.389,4659.771,93.037
101.147,9.54,6.838,0.739,5.349,4371.662,91.525
193.354,1.132,7.766,3.396,14.697,4554.375,90.736
25.575,2.077,8.398,1.354,96.906,4693.857,91.593
198.897,9.625,8.049,2.469,32.693,4211.909,89.68
255.854,9.573,7.494,3.585,27.45,4029.396,87.891
241.647,1.772,6.422,2.52,73.772,4333.266,88.126
191.392,1.451,6.437,4.577,12.947,4291.883,88.225
419.573,4.211,7.231,3.961,35.558,4135.534,87.263
72.663,0.497,8.38,1.729,15.336,4873.263,93.728
252.848,6.549,8.261,1.087,97.458,4368.648,89.677
31.021,0.775,6.415,4.525,29.227,4376.338,88.704
35.578,0.58,6.719,2.286,27.65,4641.217,91.31
286.933,4.852,7.472,2.221,63.806,4311.401,88.932
283.009,9.578,7.194,4.145,2.645,3979.168,87.639
439.017,4.268,6.298,0.542,65.7,4311.324,88.737
278.937,3.565,6.923,2.53,45.932,4329.754,88.908
479.896,9.98,8.387,3.714,19.229,3989.85,87.7
24.347,5.32,8.379,4.319,49.148,4329.498,89.399
49.004,3.752,7.399,4.483,99.9,4179.59,86.923
22.033,3.859,7.588,2.596,84.042,4427.229,89.589
92.638,1.95,6.555,4.315,97.442,4185.325,86.464
270.635,5.122,7.855,0.661,92.68,4442.606,90.036
322.786,4.389,6.131,1.874,82.221,4180.42,87.299
22.793,2.708,6.552,0.547,34.14,4685.373,92.325
472.985,1.605,6.015,1.245,73.264,4313.694,87.886
421.083,3.112,6.964,3.761,39.762,4174.611,87.282
148.306,5.087,8.126,0.52,43.523,4645.033,92.541
38.594,0.583,8.456,2.854,87.466,4636.856,90.669
84.944,1.537,7.669,2.363,21.313,4668.675,91.935
63.472,9.477,7.862,1.053,30.363,4414.634,91.686
61.642,5.429,6.657,3.585,93.12,4118.664,86.884
259.281,0.634,7.301,3.619,70.26,4366.293,88.151
122.924,6.931,7.841,3.769,7.425,4284.432,89.849
179.07,0.618,7.243,3.944,13.04,4483.415,89.889
494.753,7.389,6.221,1.917,58.375,3996.826,86.601
342.157,7.5,7.852,4.974,80.077,3881.644,85.266
474.49,6.511,6.549,0.828,79.488,4150.302,87.661
71.278,7.322,6.244,3.415,43.068,4095.085,87.717
191.07,0.88,7.195,4.868,26.592,4339.963,88.398
277.366,7.268,6.187,1.509,78.983,4107.673,87.467
38.379,1.367,7.574,1.752,94.463,4605.746,90.523
2.094,3.395,7.601,3.092,44.969,4490.191,90.471
335.217,9.427,6.642,4.016,14.59,3894.448,86.627
320.91,5.029,8.411,1.98,61.363,4408.488,89.98
205.394,9.674,8.061,4.265,8.092,4076.97,88.591
244.822,0.889,6.274,1.585,61.539,4478.978,89.441
207.722,4.776,7.871,4.435,18.122,4264.781,88.899
12.003,0.624,6.883,1.638,52.082,4683.073,91.497
167.686,6.302,7.876,3.278,62.924,4234.93,88.611
88.541,0.787,8.002,2.11,45.226,4715.117,91.935
49.212,1.754,6.378,1.948,82.902,4464.928,89.346
478.36,2.588,7.655,2.093,38.096,4411.375,89.509
299.68,7.487,8.157,2.746,16.348,4284.134,89.924
364.328,1.64,6.808,4.303,46.927,4192.573,86.948
157.682,8.466,6.201,3.917,96.39,3833.451,84.911
196.574,1.319,6.068,2.522,88.138,4314.099,87.655
118.462,0.352,6.275,1.77,31.797,4610.08,90.889
48.483,3.95,6.011,4.344,25.028,4194.796,87.883
89.516,9.794,6.817,4.416,48.846,3907.983,86.53
398.757,1.103,6.748,2.542,65.861,4334.407,88.016
338.773,1.017,6.276,3.631,92.745,4158.719,85.965
273.464,7.512,7.628,2.162,61.719,4210.857,88.745
237.545,3.122,8.48,1.171,83.776,4588.478,90.984
461.217,7.173,8.252,1.947,69.911,4201.492,88.468
36.367,2,6.632,3.569,11.051,4465.984,90.149
140.3,4.601,7.925,3.962,89.287,4217.501,87.662
174.969,2.653,8.342,4.332,20.754,4439.333,89.982
391.213,4.515,8.266,0.58,37.298,4572.654,91.708
496.257,7.691,8.211,2.689,84.186,4051.206,86.977
120.335,7.62,7.966,1.733,97.942,4286.291,89.17
437.154,5.158,6.732,3.578,31.751,4075.502,86.985
415.311,9.284,6.209,1.604,38.939,4010.772,87.503
112.329,2.638,7.22,3.048,49.076,4430.921,89.61
199.666,2.403,6.137,3.704,50.301,4222.723,87.445
204.836,6.138,8.496,3.965,75.287,4193.194,88.02
489.11,6.213,6.896,1.713,81.895,4099.323,87.038
90.446,0.465,8.396,0.895,99.113,4783.342,91.982
399.579,6.078,7.933,1.484,80.619,4279.944,88.817
167.096,3.744,7.028,3.196,30.678,4351.091,89.327
365.435,7.474,6.296,0.682,36.457,4232.023,89.198
210.006,8.081,6.593,1.215,62.188,4204.379,88.846
289.18,5.522,7.683,4.98,68.977,4011.676,86.083
416.306,0.017,8.075,2.22,9.906,4656.617,91.472
402.083,6.364,8.449,2.734,35.024,4282.151,89.38
433.212,7.489,6.33,0.55,21.064,4244.913,89.485
29.809,2.49,6.39,3.164,51.277,4380.678,89.041
346.025,4.646,6.106,1.964,17.701,4273.488,88.952
69.994,9.657,6.651,2.886,58.493,4041.657,87.729
207.909,2.981,8.053,2.868,47.262,4470.976,90.131
274.294,2.232,6.496,4.854,40.988,4133.508,86.595
201.37,2.109,7.37,1.707,65.246,4529.646,90.277
259.806,5.588,7.116,3.067,42.216,4211.172,88.366
498.263,9.498,6.815,2.217,40.527,3954.678,86.991
67.609,6.087,7.546,2.399,65.461,4345.615,89.628
337.728,3.033,7.256,0.75,6.671,4616.712,92.01
198,6.386,6.837,3.598,43.816,4117.97,87.657
66.505,6.248,7.722,1.379,20.345,4547.971,92.151
79.368,5.969,6.7,2.608,4.819,4361.388,90.356
474.637,1.594,7.608,2.454,4.434,4489.476,90.329
439.801,6.346,8.393,2.607,17.594,4306.275,89.791
453.521,4.302,7.822,2.19,43.96,4333.479,89.186
495.766,0.186,7.046,1.591,57.103,4474.141,89.226
104.158,5.398,7.869,2.519,79.794,4353.419,89.356
177.72,9.893,8.023,0.708,61.162,4325.695,90.613
334.61,3.497,6.815,1.59,52.486,4375.269,89.277
241.901,9.656,7.763,4.032,4.6,4060.17,88.452
209.195,0.962,7.086,4.293,30.492,4365.645,88.64
178.906,7.325,8.046,3.719,69.535,4137.994,87.882
296.89,1.143,6.738,3.347,27.781,4378.019,88.845
287.797,2.736,8.344,4.151,59.84,4319.007,88.412
80.729,5.708,7.437,1.075,60.786,4488.816,90.993
235.87,5.928,6.883,2.864,31.208,4225.221,88.718
276.736,7.752,7.048,1.023,57.588,4261.351,89.363
285.143,6.153,6.869,4,12.283,4112.116,87.844
105.054,5.936,6.366,2.843,72.97,4157.037,87.622
371.136,9.124,6.171,4.145,3.23,3854.407,86.249
12.6,4.522,6.804,4.096,4.497,4329.492,89.606
177.416,2.253,7.147,2.598,87.156,4379.225,88.596
390.106,1.618,6.905,2.736,58.448,4324.016,88.141
281.946,4,6.035,0.627,17.129,4465.532,90.684
130.581,7.128,7.448,2.856,60.562,4216.379,88.696
347.477,0.425,6.362,3.549,37.615,4311.105,87.863
283.695,1.291,6.528,1.551,27.717,4535.798,90.468
398.122,1.061,6.302,4.939,81.321,4021.49,84.72
367.513,5.853,7.301,4.887,48.254,3968.547,85.959
305.054,2.429,6.238,1.773,30.054,4412.449,89.553
244.089,1.663,6.641,3.708,94.426,4199.226,86.547
66.591,5.928,7.129,0.635,17.337,4585.071,92.456
130.667,7.613,6.419,3.496,15.059,4116.233,88.296
209.55,3.322,7.116,3.308,10.633,4388.634,89.776
299.65,5.782,6.857,4.2,13.319,4100.147,87.603
256.854,0.981,8.151,1.87,26.026,4698.644,92.021
144.092,9.352,7.987,4.451,70.152,3973.676,86.841
3.232,3.369,8.482,4.361,67.514,4407.033,89.406
248.12,9.975,7.322,3.513,76.583,3904.929,86.276
142.813,9.786,7.438,2.626,57.982,4104.635,88.402
367.304,7.788,8.367,3.283,49.768,4135.78,88.197
11.973,0.201,6.999,3.785,43.757,4517.883,89.801
292.414,5.435,7.389,4.889,87.59,3956.934,85.324
470.737,0.868,6.948,1.048,35.007,4541.193,90.322
87.205,8.951,7.365,1.909,89.261,4175.89,88.552
235.825,7.896,6.202,4.013,28.278,3949.582,86.582
45.711,9.723,7.959,2.341,16.575,4319.643,90.948
312.841,6.084,8.463,3.526,26.259,4280.574,89.368
275.266,5.222,6.164,1.099,50.404,4307.006,89.133
203.683,5.19,8.003,3.691,92.663,4184.483,87.475
260.689,3.864,6.604,3.533,18.554,4246.429,88.438
448.287,4.687,6.494,3.136,58.41,4060.459,86.427
98.147,6.354,7.733,3.944,22.554,4267.097,89.352
11.282,9.329,6.11,4.461,68.087,3856.694,85.685
430.832,5.959,7.158,4.232,47.038,3985.188,86.169
288.559,8.571,6.004,1.074,73.62,4072.875,87.564
445.329,8.628,7.386,3.85,85.755,3828.057,85.011
298.473,5.188,7.155,2.524,34.14,4286.195,89.077
405.081,3.475,8.289,2.002,93.881,4364.587,88.749
214.837,6.396,7.801,4.458,47.374,4112.273,87.568
374.93,4.459,6.315,3.018,93.727,4031.818,85.719
456.521,0.814,6.886,2.756,23.832,4396.435,88.97
286.061,3.778,8.329,4.031,89.811,4218.267,87.418
90.393,9.941,7.813,2.99,34.032,4172.048,89.362
134.399,0.485,7.486,4.361,75.324,4370.361,88.096
99.322,6.967,7.398,0.963,96.85,4351.768,89.639
123.429,8.412,6.995,3.993,91.304,3935.348,85.964
153.208,6.487,7.463,1.237,46.902,4427.804,90.755
277.567,5.697,7.929,1.514,35.145,4447.614,90.834
293.996,7.076,6.319,1.308,61.651,4177.054,88.277
213.25,4.293,8.425,1.573,70.875,4522.121,90.8
307.71,0.914,6.598,3.793,54.484,4272.012,87.449
40.787,9.624,7.119,3.449,84.999,3995.459,86.992
43.894,4.323,6.057,1.534,6.768,4500.643,91.236
85.915,6.654,7.376,1.716,60.364,4369.628,90.089
259.039,5.313,6.955,0.947,52.999,4399.612,90.06
106.997,0.547,6.624,2.365,4.897,4635.314,91.468
141.642,9.527,8.464,2.204,2.258,4374.307,91.579
200.156,7.925,7.07,1.156,61.007,4273.058,89.498
405.933,1.491,7.036,4.256,12.682,4275.114,88.072
6.931,9.816,7.158,4.337,77.085,3933.649,86.511
324.689,7.369,6.29,0.991,94.976,4109.221,87.353
334.438,4.723,6.983,1.699,18.564,4387.901,90.11
399.328,6.114,6.841,3.812,80.059,3937.394,85.407
466.376,1.067,7.163,4.415,59.55,4169.139,86.416
10.069,5.604,8.142,0.823,45.346,4655.97,92.787
76.892,0.737,6.482,4.561,65.38,4286.094,87.428
443.086,5.449,7.519,0.777,80.431,4319.365,89.024
229.259,5.527,6.094,3.352,97.094,3989.041,85.578
282.295,8.744,6.792,0.599,66.389,4208.12,89.041
331.514,7.251,7.182,4.677,74.946,3872.267,85.148
339.533,2.496,6.186,2.092,61.144,4292.577,88.063
465.87,8.884,7.36,3.42,56.939,3903.003,86.126
498.475,5.732,6.776,1.331,7.413,4293.816,89.584
360.079,6.064,8.482,1.946,16.352,4437.704,91.033
143.611,1.69,7.577,3.863,38.546,4438.07,89.502
439.876,8.578,6.61,4.878,65.301,3693.769,83.858
24.61,9.31,6.257,4.964,8.504,3934.449,87.052
115.54,7.75,6.102,4.144,54.893,3940.772,86.184
448.693,9.408,6.227,4.312,2.305,3792.124,85.72
128.096,3.023,7.7,4.862,76.843,4214.899,87.287
110.326,8.611,8.137,0.681,67.026,4425.83,91.171
69.063,4.889,6.392,1.266,52.547,4428.544,90.227
429.556,1.639,7.005,0.737,57.543,4515.006,90.066
250.029,6.688,6.886,2.755,93.343,4066.935,86.742
337.447,6.841,7.611,4.813,90.763,3887.5,85.02
119.533,2.869,6.457,3.121,79.482,4271.38,87.78
379.02,0.275,8.383,2.999,34.286,4566.568,90.405
380.003,1.998,7.821,4.22,11.617,4346.97,88.953
156.299,3.998,8.388,4.68,32.822,4327.059,89.142
205.341,1.676,6.693,3.643,75.444,4267.652,87.425
104.845,1.94,7.469,4.529,61.489,4321.593,88.183
488.281,3.914,7.831,1.288,70.852,4372.681,89.192
322.801,9.618,7.777,2.765,11.428,4136.057,89.132
467.272,7.642,6.053,2.141,16.686,4042.134,87.547
151.693,3.197,8.496,1.996,66.768,4580.682,91.098
390.945,9.516,8.32,1.464,37.808,4238.711,89.864
382.929,6.456,6.299,4.523,37.55,3888.252,85.444
345.828,4.554,7.359,2.527,39.873,4302.84,88.996
482.819,4.683,6.786,2.886,79.798,4054.869,86.156
196.778,4.107,8.197,1.743,70.206,4501.21,90.542
65.359,2.33,7.744,4.833,11.498,4418.927,89.773
335.854,3.866,6.559,3.25,35.091,4199.409,87.803
364.655,5.279,6.085,0.503,67.709,4276.459,88.671
287.53,5.28,6.729,1.706,97.637,4199.331,87.601
103.409,7.617,6.095,4.997,91.313,3794.629,84.318
252.228,3.588,6.353,4.886,25.579,4090.008,86.721
156.095,7.168,7.59,2.951,7.537,4312.436,90.199
213.733,5.781,7.863,3.039,57.753,4271,88.867
322.609,9.618,7.17,4.557,41.219,3836.624,85.84
372.607,3.853,7.501,3.689,19.156,4263.96,88.604
116.112,9.012,6.39,4.695,65.513,3829.783,85.346
202.663,8.206,6.792,2.656,16.875,4168.187,88.975
134.581,6.377,7.782,4.892,35.797,4131.35,87.869
99.316,6.545,6.912,2.928,79.662,4162.186,87.789
391.694,0.846,6.872,3.402,68.746,4271.362,87.28
454.626,9.502,6.485,0.872,61.105,4036.707,87.607
185.116,1.069,7.487,3.252,93.152,4391.143,88.301
375.639,5.632,8.024,3.955,13.415,4210.618,88.662
448.498,3.301,7.174,2.477,69.405,4241.579,87.712
423.062,4.299,6.289,2.761,12.615,4201.1,88.174
91.407,6.102,8.096,2.27,14.501,4502.797,91.714
478.146,9.089,6.178,4.861,51.136,3636.01,83.575
188.338,4.576,7.179,2.645,3.387,4423.724,90.576
169.62,9.877,6.653,1.068,50.599,4178.602,89.243
31.216,5.928,8.341,0.63,1.938,4755.196,94.311
243.087,1.606,7.844,3.976,60.639,4363.676,88.512
54.507,1.9,7.416,2.965,31.889,4559.113,90.842
124.27,7.161,7.669,0.512,9.243,4577.015,92.826
158.471,0.504,7.332,2.221,78.303,4550.005,89.868
404.413,4.803,6.369,4.613,39.603,3953.996,85.585
437.744,1.482,7.773,4.765,44.958,4217.887,87.174
151.233,4.332,7.232,0.741,38.073,4580.694,91.726
429.349,7.499,7.586,1.055,9.279,4344.845,90.605
428.615,4.588,6.113,0.522,46.532,4322.331,89.134
382.325,1.635,6.355,4.409,66.878,4087.961,85.701
73.348,2.519,7.473,0.819,90.434,4621.939,91.071
345.161,3.675,7.149,0.986,76.617,4406.719,89.404
472.512,0.696,6.567,1.524,8.85,4515.553,90.276
341.27,5.843,6.602,4.628,17.415,3999.795,86.577
165.808,6.075,7.579,3.597,5.438,4300.663,89.775
250.29,0.622,6.147,3.276,12.82,4405.285,89.111
322.863,4.023,7.086,4.031,48.572,4145.738,87.179
255.285,4.14,7.308,3.62,22.754,4288.646,88.901
59.976,3.338,6.77,3.857,65.146,4264.179,87.992
156.032,5.577,8.051,0.831,4.204,4656.698,93.198
401.198,3.46,6.142,3.154,85.867,4053.485,85.714
430.709,4.164,8.164,3.889,68.086,4167.77,87.246
68.65,7.975,7.808,3.045,96.939,4149.305,87.916
476.193,1.621,7.116,0.553,95.33,4446.444,88.997
164.411,6.191,8.311,1.45,69.6,4455.151,90.713
331.157,5.056,7.756,4.833,16.646,4140.586,87.756
375.913,3.051,8.328,3.671,22.986,4379.184,89.477
405.973,7.275,7.181,3.598,28.481,4034.605,87.244
472.875,5.512,7.132,3.471,43.241,4067.617,86.897
156.46,4.774,7.327,1.075,57.516,4493.229,90.789
429.253,6.677,6.164,0.518,68.577,4178.903,88.106
65.843,8.023,8.271,2.483,8.488,4427.787,91.6
352.52,9.727,7.669,2.499,61.444,4031.5,87.619
370.989,6.294,7.544,4.153,6.859,4125.195,88.071
338.862,8.744,8.316,1.317,82.876,4227.508,89.07
126.157,0.011,8.484,1.738,5.002,4900.981,93.963
436.522,5.302,6.408,0.852,39.615,4293.031,89.125
84.429,2.146,7.872,2.299,42.578,4622.611,91.444
26.817,0.942,7.45,1.652,57.468,4704.35,91.751
358.732,5.32,7.152,1.683,10.449,4380.696,90.298
237.738,7.468,8.444,1.643,93.377,4301.042,89.317
424.549,4.123,8.126,1.542,38.937,4462.097,90.468
191.699,6.701,7.742,1.939,40.224,4368.93,90.297
84.139,4.897,6.957,2.915,25.066,4367.098,89.889
418.221,4.371,7.665,2.47,78.291,4235.305,87.881
274.455,2.903,7.329,0.786,1.768,4668.48,92.538
94.598,3.826,6.623,2.416,11.514,4459.081,90.623
360.192,3.498,7.126,4.308,47.605,4131.565,86.889
255.557,6.462,6.531,0.953,96.862,4213.141,88.101
302.156,1.16,7.251,4.75,4.523,4332.008,88.623
230.449,0.926,7.801,1.889,7.137,4715.377,92.36
414.354,6.6,6.092,0.565,71.774,4171.888,87.981
414.781,5.463,7.913,1.639,73.809,4299.267,88.893
354.694,4.302,6.05,0.813,89.797,4251.611,87.909
52.701,1.524,7.293,3.049,58.086,4505.703,89.933
419.427,4.11,7.434,1.923,40.951,4353.893,89.362
335.506,7.897,7.903,4.131,45.656,4023.285,87.145
348.512,8.896,7.903,3.797,43.72,4004.069,87.272
181.491,7.026,7.044,2.609,97.38,4106.701,87.201
439.64,0.599,6.166,3.023,38.629,4287.289,87.666
362.686,6.704,7.734,3.239,10.511,4211.86,89.025
56.295,2.41,7.277,1.718,29.673,4647.943,91.906
203.889,3.153,6.833,1.127,96.049,4418.878,89.174
443.19,1.959,6.587,2.194,43.396,4332.96,88.483
23.598,7.758,6.299,0.927,32.291,4372.994,90.734
480.708,6.486,6.738,1.917,31.765,4153.913,88.167
339.581,6.118,7.146,2.987,1.897,4236.448,89.181
315.688,6.68,7.194,2.931,63.679,4107.164,87.439
135.28,2.368,7.457,1.043,72.703,4609.977,91.083
124.396,4.446,6.906,0.538,35.942,4580.46,91.779
471.029,6.333,8.3,0.9,87.406,4312.996,89.156
149.136,6.366,7.24,0.663,74.546,4415.742,90.322
387.753,7.919,7.059,2.302,60.486,4064.946,87.42
196.561,2.871,6.12,2.254,70.678,4303.466,88.189
69.627,7.703,7.498,1.587,77.176,4316.694,89.706
5.358,4.402,7.507,1.47,53.178,4574.64,91.535
272.129,6.702,7.458,2.284,40.382,4265.518,89.262
487.889,4.557,8.219,0.89,13.446,4534.245,91.575
184.568,9.486,7.907,1.464,41.09,4295.518,90.39
178.596,1.793,8.169,2.326,55.459,4594.422,90.928
172.046,6.75,6.149,0.927,94.839,4208.98,88.166
260.272,5.765,6.795,4.284,16.335,4100.093,87.567
220.332,1.727,6.797,3.542,75.939,4277.06,87.529
439.957,0.66,7.643,2.224,24.83,4539.216,90.342
252.76,7.991,7.122,1.177,95.744,4177.035,88.21
253.879,1.575,7.944,1.374,59.886,4631.547,91.189
69.186,1.865,6.961,1.04,43.846,4676.53,91.886
491.37,9.784,6.554,1.22,35.336,4027.791,87.86
124.986,7.173,6.727,2.401,20.996,4269.49,89.637
36.682,2.505,6.456,1.605,71.735,4498.013,90.014
331.573,5.909,6.495,4.481,63.961,3912.23,85.256
297.683,5.341,6.542,4.824,89.125,3877.644,84.488
207.573,8.445,6.04,3.611,60.136,3896.613,85.898
211.096,7.293,7.79,4.139,17.811,4159.25,88.602
392.532,8.317,6.999,1.648,68.601,4085.769,87.667
97.856,2.115,6.057,3.493,88.001,4225.724,87.012
410.127,6.402,6.925,0.761,99.056,4193.118,87.861
324.374,0.402,8.263,4.821,68.822,4324.295,87.675
209.485,0.689,7.278,3.516,29.664,4477.677,89.687
229.014,7.135,8.467,1.926,56.973,4368.889,90.26
128.324,0.244,7.35,3.979,51.983,4456.782,89.121
376.057,5.798,8.407,0.571,51.686,4502.307,91.246
256.437,8.404,6.505,2.193,8.783,4165.156,89.085
160.427,3.799,6.725,4.53,20.26,4208.733,88.025
298.025,0.448,7.75,1.684,52.887,4629.345,90.899
497.867,7.138,8.467,3.506,80.02,4030.247,86.644
217.631,9.297,8.063,2.12,18.997,4282.625,90.425
460.346,7.172,7.384,2.266,17.264,4188.576,88.865
172.508,5.784,6.213,3.857,76.226,4007.687,86.05
27.366,2.3,6.911,4.596,69.365,4264.075,87.637
102.121,0.154,6.216,1.25,49.026,4639.783,90.954
209.348,6.947,6.778,1.746,5.986,4339.237,90.417
109.817,2.31,6.647,2.695,47.795,4429.182,89.507
0.114,8.582,6.971,3.262,83.65,4074.483,87.483
457.501,4.664,8.093,2.605,2.052,4382.779,90.206
421.94,5.306,6.376,4.125,11.158,4026.503,86.745
371.146,7.539,6.765,3.956,81.124,3856.083,85.011
83.907,7.794,6.653,2.324,52.99,4195.271,88.761
60.182,6.427,6.74,0.683,66.564,4421.215,90.474
33.802,9.384,6.902,1.375,74.76,4216.995,89.238
362.015,9.823,6.611,2.691,30.721,3958.352,87.223
464.404,9.469,8.356,4.674,30.49,3901.64,86.552
215.268,8.242,7.05,3.054,27.132,4125.632,88.458
59.57,7.056,6.285,2.887,17.558,4222.136,89.163
256.196,6.633,7.169,3.758,31.17,4119.028,87.869
174.416,1.038,6.461,1.185,95.33,4497.832,89.336
187.412,2.715,6.54,1.161,9.512,4589.448,91.614
310.665,0.057,6.713,2.054,24.823,4558.01,90.349
359.359,1.374,6.312,4.977,32.484,4120.154,86.289
55.302,4.392,7.803,4.442,16.228,4356.385,89.719
17.795,1.465,7.98,3.561,8.663,4642.444,91.777
497.165,9.017,6.986,2.26,17.024,4039.089,87.926
116.364,8.057,7.722,2.996,53.252,4205.109,88.936
26.915,0.716,6.972,1.866,60.078,4641.219,91.026
94.938,2.489,6.41,3.534,22.31,4371.035,89.234
19.479,8.191,6.993,2.385,50.877,4239.783,89.346
195.905,8.03,7.392,1.041,1.617,4432.44,91.717
401.201,9.455,6.102,1.468,60.6,3968.934,86.92
170.622,9.975,7.636,3.239,1.129,4153.366,89.515
222.092,9.763,7.857,3.626,64.635,3994.647,87.229
337.793,4.101,8.15,0.932,48.849,4550.12,91.243
254.447,2.503,6.257,4.138,11.818,4235.915,87.992
430.723,7.584,6,4.21,9.752,3864.996,85.828
433.018,2.993,6.183,3.754,1.682,4173.42,87.615
4.955,8.064,8.31,3.576,55.613,4256.511,89.428
389.023,5.34,7.914,1.543,80.848,4313.862,88.932
230.367,7.939,8.089,4.638,85.798,3961.286,86.137
494.42,2.759,7.293,1.709,57.354,4358.536,88.839
241.616,5.08,7.317,1.321,88.83,4347.072,89.107
493.448,5.64,6.746,3.373,86.336,3935.878,85.187
377.285,9.431,8.107,2.138,70.124,4096.397,88.092
124.302,2.666,8.074,4.699,36.945,4368.239,89.113
269.197,9.367,6.98,2.571,82.892,3972.204,86.703
496.068,8.049,6.823,1.237,39.776,4128.628,88.303
428.765,7.309,7.846,4.809,40.923,3942.029,86.204
48.683,7.869,6.065,2.819,68.129,4070.561,87.385
353.186,6.054,8.15,2.834,92.864,4166.602,87.554
172.79,2.441,7.116,2.236,50.502,4478.512,90.012
3.491,1.895,7.103,4.262,18.544,4450.558,89.889
201.74,8.663,7.673,1.794,15.103,4323.583,90.684
117.377,7.251,7.614,0.562,30.922,4522.166,92.088
409.435,2.132,6.665,2.738,46.308,4288.783,88.064
168.665,6.151,8.358,4.666,30.469,4216.354,88.704
413.762,4.475,8.466,1.73,71.48,4399.999,89.628
0.299,1.587,7.315,1.698,54.723,4672.738,91.656
153.91,5.319,7.403,3.821,41.266,4232.784,88.511
120.583,2.815,7.386,3.99,22.127,4394.284,89.566
116.784,0.962,7.214,2.46,60.936,4547.06,90.15
34.093,4.67,8.363,4.251,67.736,4325.16,88.975
93.562,5.901,6.612,1.274,78.633,4334.717,89.331
277.775,0.469,6.27,2.152,99.094,4351.3,87.663
145.681,4.021,8.324,2.319,23.902,4578.772,91.755
208.697,2.577,6.533,1.908,2.496,4524.33,90.991
188.433,0.307,7.873,1.48,50.544,4728.677,91.873
437.952,1.257,6.51,2.022,92.476,4282.041,87.273
452.649,1.39,8.4,0.581,25.627,4734.849,92.509
246.478,1.829,7.978,3.665,75.832,4364.933,88.44
165.078,8.034,8.297,3.578,32.632,4222.407,89.308
53.4,4.395,8.377,2.526,39.729,4559.244,91.514
476.701,1.471,6.211,1.953,94.825,4224.251,86.736
30.113,1.003,7.083,2.453,46.641,4604.518,90.88
148.825,2.979,7.62,4.714,72.807,4221.594,87.382
149.033,7.98,8.006,3.216,55.436,4194.614,88.786
160.201,3.645,6.604,3.791,76.627,4165.674,86.984
82.143,1.599,8.287,1.533,32.419,4789.51,93.051
391.581,4.041,6.552,0.926,87.813,4289.129,88.226
61.249,5.553,8.165,0.874,55.343,4610.144,92.214
317.453,0.296,7.282,2.624,31.607,4529.037,90.063
61.923,6.276,7.289,3.725,4.782,4302.001,89.855
35.268,3.951,6.935,3.984,2.308,4375.348,89.916
454.715,0.097,6.259,3.742,35.983,4247.505,87.144
95.064,6.739,6.868,4.607,22.354,4096.844,87.767
410.625,7.124,7.067,0.734,6.215,4359.346,90.668
272.315,6.288,7.198,4.349,55.732,4022.811,86.557
38.928,3.419,7.848,3.473,98.89,4349.26,88.529
477.724,5.296,6.88,1.29,42.81,4269.748,88.858
123.481,3.872,7.016,3.571,55.659,4277.939,88.384
429.823,7.006,8.265,2.803,22.761,4235.489,89.229
84.405,5.836,7.881,2.116,21.287,4500.007,91.538
426.971,0.818,6.057,1.616,33.509,4422.73,89.138
6.614,6.431,8.03,2.589,83.67,4351.959,89.612
255.89,6.872,8.475,1.576,96.097,4326.118,89.362
384.721,3.707,8.349,0.873,74.233,4521.483,90.585
467.398,8.758,8.09,4.308,3.035,4000.573,87.603
454.601,8.43,7.573,3.168,44.403,4002.903,87.114
409.812,1.752,6.695,2.137,42.65,4378.108,88.88
444.096,9.043,7.636,2.51,93.585,3951.251,86.289
99.61,4.409,7.739,4.392,74.811,4214.862,87.723
142.092,7.237,6.704,1.939,71.725,4200.09,88.455
144.484,8.141,6.638,2.211,56.913,4149.638,88.37
188.527,5.051,6.992,3.947,64.938,4127.8,87.144
196.66,3.991,7.603,1.402,70.162,4481.846,90.314
272.278,9.155,6.733,3.467,55.703,3921.327,86.403
79.94,2.309,7.389,2.454,84.638,4468.798,89.534
345.623,2.57,8.248,2.751,4.653,4539.136,91.116
83.783,3.616,6.738,4.041,94.197,4158.584,86.729
155.154,8.595,8.415,4.969,77.585,3982.104,86.624
251.673,9.388,7.183,4.242,53.367,3892.192,86.205
398.22,2.201,6.252,1.222,86.172,4321.493,88.013
369.735,8.639,6.138,1.51,82.97,3979.969,86.562
322.767,2.582,6.847,2.345,42.52,4374.676,89.096
77.887,9.706,6.647,3.737,84.142,3898.49,86.055
273.523,5.974,8.109,2.792,19.645,4356.955,90.165
43.723,0.071,7.844,4.558,47.451,4508.293,89.63
188.682,0.341,8.211,0.719,23.996,4889.836,93.761
206.758,1.475,7.473,1.663,13.315,4677.228,92.082
19.906,1.876,7.089,1.487,89.566,4577.321,90.44
136.994,7.676,6.676,3.849,37.328,4055.803,87.488
477.825,2.228,7.458,2.591,68.754,4298.827,87.969
476.816,9.691,7.545,0.568,38.135,4198.502,89.511
176.164,6.361,6.982,3.98,54.868,4084.316,87.203
21.55,6.925,8.341,2.128,35.456,4493.391,91.657
89.547,2.178,7.6,1.672,74.53,4590.04,90.809
196.109,8.927,8.094,1.322,78.86,4275.02,89.64
473.89,6.678,7.551,4.757,43.623,3921.295,85.78
70.6,8.644,6.791,4.739,86.102,3865.511,85.387
381.758,9.565,7.842,0.844,36.175,4258.236,90.09
54.341,1.256,6.576,1.547,76.484,4559.86,90.211
490.629,0.966,7.492,3.408,65.356,4284.078,87.477
190.808,8.034,7.006,3.517,46.142,4059.508,87.544
387.617,8.661,6.375,2.38,89.003,3894.642,85.655
171.296,5.838,7.033,3.058,57.653,4204.646,88.221
313.834,3.66,6.776,3.662,84.178,4103.113,86.287
96.008,6.526,6.281,4.777,73.6,3928.807,85.51
73.011,3.057,8.06,3.763,53.725,4432.871,89.708
469.032,2.384,7.246,0.996,33.316,4504.684,90.429
458.824,4.881,6.866,3.73,95.163,3949.749,85.01
443.734,2.162,7.262,0.805,6.618,4602.584,91.608
312.717,4.837,7.886,2.761,89.554,4235.199,87.908
404.134,9.566,6.046,2.871,51.133,3834.835,85.707
34.518,8.398,7.367,4.002,75.125,4049.067,87.259
167.395,9.416,7.198,0.552,34.079,4341.916,90.903
156.852,8.063,8.233,4.436,39.037,4119.965,88.228
317.823,3.548,7.39,3.487,19.884,4314.189,89.007
177.979,8.12,6.343,0.64,95.48,4184.323,88.325
74.253,9.229,6.972,1.22,5.287,4365.999,91.376
298.234,9.47,7.553,0.678,39.296,4286.257,90.311
407.192,6.832,6.115,3.947,34.135,3903.345,85.742
191.062,2.114,8.212,1.269,81.495,4630.052,91.12
66.134,0.397,6.169,0.705,50.657,4692.179,91.534
98.344,1.472,6.076,1.121,17.741,4637.299,91.637
118.742,9.655,6.005,3.018,51.392,3953.774,86.92
149.949,4.621,7.709,2.73,24.366,4443.213,90.575
321.398,8.55,7.14,1.608,2.694,4259.584,90.134
300.473,4.65,6.257,4.743,54.91,3958.805,85.434
348.04,6.608,8.141,4.347,36.68,4101.599,87.632
181.251,0.241,6.507,1.915,24.65,4607.177,90.898
411.999,2.499,6.816,2.636,18.052,4350.989,89.079
102.044,4.363,6.444,2.826,45.916,4300.872,88.858
234.52,6.306,8.317,3.903,87.092,4134.649,87.367
400.469,1.715,7.895,2.426,76.055,4408.836,88.842
90.079,7.646,7.81,2.959,1.458,4354.844,90.828
54.932,3.644,6.11,2.357,73.384,4318.909,88.548
441.842,8.174,7.307,3.933,8.199,3991.368,87.284
171.465,0.98,7.439,3.002,55.252,4498.472,89.726
341.935,6.798,6.956,4.225,78.225,3905.834,85.315
12.674,2.933,6.804,0.742,45.876,4661.505,92.036
345.023,7.954,8.13,4.569,38.293,4009.259,87.096
158.051,4.022,6.058,4.187,94.008,4018.902,85.455
27.87,6.653,7.563,4.183,3.897,4283.607,89.793
304.906,9.343,6.986,1.131,11.491,4242.834,90.116
120.402,0.206,7.665,1.686,87.163,4653.086,90.721
193.404,0.111,6.495,4.911,88.738,4178.626,85.932
40.29,7.703,6.597,4.776,37.9,4000.955,86.941
73.582,6.464,7.467,1.519,54.48,4425.822,90.653
148.989,2.93,8.45,2.448,17.275,4644.644,92.153
44.88,4.944,8.437,1.202,88.544,4576.771,91.365
455.413,0.419,6.622,1.682,47.437,4450.509,89.157
3.024,1.924,6.256,1.331,56.845,4581.036,90.819
241.93,4.245,7.476,0.864,12.688,4602.575,92.172
61.624,8.34,7.05,3.108,61.867,4122.661,88.11
153.84,4.797,7.904,1.584,69.887,4475.541,90.496
463.03,5.864,7.32,4.965,30.177,3950.437,85.962
80.847,8.738,7.276,2.819,89.719,4088.961,87.614
482.916,3.088,7.616,2.116,21.187,4411.782,89.832
102.897,7.007,6.316,4.609,89.841,3889.202,85.096
370.783,8.617,7.693,3.293,70.631,3982.467,86.703
273.339,2.026,7.221,1.072,83.254,4510.459,89.88
442.239,3.565,8.05,2.74,70.21,4291.239,88.28
276.997,9.798,6.347,2.485,43.414,3970.96,87.215
267.28,9.832,6.752,3.943,33.826,3887.977,86.491
97.729,2.232,8.376,3.622,73.673,4467.536,89.608
83.115,0.664,7.383,2.169,30.518,4685.595,91.75
458.245,2.709,8.323,2.613,7.124,4492.229,90.664
163.919,3.977,7.723,2.835,25.454,4457.071,90.509
186.041,4.41,8.316,2.401,75.768,4426.441,89.83
379.912,6.188,6.795,0.985,79.529,4222.565,88.287
169.412,8.995,6.226,4.575,28.384,3873.957,86.154
476.031,3.303,8.006,3.527,33.464,4277.79,88.434
368.964,8.5,8.011,2.614,55.385,4119.5,88.191
298.715,0.935,7.547,3.063,26.935,4498.426,89.995
440.448,0.419,7.449,1.459,61.011,4535.785,89.873
24.803,5.04,8.287,2.888,28.922,4517.708,91.4
128.531,0.597,6.441,3.857,12.967,4438.382,89.433
232.518,3.925,7.541,2.902,16.328,4418.82,90.202
113.489,8.968,6.124,2.663,25.804,4089.401,88.326
371.953,2.415,6.352,2.581,17.623,4335.18,88.9
459.604,7.06,7.093,3.927,97.46,3838.878,84.532
211.885,3.024,8.053,3.89,66.179,4326.816,88.513
171.066,0.449,7.833,3.875,18.747,4550.265,90.45
480.775,5.567,8.435,1.608,42.966,4378.074,90.021
222.426,8.349,6.112,3.281,27.644,3999.232,87.22
244.524,4.095,6.953,4.005,68.768,4130.297,86.844
175.825,6.173,6.397,3.029,86.86,4066.565,86.649
454.774,9,6.092,4.005,40.682,3749.938,84.793
284.478,7.897,6.661,4.345,43.455,3907.622,86.011
381.087,1.939,6.611,1.283,40.448,4464.489,89.822
405.903,7.334,7.05,1.879,45.473,4156.563,88.311
170.925,5.019,6.35,3.206,4.549,4268.924,89.149
216.847,7.46,7.221,1.804,59.668,4241.044,89.052
424.236,4.945,8.3,4.736,95.252,4006.522,85.596
181.628,1.28,7.87,1.374,78.747,4637.4,90.97
396.968,5.699,8.105,2.106,86.28,4243.92,88.286
470.496,4.921,8.012,4.974,23.684,4075.06,86.99
311.605,5.179,6.974,1.351,61.111,4325.29,89.196
370.814,8.789,7.772,2.52,89.404,4021.606,86.959
402.549,8.948,7.886,1.912,7.792,4233.085,89.937
422.52,4.535,6.514,4.144,87.848,3923.278,84.715
197.527,4.557,8.151,1.869,7.386,4586.799,92.161
25.632,5.152,7.144,1.226,98.324,4424.737,89.81
200.938,5.196,6.041,4.699,9.308,4055.299,87.019
336.878,9.504,7.608,1.928,37.429,4149.525,88.972
225.175,6.494,7.692,3.838,6.41,4235.296,89.237
374.482,2.775,7.379,1.808,6.621,4517.975,90.946
178.491,5.315,6.531,1.304,86.762,4294.204,88.669
317.372,6.272,7.206,4.111,7.297,4122.592,88.035
93.21,6.398,7,0.75,79.47,4399.59,90.121
374.685,5.853,8.437,1.994,90.781,4282.752,88.675
272.848,1.777,8.062,4.01,93.57,4292.701,87.525
102.032,0.336,7.905,2.805,86.54,4569.12,89.927
145.956,3.378,6.453,3.603,95.561,4151.938,86.577
374.304,4.275,6.828,0.801,6.128,4489.524,91.117
241.301,0.618,6.949,3.874,99.664,4256.633,86.755
108.016,8.15,7.232,1.274,3.028,4428.235,91.697
483.636,3.441,6.076,4.139,17.485,4044.813,86.306
357.563,9.136,7.483,3.039,9.014,4090.748,88.558
478.567,1.544,6.895,3.826,74.656,4141.041,86.127
213.553,0.569,7.404,1.458,9.616,4740.169,92.476
237.55,4.823,6.022,2.279,29.976,4254.418,88.691
448.978,1.891,6.804,4.109,64.17,4122.034,86.146
262.525,9.374,7.922,4.599,50.304,3931.735,86.627
353.639,0.103,7.253,1.52,14.486,4662.369,91.51
126.086,4.126,7.972,4.07,52.632,4315.578,88.867
223.363,9.267,7.747,0.988,34.726,4331.384,90.747
61.725,3.844,8.137,2.416,59.008,4531.056,90.874
102.99,0.931,6.019,4.724,54.311,4222.765,86.964
0.472,3.029,6.653,4.753,98.961,4140.414,86.323
19.633,4.98,7.372,1.835,86.488,4421.896,89.848
488.642,1.852,8.353,1.368,1.363,4658.821,92.13
121.177,4.666,7.699,1.173,18.425,4621.959,92.435
331.655,8.363,7.141,2.664,91.401,3980.953,86.405
419.55,8.726,6.325,0.914,54.406,4086.204,87.936
275.33,0.493,7.233,2.106,76.187,4498.05,89.366
76.572,1.609,7.103,0.577,50.847,4732.185,92.296
364.058,2.753,7.946,1.667,78.791,4450.626,89.544
300.126,5.949,7.033,4.551,14.145,4072.428,87.367
365.625,3.61,6.797,2.511,74.052,4217.155,87.514
384.873,8.44,6.224,0.832,87.091,4050.605,87.167
487.705,7.167,6.116,3.411,27.299,3913.762,86.015
286.782,1.005,7.098,4.8,37.468,4261.193,87.539
170.821,6.246,6.867,2.585,59.468,4211.558,88.395
324.232,1.13,7.388,3.309,86.956,4315.367,87.623
34.22,2.55,7.78,4.637,90.872,4287.873,87.735
448.699,1.779,6.1,2.386,53.908,4250.306,87.498
59.691,1.731,7.241,3.491,66.148,4426.317,89.121
163.921,6.164,8.155,2.483,87.418,4302.181,88.997
407.873,5.636,7.138,4.83,23.898,3997.297,86.425
298.656,1.76,7.303,2.767,82.696,4350.865,88.21
196.818,9.902,7.217,4.485,26.924,3925.812,86.959
236.718,4.218,6.974,2.782,58.519,4272.893,88.409
427.274,0.971,6.275,3.508,93.532,4127.521,85.631
170.002,1.206,6.316,2.238,51.638,4459.264,89.438
434.825,5.839,6.448,4.629,10.248,3952.018,86.169
44.067,9.791,7.981,3.411,89.685,4066.079,87.701
388.399,5.72,6.688,0.59,58.912,4311.873,89.245
423.774,9.49,8.37,0.57,8.044,4377.497,91.542
90.909,4.441,8.025,3.543,2.042,4476.657,91.079
215.173,4.358,7.711,1.014,26.867,4590.473,91.944
82.75,5,7.801,3.723,12.909,4390.629,90.277
353.302,6.974,6.119,1.949,63.215,4065.207,87.112
267.674,3.676,7.421,2.925,60.075,4311.789,88.62
317.662,8.639,8.353,1.285,84.247,4247.516,89.224
98.243,0.293,6.098,1.608,51.823,4581.57,90.385
105.873,4.398,6.728,2.466,26.059,4401.205,90.071
20.749,5.11,6.129,3.495,5.978,4285.587,89.329
161.034,6.07,7.424,1.201,2.04,4534.243,92.143
279.872,2.761,6.291,1.766,92.652,4289.197,87.794
428.967,4.275,7.198,1.431,15.307,4417.842,90.308
333.464,4.845,7.8,4.382,50.42,4131.943,87.269
217.698,6.869,6.411,3.416,79.684,3987.836,86.142
476.56,7.735,7.888,2.608,92.935,4017.097,86.562
359.623,7.378,6.151,4.761,20.968,3848.266,85.486
465.083,3.416,6.374,3.811,23.961,4105.029,86.835
263.794,9.995,6.7,4.695,18.795,3831.313,86.124
129.452,8.487,7.99,3.189,16.734,4257.581,89.954
26.413,2.6,8.125,1.121,46.041,4765.109,92.971
363.042,1.951,6.551,3.539,63.955,4194.169,86.887
60.651,3.14,6.239,1.407,70.92,4454.099,89.774
151.388,4.523,8.12,2.057,33.393,4537.651,91.4
266.235,8.508,7.623,2.793,62.757,4098.982,87.915
282.208,7.784,6.395,1.208,1.234,4285.895,90.182
300.292,8.512,7.394,0.594,88.939,4226.431,88.929
83.128,2.72,8.181,1.972,87.105,4569.151,90.636
189.869,5.935,6.174,4.209,54.864,3995.043,86.182
308.597,2.832,6.209,0.569,25.094,4517.899,90.778
484.909,1.09,6.684,0.992,97.251,4377.689,88.131
363.816,6.842,7.631,4.131,81.254,3963.467,85.875
461.302,1.43,6.445,1.876,2.678,4449.362,89.896
381.106,6.677,8.041,4.722,47.494,4012.505,86.653
295.858,6.48,7.876,2.211,11.106,4372.375,90.557
96.012,8.102,7.403,4.085,14.092,4150.421,88.794
333.343,1.396,6.29,1.665,1.13,4523.854,90.646
311.69,7.835,8.471,0.778,69.084,4383.479,90.494
301.235,9.993,7.225,4.467,26,3873.554,86.473
244.893,8.51,7.13,4.673,31.179,3935.408,86.595
264.328,7.518,8.489,3.686,5.656,4260.865,89.808
167.221,6.622,8.16,3.965,1.787,4301.17,89.98
259.656,4.218,7.141,0.532,79.48,4461.206,90.083
98.778,7.305,7.047,3.892,66.48,4067.882,87.206
402.587,7.242,6.24,2.625,38.85,4020.407,86.988
92.888,6.315,8.316,2.538,7.92,4499.839,91.814
42.483,7.963,8.109,2.93,77.805,4242.921,89.04
218.123,4.488,6.775,1.72,92.709,4286.594,88.285
329.154,1.213,7.883,3.633,53.216,4393.366,88.765
218.858,5.591,7.907,1.83,14.756,4489.193,91.422
138.377,2.65,6.57,3.014,65.601,4322.693,88.366
279.086,3.844,7.534,1.116,8.08,4593.877,92.011
173.501,0.174,6.638,3.538,17.387,4479.741,89.676
466.434,3.828,7.975,1.353,47.603,4442.329,90.096
461.323,8.088,6.385,1.267,25.654,4125.396,88.424
251.186,5.427,7.672,0.609,93.091,4423.163,89.929
163.942,0.098,6.815,1.048,81.078,4627.672,90.495
368.566,4.698,6.09,1.547,28.4,4278.384,88.909
18.356,2.915,6.309,1.5,96.416,4433.152,89.242
237.385,4.776,7.637,1.975,38.451,4431.903,90.367
168.162,4.047,6.6,0.745,57.269,4484.526,90.487
460.268,9.32,7.578,4.708,56.837,3777.122,84.999
6.002,0.412,7.037,1.036,65.309,4745.869,91.929
276.407,6.836,7.732,3.659,25.119,4177.058,88.57
370.332,8.51,7.232,2.908,92.283,3937.209,86.002
242.509,9.592,6.771,2.988,27.302,4022.904,87.834
42.702,1.776,6.365,0.975,66.819,4595.165,90.816
486.231,5.313,6.853,1.594,76.81,4163.439,87.46
259.005,0.436,7.587,4.009,88.27,4329.94,87.547
307.093,4.992,7.851,2.587,46.237,4330.848,89.344
118.305,1.255,6.401,2.557,71.457,4419.609,88.858
241.749,8.379,7.661,2.957,9.453,4211.678,89.536
214.575,1.139,6.448,2.452,78.024,4379.337,88.355
37.448,5.133,6.555,4.128,75.81,4115.705,86.939
53.08,5.211,7.328,3.869,41.65,4275.524,88.902
418.736,9.717,6.723,1.927,32.032,4020.391,87.799
119.91,6.55,7.654,4.154,38.64,4185.237,88.431
97.479,2.878,8.389,2.834,9.966,4642.979,92.194
252.456,2.408,6.372,3.325,64.143,4229.828,87.379
384.374,1.282,7.426,4.398,91.39,4163.757,86.108
30.973,7.565,8.308,2.642,66.907,4339.07,89.991
288.404,6.908,6.441,3.903,58.472,3947.292,85.96
59.605,6.099,6.917,3.326,99.08,4126.173,87.101
18.231,0.408,6.309,2.42,54.642,4550.05,90.077
26.372,7.628,7.605,4.051,35.237,4190.363,88.84
417.082,6.419,7.673,0.973,70.761,4298.956,89.208
58.986,9.639,7.66,3.115,52.621,4137.816,88.744
22.576,5.872,7.355,0.709,97.237,4465.284,90.442
218.95,3.04,7.866,1.203,89.898,4525.043,90.263
421.997,3.815,6.09,3.195,94.737,3998.243,85.18
131.204,1.758,8.394,1.884,1.101,4795.231,93.469
210.856,7.229,6.555,1.681,34.087,4252.351,89.351
19.961,7.077,6.304,4.801,63.095,3960.232,86.095
224.539,2.007,8.353,2.147,31.524,4644.985,91.737
288.807,1.585,8.076,3.041,65.988,4447.852,89.294
285.454,0.77,7.912,2.904,71.78,4476.016,89.273
166.213,9.12,6.262,0.779,62.705,4183.773,88.947
157.767,2.331,8.019,3.534,46.368,4460.304,89.839
53.312,3.442,7.523,2.808,69.979,4432.756,89.66
183.399,2.805,7.83,2.216,78.257,4472.873,89.788
49.747,4.136,8.445,0.797,69.913,4693.298,92.475
383.298,7.14,6.486,1.819,81.388,4055.304,86.881
483.137,8.706,7.261,4.478,94.778,3711.83,83.782
485.037,1.826,7.883,1.282,11.149,4604.053,91.477
432.536,6.864,7.084,1.487,90.736,4118.769,87.34
300.396,3.526,6.137,1.424,28.078,4388.645,89.663
350.433,9.805,6.279,4.509,56.813,3697.891,84.352
142.603,2.989,7.505,3.65,94.295,4276.174,87.716
315.385,0.072,6.713,4.468,62.387,4238.358,86.781
227.825,5.156,6.345,4.612,9.333,4082.876,87.282
241.009,1.507,6.85,4.676,50.424,4220.671,87.155
378.888,0.445,6.502,2.686,89.54,4290.901,87.147
140.959,6.983,6.06,2.643,41.797,4138.475,88.062
159.02,7.323,6.38,4.23,84.948,3899.403,85.341
462.321,4.607,8.208,1.994,79.624,4300.644,88.592
28.112,6.769,6.03,0.6,90.737,4309.042,89.214
242.817,5.382,7.935,1.992,27.044,4449.649,90.841
456.4,6.298,7.884,3.724,50.159,4072.589,87.114
305.182,5.967,7.411,1.056,34.186,4416.119,90.609
273.204,6.658,6.521,4.032,53.893,3971.662,86.175
124.872,1.996,8.195,4.17,2.893,4534.514,90.915
171.638,2.687,7.188,0.954,24.926,4653.335,92.09
426.024,4.4,6.433,0.94,97.43,4221.421,87.56
279.609,4.461,7.073,1.395,60.71,4383.502,89.566
257.371,7.744,6.487,2.104,18.159,4186.144,89.003
49.79,3.674,6.94,2.897,51.323,4393.033,89.519
8.014,1.625,7.242,2.685,70.101,4530.217,90.089
481.843,2.515,6.9,4.339,60.768,4067.858,85.825
188.493,2.147,7.643,1.14,50.69,4647.262,91.61
301.607,7.317,8.34,3.639,67.722,4117.994,87.698
39.858,4.703,6.87,2.97,17.527,4399.885,90.235
341.557,7.086,6.889,3.816,44.381,3993.509,86.617
466.283,4.162,7.846,2.039,75.276,4288.897,88.385
287.833,8.897,7.326,2.621,58.366,4065.011,87.736
63.058,9.835,7.072,0.629,90.722,4239.611,89.439
290.861,6.698,8.035,1.022,44.932,4430.988,90.87
383.174,8.638,8.228,2.187,14.086,4252.346,89.974
203.208,5.079,7.476,2.666,5.827,4413.857,90.604
439.919,9.346,6.463,0.886,48.267,4073.886,88.06
324.341,8.316,7.166,4.212,44.32,3928.723,86.339
449.624,9.918,7.261,4.757,26.395,3776.878,85.48
311.753,6.231,7.081,3.184,59.461,4103.328,87.308
65.644,7.792,6.656,0.74,25.767,4417.617,91.256
154.846,5.429,7.181,3.825,22.416,4241.92,88.824
100.897,2.591,7.116,1.477,62.6,4558.705,90.738
454.413,3.548,6.524,3.801,94.549,3978.547,84.904
380.2,8.94,8.259,2.455,21.075,4201.15,89.483
338.199,0.559,8.213,0.74,19.099,4812.021,93.097
150.483,5.915,7.899,1.754,52.416,4438.654,90.637
92.022,3.725,7.002,2.422,12.824,4500.171,90.991
378.226,3.867,6.926,3.813,30.115,4168.584,87.545
237.079,8.846,7.791,1.099,99.085,4210.24,88.765
112.895,8.538,7.52,1.792,84.263,4220.994,88.929
308.311,5.988,7.501,0.876,70.906,4367.169,89.759
20.167,2.729,6.31,3.271,3.576,4450.219,90.285
163.085,4.755,7.546,2.634,27.242,4417.393,90.328
234.278,4.083,8.255,4.681,57.397,4221.333,87.864
73.979,3.536,6.215,3.832,71.318,4181.771,87.165
492.327,1.028,6.848,4,67.169,4152.849,86.165
104.549,5.431,7.273,1.24,19.361,4540.724,91.843
65.177,3.018,7.715,1.7,47.162,4623.694,91.671
101.767,6.608,6.224,2.809,20.652,4218.904,88.965
384.531,3.192,8.182,0.561,92.433,4525.399,90.287
212.753,4.312,6.101,4.416,56.184,4034.252,86.074
282.708,0.524,8.144,4,39.636,4467.634,89.437
10.505,9.925,6.069,0.761,91.884,4145.551,88.514
17.216,5.076,6.384,4.321,90.492,4062.918,86.247
222.913,0.242,8.001,0.52,50.906,4822.674,92.79
408.328,5.412,8.15,1.014,68.991,4400.881,89.943
442.619,8.704,8.456,0.749,32.566,4349.034,90.776
43.353,7.726,6.289,2.656,31.459,4192.437,88.927
269.182,7.009,7.316,4.028,55.407,4032.933,86.878
456.615,1.395,6.193,1.303,84.818,4321.271,87.783
193.986,6.577,6.391,3.972,60.119,3995.834,86.33
414.783,7.663,6.436,1.332,46.445,4126.977,88.104
66.848,5.724,6.158,4.957,66.75,3966.972,85.719
467.697,8.927,8.232,4.341,81.417,3846.124,85.325
375.712,2.77,6.316,3.817,78.947,4065.61,85.698
470.667,2.421,7.573,3.163,37.689,4309.291,88.442
338.309,8.696,7.564,1.591,93.63,4106.09,87.733
181.702,6.254,6.497,1.037,2.56,4437.321,91.224
469.091,0.014,8.496,2.571,45.628,4565.94,90.207
137.783,3.531,6.868,2.312,90.845,4328.497,88.436
166.086,8.579,8.263,3.535,69.905,4120.977,88.084
350.404,0.273,8.371,1.265,70.695,4680.279,91.178
382.658,0.032,8.372,3.03,16.491,4608.355,90.928
464.702,2.813,7.882,3.62,58.624,4235.974,87.617
102.401,9.14,6.635,1.845,96.728,4077.26,87.547
398.999,9.015,6.302,4.01,21.943,3835.033,85.835
369.273,5.188,7.425,2.443,33.391,4287.343,89.096
31.897,5.532,6.9,1.232,39.474,4495.312,91.218
193.612,3.32,8.078,1.376,36.629,4634.046,91.97
141.383,2.437,7.862,1.755,63.078,4592.028,91.021
152.245,8.152,6.691,1.212,24.223,4315.781,90.361
491.473,1.063,6.043,3.033,51.063,4199.929,86.808
321.389,4.874,6.593,4.771,40.624,3996.597,86.022
358.838,6.344,7.418,4.532,64.804,3962.321,85.878
488.309,1.037,6.197,1.957,24.952,4378.161,88.843
188.601,5.196,7.646,4.391,55.759,4159.844,87.6
400.92,5.775,7.679,4.793,74.296,3950.801,85.498
217.265,7.425,6.423,1.824,69.603,4140.887,87.94
434.767,2.348,7.491,4.574,83.594,4089.713,85.766
90.329,2.933,7.517,4.988,95.66,4169.752,86.621
473.843,5.695,7.195,4.09,85.543,3917.774,85.031
109.386,9.831,8.383,2.256,93.882,4178.69,88.797
163.11,2.175,6.27,3.238,2.733,4407.429,89.699
378.096,9.859,7.017,2.139,63.264,3979.244,87.118
196.878,7.143,8.207,4.982,27.505,4111.928,87.987
304.106,8.261,6.966,0.805,81.091,4188.77,88.555
222.287,0.896,7.062,4.519,82.085,4234.14,86.789
371.185,3.004,7.671,0.835,5.729,4636.261,92.207
114.166,0.577,7.664,0.69,59.96,4791.531,92.489
29.229,3.715,6.057,4.73,85.237,4061.89,85.881
149.965,9.813,7.139,4.403,59.154,3889.712,86.249
237.154,1.053,6.834,2.127,43.128,4513.205,90.017
84.01,5.624,7.569,4.809,8.601,4235.64,88.958
177.399,0.061,7.389,4.378,73.297,4362.762,87.913
199.992,7.127,7.627,4.559,8.389,4133.707,88.391
28.696,1.972,7.634,3.178,60.194,4512.309,90.113
291.654,1.296,6.637,4.812,91.845,4088.161,85.352
442.172,3.37,6.616,4.143,42.492,4072.726,86.313
75.871,7.71,6.926,4.73,77.246,3941.641,85.957
298.904,1.066,6.605,1.767,80.181,4420.689,88.725
332.37,2.298,7.707,2.894,2.024,4496.106,90.63
209.667,0.085,7.507,4.404,91.579,4318.044,87.29
350.549,9.684,6.541,3.109,19.689,3944.358,87.152
205.366,5.921,8.21,4.105,28.987,4253.802,89.025
252.319,7.199,7.152,4.879,87.207,3866.749,84.955
3.677,6.514,6.318,4.121,68.973,4054.235,86.807
345.86,1.444,6.532,1.919,37.814,4440.589,89.461
330.671,5.949,7.35,1.034,9.7,4449.342,91.181
19.2,1.314,6.846,1.727,39.237,4658.088,91.583
184.125,4.012,8.128,3.483,96.667,4278.535,88.022
489.516,5.69,7.237,0.549,11.357,4416.805,90.761
210.368,5.589,8.288,1.354,84.767,4439.291,90.222
250.973,1.191,6.255,1.971,33.205,4476.918,89.794
454.965,0.344,7.671,4.439,65.802,4246.993,86.915
358.631,7.982,8.214,0.73,63.523,4343.016,90.19
291.035,7.259,6.732,0.725,33.233,4325.816,90.104
398.902,0.818,6.339,2.983,6.375,4382.509,89.007
432.183,1.274,7.142,1.3,15.733,4572.901,90.954
228.444,8.926,8.403,1.59,57.019,4306.785,90.175
237.554,7.691,7.584,1.329,94.937,4232.244,88.68
193.025,9.962,7.61,3.117,92.651,3969.376,86.756
483.353,2.54,7.679,0.75,12.234,4599.741,91.637
348.583,4.878,6.099,4.73,87.648,3843.452,84.021
41.612,2.365,7.114,1.054,24.147,4718.67,92.655
431.48,6.228,6.194,4.782,91.077,3731.881,83.276
240.28,1.154,6.79,4.002,76.091,4248.778,87.073
34.377,1.272,8.054,4.226,96.165,4409.652,88.517
274.859,0.719,7.641,1.278,44.731,4673.468,91.503
208.582,6.936,8.489,3.513,73.427,4199.614,88.343
438.875,4.941,6.43,4.177,73.792,3911.298,84.857
101.997,6.177,6.993,3.011,50.121,4238.041,88.732
413.232,8.793,8.024,2.98,97.477,3963.205,86.295
278.844,7.403,6.539,1.217,25.123,4272.355,89.693
27.305,4.617,6.384,2.364,98.635,4260.241,88.001
485.923,9.844,7.069,1.177,81.4,3991.221,87.051
256.308,4.563,6.959,4.878,61.994,4027.877,86.028
145.438,1.125,8.451,3.582,8.483,4640.958,91.662
234.703,9.927,7.141,0.718,26.677,4275.24,90.464
428.929,0.228,8.152,2.645,84.287,4456.242,88.788
152.452,5.499,8.22,3.371,73.087,4287.566,88.794
96.338,3.091,6.395,0.93,96.307,4451.1,89.475
64.536,5.036,7.788,3.492,40.282,4364.974,89.758
148.93,5.587,6.694,1.298,89.551,4306.691,88.848
390.024,2.401,6.237,2.335,86.321,4202.437,86.881
235.813,5.569,8.187,3.315,96.647,4197.546,87.68
113.741,7.561,6.731,2.143,27.973,4267.988,89.668
83.092,2.665,6.863,2.214,49.959,4490.225,90.202
166.365,3.834,6.81,4.296,9.015,4258.444,88.645
469.962,2.682,6.501,1.892,59.501,4272.801,87.938
171.513,8.206,7.086,3.448,73.5,4020.752,86.934
494.062,7.25,7.071,4.321,24.563,3916.306,86.092
242.615,8.712,7.022,1.187,17.796,4290.999,90.346
89.582,1.7,8.291,0.707,64.314,4799.964,92.867
445.57,0.736,6.849,4.215,39.92,4224.033,87.062
230.178,1.194,6.076,2.98,43.23,4348.346,88.409
354.836,1.61,6.446,4.225,47.641,4168.935,86.696
491.856,5.331,7.804,1.459,51.636,4318.767,89.271
25.088,9.709,7.477,4.247,20.357,4084.316,88.552
48.347,3.572,8.379,0.929,58.196,4725.861,92.748
360.228,9.585,7.736,4.474,7.841,3951.118,87.308
140.913,0.382,6.486,4.201,12.238,4414.389,89.136
92.151,9.269,6.302,3.053,71.441,3972.466,86.791
19.681,1.812,7.302,3.238,73.412,4459.196,89.401
10.923,9.125,7.663,2.056,27.366,4344.255,90.906
387.243,0.562,6.414,1.407,19.285,4540.377,90.38
67.217,9.482,7.504,2.549,6.345,4275.067,90.532
233.86,2.008,8.163,3.459,42.47,4468.135,89.859
302.948,3.027,7.819,4.993,51.395,4176.961,87.164
214.176,4.909,7.66,4.178,90.046,4115.632,86.729
13.553,3.807,7.973,2.454,1.244,4652.27,92.652
391.751,6.675,6.26,3.845,41.18,3929.559,85.886
5.257,9.748,6.51,0.986,42.509,4277.287,90.272
380.945,6.064,6.095,2.368,88.769,4001.535,85.947
446.652,7.215,6.362,2.412,20.408,4070.144,87.662
216.42,0.88,8.283,4.995,7.553,4461.507,89.804
267.771,6.278,6.555,2.26,38.779,4204.229,88.538
238.492,4.538,7.655,0.875,61.619,4508.638,90.832
194.604,8.858,7.729,0.803,85.956,4280.533,89.603
443.712,3.882,7.613,3.643,27.633,4225.83,88.147
446.967,6.795,7.385,1.801,25.88,4243.418,89.214
167.908,2.282,7.215,4.41,33.272,4315.947,88.511
307.535,2.594,7.05,2.673,12.705,4428.79,89.939
463.454,3.761,8.292,1.987,97.744,4315.28,88.304
481.029,3.041,6.024,3.916,54.521,4009.188,85.459
254.48,2.539,6.134,2.379,27.95,4365.403,89.136
226.412,0.497,7.231,3.818,36.812,4429.641,89.077
139.347,8.367,6.826,3.713,86.73,3949.78,86.141
479.436,0.643,7.021,3.754,67.699,4219.346,86.709
71.407,8.874,8.495,4.357,55.767,4122.836,88.333
289.915,1.255,7.938,4.318,72.756,4308.802,87.737
141.275,0.653,8.194,3.491,75.826,4515.357,89.591
139.504,5.63,6.921,4.806,20.227,4119.803,87.685
202.484,5.024,6.599,0.593,16.709,4514.681,91.487
499.396,4.912,7.92,4.687,96.703,3934.586,84.853
27.483,5.745,8.019,1.167,19.387,4645.413,92.984
289.271,2.871,7.375,1.452,47.011,4510.049,90.492
41.286,6.629,8.24,4.178,98.295,4157.448,87.58
77.26,5.024,8.418,2.302,42.304,4537.196,91.456
219.781,3.347,7.178,2.414,51.97,4395.163,89.436
255.23,8.265,6.557,1.676,80.038,4087.173,87.551
129.396,7.277,7.293,1.51,34.699,4380.323,90.639
158.229,3.936,8.474,0.978,43.672,4686.311,92.607
43.484,8.476,6.732,1.385,33.885,4321.364,90.418
151.61,9.203,7.544,3.05,29.452,4154.525,89.012
483.279,5.369,7.735,3.68,47.71,4100.029,87.134
472.354,2.15,6.535,3.825,74.843,4077.666,85.673
167.439,9.158,7.471,2.166,86.862,4115.221,88.031
285.427,1.895,6.786,4.649,47.541,4181.211,86.905
454.798,0.484,8.136,1.979,32.779,4598.456,90.802
3.092,3.275,7.787,1,91.248,4630.892,91.379
405.342,7.27,8.066,4.754,34.257,3996.549,86.804
474.185,9.233,6.499,2.933,77.725,3802.436,85.017
45.663,6.373,6.086,4.871,75.113,3929.823,85.459
80.724,9.518,8.126,2.271,5.928,4357.345,91.37
480.373,0.924,6.967,3.908,18.586,4282.317,87.914
268.77,0.608,6.449,0.995,57.712,4565.273,90.258
7.098,6.042,6.23,4.343,86.895,4009.203,86.036
128.816,9.661,7.291,1.268,59.805,4235.233,89.653
224.972,5.027,6.375,0.809,74.528,4343.723,89.2
346.454,0.515,7.417,0.94,73.707,4601.286,90.43
366.58,2.212,7.818,3.008,49.942,4387.224,89.036
497.711,2.448,7.338,1.813,56.519,4368.131,88.85
143.756,3.379,8.259,4.824,8.057,4386.575,89.799
269.11,0.436,6.389,4.337,92.846,4163.14,85.834
266.662,9.049,7.235,4.115,67.76,3890.702,85.944
202.823,5.156,6.408,4.143,16.295,4134.677,87.731
84.581,6.709,8.19,4.508,25.157,4240.102,89.162
488.728,0.672,8.331,4.393,1.461,4412.844,89.315
426.659,0.541,7,4.677,27.137,4237.645,87.267
249.167,5.865,6.764,4.705,32.346,4023.464,86.671
301.623,8.873,6.698,1.842,68.631,4053.863,87.514
113.631,5.285,8.149,1.488,48.189,4548.694,91.59
271.894,8.778,7.706,3.394,84.435,3987.49,86.664
347.485,8.11,8.201,1.055,9.592,4416.227,91.499
257.584,0.759,6.294,1.45,70.995,4475.655,89.274
495.143,2.02,7.19,3.978,87.615,4097.397,85.704
305.671,6.577,7.69,3.422,42.711,4159.73,88.143
185.487,4.435,8.243,3.429,29.585,4407.726,90.112
386.076,2.907,6.955,4.778,45.111,4089.107,86.312
85.231,4.186,6.783,3.504,79.095,4217.718,87.642
192.258,4.452,8.282,2.439,91.985,4381.679,89.233
173.479,9.106,6.119,1.761,7.493,4178.731,89.444
215.904,1.035,7.199,2.023,53.323,4551.221,90.289
390.89,2.797,7.147,1.75,64.331,4375.668,88.953
242.087,5.376,6.365,0.657,2.73,4475.484,91.34
397.007,6.983,6.987,1.677,18.944,4245.495,89.36
288.244,6.306,7.806,4.259,7.194,4180.905,88.629
171.035,9.416,6.917,3.777,29.747,3998.182,87.509
404.989,7.956,6.774,3.298,21.335,4004.619,87.22
119.145,5.571,7.955,4.56,49.193,4202.984,88.209
112.191,2.147,8.472,1.689,65.879,4683.128,91.817
252.251,4.509,7.948,3.1,84.38,4264.558,88.154
130.425,6.934,8.116,0.641,31.127,4573.332,92.502
4.544,8.38,8.349,4.514,5.99,4250.239,89.956
324.149,9.597,8.004,2.515,1.381,4204.257,89.908
255.547,6.055,8.451,1.3,84.611,4415.325,90.124
222.759,5.269,7.868,1.577,87.935,4378.419,89.486
483.484,0.177,7.654,4.317,10.998,4361.088,88.554
285.6,0.721,7.733,0.99,2.007,4791.51,93.111
431.716,1.561,8.25,4.663,80.226,4204.316,86.709
69.725,0.548,7.708,2.181,64.432,4661.587,91.136
284.603,4.009,7.903,1.63,56.058,4472.463,90.367
433.99,3.369,6.54,1.993,53.787,4261.658,88.089
291.553,6.374,8.282,2.34,77.602,4274.462,88.881
359.007,5.357,7.118,2.967,30.038,4207.74,88.384
186.022,5.96,6.403,3.141,39.522,4156.162,87.954
46.225,4.72,7.999,2.515,8.707,4571.913,92.048
228.95,2.777,6.891,2.509,57.047,4370.797,88.971
197.24,9.528,6.46,1.784,96.12,4000.372,86.901
433.53,0.864,6.641,2.227,29.101,4423.176,89.2
121.998,9.389,6.087,2.602,92.996,3932.089,86.208
483.367,3.112,6.227,3.189,73.192,4060.055,85.802
479.069,5.127,7.482,1.088,24.154,4395.168,90.248
123.816,1.088,8.166,3.938,66.623,4473.192,89.392
174.026,0.709,7.121,3.563,37.257,4458.883,89.429
447.778,4.295,7.565,1.844,13.108,4407.192,90.229
483.311,7.417,8.024,2.567,10.179,4212.865,89.252
221.72,2.694,6.892,4.761,2.706,4262.121,88.402
160.499,5.623,7.636,0.592,79.983,4482.974,90.717
263.047,2.787,6.876,4.151,88.6,4124.451,86.194
343.885,3.886,7.607,2.803,48.771,4316.611,88.844
136.737,9.064,6.544,3.285,52.473,3999.399,87.189
368.237,8.558,8.445,3.58,69.467,4035.448,87.227
25.829,5.16,6.19,2.552,70.39,4252.132,88.365
24.647,2.381,7.263,1.363,33.089,4692.418,92.308
193.144,1.932,6.716,4.593,16.759,4285.576,88.268
176.737,9.541,7.502,3.831,43.611,4014.489,87.571
157.817,2.027,7.071,3.018,70.004,4384.986,88.758
245.51,8.082,6.767,2.518,80.617,4036.789,86.986
160.367,3.69,6.625,2.747,9.827,4403.488,90.044
96.129,9.857,6.456,4.206,59.243,3865.652,86.021
154.735,3.682,7.957,0.556,6.356,4765.937,93.7
487.452,3.515,6.555,4.394,82.653,3931.358,84.542
205.557,6.375,7.934,0.71,67.014,4466.805,90.91
222.356,9.615,7.213,3.272,69.966,3962.23,86.807
288.272,9.762,6.181,1.999,76.41,3933.091,86.495
491.67,7.072,6.414,3.552,50.069,3886.579,85.487
120.801,7.546,8.232,0.885,30.591,4535.847,92.316
340.641,5.634,7.507,3.003,78.781,4140.816,87.311
357.992,7.558,6.461,4.349,77.96,3798.425,84.472
303.662,8.598,7.759,2.726,14.359,4192.914,89.365
44.289,4.861,8.058,0.88,90.373,4571.92,91.274
338.436,6.199,6.827,0.668,22.9,4390.894,90.54
32.047,5.373,7.391,3.295,31.339,4362.247,89.921
298.071,5.625,6.734,0.813,22.376,4417.051,90.634
369.791,8.9,6.2,0.821,96.594,4014.828,86.852
105.485,3.556,6.999,2.414,30.647,4466.585,90.426
420.811,2.082,7.879,1.443,97.169,4434.744,89
15.177,4.563,7.147,1.419,64.156,4508.742,90.815
421.906,2.081,7.013,2.664,18.48,4382.922,89.269
230.165,4.984,6.915,1.764,55.83,4339.198,89.329
108.794,9.035,7.147,1.487,88.344,4183.22,88.659
66.889,6.174,6.796,2.815,56.606,4242.698,88.713
476.654,8.554,7.53,1.809,14.127,4177.851,89.204
36.333,1.662,6.159,0.861,29.407,4669.717,91.902
99.547,9.009,8.018,3.572,23.256,4197.892,89.449
173.911,6.018,6.433,3.135,13.46,4215,88.821
310.117,0.318,7.584,1.455,33.401,4675.167,91.513
272.401,6.331,7.125,3.12,66.445,4114.81,87.383
62.822,9.514,7.934,4.8,38.868,4028.512,87.751
144.864,0.792,8.065,4.804,44.936,4424.231,89.03
119.376,5.825,6.511,2.894,32.745,4245.269,88.873
106.771,9.155,7.693,0.941,99.453,4265.151,89.403
205.572,0.097,6.475,2.562,59.034,4465.593,89.095
352.016,6.309,6.31,0.621,83.554,4210.284,88.16
108.726,4.749,8.326,2.368,44.692,4514.536,91.123
183.339,3.47,6.411,4.592,17.695,4181.304,87.677
195.459,6.275,6.57,2.603,84.834,4115.518,87.189
488.228,0.527,6.326,2.977,76.58,4211.236,86.505
477.333,7.531,7.176,1.211,33.651,4213.956,89.062
400.069,0.045,8.299,0.57,61.035,4748.514,91.888
120.829,3.069,6.66,4.97,10.253,4234.602,88.164
34.019,5.04,7.355,2.022,3.606,4557.047,92.046
158.452,3.77,7.029,1.757,81.76,4395.9,89.272
133.397,3.075,6.84,3.071,94.251,4267.987,87.66
252.963,8.308,7.43,3.854,35.062,4045.622,87.598
388.864,9.348,7.397,1.631,60.16,4094.422,88.147
429.161,8.737,6.898,2.859,72.012,3908.525,85.986
422.432,5.224,8.126,1.997,74.858,4290.807,88.727
179.838,8.842,6.133,2.664,48.626,4017.605,87.342
343.617,9.209,6.213,1.226,61.715,4043.051,87.576
156.417,4.092,8.477,2.796,66.048,4453.218,90.099
30.453,2.834,7.869,0.713,11.222,4836.221,94.1
350.783,0.983,8.01,4.28,64.866,4318.728,87.833
4.914,4.791,7.507,3.324,51.575,4373.076,89.652
204.591,9.463,7.05,4.737,38.471,3878.907,86.243
164.69,5.609,7.573,3.199,26.912,4320.805,89.622
346.689,6.676,6.231,1.32,64.154,4155.738,87.919
383.123,1.129,7.894,2.678,17.509,4538.598,90.55
152.047,1.435,7.352,3.491,81.273,4375.744,88.375
405.814,4.645,8.392,2.184,18.008,4449.623,90.71
146.958,9.513,7.594,2.987,77.39,4056.785,87.648
223.163,3.608,6.379,1.232,81.924,4358.891,88.852
363.509,8.775,7.194,3.997,94.026,3811.133,84.804
346.46,1.203,6.145,4.593,46.866,4128.061,86.173
493.684,6.17,7.864,1.917,7.305,4324.702,90.025
112.581,6.006,7.255,4.07,68.091,4125.681,87.378
331.159,8.599,6.924,0.914,28.98,4247.562,89.765
304.841,0.033,8.421,1.61,10.18,4806.682,92.975
457.549,1.899,8.351,2.578,85.721,4382.126,88.534
78.181,2.197,8.382,2.239,14.834,4735.722,92.868
375.899,9.5,6.552,3.288,51.131,3861.217,85.951
284.134,1.537,7.821,3.033,79.063,4401.76,88.688
137.333,0.37,8.363,0.893,20.71,4918.505,94.089
237.217,5.345,7.427,1.093,89.767,4368.082,89.387
166.888,5.286,6.535,0.733,33.827,4464.892,90.896
289.657,8.44,8.045,4.787,40.245,3978.438,86.914
444.5,9.489,8.2,3.404,14.018,4054.859,88.255
284.652,5.385,7.758,4.35,64.802,4099.594,86.964
315.861,9.3,6.734,2.936,50.036,3956.819,86.858
259.374,7.252,6.477,1.372,97.442,4123.296,87.434
25.583,2.646,7.561,3.32,70.135,4438.757,89.48
116.429,9.284,7.207,2.774,76.14,4068.592,87.71
246.001,6.674,7.672,2.337,20.709,4335.368,90.149
155.118,4.141,6.279,2.173,71.564,4282.877,88.355
90.882,6.802,6.34,3.425,56.182,4093.518,87.414
252.066,4.013,6.907,3.28,40.979,4254.081,88.335
161.405,1.142,6.647,1.182,78.483,4551.724,90.075
129.054,7.19,7.548,4.173,97.876,4017.766,86.356
231.993,8.241,6.919,3.362,10.383,4106.837,88.437
66.642,7.288,7.71,2.911,79.1,4223.955,88.635
463.873,2.291,7.922,3.87,92.028,4174.636,86.513
433.851,9.566,6.468,1.191,32.203,4067.992,88.228
353.81,0.253,8.3,4.639,36.939,4402.673,88.733
53.107,3.327,7.968,1.718,79.682,4572.765,90.929
387.939,2.601,7.567,1.682,95.411,4373.618,88.562
403.979,0.481,8.272,4.167,93.953,4296.567,87.171
383.882,4.057,6.665,2.003,6.507,4358.351,89.736
56.983,6.231,7.054,4.238,87.271,4067.018,86.667
321.954,8.826,6.214,1.976,59.059,4003.471,87.092
417.162,9.897,7.14,2.978,42.692,3927.427,86.816
288.677,8.081,7.266,1.539,84.708,4154.921,88.126
323.204,4.687,7.54,3.792,80.243,4118.405,86.788
229.182,7.237,6.16,1.251,51.426,4211.592,88.773
264.354,8.436,6.081,4.547,41.661,3816.061,85.275
17.188,4.653,7.05,2.172,47.775,4450.933,90.428
319.482,7.851,6.473,2.622,32.517,4067.772,87.708
40.724,4.827,7.897,0.608,68.372,4630.456,92.069
217.507,3.865,7.672,4.891,89.311,4097.454,86.241
146.328,5.261,6.815,4.159,25.8,4177.72,88.097
272.714,6.759,6.114,2.512,82.725,4020.557,86.406
66.708,7.269,6.456,4.641,36.714,4011.271,86.926
345.822,3.567,7.729,4.69,14.051,4224.562,88.175
397.506,5.713,8.475,2.899,5.009,4363.237,90.296
81.677,9.099,6.816,1.552,48.457,4233.695,89.582
52.157,9.763,8.005,2.692,57.263,4202.539,89.382
72.758,2.272,8.168,1.962,1.597,4767.417,93.34
438.564,1.928,6.12,2.516,65.61,4213.534,87.058
264.095,6.767,8.291,4.601,52.334,4093.87,87.445
233.63,4.147,7.166,1.768,99.744,4316.08,88.407
53.356,0.242,8.411,4.275,11.347,4652.042,91.48
324.778,3.469,7.346,4.709,70.797,4086.34,86.196
434,8.067,6.588,4.123,22.486,3881.168,86.007
414.093,7.974,8.437,2.873,21.428,4207.787,89.256
313.027,4.947,6.608,3.038,2.853,4247.474,88.93
37.639,4.726,8.206,4.188,1.648,4443.38,90.835
56.199,5.795,6.433,0.7,19.476,4516.452,91.708
24.654,2.194,7.687,3.812,18.375,4528.748,90.762
128.74,5.26,7.028,2.88,1.043,4385.354,90.421
67.831,0.11,8.43,2.287,71.998,4730.859,91.622
130.024,4.756,6.462,3.951,50.864,4146.557,87.384
192.529,3.361,7.022,1.698,40.218,4487.661,90.483
471.491,6.749,7.599,4.53,11.276,4011.222,87.024
305.188,6.384,8.444,3.598,34.056,4244.703,89.022
417.487,3.808,6.76,3.246,47.588,4157.058,87.237
355.176,0.073,6.992,2.854,99.807,4332.976,87.354
56.252,2.523,7.154,1.457,51.549,4612.346,91.365
367.96,6.333,6.632,3.276,2.931,4129.033,88.161
137.549,0.724,8.043,3.762,21.566,4580.033,90.802
319.554,1.076,6.23,0.553,36.098,4581.945,90.781
170.481,6.47,7.762,2.149,46.137,4360.277,90.083
498.836,7.558,7.335,4.246,67.754,3846.064,85.05
131.776,3.215,6.605,3.345,59.469,4280.387,88.174
139.565,4.897,7.232,3.269,51.417,4278.882,88.744
465.336,9.457,8.075,1.529,83.952,4081.185,87.809
12.322,9.455,7.114,3.344,20.429,4157.13,89.204
348.344,3.075,6.305,4.038,8.71,4181.363,87.649
362.663,8.1,6.102,2.308,83.982,3925.12,85.841
418.189,5.939,7.944,1.319,46.754,4362.932,89.944
487.22,9.755,6.826,0.848,55.782,4054.919,87.918
487.801,4.776,8.328,2.776,83.901,4204.739,87.641
32.638,7.747,7.543,3.577,94.636,4103.607,87.414
410.92,7.681,7.091,1.232,55.648,4185.059,88.599
323.155,4.974,7.411,2.396,81.413,4228.346,87.962
323.671,7.956,7.143,3.059,54.934,4038.876,87.226
64.175,2.61,8.265,1.201,4.299,4835.111,94.091
325.094,1.223,7.145,1.715,95.63,4428.122,88.692
491.241,4.252,6.26,3.238,81.959,3980.11,85.257
455.909,9.436,7.493,3.763,75.589,3822.064,85.296
219.565,5.007,7.557,3.362,44.741,4269.912,88.754
19.974,6.353,7.913,3.711,94.312,4203.957,88.002
181.147,6.242,8.333,3.117,49.495,4320,89.578
413.195,1.326,7.108,4.261,72.358,4167.046,86.345
350.75,3.903,6.88,4.22,10.959,4173.547,87.797
229.672,7.069,7.227,4.083,22.667,4100.741,87.902
27.551,9.72,8.25,3.09,42.996,4230.33,89.789
213.447,1.68,8.45,4.974,58.549,4339.807,88.317
234.512,4.104,8.428,0.676,80.75,4591.231,91.336
464.278,0.951,6.574,1.38,24.846,4490.002,89.937
320.543,2.424,7.242,4.14,77.661,4173.447,86.685
155.826,3.768,6.649,4.218,89.109,4098.526,86.224
262.659,5.406,6.92,4.184,82.027,4007.853,85.88
33.028,2.306,6.079,4.427,62.619,4208.165,87.147
486.284,2.276,6.402,2.402,81.189,4180.675,86.678
180.03,7.778,6.993,4.693,87.873,3875.269,85.207
238.934,9.626,6.912,1.441,55.955,4134.352,88.672
177.642,3.236,6.697,4.716,81.206,4085.042,86.009
341.256,6.88,6.576,3.005,42.692,4057.065,87.208
331.116,2.581,7.872,1.237,52.725,4563.442,90.881
357.661,9.28,6.736,3.812,6.209,3937.179,87.094
134.072,6.729,7.766,1.831,88.466,4313.072,89.265
157.834,8.027,6.922,1.492,14.897,4332.901,90.588
62.626,0.494,8.005,1.274,28.343,4860.384,93.468
327.755,5.985,6.418,0.632,32.429,4350.588,89.977
19.899,5.276,6.394,3.941,12.474,4246.603,88.924
298.841,2.93,7.699,2.689,92.254,4320.565,88.162
434.848,2.624,8.287,4.904,97.033,4095.594,85.773
445.416,5.8,6.357,2.477,86.654,4002.045,85.894
224.519,7.065,6.184,4.295,35.29,3952.836,86.295
229.652,0.332,8.337,4.856,6.468,4503.668,90.072
38.485,5.674,6.293,0.601,19.106,4528.068,91.792
335.383,1.705,6.626,0.974,77.438,4457.401,89.311
410.63,1.404,8.324,2.065,29.311,4591.716,91.045
122.328,6.231,8.007,4.416,89.368,4107.718,87.053
210.65,3.109,6.857,4.271,83.678,4130.496,86.401
419.42,4.409,8.386,2.15,24.458,4444.536,90.523
438.56,3.6,7.42,1.4,69.652,4363.472,89.018
121.59,6.483,6.181,4.11,44.787,4032.48,86.822
275.285,4.701,7.758,3.186,22.28,4339.893,89.586
96.247,9.635,7.343,0.642,59.421,4321.404,90.51
50.939,3.524,7.431,4.119,83.899,4261.792,87.836
455.56,7.403,8.485,4.806,92.753,3884.466,85.138
410.254,2.573,6.381,0.689,6.814,4521.788,90.922
380.017,5.088,7.642,1.786,42.455,4356.261,89.664
24.383,5.526,7.147,4.188,60.838,4185.774,87.907
421.864,3.291,6.68,3.131,34.461,4210.472,87.747
219.022,4.718,7.734,4.952,32.449,4167.877,87.77
171.198,2.793,7.671,4.62,77.421,4224.996,87.314
273.238,0.06,8.141,1.302,78.468,4687.346,91.107
45.677,2.156,8.197,3.533,73.163,4489.416,89.809
378.323,7.001,7.405,3.44,89.954,3977.374,85.974
291.218,7.71,6.814,0.999,49.976,4250.465,89.318
93.295,2.802,7.324,0.903,78.993,4597.376,91.024
94.116,4.08,6.898,3.062,2.11,4428.264,90.486
92.124,0.374,6.693,2.313,98.756,4475.745,88.882
28.501,2.371,7.379,2.955,92.004,4425.653,89.048
293.899,7.792,7.645,1.575,84.294,4201.864,88.513
420.174,6.06,7.476,3.005,59.189,4115.686,87.383
8.749,2.058,8.386,2.225,54.871,4699.075,92.059
24.502,2.574,6.747,4.494,15.863,4352.569,89.139
286.385,8.168,6.931,1.877,6.342,4241.068,89.798
409.748,2.091,7.669,4.419,26.332,4262.956,87.993
163.369,3.342,7.501,2.255,15.947,4543.936,91.282
174.807,6.644,6.005,3.102,56.521,4057.666,87.005
298.173,5.611,6.781,1.789,33.922,4301.714,89.361
137.106,4.609,6.634,4.141,39.398,4171.566,87.704
13.304,8.997,8.1,4.296,3.613,4216.59,89.829
367.614,2.197,8.166,4.141,55.313,4298.201,88.088
312.825,7.414,6.71,3.379,65.96,3974.004,86.305
290.378,1.591,6.255,1.872,34.106,4445.432,89.59
370.842,6.157,6.513,3.364,13.994,4093.605,87.643
337.615,8.706,6.441,4.818,70.669,3716.904,84.074
102.941,4.579,6.594,3.418,13.769,4309.626,89.332
176.241,7.243,6.587,4.804,81.869,3864.279,84.997
63.055,8.204,7.2,1.871,55.056,4281.062,89.721
64.929,1.36,6.799,4.307,24.507,4399.718,89.16
338.098,7.058,7.4,3.733,89.974,3964.734,85.865
429.3,9.198,6.86,4.186,15.035,3862.75,86.237
481.366,5.764,8.037,3.698,60.517,4083.923,86.963
314.174,1.861,8.377,2.662,62.134,4497.12,89.908
92.051,1.269,7.01,3.59,4.693,4523.137,90.565
52.825,2.597,6.124,4.694,61.362,4163.923,86.805
406.425,1.035,6.599,2.379,69.727,4327.577,87.889
289.378,5.134,6.255,4.783,91.103,3863.587,84.265
309.143,0.697,6.862,0.722,71.185,4582.168,90.319
390.731,2.234,7.613,0.564,48.959,4599.916,91.18
351.639,4.399,7.297,2.722,85.477,4190.788,87.373
417.229,4.739,6.607,4.318,36.025,4011.267,86.174
28.107,5.654,7.918,1.615,85.696,4462.144,90.461
373.76,7.056,6.329,3.62,84.553,3862.036,84.892
425.426,0.472,6.57,2.961,60.762,4303.09,87.565
143.068,0.806,7.69,1.809,35.118,4706.074,91.951
320.224,0.609,6.493,1.786,59.529,4461.102,89.198
157.081,4.232,7.697,0.83,90.684,4515.233,90.515
478.986,0.418,8.442,2.913,64.017,4464.487,89.13
16.712,7.461,8.078,2.526,84.161,4305.556,89.452
289.896,2.23,6.4,1.802,35.118,4433.078,89.649
83.252,9.392,7.301,4.867,29.939,3972.321,87.241
356.11,4.864,7.056,4.183,26.329,4113.352,87.329
87.945,4.463,8.479,2.862,49.634,4495.286,90.796
117.692,7.805,8.411,2.848,43.766,4319.687,90.101
247.185,7.132,6.318,1.371,85.568,4143.347,87.717
457.417,6.073,8.272,3.421,12.148,4228.417,88.985
105.857,9.351,6.484,4.791,55.851,3837.015,85.617
72.12,4.223,6.799,4.542,40.937,4196.568,87.823
379.488,8.085,6.884,0.881,93.819,4118.556,87.673
250.31,3.801,6.717,0.739,79.051,4424.509,89.595
455.893,8.383,8.133,4.826,43.902,3895.828,86.034
73.307,2.595,6.825,1.4,64.421,4547.293,90.607
322.964,2.893,8.042,2.977,74.814,4350.756,88.627
116.44,6.779,8.486,0.836,8.043,4651.734,93.471
78.38,2.127,8.102,4.295,67.698,4399.763,88.959
341.715,2.292,6.865,1.03,14.809,4568.443,91.224
296.842,3.053,7.778,3.397,19.706,4397.658,89.695
377.414,6.789,7.335,0.755,46.66,4336.507,89.935
154.731,8.894,7.966,1.205,97.966,4258.136,89.27
223.986,6.746,6.383,2.805,95.264,4018.007,86.251
202.736,8.278,7.595,0.706,90.325,4293.051,89.511
492.045,5.436,7.934,1.38,4.399,4428.791,90.875
146.124,0.689,7.903,1.113,85.431,4700.645,91.359
147.409,1.005,8.409,0.683,77.84,4793.021,92.453
177.274,5.544,6.146,4.869,50.379,3961.063,85.77
282.297,3.278,6.864,2.526,33.217,4362.387,89.275
126.161,2.206,7.191,4.365,75.803,4257.646,87.48
457.645,4.663,6.774,2.112,11.596,4281.098,89.094
132.843,6.665,6.774,0.692,65.394,4377.823,90.124
447.908,3.85,6.44,3.63,67.516,4029.507,85.775
51.738,8.025,8.032,0.674,55.816,4497.027,91.82
328.281,7.385,8.27,2.988,87.9,4119.062,87.527
453.493,7.349,6.206,1.126,33.656,4146.465,88.333
84.375,9.852,6.387,3.519,48.338,3955.399,87.026
484.163,2.952,6.571,4.517,76.108,3963.485,84.759
226.442,6.447,7.272,4.801,71.952,3967.666,85.891
472.858,8.555,7.978,2.875,56.684,4032.759,87.327
338.41,5.795,6.179,2.897,27.941,4113.297,87.592
150.793,7.895,7.592,0.672,30.131,4461.568,91.683
94.151,4.145,6.373,3.964,74.379,4137.829,86.878
151.868,5.905,8.429,4.803,1.569,4288.254,89.638
46.509,0.557,8.247,2.472,65.621,4695.159,91.462
71.934,9.858,8.374,4.072,25.579,4150.225,89.204
52.33,8,6.265,4.089,67.626,3956.258,86.286
211.472,8.688,7.22,4.036,19.507,4039.29,87.804
397.789,6.943,6.413,3.914,38.267,3927.329,85.973
70.692,1.861,7.501,1.468,75.628,4623.669,91.039
65.16,0.31,6.582,3.881,75.765,4370.419,88.04
321.714,8.647,7.927,1.15,21.759,4340.976,90.786
98.591,3.963,7.61,3.706,38.252,4366.409,89.471
48.805,2.639,7.429,0.516,50.748,4733.478,92.619
83.424,5.617,8.063,4.635,59.149,4201.99,88.113
461.866,4.209,7.251,4.223,74.501,4012.359,85.641
410.736,6.517,6.675,3.573,3.34,4072.248,87.644
177.032,4.838,7.552,0.925,12.417,4607.419,92.401
327.91,6.972,8.393,4.212,16.615,4172.22,88.648
268.638,8.534,7.503,4.438,19.876,4005.68,87.418
338.562,1.956,7.574,3.596,3.997,4422.757,89.774
341.336,3.294,8.337,4.891,92.127,4124.901,86.316
314.367,4.368,7.288,0.918,17.057,4527.317,91.413
133.051,9.621,8.491,3.689,8.29,4216.062,89.964
19.503,3.653,6.399,2.862,47.701,4365.937,89.278
227.783,3.811,7.343,1.155,94.177,4425.941,89.461
445.487,6.535,6.532,3.463,96.474,3864.511,84.641
284.749,4.192,7.133,4.098,67.964,4115.642,86.734
416.196,9.512,6.426,1.241,18.657,4097.484,88.642
495.812,8.945,6.556,4.071,1.376,3850.669,86.176
81.808,5.134,6.527,0.918,34.168,4494.918,91.148
345.889,6.448,6.8,3.161,13.42,4141.705,88.217
337.147,0.58,6.337,4.093,75.754,4175.242,86.169
489.978,6.957,8.023,1.157,96.941,4199.918,88.117
492.8,7.072,6.552,3.072,9.289,4029.408,87.323
343.339,3.592,7.041,2.412,40.297,4331.085,88.985
121.807,2.197,6.04,3.233,90.344,4229.306,87.049
399.278,9.151,6.262,2.409,73.101,3881.941,85.834
53.515,4.267,8.241,1.629,87.108,4546.831,90.877
390.35,6.537,8.093,1.642,92.375,4238.298,88.42
455.098,0.333,8.102,4.391,41.849,4343.204,88.114
191.417,4.141,7.028,1.204,69.673,4440.347,89.949
315.318,8.173,6.354,1.054,71.224,4121.245,87.952
215.071,3.876,6.27,0.937,63.451,4405.063,89.579
218.883,6.032,7.514,0.834,33.252,4490.506,91.382
155.185,2.099,8.07,0.565,83.385,4701.237,91.808
381.065,4.165,8.25,1.222,77.121,4449.809,89.976
468.088,9.276,6.722,1.367,45.076,4047.44,87.807
470.375,5.665,6.803,1.714,42.676,4205.116,88.324
87.391,9.019,6.252,1.058,2.068,4320.605,90.891
437.372,9.02,7.936,0.924,84.501,4162.535,88.486
368.716,9.441,6.689,2.937,29.114,3960.597,87.147
126.419,8.954,7.202,3.734,47.61,4040.699,87.617
33.642,0.033,8.322,3.336,41.719,4696.741,91.56
133.999,9.34,7.881,3.005,68.136,4117.258,88.293
456.104,1.375,6.132,2.483,39.62,4288.908,87.905
316.589,0.399,6.02,3.353,18.794,4350.902,88.441
360.527,0.554,7.969,4.558,86.993,4259.068,86.887
128.576,3.489,7.381,3.323,19.171,4428.698,90.142
359.694,6.208,7.801,0.774,3.815,4504.818,91.872
14.061,4.023,6.392,3.067,20.428,4383.474,89.837
187.661,0.256,8.18,2.859,46.059,4633.389,90.95
313.377,4.765,7.933,2.534,42.9,4359.192,89.592
73.048,4.421,8.227,3.06,79.836,4399.491,89.523
411.502,7.568,6.853,3.527,20.298,4007.824,87.146
117.516,2.796,6.689,0.668,77.785,4548.024,90.541
326.141,2.175,6.379,2.661,10.54,4378.926,89.336
202.599,2.559,8.325,4.178,47.892,4389.716,89.186
298.022,3.037,6.442,2.888,86.668,4181.142,86.856
53.725,5.992,6.298,0.805,41.88,4439.087,90.77
8.456,4.715,6.482,3.988,96.365,4116.667,86.618
454.782,3.369,7.928,4.736,63.473,4096.462,86.341
134.815,3.743,8.224,4.333,75.909,4282.671,88.191
409.839,3.709,8.027,2.132,51.476,4396.239,89.56
499.675,9.724,7.408,2.907,43.546,3927.006,86.752
105.716,2.33,8.485,3.161,9.383,4644.258,92.048
132.585,8.181,6.172,3.721,12.875,4044.031,87.766
331.43,7.082,8.168,3.497,57.599,4132.049,87.869
482.724,0.056,7.069,1.396,61.75,4499.7,89.396
457.907,9.932,7.138,4.294,98.491,3661.89,83.614
251.438,7.564,6.319,4.321,85.917,3823.995,84.65
397.555,6.824,6.084,2.32,84.604,3967.189,85.873
67.873,4.053,6.792,1.089,29.374,4574.899,91.671
488.719,5.552,6.437,3.239,41.766,4014.364,86.392
482.177,2.533,7.208,2.108,11.111,4420.122,89.85
81.864,0.355,6.368,3.836,58.572,4377.389,88.295
149.712,8.36,6.345,1.92,7.884,4233.801,89.767
50.077,8.965,8.192,1.683,45.236,4387.142,91.109
135.859,1.625,8.303,4.405,57.054,4426.582,89.183
407.978,7.871,8.411,3.271,23.59,4169.237,88.818
189.158,7.412,7.701,0.887,77.769,4360.736,90.053
44.198,1.784,7.928,3.602,67.81,4485.634,89.713
171.113,4.218,8.089,3.887,15.639,4392.468,90.034
490.692,4.228,7.647,1.558,98.384,4255.395,87.838
314.842,7.6,6.826,4.854,54.663,3850.387,85.237
208.08,8.377,6.391,2.178,3.615,4191.209,89.389
83.269,0.948,6.593,4.733,35.661,4325.716,88.185
493.088,5.63,8.101,1.821,97.952,4204.044,87.75
410.425,7.617,7.74,3.241,90.329,3983.142,86.213
140.739,7.862,7.139,2.829,15.965,4235.648,89.555
35.034,1.48,6.074,4.965,85.646,4148.075,86.068
28.313,5.255,6.666,2.338,62.223,4331.437,89.269
60.189,8.576,7.822,1.307,3.152,4486.366,92.405
290.384,3.185,7.281,4.249,75.986,4146.73,86.663
464.382,4.251,7.089,0.689,41.871,4411.472,89.971
248.372,8.044,6.784,4.482,40.218,3923.389,86.245
421.473,0.893,7.517,0.998,38.897,4618.777,91.067
222.943,8.595,8.416,3.074,60.059,4172.854,88.706
354.292,3.112,8.253,3.71,71.707,4278.105,87.997
365.936,0.015,6.076,2.013,65.117,4392.352,88.277
86.982,2.342,7.202,4.301,24.934,4379.665,89.25
180.608,0.895,6.824,3.172,70.973,4388.199,88.441
318.651,0.924,7.277,2.278,14.416,4565.481,90.788
35.348,6.928,7.516,1.964,97.163,4296.722,89.074
180.77,2.14,6.5,1.004,47.888,4556.455,90.728
267.4,9.347,7.954,3.382,10.043,4136.071,89.065
498.112,5.164,7.188,2.138,58.086,4181.498,87.783
237.267,4.601,8.48,1.943,58.121,4488.824,90.687
408.028,4.343,6.063,4.775,4.842,3997.965,86.234
216.034,6.926,6.474,1.728,2.075,4316.209,90.219
398.195,4.523,7.724,4.445,99.614,4003.496,85.396
297.707,1.286,7.738,4.887,39.618,4292.701,87.917
443.298,8.802,7.455,4.202,25.3,3912.979,86.517
205.471,4.284,8.43,0.588,55.225,4656.825,92.301
302.152,0.74,7.038,4.409,1.825,4371.219,88.916
315.009,5.294,7.043,1.46,2.277,4431.481,90.88
208.691,6.473,8.276,2.09,12.165,4466.295,91.483
72.156,2.756,7.346,4.962,80.45,4203.629,87.059
46.78,8.003,6.884,2.322,25.577,4281.479,89.96
8.336,6.698,7.797,3.447,50.842,4294.318,89.444
436.767,6.503,7.549,1.898,23.138,4275.263,89.472
118.237,4.208,6.766,2.162,54.938,4380.952,89.523
105.753,9.619,6.745,3.189,51.372,4018.973,87.562
368.018,2.742,6.989,4.767,40.672,4119.728,86.613
160.008,5.777,6.179,1.771,43.887,4284.17,89.136
253.022,3.091,8.357,1.613,65.684,4561.932,90.89
81.256,7.448,6.458,0.618,84.373,4302.155,89.412
479.873,0.478,6.485,1.409,32.621,4478.432,89.601
425.791,0.459,7.618,1.681,53.682,4550.467,90.106
431.895,8.109,7.811,0.783,85.563,4210.263,88.68
203.387,4.343,7.842,3.036,17.625,4426.508,90.392
381.181,3.412,6.938,1.07,97.976,4329.592,88.34
71.938,6.075,8.183,2.8,75.312,4347.991,89.549
4.31,7.019,7.36,1.35,37.245,4473.363,91.467
9.986,2.012,7.096,4.711,38.143,4356.691,88.789
293.301,1.854,8.026,1.882,21.329,4632.378,91.667
227.697,9.582,6.609,0.918,27.524,4221.101,89.81
259.008,5.897,8.15,4.263,59.116,4146.208,87.64
3.732,3.901,7.347,2.309,1.37,4604.127,92.198
211.343,8.014,8.25,4.191,3.293,4192.982,89.301
359.034,5.252,6.504,1.906,98.661,4120.364,86.793
221.347,2.417,8.34,2.75,24.317,4578.859,91.27
366.11,2.067,7.72,2.504,83.127,4368.882,88.478
116.509,3.969,7.546,3.011,61.628,4373.584,89.31
406.571,8.599,7.055,2.307,45.152,4051.236,87.641
294.216,0.614,8.391,2.736,73.486,4540.714,89.857
105.382,2.185,7.11,3.557,5.952,4481.425,90.41
118.36,8.932,7.246,2.366,75.852,4130.569,88.227
314.015,1.217,7.954,3.58,85.842,4347.833,87.985
414.97,6.296,6.712,3.714,28.743,4019.992,86.801
207.814,2.135,6.729,3.87,30.86,4313.474,88.467
129.15,6.059,7.938,2.619,11.199,4441.997,91.126
433.506,3.831,6.321,0.517,85.733,4300.667,88.299
334.634,1.017,8.057,3.891,80.983,4336.54,87.861
224.043,5.825,7.563,4.591,43.096,4107.755,87.394
243.95,6.83,7.348,3.437,38.394,4150.808,88.173
102.128,6.803,6.573,2.86,43.325,4193.38,88.541
313.401,6.37,7.966,3.018,42.614,4234.33,88.828
179.371,5.002,8.012,3.384,43.532,4336.011,89.425
497.823,5.195,7.207,4.993,15.429,3981.895,86.223
240.092,6.356,6.973,0.779,2.334,4476.833,91.652
242.943,6.903,6.615,0.595,76.481,4282.445,89.13
282.926,6.549,7.886,4.839,35.031,4065.719,87.272
458.378,5.869,7.599,2.482,49.598,4189.792,88.163
400.409,1.558,6.517,3.256,31.436,4285.102,88.004
225.565,2.106,7.986,3.89,38.782,4413.913,89.383
359.35,2.602,8.206,3.839,8.411,4409.998,89.797
293.118,9.197,6.148,3.412,37.658,3891.868,86.301
246.184,7.594,7.931,2.624,46.848,4234.268,89.152
96.158,5.529,8.132,3.092,83.451,4312.55,88.95
231.968,2.521,8.479,3.783,32.898,4461.727,90.044
122.909,1.109,6.594,4.329,9.766,4390.102,89.136
457.421,8.988,6.928,1.073,76.16,4055.053,87.485
167.703,8.927,8.415,1.751,38.188,4359.906,90.895
476.132,1.107,6.235,2.289,91.621,4217.93,86.595
266.528,7.972,7.309,3.495,95.945,3957.691,86.009
315.772,4.466,7.267,2.281,87.313,4242.799,87.895
271.47,3.24,7.516,1.575,23.438,4549.544,91.233
64.69,7.391,6.827,0.649,26.127,4463.632,91.592
187.911,6.143,8.315,4.291,79.618,4141.995,87.467
49.573,7.8,6.675,2.385,45.165,4223.864,89.127
311.477,0.743,7.624,1.982,30.482,4610.403,91.022
223.437,3.186,7.24,2.889,30.097,4403.904,89.694
388.992,3.193,6.667,1.053,58.169,4390.862,89.285
110.235,3.298,6.472,2.288,89.608,4319.192,88.285
82.283,5.025,8.391,3.883,62.274,4333.908,89.224
203.166,2.83,7.403,3.813,62.408,4291.165,88.137
463.293,4.444,7.51,3.974,74.947,4049.961,86.083
355.211,3.678,7.957,2.603,76.27,4321.352,88.554
209.462,7.353,6.203,2.16,91.036,4049.845,86.794
258.636,6.035,7.784,4.241,17.049,4189.126,88.531
42.107,6.536,6.413,1.28,98.479,4268.479,88.661
492.288,2.106,7.851,3.763,33.554,4290.264,88.199
333.204,3.255,6.353,4.496,28.875,4098.653,86.674
142.702,0.212,8.081,1.788,51.469,4744.483,91.994
292.904,1.084,7.703,1.39,27.172,4676.263,91.816
54.741,2.651,6.965,2.806,24.058,4507.822,90.633
482.918,0.655,6.897,1.474,96.714,4374.714,87.976
87.392,6.026,6.372,4.418,11.295,4127.788,87.973
324.015,9.981,8.26,1.6,99.004,4106.944,88.074
122.727,1.008,6.296,1.913,62.625,4501.326,89.689
358.781,8.212,7.18,4.498,95.899,3786.426,84.369
388.411,1.188,6.591,1.425,89.843,4383.301,88.291
336.71,6.699,8.491,4.482,65.192,4067.234,87.03
307.25,6.432,7.465,1.444,59.394,4308.058,89.416
446.235,9.027,6.374,4.603,99.271,3604.067,82.756
39.313,1.139,7.669,1.929,52.006,4693.311,91.755
165.457,3.154,8.479,1.608,18.697,4709.252,92.852
124.144,0.908,7.513,2.647,99.301,4480.461,89.084
494.007,4.074,7.143,2.162,33.029,4281.441,88.706
194.695,9.116,6.733,1.408,9.654,4260.078,90.239
366.306,7.815,6.23,2.023,71.972,4002.912,86.654
342.363,7.229,6.571,3.71,45.159,3963.159,86.349
106.041,5.33,7.384,4.244,39.414,4215.687,88.362
119.499,8.835,7.884,4.193,63.529,4040.553,87.421
140.642,4.494,8.195,3.906,6.232,4421.408,90.5
205.564,1.497,7.984,0.524,70.124,4728.11,92.029
117.163,8.376,6.314,2.42,50.841,4110.338,88.108
9.826,2.796,7.934,1.26,49.534,4723.528,92.579
439.697,0.536,7.454,0.831,90.103,4535.465,89.615
482.805,1.26,7.173,3.811,83.29,4165.129,86.197
170.785,6.091,7.432,4.071,53.627,4138.949,87.68
169.253,6.071,6.02,4.166,58.256,3980.762,86.046
3.546,2.602,6.169,4.506,80.889,4172.649,86.698
340.125,7.272,7.315,3.155,41.717,4098.853,87.753
412.72,7.736,6.434,4.992,67.452,3716.162,83.808
73.304,9.205,7.364,2.677,54.537,4162.733,88.843
79.833,5.849,6.886,4.476,50.463,4107.667,87.327
395.042,7.794,8.269,1.008,98.487,4241.822,88.772
308.145,7.531,8.374,1.17,2.733,4484.316,92.075
22.43,2.578,8.449,3.157,42.048,4605.073,91.404
311.273,3.102,8.247,1.059,93.088,4521.949,90.219
154.459,4.785,8.465,0.839,92.887,4560.343,91.11
184.363,0.19,7.765,1.382,75.024,4686.559,91.172
384.866,2.974,8.401,4.044,59.599,4275.415,88.05
405.468,4.739,7.604,4.674,69.394,4014.629,85.874
200.178,1.081,8.023,2.001,26.04,4696.04,92.024
473.576,1.263,6.33,4.886,49.351,4045.709,85.342
203.231,4.632,7.706,4.143,54.07,4214.978,87.999
385.918,7.31,8.328,1.517,7.308,4407.969,91.2
241.939,8.337,7.35,3.138,86.756,4009.905,86.733
448.766,5.463,6.467,4.918,46.212,3864.934,84.826
453.881,4.747,7.317,4.32,89.991,3955.471,85.079
43.708,3.843,7.767,2.135,39.606,4570.017,91.457
468.247,1.929,7.924,1.878,41.478,4491.048,90.075
412.767,1.466,7.309,4.187,25.177,4282.242,88.01
395.655,7.919,6.543,2.971,64.788,3933.866,86.066
100.456,4.65,8.317,1.235,55.301,4614.789,91.99
402.56,7.903,7.934,1.975,91.384,4116.672,87.624
425.066,7.041,6.677,3.478,43.494,3968.293,86.36
144.575,1.939,8.03,1.189,65.159,4684.477,91.775
476.13,5.103,6.87,3.644,71.049,3987.227,85.693
24.93,4.44,6.781,3.695,32.666,4308.835,89.094
74.955,4.239,8.158,1.718,88.202,4518.116,90.571
268.791,5.426,8.183,2.291,38.704,4406.106,90.302
287.896,9.821,6.996,4.71,64.099,3765.481,84.96
322.575,8.129,6.022,3.871,61.968,3823.427,85.053
8.485,9.037,6.466,4.045,42.719,4000.589,87.29
480.183,0.296,8.273,2.823,19.151,4551.792,90.415
22.294,1.403,8.247,1.459,59.657,4778.145,92.606
71.531,0.848,7.133,3.161,38.178,4542.768,90.3
7.007,2.632,6.76,3.974,38.53,4366.403,89.068
283.429,4.419,6.757,0.517,49.799,4461.68,90.444
466.133,6.421,8.243,1.012,68.047,4332.912,89.575
332.974,5.008,6.812,2.634,73.232,4154.384,87.314
411.329,9.032,7.279,2.467,43.28,4037.34,87.65
6.641,9.399,7.828,4.92,12.868,4091.741,88.608
271.008,1.635,6.524,0.915,79.38,4484.878,89.546
229.781,8.529,6.635,1.957,67.272,4091.91,87.805
249.484,4.817,6.895,4.168,80.269,4046.576,86.108
36.107,4.533,7.636,3.256,32.273,4428.7,90.324
342.218,7.849,8.044,3.027,91.003,4056.062,87.005
251.61,0.931,7.367,3.835,27.01,4426.74,89.277
382.574,8.825,6.332,0.68,29.687,4173.333,89.084
242.645,6.709,7.116,4.764,54.101,3970.233,86.174
74.691,8.753,6.319,1.361,99.737,4121.404,87.842
324.128,9.945,6.221,0.868,21.013,4133.918,89.112
86.193,5.18,7.474,2.025,84.012,4374.752,89.461
436.197,0.933,8.391,3.661,1.233,4505.797,90.325
306.558,1.665,8.094,1.542,24.515,4669.665,91.951
78.602,3.236,7.936,0.724,35.268,4749.534,93.114
481.169,1.036,7.818,0.758,65.212,4583.143,90.49
259.183,8.153,8.243,1.655,12.262,4397.036,91.294
36.449,2.969,7.882,1.109,13.741,4783.194,93.585
313.416,9.759,7.567,2.176,15.489,4163.494,89.408
126.599,7.026,6.912,1.279,66.593,4315.506,89.597
401.847,1.734,6.252,2.049,12.35,4407.957,89.476
408.911,4.76,7.153,2.5,40.424,4241.914,88.443
489.474,4.669,8.312,3.841,16.511,4235.853,88.594
250.935,4.925,7.458,1.523,38.825,4444.072,90.53
227.478,5.357,6.461,2.638,71.69,4157.382,87.464
376.738,0.312,7.623,4.169,28.495,4384.401,88.653
66.235,6.863,7.164,4.939,62.147,4021.934,86.657
273.458,4.872,8.328,3.008,25.602,4400.529,90.211
273.124,7.91,6.402,2.445,74.02,4015.607,86.789
44.737,8.153,7.78,3.342,77.929,4157.911,88.246
208.992,2.305,7.704,2.688,31.729,4518.346,90.558
426.642,0.484,8.459,1.241,3.355,4777.502,92.887
428.077,7.032,7.412,2.568,13.779,4191.263,88.885
49.619,9.778,8.179,4.906,49.605,4014.398,87.581
45.36,4.467,6.062,3.382,38.823,4244.329,88.395
131.348,2.596,6.307,1.775,35.21,4487.277,90.3
437.383,1.567,6.865,4.762,58.351,4096.539,85.852
64.451,2.874,7.548,2.249,16.989,4620.044,91.893
359.998,3.279,7.123,2.256,46.211,4350.333,89.025
50.583,4.239,6.507,3.275,21.135,4343.706,89.497
311.569,6.554,7.473,3.06,98.125,4061.525,86.6
178.034,2.732,7.417,1.807,5.814,4623.752,91.999
394.457,0.51,7.311,2.602,2.562,4543.084,90.558
116.845,3.733,6.226,1.996,56.854,4364.238,89.194
319.601,8.556,8.318,3.82,7.2,4147.739,88.972
117.841,4.984,7.481,1.051,81.288,4472.265,90.405
356.83,9.648,6.66,3.876,82.14,3753.298,84.606
436.839,5.036,7.719,1.225,43.794,4391.512,89.988
63.401,2.759,6.795,1.877,83.999,4454.138,89.529
433.298,1.933,7.265,2,74.31,4364.538,88.482
296.788,6.945,6.853,4.957,14.406,3965.129,86.591
63.555,5.364,8.201,3.154,86.101,4332.509,89.073
213.771,6.04,8.485,3.999,87.554,4164.604,87.582
80.43,7.551,6.403,2.999,32.949,4156.7,88.503
350.174,7.259,6.059,4.924,77.724,3719.986,83.6
379.434,0.434,6.548,1.298,89.839,4433.933,88.571
52.898,8.026,7.475,3.222,74.819,4147.922,88.139
253.07,5.327,6.435,4.088,10.307,4121.165,87.707
407.313,3.917,8.029,3.329,10.37,4349.771,89.569
468.082,5.375,7.022,4.536,98.257,3849.232,84.122
256.759,6.125,7.526,3.203,54.594,4188.522,88.177
475.14,1.495,7.139,4.219,64.8,4150.084,86.301
267.844,4.174,8.258,1.291,91.314,4471.466,90.054
197.095,3.356,6.088,1.679,1.736,4471.042,90.7
424.102,3.504,7.823,2.498,43.242,4358.754,89.206
246.491,0.913,7.63,4.332,57.074,4346.755,88.171
235.951,1.598,7.624,2.42,1.212,4620.105,91.668
245.156,1.618,7.035,3.324,62.817,4342.013,88.277
423.393,3.732,6.039,2.281,85.243,4107.009,86.337
415.971,8.945,7.723,4.126,6.436,3991.633,87.535
201.76,2.06,8.074,1.401,80.618,4602.108,90.833
166.65,4.162,6.213,3.172,97.775,4117.139,86.442
245.964,3.116,7.104,3.101,92.108,4237.35,87.387
286.386,7.874,6.406,2.315,54.164,4063.976,87.46
119.169,0.501,7.527,3.673,86.186,4428.408,88.573
396.978,1.965,7.964,0.628,77.293,4582.24,90.639
243.241,2.106,7.667,4.287,81.949,4247.162,87.284
167.023,9.93,6.795,2.066,40.407,4112.124,88.696
53.41,5.708,6.349,4.069,48.086,4119.807,87.43
119.423,1.39,7.986,1.873,24.673,4732.753,92.498
474.641,2.722,6.81,1.346,6.105,4460.791,90.363
152.55,1.678,6.055,2.253,60.126,4399.827,88.9
84.43,1.246,7.429,4.088,31.648,4466.227,89.72
230.336,7.972,6.617,3.666,50.768,3979.791,86.682
153.544,4.958,8.103,2.305,96.307,4362.576,89.15
17.58,6.312,6.358,4.72,7.252,4124.875,88.07
161.573,3.313,7.087,2.339,87.475,4353.389,88.653
272.054,5.537,6.633,2.078,9.59,4323.39,89.799
275.856,2.576,7.724,1.151,65.704,4559.156,90.707
178.279,3.08,7.371,0.816,34.983,4642.384,91.998
223.651,6.522,7.977,2.075,10.915,4430.517,91.153
482.759,1.504,7.147,0.914,75.937,4454.824,89.24
188.674,6.172,6.012,2.582,70.16,4099.749,87.148
129.113,8.522,6.538,4.37,64.386,3897.35,85.886
121.734,1.204,8.498,2.643,96.523,4571.412,90.11
228.882,8.975,7.013,2.663,3.344,4165.215,89.311
379.76,0.794,7.551,1.64,44.032,4573.344,90.531
102.994,3.489,8.262,1.248,56.704,4662.041,92.1
354.648,6.105,6.051,1.5,36.412,4199.68,88.464
10.575,5.594,7.649,3.056,67.28,4339.752,89.403
209.466,0.964,6.721,3.163,90.021,4322.816,87.617
387.933,7.989,6.698,1.491,70.001,4087.302,87.57
169.366,9.732,6.562,2.295,57.368,4040.703,87.753
281.869,1.812,8.057,3.059,74.046,4420.134,89.005
102.49,8.951,6.932,3.922,11.853,4078.512,88.352
370.998,5.568,6.168,1.939,63.369,4132.24,87.359
26.14,9.359,6.242,1.721,41.317,4188.431,89.279
426.271,1.761,6.372,3.787,32.561,4192.143,87.124
99.098,7.92,8.247,2.812,51.204,4295.549,89.82
437.199,0.598,7.069,4.355,80.669,4161.497,85.988
176.265,8.832,8.29,1.45,41.844,4370.642,90.938
361.342,6.742,8.044,3.969,70.542,4048.61,86.803
159.613,3.703,8.095,1.229,59.301,4603.021,91.548
452.956,1.905,6.717,3.131,91.699,4153.451,86.189
63.319,8.165,6.678,1.776,45.039,4260.189,89.601
89.26,6.032,7.4,0.955,82.172,4433.931,90.327
246.515,3.604,7.045,3.275,84.356,4204.76,87.285
40.969,4.438,7.273,2.781,46.953,4412.896,89.991
97.99,8.265,6.133,2.687,49.37,4083.603,87.822
471.883,3.389,8.429,3.166,34.008,4352.843,89.205
488.245,0.896,6.145,2.176,50.06,4307.887,87.847
188.13,9.113,6.447,3.516,25.676,3992.074,87.398
461.643,3.873,7.696,1.089,85.968,4364.24,88.945
272.412,3.484,6.389,3.717,25.741,4205.255,87.84
134.871,2.044,6.267,3.109,26.505,4393.156,89.28
351.199,8.974,6.384,2.689,89.67,3865.841,85.454
329.451,2.175,6.155,1.074,53.684,4427.192,89.388
494.563,6.367,6.628,1.752,11.409,4199.176,88.788
132.524,8.808,6.678,1.829,35.227,4207.798,89.368
336.03,0.349,7.247,1.552,70.833,4542.302,89.819
26.012,8.288,7.097,4.794,41.175,4020.549,87.28
56.823,4.106,7.184,4.62,42.894,4236.89,88.172
1.959,6.58,7.54,2.958,50.37,4327.543,89.746
499.73,3.724,6.577,1.426,23.028,4333.064,89.218
401.137,6.955,6.337,4.6,42.981,3839.374,85.05
393.362,2.543,8.197,3.872,22.319,4364.021,89.18
254.863,0.219,7.585,0.674,35.724,4781.194,92.52
150.034,9.478,6.152,2.708,53.705,3988.026,87.187
75.632,0.164,8.403,3.222,69.679,4632.681,90.679
142.337,8.241,7.733,0.799,63.759,4382.619,90.661
187.986,1.691,6.379,0.724,57.977,4570.987,90.638
378.155,3.922,8.423,2.586,59.958,4378.594,89.363
269.831,8.225,6.914,0.509,51.582,4291.148,89.863
38.742,2.059,8.461,0.711,61.847,4829.021,93.29
9.015,8.657,6.258,1.243,38.176,4287.793,90.093
51.166,4.978,6.4,4.595,90.045,4025.952,85.852
205.249,3.662,7.644,3.948,59.465,4264.895,88.153
466.596,6.624,6.055,2.527,93.723,3900.882,85.059
318.701,3.414,6.047,2.656,41.054,4226.877,87.882
400.913,3.473,7.98,3.587,40.057,4285.07,88.492
233.187,7.335,6.419,2.635,96.537,4002.04,86.256
180.833,3.098,8.297,0.788,73.177,4659.245,91.79
54.2,2.008,7.065,3.824,52.355,4391.848,88.997
437.967,8.076,8.184,0.76,72.132,4275.355,89.455
391.58,8.054,7.044,2.687,40.276,4056.672,87.58
84.059,4.976,7.326,4.378,76.122,4151.723,87.249
256.13,5.267,6.791,1.028,21.748,4441.418,90.777
243.687,6.961,7.645,3.68,95.137,4036.38,86.501
312.546,5.093,6.796,0.708,46.625,4404.543,90.107
473.093,4.17,6.558,4.969,10.198,3993.454,86.084
289.886,9.949,6.203,3.569,84.656,3751.62,84.654
270.109,1.476,6.144,4.86,89.541,4040.415,84.952
25.161,5.927,6.765,3.507,73.266,4170.316,87.749
31.454,8.859,7.841,1.59,63.341,4339.751,90.422
93.673,6.872,6.514,4.669,92.913,3908.27,85.215
16.235,8.809,6.748,3.32,62.584,4069.059,87.708
371.676,3.363,8.263,3.092,79.35,4304.415,88.26
361.665,2.72,7.598,2.431,47.653,4404.553,89.385
68.028,8.513,8.299,1.781,72.993,4346.226,90.286
418.039,3.941,8.278,2.885,99.899,4233.4,87.517
77.393,7.097,6.159,2.147,38.868,4229.853,89.039
150.588,1.477,8.388,4.343,72.291,4410.692,88.827
124.488,7.558,6.128,0.63,15.74,4378.191,90.892
186.154,5.49,8.314,2.885,63.875,4347.546,89.484
127.332,2.686,7.367,4.265,32.966,4346.326,88.939
244.475,4.945,7.333,0.624,86.793,4427.799,89.894
203.704,6.969,7.783,1.77,36.604,4377.747,90.502
493.285,0.119,8.198,0.732,45.069,4703.894,91.624
27.963,6.375,7.543,3.178,98.051,4207.683,88.009
71.091,5.416,7.063,1.925,22.322,4462.835,91.03
26.413,2.203,6.28,4.819,56.911,4208.922,87.181
312.921,7.53,7.973,3.273,86.512,4063.995,87.034
27.255,3.035,6.321,3.028,32.168,4399.569,89.584
418.22,2.769,7.816,4.628,2.512,4266.269,88.468
255.969,4.712,7.32,1.506,89.738,4338.303,88.899
263.504,6.761,6.965,3.03,62.344,4098.936,87.394
280.797,9.288,7.532,2.943,23.812,4106.549,88.614
85.407,1.414,7.931,0.87,28.357,4836.041,93.501
98.845,3.965,8.353,4.694,80.159,4257.883,87.967
159.409,0.67,6.662,3.651,64.568,4358.734,88.143
296.748,7.586,8.368,4.496,73.527,4012.431,86.665
105.059,4.477,8.402,4.921,58.145,4255.409,88.316
58.166,7.069,8.034,2.658,79.214,4296.588,89.295
485.058,3.222,8.204,4.116,82.286,4140.515,86.549
10.991,8.443,7.731,3.099,39.303,4256.945,89.709
401.349,5.348,6.098,4.897,90.195,3771.59,83.418
394.018,9.436,7.438,1.613,51.015,4111.677,88.437
148.607,0.788,7.868,0.562,16.856,4883.16,93.899
67.813,5.143,8.354,1.337,22.629,4665.446,92.971
72.814,7.665,7.426,1.076,73.649,4368.072,90.244
348.716,6.002,7.986,2.466,38.357,4300.774,89.425
321.403,0.232,7.763,0.848,26.982,4765.163,92.451
391.373,9.723,6.702,1.491,60.872,4017.511,87.483
468.741,2.983,6.387,0.933,78.445,4304.971,88.16
345.964,2.493,7.877,2.69,11.813,4497.44,90.604
77.926,4.857,6.584,1.7,45.463,4415.673,90.159
121.721,5.422,6.612,2.62,77.376,4212.529,87.978
421.097,7.663,7.61,0.9,90.459,4196.376,88.358
104.653,3.933,7.973,2.826,2.341,4561.029,91.767
36.261,4.4,7.456,1.085,65.953,4567.035,91.331
351.64,5.35,8.212,0.947,60.14,4462.96,90.633
201.263,3.944,6.529,1.895,52.256,4361.014,89.271
460.02,9.145,6.631,4.435,16.86,3798.613,85.561
325.128,8.513,7.592,4.048,74.437,3917.341,85.983
45.209,4.55,8.073,4.816,39.887,4295.859,88.925
473.928,0.002,7.348,2.571,24.228,4492.233,89.681
129.279,9.009,6.026,1.906,85.152,4026.585,87.117
168.606,1.243,7.692,4.869,31.396,4373.064,88.79
201.13,2.445,8.034,2.218,20.643,4617.492,91.702
25.612,1.524,6.691,0.541,31.893,4762.267,92.761
248.258,1.798,6.135,4.19,18.924,4242.616,87.776
61.659,8.029,7.295,1.261,77.95,4315.175,89.781
200.485,5.795,6.105,3.731,19.025,4109.435,87.643
175.355,9.561,7.04,0.568,71.95,4237.574,89.525
386.42,2.315,6.045,0.999,17.088,4461.397,90.137
401.585,4.856,6.562,2.676,23.404,4198.219,88.205
76.706,9.774,6.972,0.806,34.909,4319.765,90.781
183.276,8.264,6.279,4.499,95.056,3783.071,84.359
186.677,7.286,6.285,3.874,91.468,3900.516,85.276
75.705,1.89,8.068,1.977,9.426,4757.889,93.052
399.227,7.694,6.104,3.189,34.246,3938.663,86.352
353.614,3.476,7.722,3.72,35.288,4279.089,88.481
95.191,5.305,8.036,3.899,21.945,4356.937,89.942
183.361,6.092,6.327,2.281,44.126,4220.113,88.587
52.903,6.094,6.488,4.545,75.052,4013.146,86.209
314.103,7.265,7.604,4.738,10.835,4044.587,87.517
60.686,6.617,6.789,1.381,67.493,4344.659,89.757
492.967,0.684,7.191,4.601,26.816,4224.748,87.184
390.341,4.573,8.09,3.707,64.602,4185.247,87.578
195.119,6.64,6.345,4.497,68.507,3918.248,85.489
289.282,2.96,7.549,2.411,73.086,4374.965,88.907
455.671,3.131,8.356,3.475,86.309,4231.078,87.387
277.05,1.246,6.144,1.559,90.062,4377.512,88.248
87.249,4.186,6.15,3.88,76.154,4121.766,86.712
189.352,9.868,7.387,3.118,48.629,4041.557,87.89
421.572,2.853,8.4,2.664,5.374,4509.4,90.896
322.107,5.314,6.551,3.617,93.774,3979.093,85.448
325.362,7.432,6.827,2.986,60.531,4028.78,86.912
433.411,0.135,6.247,3.944,53.923,4198.953,86.491
446.987,9.004,6.906,4.363,24.709,3831.134,85.766
459.896,3.866,6.111,4.103,68.739,3940.108,84.873
47.425,8.691,6.973,1.884,99.478,4151.668,88.129
272.063,0.389,7.389,4.893,33.673,4326.767,88.048
370.255,1.457,8.438,3.424,80.158,4383.092,88.466
378.463,3.225,8.046,1.956,29.821,4498.898,90.658
303.358,3.455,8.055,0.692,49.285,4613.374,91.677
83.394,8.478,6.57,4.946,22.115,3952.568,86.848
398.71,0.112,6.218,3.196,51.766,4293.764,87.454
360.056,6.411,7.508,1.524,46.471,4304.85,89.507
43.068,1.313,7.303,2.71,4.853,4662.383,91.969
231.905,8.232,7.291,2.289,38.799,4195.075,89.032
86.989,7.786,6.273,4.781,7.21,4001.938,87.283
168.739,4.999,7.235,2.717,45.612,4326.22,89.306
9.041,2.127,6.376,2.681,98.037,4362.551,88.283
200.165,6.345,7.055,4.076,30.005,4120.619,87.81
274.938,1.563,6.155,2.259,52.048,4369.935,88.648
309.791,1.9,8.142,1.384,13.889,4698.103,92.412
331.745,6.267,6.033,3.958,16.243,3995.811,86.676
418.146,9.912,8.348,4.595,36.191,3898.212,86.594
107.731,8.911,8.157,0.706,49.484,4446.782,91.646
60.241,5.931,7.882,4.37,70.439,4183.644,87.911
425.769,5.385,8.456,2.47,46.213,4324.021,89.394
78.306,9.984,6.135,1.801,3.414,4188.171,89.843
487.38,5.474,7.604,0.676,27.825,4419.73,90.561
421.269,4.201,8.123,1.425,3.453,4542.242,91.648
250.438,9.096,6.317,1.998,91.876,3968.113,86.491
490.711,2.342,7.462,0.818,3.874,4594.189,91.606
48.688,0.975,6.985,1.35,5.909,4778.599,93.019
151.533,6.341,7.09,3.816,30.529,4173.509,88.332
319.112,0.958,8.281,3.591,63.601,4434.362,88.995
175.003,3.731,7.347,3.964,36.438,4291.284,88.668
464.186,4.236,6.233,1.244,7.095,4340.878,89.609
32.813,5.475,8.343,0.694,83.789,4607.187,91.877
274.706,9.917,6.463,2.609,70.322,3911.611,86.388
295.433,2.21,8.232,2.043,40.241,4580.217,91.063
326.364,3.758,8.427,3.995,68.014,4256.112,88.008
127.833,1.322,8.195,2.925,28.184,4640.582,91.521
182.283,6.076,7.693,4.69,53.259,4098.786,87.278
421.84,7.277,7.859,0.775,88.17,4257.248,88.874
97.471,4.821,7.75,2.137,11.66,4548.217,91.812
413.434,2.458,7.151,2.324,84.842,4283.455,87.724
281.328,6.209,6.686,1.067,79.066,4252.714,88.599
381.094,5.392,6.713,3.124,94.961,4008.846,85.756
356.804,1.712,7.828,0.681,51.864,4646.978,91.465
103.756,4.057,7.565,3.707,28.216,4374.632,89.681
284.406,4.352,7.462,0.668,35.957,4547.656,91.423
433.862,9.826,7.632,4.431,64.341,3783.168,85.136
216.058,8.493,7.937,0.793,14.939,4451.885,91.917
483.295,7.344,7.871,2.554,35.815,4151.265,88.358
226.108,8.888,6.263,1.199,72.917,4103.15,87.969
71.393,7.355,6.908,1.099,57.801,4361.813,90.247
194.717,9.034,6.66,3.745,7.212,4027.96,87.918
475.851,0.546,7.346,3.984,50.189,4270.567,87.367
159.86,4.561,6.154,3.826,52.897,4118.956,87.029
434.049,7.469,7.906,2.318,70.38,4127.586,87.813
440.625,5.833,6.266,4.959,2.055,3914.708,85.876
175.093,1.752,6.679,2.03,43.412,4502.911,90.12
41.629,3.405,7.957,1.604,88.775,4566.699,90.801
362.279,3.178,6.129,4.984,3.49,4067.456,86.593
155.756,2.613,7.651,4.898,67.569,4231.587,87.424
391.462,3.431,8.311,3.163,23.095,4401.305,89.812
221.327,5.149,7.544,1.441,39.361,4463.529,90.786
242.633,8.549,7.782,1.573,88.527,4195.035,88.63
388.955,7.42,7.981,2.844,36.89,4174.394,88.601
191.182,8.352,6.556,3.992,55,3933.1,86.287
221.564,8.836,7.452,0.849,9.875,4388.054,91.433
188.095,4.162,6.773,3.595,33.146,4249.398,88.411
183.67,3.46,6.624,0.964,15.023,4571.079,91.599
262.973,0.576,6.481,4.298,56.594,4244.778,87.055
404.4,9.305,7.464,2.895,46.519,3996.421,87.29
180.884,0.658,7.986,4.954,27.193,4425.531,89.181
262.127,7.411,8.19,3.888,99.963,4028.573,86.51
335.364,3.781,7.071,2.738,16.174,4344.309,89.416
134.72,9.488,6.932,1.135,82.723,4172.499,88.744
138.761,4.196,7.718,2.941,4.54,4489.486,91.108
466.707,8.166,7.951,1.015,84.837,4182.258,88.424
361.767,2.827,6.633,4.573,48.222,4087.351,86.239
288.593,2.991,6.743,1.535,82.991,4360.97,88.677
323.86,5.955,7.333,4.394,74.972,3984.3,85.88
14.65,9.98,7.111,1.868,57.691,4202.642,89.443
309.051,5.176,7.764,1.499,37.785,4437.71,90.552
254.754,9.363,7.261,1.869,66.886,4109.912,88.239
272.875,7.862,6.279,3.684,83.422,3863.094,85.155
179.712,7.959,6.415,2.863,50.827,4065.699,87.536
40.737,4.36,8.255,0.984,42.072,4704.622,92.933
96.67,3.865,6.568,1.117,15.147,4573.274,91.741
475.372,1.919,6.125,2.203,89.729,4179.079,86.469
204.35,9.639,7.829,2.023,27.463,4241.447,90.032
233.342,9.594,7.71,4.333,13.229,4014.897,87.895
26.355,7.471,7.5,3.075,7.556,4340.682,90.572
18.783,2.963,7.256,1.34,75.327,4583.37,90.969
358.591,2.452,8.424,0.628,67.825,4642.106,91.478
269.047,9.886,6.3,0.961,12.925,4179.215,89.629
254.353,0.665,7.275,3.652,53.484,4394.939,88.614
121.562,8.436,7.41,4.312,16.117,4095.02,88.32
372.375,3.555,6.056,4.021,38.974,4061.617,86.293
84.118,4.189,7.03,4.054,78.504,4189.052,87.362
94.967,8.32,7.957,1.674,23.556,4417.684,91.437
230.356,0.906,7.178,4.951,3.744,4354.719,88.782
143.14,3.542,8.188,0.889,20.14,4741,93.271
123.731,9.52,7.612,4.195,40.649,4022.531,87.675
322.619,6.991,7.915,0.936,24.927,4437.258,91.221
325.486,7.549,8.011,1.704,72.5,4245.518,88.995
412.259,7.575,7.724,2.729,79.129,4056.299,87.044
208.854,0.606,7.873,0.74,24.81,4829.01,93.224
36.543,2.032,7.738,2.274,27.594,4671.388,92.048
136.833,4.913,7.376,2.076,56.447,4403.122,89.941
490.003,3.682,7.416,3.412,75.499,4120.331,86.553
298.129,4.109,6.475,3.731,95.978,4027.889,85.552
354.869,7.814,8.069,0.907,30.755,4386.47,90.901
3.679,0.147,6.78,0.671,91.196,4719.332,91.325
259.103,6.605,7.339,3.992,18.994,4136.997,88.162
18.764,0.001,6.624,2.876,5.065,4655.223,91.502
284.615,0.631,7.74,2.906,79.457,4450.629,88.901
460.385,4.083,8.438,4.913,48.383,4121.368,86.955
484.21,8.409,8.005,2.47,8.609,4173.705,89.174
270.276,1.45,7.548,1.383,8.04,4692.772,92.282
229.102,5.546,7.419,3.563,2.348,4289.03,89.531
472.509,6.785,7.224,4.171,31.326,3967.228,86.395
336.805,2.295,6.512,2.761,73.801,4244.41,87.395
32.45,5.123,6.87,3.613,66.866,4219.564,88.064
232.863,9.114,7.016,2.813,99.967,3948.26,86.217
120.123,5.122,8.361,2.333,59.799,4467.06,90.609
234.902,1.573,7.064,0.654,11.937,4720.985,92.562
227.733,6.278,7.465,1.282,97.872,4294.847,88.853
291.072,5.922,8.306,2.659,69.604,4283.866,88.919
178.385,0.27,7.296,2.284,38.03,4622.44,90.925
82.135,0.906,6.629,4.293,25.452,4396.295,88.98
251.86,1.568,6.953,0.988,22.995,4646.141,91.702
415.101,1.363,6.939,0.726,95.667,4454.298,88.995
332.006,2.595,7.787,0.892,42.523,4608.686,91.44
169.184,4.541,6.74,3.551,49.194,4208.856,87.959
467.762,3.717,7.826,3.175,83.843,4177.633,87.053
456.104,8.906,8.223,3.345,96.423,3921.59,85.924
104.674,6.121,6.84,1.206,1.435,4502.142,91.843
19.709,8.761,6.338,2.824,99.034,4005.482,86.693
370.654,5.27,7.596,3.955,8.471,4198.399,88.48
413.805,0.899,6.902,3.577,83.847,4212.938,86.561
483.932,4.633,7.335,2.474,95.082,4122.314,86.662
444.918,8.22,7.585,0.966,56.55,4215.39,89.054
300.267,1.941,7.019,4.418,55.62,4201.718,87.043
265.026,0.912,8.312,2.868,67.232,4531.797,89.919
13.921,3.294,6.999,4.503,35.93,4306.018,88.689
123.328,3.889,6.768,2.474,17.415,4438.486,90.377
229.807,3.063,8.214,1.567,7.575,4681.58,92.659
314.252,1.352,6.341,1.883,88.229,4344.535,87.969
278.626,2.508,6.311,2.382,55.185,4317.781,88.378
371.318,6.823,8.339,3.264,69.713,4141.298,87.763
139.883,3.859,6.522,3.96,33.873,4225.58,88.075
282.476,6.325,6.371,1.592,80.894,4158.621,87.675
44.071,5.363,7.338,1.345,35.642,4537.845,91.631
206.833,5.491,6.117,1.412,3.946,4384.665,90.454
375.08,2.485,7.55,4.705,34.354,4203.957,87.442
346.7,5.215,7.132,1.238,85.182,4284.969,88.563
495.321,0.236,7.601,2.056,87.713,4419.635,88.39
138.946,4.317,6.71,2.686,93.537,4229.925,87.659
249.095,5.726,8.264,3.003,50.448,4314.321,89.357
164.765,1.82,6.676,4.361,95.703,4166.721,86.256
220.302,2.566,7.594,1.008,50.419,4619.326,91.459
428.475,2.195,8.363,0.986,16.238,4681.189,92.308
342.105,0.706,7.002,1.924,50.702,4500.083,89.705
441.221,3.479,6.404,2.359,86.993,4135.891,86.533
101.756,9.79,6.171,2.182,78.783,4000.969,87.159
436.681,3.539,8.408,2.264,43.971,4431.176,89.934
29.881,4.605,7.909,4.332,22.042,4368.478,89.846
444.3,6.531,8.297,4.265,58.531,4037.482,86.749
164.537,6.485,7.747,4.125,93.191,4069.333,86.707
157.294,9.499,6.856,3.899,18.572,4004.998,87.714
256.044,8.576,6.308,0.682,82.877,4140.021,88.144
470.345,7.94,8.323,1.172,15.585,4351.784,90.744
23.891,9.516,7.224,3.795,92.04,3971.078,86.645
176.115,2.308,6.991,3.177,69.632,4338.742,88.383
428.286,6.171,7.444,3.533,11.809,4144.885,88.182
198.027,8.872,6.266,3.726,21.04,3969.329,87.144
99.578,6.241,6.773,4.601,92.765,3969.798,85.643
212.397,9.774,7.595,3.358,51.249,4026.248,87.682
192.776,1.004,6.25,1.74,45.896,4512.67,89.969
457.708,4.393,6.338,0.874,6.769,4384.396,90.094
380.967,9.774,7.276,2.444,9.32,4085.404,88.693
252.558,3.796,7.559,3.694,69.473,4231.423,87.758
494.185,7.396,6.468,1.769,77.916,3997.191,86.411
232.639,0.304,6.083,1.04,86.834,4499.047,89.213
29.119,6.948,8.396,4.994,50.778,4176.623,88.343
131.137,9.346,6.069,2.385,33.529,4068.44,88.153
218.035,3.827,6.005,1.473,62.927,4326.947,88.788
78.451,0.213,6.808,1.241,62.269,4682.371,91.265
473.783,0.279,6.556,4.383,4.432,4257.651,87.616
383.424,8.92,7.434,4.188,93.941,3798.968,84.726
134.144,7.225,8.236,3.26,64.613,4240.001,88.921
295.402,1.067,7.203,2.962,1.64,4519.718,90.501
360.725,0.546,7.933,4.781,96.004,4215.513,86.359
470.639,8.048,8.273,1.527,95.312,4146.229,87.924
440.818,8.099,6.473,2.369,94.646,3895.792,85.441
257.596,1.205,7.221,0.611,89.001,4593.918,90.411
387.326,3.015,7.605,2.384,19.279,4439.171,90.103
281.072,7.8,6.83,2.229,97.74,4034.044,86.703
276.352,5.254,7.849,4.773,76.431,4053.921,86.351
57.371,9.566,7.763,2.112,64.435,4229.276,89.518
63.069,4.811,7.053,4.257,94.324,4118.904,86.689
264.767,6.77,6.22,3.95,38.728,3978.704,86.431
134.431,5.098,6.029,1.163,93.206,4278.102,88.378
10.518,9.43,6.923,4.832,60.963,3910.447,86.324
361.42,3.987,6.205,3.339,58.35,4089.842,86.511
16.243,2.298,7.954,3.184,64.949,4524.04,90.28
297.638,3.266,6.836,0.553,75.662,4464.854,89.872
269.597,8.528,7.665,3.646,45.047,4050.599,87.614
484.407,4.979,6.866,0.75,98.08,4224.229,87.755
242.107,3.543,7.99,1.334,9.763,4647.857,92.444
31.801,5.443,8.221,0.944,91.469,4556.756,91.286
275.844,1.332,8.094,2.202,66.085,4552.479,90.264
420.548,0.054,7.211,4.081,91.082,4217.931,86.285
498.425,2.806,6.21,3.683,37.507,4088.147,86.348
215.172,6.05,6.929,0.98,83.071,4318.685,89.171
160.149,7.117,7.061,4.093,61.983,4036.926,86.884
453.327,8.266,8.401,2.574,83.28,4076.154,87.409
95.621,9.267,7.414,0.647,33.177,4399.194,91.44
307.714,4.121,7.602,1.507,91.813,4365.951,88.978
202.857,7.405,7.955,4.033,92.5,4035.481,86.651
20.541,0.747,7.421,3.8,48.008,4518.444,89.928
173.644,0.575,7.496,1.348,40.631,4718.014,91.946
132.614,1.248,6.613,0.671,57.944,4649.638,91.291
343.046,4.486,6.147,1.828,20.818,4294.432,89.082
474.395,2.113,7.803,4.077,50.125,4229.542,87.428
134.024,2.869,8.122,4.723,89.785,4249.851,87.461
405.733,6.479,7.03,3.078,37.152,4094.09,87.513
27.68,3.585,7.372,0.91,73.869,4605.393,91.391
269.061,5.574,6.768,2.759,62.689,4162.288,87.668
35.275,4.124,7.126,4.995,26.878,4235.504,88.323
467.016,1.69,6.522,4.724,53.645,4054.539,85.516
383.176,0.74,7.9,4.969,85.407,4193.616,86.304
328.975,2.362,7.23,3.647,55.937,4263.764,87.787
411.948,0.577,7.368,2.417,69.988,4420.25,88.676
323.76,6.186,6.093,4.519,77.764,3830.651,84.385
484.472,7.957,7.556,4.528,5.891,3950.892,86.837
356.979,3.397,6.507,1.15,6.074,4475.192,90.71
462.329,3.871,6.958,3.989,12.381,4147.443,87.512
258.566,8.162,7.032,4.637,17.137,3967.837,86.956
58.532,2.226,7.122,4.543,81.333,4254.611,87.401
264.089,1.192,6.569,3.681,44.123,4308.913,88.005
63.436,5.011,8.125,2.918,19.341,4499.757,91.308
296.247,6.462,7.07,3.995,53.648,4028.91,86.691
241.247,5.997,7.53,2.823,76.571,4197.172,88.005
311.288,7.139,7.535,1.946,14.866,4316.616,90.159
5.023,0.568,7.517,1.665,35.096,4784.145,92.661
97.42,4.282,7.398,2.933,20.243,4443.238,90.515
245.665,2.386,8.057,2.552,64.991,4478.377,89.85
475.252,7.591,8.032,2.86,14.547,4170.852,88.84
191.805,8.727,7.043,1.673,78.328,4148.048,88.315
212.186,2.813,7.59,3.158,21.574,4453.289,90.161
357.348,0.952,6.257,3.479,6.802,4337.888,88.597
301.896,2.534,6.227,4.131,91.176,4049.597,85.344
149.463,1.04,7.2,3.155,33.988,4509.773,90.07
205.408,3.224,8.251,3.902,50.772,4369.36,89.153
108.85,5.382,7.625,1.262,10.998,4590.756,92.412
483.011,9.737,7.673,1.045,48.467,4137.547,88.812
65.317,3.994,6.394,1.308,23.034,4530.169,91.269
185.918,2.2,7.133,4.308,84.197,4211.133,86.929
12.919,1.668,7.002,3.003,71.662,4466.746,89.451
110.89,1.73,7.957,2.549,66.667,4565.553,90.508
390.236,1.926,6.345,3.93,78.345,4093.378,85.728
100.588,7.623,7.348,1.058,30.078,4437.379,91.36
40.032,0.61,8.278,0.528,45.911,4932.692,94.051
237.227,9.974,8.231,1.899,9.57,4296.725,90.864
4.985,5.227,8.131,1.62,7.711,4671.825,93.209
42.383,5.443,6.937,1.883,33.58,4444.96,90.747
403.813,3.576,8.353,4.881,82.452,4101.577,86.264
385.737,6.903,8.013,3.055,60.169,4137.506,87.844
457.569,4.715,8.128,3.151,43.027,4247.119,88.455
427.258,3.291,8.331,3.451,96.732,4216.414,87.184
341.588,2.651,8.343,2.29,44.775,4512.361,90.471
26.166,9.257,6.6,4.905,47.419,3898.73,86.29
391.424,2.91,6.319,4.88,99.26,3904.227,83.923
422.755,4.364,7.727,3.962,14.005,4218.974,88.359
399.541,3.503,7.408,1.453,26.306,4467.989,90.468
254.24,0.862,6.819,4.461,45.877,4273.804,87.538
116.451,1.859,7.711,0.954,57.558,4709.39,92.076
422.665,1.895,6.155,3.335,15.66,4244.643,87.858
363.581,6.936,6.118,2.557,33.553,4060.333,87.349
490.381,4.066,6.886,0.676,22.806,4426.835,90.26
77.846,7.82,6.485,4.568,85.14,3891.517,85.41
112.832,7.09,7.796,4.825,83.627,4019.001,86.481
105.899,1.92,8.37,4.583,24.744,4480.216,90.131
396.27,5.629,7.654,1.366,44.058,4361.088,89.859
93.454,7.429,7.637,1.998,65.513,4314.648,89.72
33.33,6.33,6.016,4.801,5.768,4076.846,87.61
499.28,6,7.281,0.979,88.477,4203.576,87.951
12.409,7.396,8.043,3.125,51.591,4312.596,89.829
417.622,0.568,7.635,2.685,23.427,4510.989,90.046
182.683,7.314,6.569,1.184,40.279,4300.981,89.801
420.808,2.727,8.121,4.49,90.265,4135.897,86.274
277.31,5.719,8.411,1.104,3.454,4599.226,92.673
450.816,2.423,6.697,3.167,15.136,4276.197,88.338
463.096,8.388,6.518,1.932,20.081,4067.473,87.99
4.549,4.806,6.846,2.381,6.951,4490.084,91.273
37.706,6.429,6.158,1.451,23.3,4383.753,90.533
125.179,7.941,8.184,3.311,81.898,4163.83,88.202
334.658,8.953,8.323,4.949,53.181,3916.072,86.315
444.136,7.321,7.583,4.251,60.938,3923.257,85.819
229.971,1.488,7.911,3.574,16.433,4511.406,90.396
303.487,8.545,7.672,3.904,28.553,4040.675,87.685
94.25,6.186,6.943,4.277,91.831,4026.583,86.203
402.483,6.094,7.58,2.626,21.834,4245.731,89.067
483.664,9.213,8.091,3.052,90.768,3919.873,86.055
134.299,2.488,8.025,4.53,66.658,4324.628,88.326
247.413,2.396,6.203,3.632,50.774,4212.039,87.331
43.058,5.132,7.157,1.112,18.221,4589.872,92.256
279.568,7.509,6.993,4.008,67.686,3947.951,86.055
251.392,4.472,7.88,0.602,88.753,4500.961,90.464
72.218,6.339,7.253,4.314,16.818,4207.265,88.806
221.033,4.525,6.874,4.047,1.612,4242.688,88.768
167.052,6.104,7.766,4.238,74.266,4115.5,87.243
260.915,8.223,7.184,0.606,60.446,4295.298,89.815
292.827,1.805,6.642,4.876,50.806,4138.291,86.416
4.248,6.954,8.226,3.264,46.149,4354.135,90.166
380.503,7.874,6.283,4.1,50.262,3833.752,85.197
356.507,4.471,6.045,3.05,38.084,4121.594,87.176
183.143,3.232,6.36,2.029,9.151,4461.6,90.494
26.468,0.135,6.409,1.833,77.797,4582.045,90.083
377.466,7.971,7.345,0.815,47.316,4271.124,89.629
477.588,3.279,7.562,2.941,82.67,4193.981,87.097
120.076,3.573,7.122,1.146,98.24,4462.365,89.713
161.762,3.36,6.51,3.054,18.003,4360.769,89.436
91.906,4.987,6.33,3.312,79.555,4147.403,87.175
288.468,7.025,7.23,2.489,97.774,4083.069,86.96
77.421,7.719,7.414,1.203,72.719,4350.944,90.098
178.097,3.926,6.76,2.447,25.351,4395.236,89.877
348.507,6.631,6.551,4.454,89.752,3824.399,84.336
280.058,7.207,6.201,2.561,79.529,4004.597,86.413
193.231,2.969,6.066,2.042,45.482,4366.295,89.099
210.125,0.966,6.264,3.334,57.684,4324.299,87.956
281.055,8.947,7.855,3.285,72.47,4024.231,87.202
2.932,6.771,6.86,0.908,13.328,4528.548,92.184
39.255,6.481,6.069,1.564,92.771,4221.208,88.229
440.629,0.589,7.27,2.725,98.757,4307.279,87.262
38.939,8.179,7.34,2.148,33.723,4323.316,90.35
353.402,5.661,7.072,1.94,71.793,4209.877,88.079
460.019,8.479,6.277,2.506,42.709,3937.729,86.494
135.342,9.746,7.887,1.806,3.746,4345.657,91.343
185.246,9.571,7.723,2.064,95.913,4102.909,87.941
284.461,8.561,6.987,3.981,15.09,4000.094,87.418
440.854,0.109,6.952,2.796,8.419,4472.86,89.677
470.953,8.857,6.39,4.428,83.882,3650.095,83.319
369.782,0.751,7.884,4.769,4.353,4380.407,88.986
43.31,8.512,7.499,4.649,69.101,3999.505,86.858
334.577,2.802,6.214,1.642,93.078,4263.748,87.547
205.152,6.101,6.945,2.628,41.212,4241.682,88.835
235.35,0.381,8.259,2.908,7.767,4682.874,91.865
24.574,7.712,7.131,4.335,22.611,4136.508,88.453
95.531,1.117,6.812,3.016,94.884,4386.286,88.249
395.257,4.107,7.609,1.637,47.073,4400.105,89.762
226.979,8.174,6.507,2.964,54.595,4022.949,87.136
150.831,6.953,7.31,0.699,16.45,4505.033,91.972
192.01,0.06,7.674,4.254,91.884,4359.225,87.692
427.2,4.03,8.137,3.047,52.196,4289.512,88.582
374.5,0.419,7.731,3.433,53.357,4414.925,88.741
136.158,6.735,6.961,1.404,58.029,4334.794,89.788
58.751,9.689,7.92,3.012,76.97,4123,88.367
125.999,6.553,8.246,2.888,21.092,4402.999,90.785
460.378,2.244,7.194,3.288,94.291,4159.65,86.327
290.794,3.552,6.011,4.313,18.365,4110.042,86.982
266.74,9.767,8.202,3.94,20.544,4063.404,88.359
298.197,2.241,6.414,2.961,2.228,4379.686,89.447
183.014,5.615,6.316,4.52,2.949,4101.381,87.669
403.554,4.005,6.769,2.113,43.455,4276.717,88.534
261.643,7.683,6.95,2.716,19.114,4170.14,88.815
58.374,8.674,7.998,3.422,21.978,4250.761,89.89
64.533,3.408,6.973,2.483,98.805,4348.656,88.521
268.43,6.604,6.122,2.126,93.002,4049.15,86.543
468.285,5.49,7.59,1.006,32.923,4383.901,90.157
154.176,2.784,7.678,3.362,34.973,4445.395,89.94
434.771,2.719,8.036,1.367,29.918,4553.691,91.054
382.048,5.386,6.997,1.122,88.341,4250.48,88.237
123.906,1.54,6.215,1.32,10.73,4629.134,91.646
18.17,8.108,7.383,3.598,58.825,4146.31,88.307
50.924,0.69,6.302,1.123,19.444,4719.136,92.204
364.247,0.946,6.043,4.893,76.057,4033.438,84.858
99.835,3.422,7.946,3.913,63.505,4355.262,88.944
185.635,1.181,7.009,2.267,39.397,4543.465,90.395
250.85,4.757,7.313,3.17,10.713,4329.574,89.616
362.734,3.997,7.657,0.534,76.973,4477.128,90.201
56.616,7.218,7.003,4.3,8.627,4163.752,88.717
203.183,9.53,6.128,1.72,28.101,4106.443,88.642
242.536,7.536,6.632,0.823,26.111,4330.569,90.305
270.414,1.794,6.486,3.912,58.274,4215.953,87.115
409.18,9.355,8.443,1.983,51.86,4169.967,88.988
85.839,3.921,7.849,3.054,28.695,4483.108,90.721
403.916,4.742,7.129,4.298,43.607,4056.806,86.555
346.439,4.216,6.158,3.992,44.2,4044.264,86.265
277.935,2.805,6.29,2.016,57.782,4332.58,88.59
349.764,8.95,8.032,4.409,89.926,3860.056,85.386
206.009,3.322,8.364,2.25,15.051,4612.153,91.968
69.199,5.786,6.078,2.75,56.212,4196.505,88.139
332.883,2.4,8.276,3.256,2.82,4509.896,90.791
262.336,7.974,6.951,0.819,70.124,4243.096,89.122
319.687,7.742,6.534,3.187,64.399,3958.943,86.268
168.999,2.963,6.256,3.098,69.708,4243.649,87.628
453.433,6.816,7.929,4.431,48.019,3986.332,86.428
293.685,7.039,7.172,2.091,19.499,4270.302,89.62
42.701,5.625,8.081,1.59,45.36,4555.795,91.792
224.902,6.006,6.565,2.644,3.336,4272.685,89.495
378.178,5.745,7.696,3.593,38.762,4156.502,87.901
397.067,0.819,6.295,3.029,84.019,4219.174,86.597
247.299,6.703,6.224,1.122,34.52,4282.423,89.49
447.374,4.698,6.333,2.066,59.584,4149.057,87.304
133.834,4.385,8.022,0.787,26.85,4683.675,92.884
205.299,8.6,7.639,3.827,14.288,4119.984,88.637
449.298,0.232,6.415,4.473,52.571,4152.759,86.072
448.128,2.513,6.962,0.706,4.541,4566.837,91.377
342.856,1.214,7.909,2.864,90.544,4391.262,88.371
429.49,0.353,6.714,3.047,77.941,4278.43,87.111
44.387,2.757,8.303,2.475,99.794,4523.224,90.061
432.497,9.885,8.287,2.762,99.325,3943.283,86.405
160.31,2.702,7.382,3.697,73.17,4306.956,88.149
89.166,6.637,7.58,2.677,77.892,4258.096,88.793
119.685,1.183,7.633,4.638,53.281,4373.907,88.561
208.984,6.018,6.646,2.934,22.636,4220.536,88.785
125.596,9.845,6.913,0.823,81.032,4191.918,89.062
160.284,2.918,6.34,4.79,27.7,4173.529,87.334
67.489,8.481,8.312,1.161,65.349,4426.674,91.157
148.088,9.976,7.81,4.03,73.357,3958.412,86.843
286.142,5.886,6.116,2.871,56.865,4073.404,86.931
220.927,3.094,7.373,3.834,66.61,4255.561,87.818
173.359,6.735,6.858,2.81,29.998,4221.283,88.933
373.226,8.448,8.038,0.765,76.291,4265.666,89.428
446.755,1.714,6.86,2.187,94.411,4269.358,87.264
378.395,4.525,7.61,3.293,48.917,4218.441,88.053
166,3.192,6.414,3.33,12.977,4339.89,89.227
372.221,2.834,7.397,4.879,62.352,4099.325,86.22
75.99,8.608,6.735,3.228,34.8,4112.62,88.361
65.159,4.217,6.412,1.789,42.491,4433.935,90.179
172.814,3.391,7.548,0.695,16.011,4697.307,92.83
403.851,6.035,7.597,4.048,62.953,4025.287,86.434
123.174,2.194,8.458,4.502,78.938,4366.494,88.534
31.627,2.299,7.673,3.261,76.878,4456.624,89.487
65.855,5.203,7.289,2.671,99.394,4269.998,88.267
429.372,4.093,8.282,4.374,22.007,4227.374,88.281
316.892,2.95,8.071,1.582,91.5,4459.973,89.57
126.601,0.54,7.372,2.294,73.529,4570.423,90.131
277.648,5.208,7.278,2.784,71.041,4208.099,87.933
263.79,8.166,8.355,0.722,68.692,4385.691,90.62
327.718,8.514,7.543,3.599,54.298,3996.277,86.974
116.594,2.354,7.784,1.349,38.486,4690.603,92.227
432.201,5.996,6.217,1.999,94.391,4017.047,86.025
154.684,8.559,7.796,2.365,15.958,4305.857,90.467
347.066,4.087,6.662,3.373,18.422,4214.1,88.183
8.062,9.321,6.289,0.795,2.655,4374.008,91.51
186.329,9.03,8.124,2.034,74.199,4215.977,89.127
175.855,2.081,7.728,1.735,89.505,4528.332,90.013
271.742,2.59,7.019,0.507,19.418,4647.017,92.053
36.368,1.804,7.079,3.612,4.408,4529.39,90.791
395.066,1.961,6.493,1.562,25.166,4447.216,89.809
108.89,9.079,6.024,1.249,88.483,4092.148,87.76
338.519,9.311,6.873,4.091,2.602,3938.223,87.15
401.606,0.519,6.371,0.676,11.015,4620.684,91.252
280.938,5.936,7.054,4.551,3.474,4106.105,87.807
370.442,5.642,8.085,3.591,94.372,4093.27,86.682
330.93,3.905,6.287,1.273,14.415,4411.834,90.146
177.765,6.317,6.229,2.075,90.141,4130.378,87.297
404.429,9.474,8.255,4.775,47.87,3876.394,86.127
147.351,1.703,7.863,3.285,40.091,4518.82,90.298
285.606,1.204,6.133,3.239,43.225,4299.886,87.928
372.699,0.334,6.199,3.439,42.448,4288.069,87.556
189.478,3.638,7.712,2.582,34.831,4466.681,90.41
151.384,3.376,6.926,1.253,81.269,4460.255,89.803
229.673,4.308,7.81,1.179,51.292,4530.313,91.083
408.982,5.033,7.011,3.593,99.107,3987.464,85.393
464.961,7.578,8.419,4.478,52.259,3978.262,86.533
272.542,3.921,7.736,1.851,82.029,4392.124,89.277
330.733,3.306,6.117,2.765,74.765,4154.92,86.793
451.637,8.269,6.826,4.965,40.709,3765.442,84.728
49.273,8.498,7.409,1.657,79.075,4267.494,89.434
116.039,2.328,6.355,2.256,16.342,4502.786,90.563
354.45,3.147,6.006,2.136,21.131,4310.223,88.835
411.872,8.251,6.198,0.647,62.269,4112.131,87.974
428.515,0.794,7.311,2.793,71.445,4354.932,88.073
207.554,3.258,7.581,1.439,64.739,4517.98,90.51
44.67,4.484,6.232,1.079,51.435,4465.977,90.49
218.891,1.871,7.663,3.697,14.623,4464.375,90.059
115.367,1.799,7.543,3.946,37.903,4436.242,89.523
145.598,4.249,8.35,4.5,60.884,4277.974,88.445
386.134,7.545,8.102,4.704,23.381,4022.72,87.257
37.764,8.402,8.358,4.411,64.146,4127.441,88.154
413.791,9.792,8.415,1.051,24.194,4291.504,90.611
213.835,0.74,7.102,1.506,10.688,4694.284,92.058
298.032,2.167,7.22,1.051,33.109,4593.288,91.252
44.826,7.566,6.704,2.091,28.003,4304.586,90.036
168.68,5.406,7.271,1.058,81.234,4404.168,89.851
44.85,3.277,6.377,3.44,48.878,4309.683,88.591
480.772,2.056,7.679,3.725,7.34,4337.475,88.918
403.631,2.805,6.062,1.218,81.741,4278.88,87.813
229.816,4.293,6.589,3.297,27.6,4244.445,88.456
111.801,1.772,6.52,0.603,57.22,4632.757,91.287
466.728,9.642,8.345,2.455,54.611,4064.307,87.99
172.298,1.076,6.362,1.784,97.187,4423.505,88.586
80.492,9.856,8.227,4.993,26.239,4037.859,88.073
281.582,8.419,6.311,4.653,15.373,3873.352,86.105
471.887,4.232,7.627,1.164,26.584,4445.583,90.459
1.915,7.398,6.8,4.628,58.07,4030.15,86.94
119.062,6.715,6.79,2.385,22.537,4300.183,89.791
469.224,2.133,8.496,3.095,34.707,4429.408,89.587
85.543,3.391,6.565,2.902,66.147,4321.715,88.573
56.622,5.131,6.506,3.768,12.532,4263.934,89.053
285.094,6.378,7.473,2.007,94.585,4195.964,87.927
430.922,5.429,7.852,0.814,53.703,4409.517,90.187
238.555,4.73,8.456,2.379,48.876,4454.171,90.472
497.282,4.432,7.754,2.95,36.941,4236.226,88.322
339.586,4.983,7.405,2.997,25.321,4271.19,88.953
37.037,4.344,7.023,4.067,48.857,4262.206,88.437
496.416,5.413,7.488,0.699,49.141,4361.722,89.75
203.947,8.88,7.502,4.946,6.556,3996.488,87.563
143.701,6.328,6.544,4.958,84.891,3900.626,85.056
278.94,7.226,7.678,0.946,82.255,4307.953,89.425
152.154,5.975,6.511,2.048,45.333,4280.814,89.147
43.229,6.43,7.225,3.156,34.339,4295.048,89.536
0.714,5.783,6.65,2.18,50.394,4356.65,89.798
224.792,0.269,6.782,2.694,22.922,4537.096,90.222
418.432,9.996,7.535,1.967,1.083,4145.62,89.444
286.158,0.336,6.161,3.705,36.076,4313.626,87.876
499.604,3.951,6.03,2.138,2.783,4236.26,88.52
143.423,1.051,6.327,2.434,5.03,4554.878,90.814
140.228,0.969,6.422,3.092,3.918,4506.605,90.318
79.875,7.935,6.495,4.861,88.126,3850.375,85.003
82.032,4.259,7.935,3.388,15.217,4470.258,90.828
142.593,8.011,7.117,0.936,26.179,4393.875,91.08
396.42,2.728,7.175,1.935,49.536,4390.303,89.226
452.878,2.565,7.611,2.389,53.402,4360.738,88.843
487.544,2.512,7.823,3.831,13.085,4303.642,88.659
116.145,6.161,6.009,2.511,91.042,4101.554,86.954
440.649,8.15,8.142,3.466,23.877,4092.006,88.126
164.128,4.523,8.471,4.278,94.316,4222.509,87.639
56.42,3.792,6.305,0.97,26.431,4562.804,91.501
435.012,9.736,7.628,3.946,1.257,3961.378,87.522
318.053,1.168,6.006,3.855,97.214,4103.261,85.411
82.365,4.866,6.123,4.189,48.888,4111.112,87.082
214.916,4.085,6.713,4.802,87.996,4003.326,85.379
143.629,0.981,8.116,1.893,73.7,4654.004,91.097
368.397,2.682,7.631,2.431,18.723,4464.321,90.261
226.708,0.284,7.115,1.682,84.682,4546.31,89.702
494.64,8.77,7.096,1.972,6.057,4114.541,88.716
27.372,6.078,7.165,1.984,51.248,4397.984,90.291
177.508,8.15,6.778,4.414,26.157,3987.782,87.061
240.95,5.216,8.194,0.783,36.797,4586.278,92.059
251.567,5.995,7.42,1.412,75.946,4323.323,89.272
157.968,7.009,7.21,3.248,68.655,4129.515,87.711
364.62,9.08,7.163,3.943,44.568,3896.479,86.243
437.374,0.918,8.34,3.638,5.546,4494.482,90.165
469.36,3.309,7.809,0.71,4.952,4599.899,91.942
402.547,7.09,6.362,2.542,70.518,3985.173,86.274
425.29,9.584,7.092,1.33,94.934,3994.541,86.871
275.273,9.808,6.721,4.947,84.879,3679.63,83.89
412.944,6.381,8.467,4.995,13.096,4095.5,87.738
151.752,1.936,7.038,0.729,13.001,4732.266,92.773
199.239,1.192,6.17,3.505,61.442,4284.383,87.587
158.457,9.46,7.028,4.159,66.104,3902.466,86.202
233.694,4.339,6.803,1.962,62.032,4326.311,88.945
142.79,1.948,7.499,3.621,88.654,4341.649,88.114
480.806,9.339,6.565,1.345,23.869,4066.981,88.233
156.422,1.045,6.09,1.076,18.057,4634.824,91.481
49.022,7.296,6.24,4.664,91.503,3885.282,85.127
263.409,6.253,6.708,3.391,72.493,4042.324,86.574
28.55,0.877,6.871,4.176,71.461,4368.39,88.232
55.272,3.387,8.086,2.897,34.203,4553.476,91.209
109.695,1.499,6.675,1.196,63.159,4591.76,90.736
232.175,6.045,6.079,2.195,72.944,4124.155,87.326
216.625,4.771,7.952,4.467,60.427,4180.714,87.634
399.846,0.043,8.172,0.57,73.886,4710.374,91.378
369.737,9.757,7.231,1.432,59.415,4088.293,88.216
213.159,3.496,6.712,1.64,98.221,4329.439,88.361
166.852,2.582,7.93,1.683,49.708,4612.742,91.405
158.234,2.224,6.022,0.944,2.234,4613.053,91.776
386.998,1.588,8.31,4.317,17.171,4392.06,89.225
26.036,9.991,8.164,1.218,96.452,4289.112,89.924
6.411,2.951,7.362,4.234,47.483,4367.13,89.082
397.772,4.055,6.694,2.098,12.932,4332.111,89.408
238.573,8.714,6.082,2.558,16.426,4064.601,88.096
65.441,6.419,8.5,2.583,3.866,4530.277,92.19
117.783,3.687,7.905,3.709,23.408,4429.548,90.167
466.252,8.983,6.847,3.791,98.678,3725.947,83.968
429.751,7.497,6.048,3.383,33.553,3909.665,86.01
354.893,2.279,7.598,3.982,25.775,4318.681,88.613
241.113,6.437,8.467,0.537,67.094,4516.375,91.424
260.162,9.224,7.768,2.772,67.746,4072.832,87.818
487.622,4.965,6.209,2.858,96.816,3949.445,85.016
482.885,7.336,7.006,1.577,73.23,4088.158,87.35
107.635,9.711,6.273,3.004,11.887,4063.786,88.432
405.552,6.904,8.28,2.602,98.574,4122.688,87.312
98.621,1.024,6.826,2.625,75.273,4469.076,89.245
106.769,2.446,7.833,1.033,26.662,4751.052,92.978
338.047,5.951,6.212,2.459,26.858,4155.016,88.067
202.501,2.756,6.321,3.949,96.04,4106.102,85.927
465.772,9.575,7.699,2.345,20.071,4083.577,88.508
44.505,4.054,8.109,2.694,23.531,4569.505,91.676
255.763,4.572,6.504,4.854,36.534,4035.413,86.36
459.261,7.016,7.046,4.423,68.268,3845.315,84.875
452.057,5.242,7.549,4.679,43.543,4011.701,86.254
78.265,3.821,7.991,0.85,31.815,4720.279,93.031
183.319,0.766,7.57,3.284,27.495,4543.72,90.392
309.561,5.964,6.239,1.505,13.384,4293.549,89.591
79.697,8.676,7.357,2.319,55.079,4219.998,89.252
484.011,6.858,8.212,3.559,28.068,4124.242,88.019
457.375,3.815,8.17,3.105,33.817,4319.426,89.001
83.475,1.277,7.463,2.776,1.772,4659.53,91.961
60.578,8.163,8.489,4.165,53.593,4186.779,88.781
42.704,9.417,6.263,3.572,69.946,3936.993,86.496
454.722,3.883,7.196,4.195,92.826,3993.029,85.167
96.812,7.286,7.938,4.694,20.516,4170.653,88.687
208.142,4.108,6.353,3.704,92.017,4071.386,86.026
224.426,5.023,8.432,2.279,36.752,4478.409,90.923
299.506,8.365,6.885,1.458,80.437,4113.897,87.844
35.868,0.834,6.875,1.719,89.783,4576.41,90.117
113.379,5.303,6.533,2.285,96.175,4210.608,87.735
465.745,2.146,6.72,3.83,33.219,4182.343,87.135
454.205,3.398,7.444,0.681,26.785,4525.752,91.009
390.645,6.444,7.073,4.164,44.517,3984.341,86.332
9.701,0.272,6.483,3.912,55.911,4426.898,88.792
163.503,5.938,8.023,2.747,69.374,4310.135,89.189
313.979,2.834,6.156,2.299,69.496,4248.007,87.635
137.595,6.695,8.087,1.007,12.548,4579.313,92.676
454.793,1.416,6.687,1.804,61.57,4367.042,88.479
316.945,7.358,7.24,0.993,17.619,4363.027,90.662
35.953,6.456,6.953,4.185,71.425,4093.121,87.154
454.503,9.712,7.427,2.792,97.681,3855.213,85.489
478.883,9.112,7.99,1.611,77.319,4088.246,87.843
38.856,2.833,8.473,0.581,69.779,4788.553,93.038
266.18,0.273,6.765,2.858,8.671,4526.66,90.262
151.682,6.554,7.385,3.884,19.279,4207.929,88.853
196.42,6.029,7.165,3.949,36.169,4149.589,87.943
89.826,0.274,8.497,1.465,93.414,4757.784,91.726
289.036,1.227,8.022,4.978,33.758,4331.077,88.341
478.99,5.847,6.993,3.06,81.563,3998.348,85.922
251.536,9.118,7.192,1.994,11.271,4215.592,89.779
41.457,9.065,6.615,2.268,66.538,4127.67,88.331
310.001,1.515,7.888,1.06,78.132,4595.809,90.631
170.111,3.846,8.113,2.72,54.749,4452.452,90.131
427.963,0.432,8.412,3.89,76.918,4362.846,87.989
217.339,4.693,7.415,2.342,72.643,4318.632,88.868
96.42,7.531,7.677,4.401,48.221,4106.393,87.841
95.553,7.9,7.115,2.645,86.686,4130.841,87.811
384.382,4.99,7.523,4.553,34.821,4085.679,87.006
132.794,0.959,6.872,3.664,43.115,4420.183,89.058
383.617,3.814,7.844,0.748,54.446,4518.285,90.782
102.944,9.321,6.057,0.802,13.939,4280.116,90.458
160.843,2.296,6.071,4.1,52.016,4197.806,87.147
232.743,3.198,7.79,2.106,33.087,4526.036,90.889
471.598,7.468,8.327,1.352,26.41,4335.478,90.331
465.866,7.336,7.581,4.394,58.107,3902.731,85.647
103.436,9.122,7.816,4.925,33.631,4014.064,87.541
179.11,3.881,8.06,4.139,85.695,4237.042,87.678
74.7,5.146,6.904,3.763,41.588,4236.285,88.491
254.993,4.674,6.27,0.504,41.891,4431.623,90.3
230.291,9.278,8.333,0.977,98.212,4260.139,89.403
450.38,7.693,8.346,3.519,34.811,4103.24,87.992
465.003,8.314,7.105,2.343,14.017,4099.9,88.353
191.784,1.331,6.543,0.588,87.782,4557.524,90.097
245.869,7.918,8.231,3.834,91.783,4037.274,86.83
448.118,4.33,7.771,2.384,23.419,4351.277,89.578
403.354,0.233,6.021,3.465,88.326,4165.588,85.843
1.828,0.601,6.269,2.608,49.961,4535.298,90.034
160.03,6.779,8.458,0.619,5.3,4654.308,93.524
210.887,3.72,6.095,3.362,55.334,4171.248,87.275
114.858,8.681,6.706,4.046,85.029,3904.456,85.799
99.786,7.343,7.371,1.202,40.268,4419.368,90.994
18.892,0.217,6.461,4.51,55.549,4363.718,88.147
321.685,6.869,6.58,1.317,14.921,4292.183,89.833
131.255,1.924,6.882,2.403,84.377,4417.407,88.907
26.174,4.226,6.674,2.872,11.582,4432.612,90.478
115.49,6.247,8.008,1.912,10.348,4518.79,91.959
400.957,8.727,7.251,2.752,93.422,3926.181,85.946
425.745,4.561,6.697,3.733,87.474,3980.526,85.299
241.533,8.085,6.783,3.715,57.913,3965.932,86.506
208.035,7.83,6.1,4.65,11.509,3926.42,86.498
488.927,4.145,6.123,4.379,55.053,3912.569,84.819
100.282,5.01,7.795,4.933,92.134,4101.281,86.594
107.68,7.005,6.282,3.179,61.623,4082.978,87.315
145.934,0.311,7.189,2.302,20.626,4658.925,91.476
86.379,8.908,8.106,1.58,90.677,4282.598,89.592
189.683,7.698,6.921,1.598,86.68,4179.217,88.235
455.417,2.494,6.864,1.179,55.112,4405.881,89.256
307.674,9.812,8.183,3.77,85.372,3926.091,86.351
205.973,1.794,8.162,3.444,6.58,4565.962,91.132
467.205,9.141,8.2,1.815,46.657,4154.542,88.821
24.232,3.245,7.43,4.515,18.631,4379.902,89.586
105.138,7.631,8.381,2.985,83.917,4237.572,88.826
282.944,4.564,8.047,0.811,97.148,4459.726,89.995
307.776,7.365,7.039,0.777,93.139,4217.855,88.457
19.779,1.558,7.574,1.144,50.831,4753.511,92.494
201.519,2.695,6.304,1.451,51.589,4446.688,89.76
324.577,0.999,7.378,4.493,90.915,4194.44,86.335
349.035,8.651,6.658,4.003,72.453,3813.49,85.006
319.07,2.963,6.709,1.408,8.386,4505.658,90.862
160.282,6.945,6.314,1.618,13.706,4314.818,90.095
46.76,8.202,6.895,3.366,95.221,4029.064,86.799
213.556,9.014,7.203,4.422,37.223,3946.229,86.794
64.377,1.063,7.501,1.925,19.549,4733.126,92.455
473.812,8.93,6.762,2.865,73.818,3858.695,85.528
237.585,1.973,7.981,4.507,88.089,4253.795,87.249
158.63,7.369,7.302,3.968,21.449,4142.792,88.424
383.152,7.288,7.595,4.512,25.892,4000.549,86.933
248.974,0.085,6.695,1.751,90.094,4485.476,88.979
155.017,2.206,8.035,3.609,2.304,4550.185,91.141
405.984,4.919,7.561,1.013,90.887,4324.043,88.807
433.576,4.2,8.156,3.273,4.887,4351.714,89.728
336.504,9.186,6.4,1.868,10.445,4104.748,88.699
23.482,3.597,6.952,3.657,86.365,4265.158,87.867
283.161,9.37,6.283,1.138,25.594,4153.151,89.087
381.647,4.594,6.539,3.495,23.245,4137.343,87.519
68.252,9.644,6.986,3.688,84.569,3944.364,86.491
114.335,7.374,8.236,4.357,54.677,4152.726,88.193
441.248,8.293,7.393,3.592,35.711,3973.362,86.865
10.061,1.049,6.826,2.853,71.709,4496.419,89.562
376.364,5.861,7.867,4.029,81.165,4040.271,86.349
236.887,1.427,6.049,1.78,86.414,4364.304,88.207
223.386,2.976,6.925,3.549,12.816,4351.528,89.28
3.548,6.236,7.502,3.76,58.672,4243.27,88.717
409.699,7.262,7.458,2.266,68.144,4114.916,87.646
179.912,0.392,7.519,4.95,12.531,4422.244,89.215
270.383,5.309,6.529,2.102,61.402,4219.167,88.17
338.65,5.653,6.843,0.88,4.162,4435.943,91.014
351.315,0.788,8.329,1.866,34.816,4661.625,91.505
477.99,5.007,8.435,0.947,18.03,4523.349,91.555
265.67,7.138,6.78,2.027,56.559,4172.448,88.3
199.86,0.532,7.611,1.075,19.918,4787.203,92.833
476.852,7.603,6.603,2.478,79.125,3935.723,85.847
321.055,5.764,6.921,4.001,12.993,4117.315,87.772
149.075,8.332,7.981,0.803,76.025,4374.533,90.485
63.232,2.181,7.253,3.034,10.792,4559.665,91.143
421.277,8.333,8.124,0.697,44.797,4325.806,90.31
181.091,0.946,7.572,4.481,70.155,4330.975,87.892
330.235,4.038,7.572,4.646,16.985,4191.605,87.958
235.408,1.995,6.085,2.716,75.482,4268.498,87.529
99.465,8.76,7.874,3.962,95.388,4012.745,86.802
300.843,7.049,8.445,3.168,37.967,4248.842,89.224
30.342,0.254,7.183,2.033,1.018,4785.071,92.917
206.671,0.095,6.396,1.603,48.206,4574.822,90.295
273.307,2.912,8.442,3.914,90.342,4289.915,87.869
218.023,1.433,6.725,2.435,66.836,4414.716,88.909
374.336,6.303,7.023,4.641,70.625,3894.621,85.131
413.962,6.638,6.193,4.891,79.454,3732.492,83.522
385.622,9.42,6.277,1.447,90.912,3937.422,86.291
19.406,9.52,6.541,3.025,13.356,4139.229,89.115
97.064,6.589,7.371,2.916,59.431,4248.654,88.869
268.304,0.057,7.394,4.406,89.083,4283.646,86.963
467.411,3.59,7.516,3.609,77.813,4121.787,86.517
417.478,5.131,7.46,3.233,25.645,4206.034,88.343
421.267,4.992,7.238,3.556,87.586,4032.852,85.95
151.604,6.033,8.005,2.253,30.116,4437.564,90.884
214.724,9.606,8.335,4.821,41.678,3980.351,87.268
235.353,8.852,6.674,0.759,19.378,4292.479,90.387
78.686,1.089,6.325,0.631,88.637,4598.369,90.424
15.534,2.66,7.063,2.37,10.208,4608.082,91.777
473.451,8.331,6.066,1.196,99.417,3934.932,85.854
120.356,8.243,8.208,2.952,33.539,4286.259,90
119.974,2.754,6.599,0.541,71.37,4565.459,90.767
41.69,7.306,7.373,2.569,13.744,4366.84,90.723
464.254,6.72,6.288,1.827,49.298,4079.315,87.316
289.869,4.735,7.383,1.411,4.973,4505.61,91.427
333.518,2.015,6.097,2.501,87.962,4216.246,86.887
455.788,8.886,7.922,4.345,45.197,3895.046,86.164
172.81,6.779,8.389,3.449,74.533,4219.532,88.484
310.754,1.69,6.767,1.22,89.557,4435.783,88.969
19.4,7.048,6.646,2.745,7.791,4312.378,90.16
93.386,7.414,7.12,4.693,51.633,4022.071,86.929
415.623,8.869,7.55,2.477,19.765,4116.562,88.629
383.384,2.228,6.472,2.617,7.832,4366.72,89.257
175.321,9.888,8.008,4.736,62.581,3920.016,86.541
188.405,1.534,6.496,1.111,12.296,4643.029,91.768
266.777,6.007,6.014,3.808,49.702,3987.464,86.18
0.121,6.572,7.311,1.846,20.495,4476.802,91.535
120.622,4.19,6.288,4.397,20.574,4178.2,87.833
104.116,4.75,7.746,0.745,52.776,4604.967,91.947
125.241,8.909,6.419,4.957,55.984,3826.144,85.374
402.953,6.453,8.043,3.959,1.344,4181.669,88.739
139.837,4.97,7.176,1.779,50.576,4420.071,90.186
95.761,1.283,7.416,3.924,67.305,4402.519,88.737
252.132,0.073,6.466,4.653,68.173,4215.23,86.493
432.823,1.25,6.367,1.008,85.138,4386.687,88.39
120.675,9.562,7.578,4.611,89.635,3879.014,85.762
39.268,7.641,6.639,2.121,62.663,4224.783,88.913
178.202,9.671,6.965,0.529,48.701,4273.513,90.149
373.826,0.357,7.199,1.006,21.207,4672.092,91.616
275.345,6.802,6.574,4.482,13.549,4004.37,86.949
408.397,0.443,7.989,4.922,61.301,4257.709,87.097
479.796,7.821,8.349,4.529,94.712,3861.589,85.015
396.331,3.81,7.08,2.487,28.543,4313.555,88.993
301.902,0.958,8.294,4.826,10.846,4426.227,89.441
246.671,5.68,8.207,2.331,42.962,4394.305,90.218
20.035,2.801,6.415,1.012,1.048,4688.176,92.712
492.161,6.596,6.433,2.034,55.804,4052.447,86.945
191.741,6.582,7.194,4.993,5.898,4083.307,87.749
76.114,7.05,7.315,3.317,93.166,4122.897,87.412
333.354,9.925,6.853,2.03,87.123,3945.127,86.557
142.144,3.867,6.782,3.309,12.375,4358.178,89.618
292.889,4.653,7.078,2.431,15.543,4354.543,89.786
293.384,8.046,7.726,0.723,95.391,4260.543,89.065
222.865,5.784,6.211,1.405,81.542,4216.89,88.089
418.059,0.373,7.776,0.587,94.26,4602.81,90.197
132.484,8.431,8.316,1.647,34.116,4410.891,91.297
224.316,0.515,7.909,3.828,11.985,4546.195,90.497
268.846,1.708,6.479,1.37,61.923,4467.246,89.566
331.812,1.021,6.219,2.876,96.704,4223.891,86.578
391.986,0.779,7.226,3.657,13.866,4394.184,89.037
197.404,0.257,8.391,2.969,82.071,4566.509,89.921
323.023,0.55,8.048,0.569,36.602,4785.619,92.655
75.305,4.424,7.407,2.135,12.435,4543.437,91.637
466.324,2.529,6.357,2.487,46.445,4234.534,87.639
191.529,1.265,7.785,2.042,49.385,4616.418,91.05
364.761,6.587,8.032,2.958,1.899,4291.899,89.876
10.171,2.261,8.338,2.809,47.971,4638.766,91.586
102.594,0.189,7.53,1.344,65.1,4727.704,91.683
243.541,4.184,7.286,3.884,76.702,4155.845,87.047
439.126,3.104,7.548,1.225,10.757,4535.978,91.184
263.628,3.186,8.358,2.565,87.777,4412.608,89.204
464.935,4.453,7.57,3.903,17.607,4176.379,87.924
241.898,6.689,6.644,3.638,66.17,4012.883,86.474
245.225,6.165,7.59,2.445,55.711,4272.281,89.015
59.873,9.373,8.199,4.05,88.121,4040.113,87.332
401.328,5.177,7.418,3.712,4.826,4201.385,88.519
123.483,4.726,7.257,2.23,19.965,4464.678,90.865
449.806,2.134,7.833,4.53,13.075,4272.602,88.236
455.412,7.554,7.652,1.139,33.428,4279.114,89.723
471.655,1.408,6.142,2.113,34.546,4327.548,88.352
260.115,4.911,7.813,3.64,9.773,4322.144,89.597
338.547,4.213,7.019,4.428,51.918,4075.277,86.498
389.258,6.583,8.352,1.952,12.508,4391.268,90.763
65.507,9.176,8.427,3.026,8.361,4331.856,90.988
300.479,9.466,7.122,0.553,4.284,4324.752,91.044
17.149,1.678,8.422,2.169,92.985,4646.875,91.042
248.783,2.618,6.777,1.989,40.277,4442.93,89.812
77.421,8.116,7.707,4.291,29.085,4138.851,88.533
91.461,5.183,6.188,0.833,48.745,4433.113,90.399
182.524,4.53,6.362,0.78,16.611,4507.294,91.266
216.219,7.106,8.161,2.492,41.21,4321.074,89.931
311.586,6.019,8.234,2.333,19.864,4393.637,90.544
37.214,9.707,7.332,1.227,31.135,4344.217,91.043
251.846,5.84,6.849,1.685,92.497,4213.533,87.962
91.313,4.66,7.128,4.884,15.721,4214.283,88.384
286.988,5.428,8.174,2.809,47.911,4325.75,89.407
318.702,8.085,6.527,0.895,66.425,4166.743,88.429
278.355,6.127,6.737,0.724,91.882,4272.053,88.64
369.148,6.47,7.964,0.689,92.378,4334.635,89.364
167.805,9.714,8.338,2.251,25.479,4288.18,90.541
382.553,6.184,6.232,4.395,94.372,3794.485,83.856
216.384,3.803,8.009,4.248,33.808,4310.181,88.905
242.092,6.913,7.613,2.155,89.597,4199.815,88.176
324.051,6.595,6.577,3.985,10.227,4046.993,87.346
9.179,0.138,7.89,3.885,20.637,4647.656,91.312
326.997,4.673,7.82,2.673,8.821,4399.826,90.312
309.293,7.429,6.355,2.32,30.604,4116.228,88.085
154.924,4.99,7.256,1.312,87.511,4392.31,89.545
42.897,7.796,7.896,1.754,16.768,4469.331,91.864
45.468,4.509,6.479,2.024,23.26,4450.778,90.628
461.612,9.833,7.157,4.157,22.402,3832.697,86.053
344.64,2.929,6.302,2.988,28.195,4256.201,88.159
63.551,0.921,6.767,1.404,2.849,4752.761,92.775
178.362,4.3,6.545,0.931,42.961,4471.255,90.573
296.241,5.417,7.263,2.735,97.653,4138.488,87.033
417.786,3.491,6.353,3.498,45.36,4111.301,86.707
21.83,2.423,6.958,4.185,81.521,4282.193,87.734
118.317,6.721,6.688,4.088,57.572,4049.668,86.937
444.874,3.771,7.865,4.209,2.473,4249.696,88.604
4.583,6.314,7.749,2.515,58.965,4387.48,90.179
100.7,7.791,6.237,4.395,94.705,3854.892,84.939
479.512,7.61,8.384,2.501,55.798,4156.445,88.289
306.701,3.753,7.862,1.257,53.265,4512.98,90.723
130.836,5.679,7.54,2.288,67.352,4341.098,89.441
33.496,4.497,7.194,2.03,87.218,4400.401,89.481
14.096,8.708,6.445,2.265,56.911,4161.729,88.661
122.373,8.788,8.405,3.464,41.237,4211.085,89.335
440.743,3.437,6.02,3.456,4.671,4154.768,87.532
207.957,0.917,7.731,1.512,11.995,4748.077,92.636
360.167,1.676,7.269,1.922,65.223,4440.371,89.254
459.143,3.67,8.256,3.179,62.275,4270.114,88.179
204.02,5.642,6.952,0.879,24.664,4473.854,91.185
95.639,6.568,7.297,3.599,72.173,4149.203,87.741
258.559,3.314,7.856,1.305,28.687,4602.744,91.735
454.042,6.675,6.119,4.328,31.192,3855.916,85.25
402.187,9.377,6.136,2.307,7.078,3998.784,87.73
32.915,6.52,6.529,1.494,55.478,4350.135,89.903
346.286,1.586,6.366,3.505,29.482,4274.697,87.928
285.949,5.797,6.016,2.993,82.075,4005.338,85.972
453.732,5.419,7.557,1.274,80.345,4269.872,88.521
61.241,8.707,7.99,4.222,13.716,4183.36,89.309
267.018,3.503,8.393,2.54,16.839,4542.959,91.312
439.731,4.229,7.102,1.185,32.778,4394.82,89.889
205.012,5.987,6.699,4.083,58.505,4042.804,86.639
240.997,5.244,8.16,1.1,34.909,4553.401,91.758
35.23,7.19,8.111,4.856,35.675,4177.007,88.57
139.072,0.404,7.562,2.488,14.866,4687.934,91.852
162.253,5.635,6.683,3.777,34.224,4159.254,87.941
472.561,1.217,8.271,2.534,47.57,4481.487,89.704
141.334,3.152,6.446,1.344,98.487,4384.951,88.81
230.434,6.616,6.109,3.912,83.959,3905.813,85.203
335.652,1.574,7.992,1.802,79.505,4513.4,89.811
81.092,3.088,7.409,3.571,56.422,4376.015,89.122
243.221,7.03,6.616,1.658,36.649,4249.388,89.236
369.27,6.508,7.677,1.585,85.838,4227.512,88.369
433.428,0.91,7.917,2.559,35.396,4502.804,89.947
313.13,5.773,8.111,4.173,59.687,4129.256,87.427
334.527,1.473,6.705,3.261,26.46,4350.585,88.683
63.142,2.523,6.064,0.791,77.865,4513.86,90.117
472.888,4.592,7.275,3.802,51.939,4077.343,86.632
66.287,1.093,8.14,3.109,89.622,4536.062,89.792
387.336,9.936,6.52,3.306,57.321,3816.217,85.57
132.408,1.654,7.053,2.091,17.266,4612.75,91.451
466.797,7.813,6.641,3.003,99.302,3841.174,84.763
359.98,8.298,6.033,2.173,50.695,3989.692,86.879
376.907,9.945,8.246,0.867,25.82,4300.628,90.731
109.53,4.287,6.338,4.3,33.599,4167.48,87.625
221.52,8.741,7.917,3.551,13.002,4162.768,89.12
308.907,9.575,6.867,3.517,8.32,3985.09,87.64
384.987,1.729,6.694,1.372,45.606,4462.112,89.684
51.98,4.794,8.353,3.486,95.235,4330.46,88.791
481.183,0.6,7.643,1.544,13.175,4612.94,91.178
445.11,6.207,7.717,3.594,90.37,3998.683,85.945
135.174,5.814,7.899,2.001,79.877,4371.781,89.663
411.38,2.041,6.852,1.209,80.836,4394.926,88.753
259.162,7.979,7.409,4.578,71.285,3911.994,85.801
230.903,0.373,6.676,0.971,59.592,4617.194,90.688
157.217,8.062,8.086,3.928,13.017,4208.074,89.369
290.484,0.266,7.498,0.958,57.99,4679.484,91.295
364.945,6.568,6.609,3.581,35.846,4020.15,86.814
205.466,0.788,8.249,0.997,11.425,4860.298,93.725
314.61,2.512,7.452,2.79,80.579,4322.163,88.17
349.656,7.219,7.238,1.346,55.108,4243.158,89.046
355.561,2.804,6.086,4.4,74.751,4001.176,85.105
25.983,5.112,8.275,2.307,48.471,4531.261,91.361
429.874,9.152,8.381,0.569,55.62,4297.326,90.163
229.127,0.496,7.406,3.327,71.522,4425.553,88.689
131.208,8.111,7.106,2.503,25.448,4238.276,89.562
120.882,0.653,6.899,4.369,84.858,4290.216,87.249
241.507,1.268,6.67,2.449,42.674,4452.598,89.48
443.416,1.193,7.436,2.35,71.14,4384.971,88.496
189.174,9.941,6.32,2.543,33.282,4019.48,87.844
374.863,1.802,8.298,4.369,70.545,4274.244,87.578
48.409,8.968,6.44,3.141,5.309,4146.717,89.104
238.028,9.909,7.864,3.512,92.997,3934.691,86.39
495.843,3.838,6.767,3.742,78.903,4004.918,85.412
385.219,6.31,6.565,4.719,66.816,3842.871,84.654
105.264,7.791,7.395,4.269,33.064,4104.277,88.049
250.721,3.926,7.913,4.673,84.416,4133.488,86.669
116.812,1.618,7.817,2.045,77.001,4583.882,90.554
204.78,4.338,6.584,1.467,45.855,4400.779,89.851
390.042,7.719,6.826,1.415,20.548,4219.04,89.301
385.612,7.808,8.172,4.36,18.376,4061.258,87.771
114.05,2.305,7.808,4.238,49.331,4386.088,89.059
461.112,1.75,7.782,3.427,78.557,4260.335,87.343
296.284,9.206,6.672,0.783,71.732,4137.016,88.415
189.962,0.44,7.98,1.931,49.863,4688.173,91.515
250.968,7.347,6.896,3.804,21.238,4073.884,87.731
302.536,0.464,7.003,1.619,24.684,4614.646,91.039
279.945,8.379,6.719,3.308,6.706,4068.729,88.134
243.203,9.054,6.303,2.942,18.503,4024.8,87.779
252.466,2.974,7.051,1.682,2.263,4557.427,91.444
88.206,0.739,6.042,4.705,67.775,4217.162,86.716
406.366,4.807,7.14,1.655,59.236,4286.448,88.714
270.88,2.985,7.813,4.527,98.808,4146.309,86.37
65.54,4.171,8.402,2.934,76.515,4452.4,90.01
383.079,6.65,6.197,0.913,25.378,4253.543,89.277
466.222,2.098,6.703,4.251,71.081,4065.005,85.569
473.653,3.57,7.235,4.061,2.205,4197.676,88.026
184.509,7.826,6.426,4.239,98.63,3837.864,84.74
67.758,6.438,6.292,3.372,61.829,4112.622,87.439
259.2,3.263,7.131,3.702,12.847,4324.42,89.095
56.305,6.643,7.452,4.582,50.353,4125.997,87.749
466.994,7.653,8.051,1.075,94.121,4193.193,88.287
91.79,5.925,8.495,0.874,85.12,4549.706,91.423
126.383,2.395,7.936,1.063,30.593,4743.158,92.844
203.318,0.002,6.553,4.415,40.218,4331.584,87.914
191.582,8.028,7.87,3.033,85.502,4115.454,87.708
397.331,8.226,7.343,1.292,90.101,4114.874,87.716
228.158,6.976,7.127,1.138,91.545,4252.96,88.707
85.384,0.766,8.339,2.504,94.841,4612.827,90.41
133.605,5.852,7.755,4.171,50.554,4197.922,88.229
254.557,8.21,7.704,4.123,86.29,3947.724,86.077
73.727,3.897,6.029,4.331,35.35,4167.477,87.49
305.828,1.98,8.163,3.96,83.973,4300.383,87.758
282.874,5.876,7.983,0.777,35.399,4514.548,91.554
357.351,8.263,6.747,3.741,61.223,3886.385,85.731
468.852,0.489,6.73,2.835,47.378,4335.879,88.032
456.127,5.97,6.134,3.769,89.401,3831.143,84.208
473.038,6.432,6.127,2.679,7.586,4071.51,87.569
122.358,6.024,7.671,2.676,94.931,4247.333,88.331
65.783,6.5,6.466,1.068,46.747,4388.396,90.367
151.138,6.314,8.309,4.574,48.658,4184.963,88.257
447.543,1.304,8.106,2.186,82.954,4437.14,88.933
486.027,2.349,6.872,3.121,66.952,4180.767,86.843
429.662,6.19,6.95,1.432,95.417,4136.634,87.269
55.009,0.177,6.818,2.16,55.115,4619.238,90.694
473.714,6.347,6.231,4.418,56.307,3814.497,84.486
211.679,6.654,6.079,1.443,97.199,4130.608,87.33
4.655,2.392,7.13,1.427,92.718,4562.936,90.42
221.197,5.981,8.358,1.672,21.661,4515.549,91.733
23.035,5.341,8.293,3.086,31.388,4479.377,91.082
271.939,2.607,8.025,2.843,62.909,4426.018,89.413
169.277,4.63,7.571,1.289,93.998,4424.132,89.69
236.717,9.096,8.141,3.614,56.772,4065.954,87.821
306.585,4.266,7.288,4.584,73.549,4056.681,86.111
434.401,6.298,6.45,1.395,10.306,4252.833,89.315
330.951,0.354,7.71,3.528,52.74,4429.583,88.874
217.024,0.778,8.302,3.139,15.613,4637.651,91.454
409.714,0.813,6.049,1.98,26.803,4407.763,89.054
452.791,7.782,6.629,3.28,17.464,3984.393,87.004
59.88,3.503,6.664,1.445,17.425,4581.982,91.696
265.966,2.276,6.248,4.253,99.179,4054.333,85.234
142.256,7.473,6.564,0.6,30.526,4390.535,90.842
23.531,1.7,6.96,3.052,56.983,4480.106,89.741
334.273,2.465,8.35,1.935,2.988,4645.148,92.161
431.385,4.309,8.151,4.466,80.832,4075.631,86.241
81.451,3.314,8.365,2.747,68.343,4518.657,90.497
406.207,5.854,6.301,4.111,23.649,3975.926,86.279
426.698,3.378,6.07,4.657,4.57,4049.884,86.467
457.17,3.93,6.275,2.005,28.184,4245.586,88.353
132.643,8.629,8.286,4.462,63.229,4058.197,87.538
451.977,8.845,6.394,3.768,2.505,3889.282,86.521
160.331,8.277,7.432,0.987,8.461,4433.538,91.734
276.169,8.648,6.569,0.968,41.525,4206.581,89.245
25.254,5.697,6.052,4.178,18.424,4153.014,88.055
21.941,6.462,6.212,2.607,63.549,4199.228,88.295
360.187,5.572,7.774,2.728,18.291,4309.369,89.582
222.24,7.856,6.456,4.511,99.368,3791.881,84.282
128.146,5.51,6.573,4.567,44.145,4072.709,86.939
95.207,1.111,6.943,1.007,15.683,4759.088,92.767
334.977,8.096,7.643,2.181,8.31,4257.271,89.918
0.201,7.606,7.173,4.529,42.635,4098.827,87.844
402.946,8.203,8.362,4.189,81.1,3943.395,86.084
39.625,1.904,7.085,3.745,44.445,4430.175,89.429
95.745,2.716,6.498,0.959,14.967,4640.283,92.068
193.118,2.958,7.34,3.295,49.382,4361.299,89.006
242.429,5.081,7.127,3.118,34.4,4256.835,88.749
177.498,1.339,7.968,1.252,50.685,4714.502,92.04
160.356,3.854,8.338,3.982,39.723,4383.23,89.591
481.958,1.822,8.091,1.904,65.141,4456.344,89.459
320.79,2.648,6.973,3.293,80.559,4214.084,87.13
11.716,7.064,6.54,2.128,88.759,4204.633,88.278
215.088,8.548,8.286,0.88,74.388,4356.919,90.39
437.504,0.229,6.965,2.862,36.147,4407.828,88.786
150.728,5.659,7.926,1.88,45.397,4455.455,90.798
47.278,0.361,8.474,0.821,64.535,4894.552,93.408
379.192,0.852,7.444,1.393,22.763,4627.285,91.301
303.007,7.051,7.2,3.285,70.475,4046.491,86.875
285.156,7.356,7.75,0.956,65.329,4338.305,89.937
26.788,8.14,6.485,0.894,65.992,4306.754,89.85
70.25,4.742,7.221,4.748,33.999,4207.006,88.153
311.275,8.598,6.781,0.984,60.555,4173.046,88.704
103.912,1.668,6.411,2.192,20.575,4545.304,90.748
252.035,2.497,7.525,1.1,19.78,4652.064,92.072
272.441,1.345,7.439,4.727,77.084,4213.617,86.769
141.754,7.975,7.903,2.665,38.576,4276.98,89.777
474.213,2.287,8.182,1,54.915,4556.964,90.707
421.232,1.555,6.551,3.96,29.981,4210.792,87.275
361.187,6.231,7.949,4.014,24.35,4152.724,88.153
38.997,0.771,6.918,4.555,78.207,4321.853,87.668
53.065,0.449,7.572,3.675,79.624,4481.426,89.153
246.391,1.067,8.126,0.746,83.792,4693.799,91.42
80.357,0.002,6.64,2.976,85.59,4454.927,88.694
489.133,6.97,7.502,2.228,41.727,4150.908,88.183
79.26,5.622,7.201,3.869,81.088,4150.295,87.379
243.734,2.099,7.976,3.159,35.248,4484.427,90.121
182.061,2.33,7.743,3.763,6.199,4478.039,90.417
319.693,8.11,7.924,1.312,69.244,4257.388,89.314
64.518,5.018,6.72,2.467,20.697,4400.741,90.306
215.158,6.985,7.761,2.444,45.696,4283.407,89.473
137.353,4.528,7.515,4.914,17.223,4230.513,88.491
443.876,2.377,7.142,0.586,39.762,4535.249,90.668
20.293,9.704,6.946,4.172,88.602,3904.815,86.073
456.864,5.656,6.829,0.937,61.702,4254.54,88.625
416.497,1.31,6.024,0.862,15.666,4511.177,90.348
148.785,4.061,6.424,1.977,72.825,4321.623,88.706
394.645,3.293,6.147,3.653,84.937,4017.535,85.314
15.607,2.141,8.121,3.553,17.473,4606.996,91.537
483.433,9.334,8.15,3.325,74.666,3924.708,86.301
263.297,8.809,8.115,3.985,55.363,4030.165,87.391
151.641,1.991,8.045,1.546,60.822,4652.872,91.518
181.292,3.521,6.553,3.352,93.963,4165.456,86.771
33.203,7.623,7.229,3.371,4.62,4278.832,90.029
494.675,2.085,8.27,3.445,64.24,4302.439,88.008
19.646,5.916,7.899,3.175,9.068,4448.7,91.171
327.454,6.998,6.005,1.497,79.169,4078.808,87.096
221.368,6.54,7.149,4.614,89.717,3936.318,85.428
474.458,7.064,6.027,4.892,9.566,3803.899,85.063
123,7.067,6.702,3.601,3.558,4188.065,88.965
266.043,9.648,7.089,2.498,95.611,3952.458,86.463
241.178,3.465,8.232,2.917,92.726,4352.198,88.634
351.433,8.786,7.636,0.988,92.451,4164.915,88.36
34.005,0.218,6.906,2.135,94.029,4561.129,89.736
96.895,2.882,7.227,4.893,50.51,4239.835,87.758
107.282,0.487,8.043,2.965,97.713,4534.477,89.514
369.075,6.512,6.749,3.023,89.339,3983.814,85.898
94.569,1.008,7.538,4.793,10.669,4455.451,89.75
286.746,8.457,6.656,4.489,81.458,3787.56,84.598
107.622,6.466,7.2,3.059,71.532,4193.898,88.163
430.812,0.288,6.062,1.71,14.276,4476.753,89.711
471.093,7.148,8.131,1.026,74.054,4269.406,89.098
259.246,8.62,6.121,4.386,49.007,3814.789,85.244
176.154,6.611,6.561,4.64,85.529,3902.354,85.152
117.029,0.305,6.834,2.724,82.061,4473.051,89.001
24.891,8.579,7.563,0.925,94.291,4333.757,89.968
134.25,7.325,7.8,3.228,8.453,4306.945,90.182
327.118,3.785,6.201,2.154,71.314,4209.342,87.516
266.808,3.286,6.109,1.21,38.33,4415.449,89.757
472.021,4.798,7.997,4.636,77.823,4004.566,85.707
198.139,8.671,7.78,1.578,60.654,4266.362,89.658
346.932,2.521,8.079,3.7,50.062,4338.244,88.638
244.661,1.01,7.691,2.432,1.419,4650.263,91.791
256.288,8.646,7.878,4.226,61.11,3982.507,86.808
133.887,0.263,6.948,3.654,42.618,4464.06,89.293
227.475,9.11,7.475,1.054,33.92,4305.047,90.444
235.392,3.057,8.013,2.523,98.888,4380.677,88.735
353.321,5.082,6.43,1.669,70.336,4204.68,87.868
470.32,1.323,7.057,3.711,54.449,4224.388,87.096
164.661,9.023,7.851,2.951,87.004,4082.548,87.662
21.1,7.498,7.332,2.031,23.483,4397.644,90.991
248.148,9.242,7.704,1.983,62.371,4161.264,88.761
272.231,6.832,6.732,1.015,86.232,4221.505,88.402
84.22,1.847,6.081,1.462,13.235,4600.939,91.431
380.232,3.083,6.073,3.711,24.373,4143.231,87.113
492.465,4.868,8.357,3.245,9.181,4303.221,89.401
472.887,6.073,8.361,2.1,99.252,4187.54,87.705
98.553,9.265,6.528,4.263,58.51,3897.042,86.165
437.682,3.84,6.369,2.68,49.459,4159.146,87.249
352.247,7.031,6.045,4.075,34.505,3900.37,85.768
226.923,9.61,6.578,4.015,45.496,3871.326,86.141
270.305,1.524,6.836,4.316,77.81,4185.029,86.529
424.8,8.627,6.603,4.324,91.755,3700.648,83.677
240.067,4.207,7.993,3.556,11.39,4390.602,90.054
186.604,7.324,7.874,3.872,30.663,4179.278,88.683
246.624,2.935,6.203,3.996,19.724,4211.117,87.795
289.565,3.34,7.743,1.261,44.113,4548.208,91.043
94.539,0.271,7.301,1.851,53.518,4677.164,91.318
450.454,9.714,6.33,0.969,72.407,3980.391,86.994
337.093,8.135,7.849,1.352,87.69,4199.013,88.554
316.634,0.939,6.215,4.002,54.671,4206.664,86.802
49.748,9.995,6.443,4.762,49.388,3844.683,85.951
302.087,6.05,6.373,3.531,58,4014.616,86.381
60.48,8.537,8.348,4.487,88.953,4051.027,87.182
39.349,0.667,7.745,1.931,65.206,4698.033,91.528
263.655,3.895,7.028,4.306,78.95,4087.76,86.256
201.393,6.697,8.056,2.025,72.23,4323.116,89.518
294.405,1.064,6.54,4.524,92.427,4116.341,85.558
44.611,4.889,8.328,4.091,81.877,4293.142,88.579
215.492,4.427,7.742,4.926,34.779,4182.987,87.81
87.393,2.16,7.399,4.223,85.582,4294.741,87.74
493.55,3.003,7.987,2.292,47.277,4378.004,89.208
280.575,9.671,7.612,0.995,84.875,4168.063,88.733
343.718,2.886,8.218,4.434,90.669,4180.833,86.768
162.709,2.134,8.073,3.07,68.842,4474.501,89.697
47.369,5.362,6.495,4.362,72.169,4077.166,86.659
487.935,6.71,6.599,2.242,14.97,4126.322,88.126
143.13,7.251,6.163,0.63,33.061,4353.015,90.375
211.904,7.542,6.55,0.736,56.216,4285.956,89.56
324.932,0.368,6.859,3.517,1.348,4450.57,89.603
12.349,3.938,6.072,1.015,84.881,4432.883,89.661
405.13,7.74,6.787,3.855,37.578,3928.582,86.232
268.289,9.049,7.929,2.387,72.616,4122.334,88.212
139.109,6.022,8.101,3.034,77.16,4281.708,88.852
30.804,0.523,6.022,4.105,55.26,4339.596,88
81.249,3.966,6.018,1.639,79.232,4340.492,88.803
447.517,0.742,6.366,2.358,68.558,4302.782,87.565
343.012,7.485,8.181,3.783,36.625,4120.819,88.088
124.951,0.635,7.173,4.633,81.799,4296.2,87.335
32.8,1.857,8.457,1.806,63.969,4727.886,92.196
345.308,4.17,8.218,3.302,16.86,4376.754,89.85
286.204,4.626,8.225,4.78,77.51,4115.04,86.763
202.26,4.065,6.321,3.42,67.943,4149.88,87.039
181.806,4.634,7.188,4.518,29.18,4186.09,87.959
108.407,7.132,8.484,4.729,84.356,4095.984,87.256
334.806,3.693,6.373,4.682,38.027,4040.966,86.137
485.334,5.478,7.436,3.913,55.721,4024.259,86.329
87.858,3.034,6.861,2.984,34.973,4422.068,89.781
298.558,3.536,6.97,0.935,72.712,4431.908,89.653
212.093,6.138,8.227,1.502,58.536,4442.463,90.681
223.344,4.905,7.47,1.651,47.559,4429.843,90.294
127.074,7.23,7.897,0.65,3.012,4593.649,93.075
412.567,5.605,7.683,0.959,61.111,4363.668,89.707
242.628,8.036,7.323,1.826,62.613,4201.287,88.797
271.703,4.434,7.979,0.908,18.942,4611.654,92.257
152.38,4.91,8.427,1.263,33.899,4626.888,92.403
90.904,6.7,8.417,0.745,88,4510.779,91.238
42.955,2.212,7.974,2.374,55.367,4617.089,91.281
357.06,3.859,7.218,4.196,44.073,4142.595,87.143
98.117,6.248,6.408,4.155,93.66,3976.48,85.703
345.038,0.289,6.111,4.572,81.383,4104.195,85.315
195.188,4.37,6.579,3.855,10.65,4234.962,88.554
207.887,5.988,6.851,1.6,86.034,4249.629,88.433
234.589,9.674,6.325,3.661,15.824,3933.757,87.081
183.854,8.77,6.562,3.892,18.305,3999.925,87.447
50.31,2.807,6.209,2.944,8.459,4444.043,90.198
154.816,5.072,7.309,4.132,48.654,4189.444,87.93
331.867,0.564,6.316,0.821,64.824,4525.721,89.778
332.892,2.408,7.857,3.177,75.618,4329.982,88.266
143.112,7.749,6.832,2.66,3.646,4250.935,89.797
230.051,1.233,7.68,4.123,18.608,4441.771,89.602
96.724,2.577,8.206,1.076,62.501,4710.838,92.256
105.186,9.44,6.215,1.457,53.033,4145.144,88.753
11.524,8.239,8.473,3.014,6.084,4415.981,91.571
448.373,7.818,7.613,4.762,93.606,3782.757,84.237
105.353,8.646,6.133,0.874,76.093,4188.761,88.72
113.767,7.496,6.785,3.845,36.521,4089.253,87.776
139.801,1.206,8.216,1.424,54.103,4740.731,92.228
63.704,5.166,7.491,0.975,38.051,4585.371,92.023
319.631,4.442,6.718,2.276,46.074,4270.076,88.573
37.571,3.112,8.351,3.124,60.022,4528.344,90.617
67.101,8.34,7.968,4.222,40.448,4143.188,88.53
322.378,4.641,7.839,3.356,62.451,4230.112,88.069
169.83,0.603,8.221,2.713,47.05,4641.694,91.127
353.974,2.75,7.924,1.786,66.069,4467.287,89.837
278.712,2.286,6.717,1.816,26.96,4482.449,90.241
128.011,8.875,7.46,3.968,17.948,4105.571,88.539
325.414,6.474,8.106,1.013,2.345,4518.129,92.1
58.137,5.604,6.452,1.159,60.596,4398.85,90.064
268.205,5.066,6.408,3.739,98.097,3983.253,85.371
218.574,6.501,6.397,4.825,42.618,3937.695,85.901
133.937,7.549,6.486,1.041,22.05,4355.952,90.604
302.002,5.544,6.258,3.242,2.298,4168.777,88.328
435.667,9.383,8.094,1.576,51.766,4161.265,88.91
499.452,9.768,8.046,0.616,99.278,4106.29,88.001
303.881,9.953,6.378,4.245,98.394,3666.922,83.671
202.353,6.694,7.764,2.789,11.034,4339.572,90.294
112.604,9.326,7.567,0.608,81.824,4309.733,90.077
128.548,4.045,6.69,4.53,18.159,4213.263,88.164
239.727,8.596,6.568,2.911,81.126,3953.872,86.306
183.639,9.092,6.626,3.817,85.501,3863.557,85.508
456.907,9.041,7.827,2.406,1.766,4158.025,89.275
184.148,8.308,6.798,1.332,24.489,4290.157,90.149
186.722,4.066,6.695,2.595,6.599,4400.124,90.155
191.767,1.589,6.056,1.795,50.392,4450.046,89.473
418.31,3.34,8.271,1.835,3.645,4560.105,91.566
325.394,7.673,7.882,3.397,62.982,4076.125,87.433
307.084,2.329,7.182,0.923,56.275,4543.326,90.569
167.072,4.783,8.357,2.287,38.56,4507.284,91.122
408.952,5.654,6.734,2.96,46.718,4096.78,87.197
19.182,6.039,7.687,3.694,99.019,4189.681,87.718
435.399,9.357,6.763,3.348,17.598,3920.726,86.838
256.375,6.615,6.786,4.488,73.373,3924.153,85.492
199.125,7.863,8.112,4.966,64.886,3992.121,86.631
248.584,5.819,7.968,4.718,66.706,4076.272,86.841
333.708,8.336,6.735,3.939,35.226,3925.563,86.404
6.383,2.637,6.203,3.587,22.431,4381.756,89.384
435.776,2.099,6.894,0.659,65.431,4469.762,89.673
223.37,9.263,7.9,2.901,91.36,4042.376,87.289
171.483,6.935,6.251,3.487,97.623,3948.736,85.592
69.123,6.715,7.68,2.358,48.61,4364.658,90.175
219.733,4.673,8.224,2.232,43.136,4469.497,90.666
248.161,3.767,6.448,2.941,35.545,4267.15,88.446
201.823,5.557,8.156,4.58,81.188,4116.431,87.02
339.33,1.206,6.128,1.674,26.285,4462.906,89.728
210.448,4.547,7.667,2.296,51.79,4400.986,89.856
480.709,4.554,7.978,3.439,35.16,4215.511,88.17
299.639,5.383,7.112,1.337,87.694,4283.112,88.569
403.739,6.347,6.509,4.257,28.985,3948.044,86.095
54.678,9.573,8.312,3.497,68.962,4137.529,88.558
198.646,6.522,6.05,2.085,59.286,4152.495,87.889
168.424,8.837,7.388,3.75,33.509,4070.701,88.023
284.741,5.563,6.932,1.757,26.223,4344.537,89.852
430.557,6.269,7.153,3.985,80.575,3926.864,85.344
39.169,0.698,7.341,0.818,51.54,4794.749,92.642
36.287,1.333,7.337,2.42,61.535,4583.803,90.622
425.159,5.797,6.509,1.677,96.247,4088.26,86.659
106.425,3.957,7.699,4.175,40.404,4320.534,88.988
334.377,7.988,6.048,3.887,81.614,3786.23,84.443
271.439,5.432,6.053,4.288,64.238,3940.675,85.394
416.447,8.823,7.196,3.432,59.76,3907.53,86.125
62.544,9.723,7.355,4.079,6.402,4097.339,88.826
64.891,1.476,6.687,2.475,91.323,4432.357,88.853
278.409,3.948,7.379,3.551,23.631,4298.912,88.937
473.189,6.65,7.29,0.64,47.846,4300.248,89.519
207.499,3.055,6.873,4.463,75.449,4133.587,86.498
163.471,2.67,7.629,3.581,52.71,4384.124,89.115
303.345,8.137,8.395,4.397,1.429,4138.341,88.81
465.224,9.804,7.227,3.969,94.955,3713.103,84.123
418.464,7.738,7.965,1.789,3.028,4315.454,90.446
497.742,5.237,6.619,1.728,9.901,4258.591,89.058
11.284,4.425,7.905,4.098,23.189,4407.374,90.169
56.429,5.396,7.622,1.331,60.297,4510.475,91.121
304.734,4.628,7.599,0.998,97.143,4382.055,89.238
410.288,5.029,8.233,0.568,92.343,4425.215,89.837
142.622,2.035,6.583,1.843,65.482,4470.043,89.656
119.606,9.037,6.921,0.947,74.427,4236.915,89.336
393.488,7.545,6.208,4.108,71.476,3793.044,84.479
28.191,6.81,7.815,2.68,69.008,4320.886,89.562
184.691,9.499,8.11,1.636,81.427,4217.173,89.207
252.905,2.844,7.015,3.209,34.649,4342.572,88.932
280.174,0.812,6.892,0.817,22.891,4681.099,91.826
364.308,8.261,7.647,3.768,35.417,4021.851,87.343
177.423,9.984,6.189,2.756,5.812,4043.727,88.374
306.342,5.784,6.735,0.529,96.737,4284.686,88.615
292.688,0.588,6.916,1.936,74.211,4473.735,89.172
273.808,7.805,7.296,3.876,22.13,4070.663,87.827
320.242,0.737,7.191,1.347,26.323,4634.849,91.307
129.725,5.4,6.522,4.828,99.268,3935.92,84.987
42.324,2.775,7.352,4.535,77.043,4267.7,87.739
59.636,9.15,8.315,4.002,43.14,4157.648,88.89
112.291,4.513,6.068,0.853,21.458,4496.697,91.106
250.099,8.985,7.701,2.092,5.002,4276.564,90.411
420.221,2.991,7.562,1.842,67.262,4377.813,89.003
350.647,3.874,8.311,1.119,78.218,4493.735,90.317
394.52,9.471,7.613,4.998,11.667,3867.354,86.398
175.488,2.013,7.562,1.162,1.237,4749.097,93.083
202.327,5.785,7.925,1.919,36.385,4437.37,90.745
196.841,3.885,6.67,4.461,67.077,4094.057,86.435
95.937,7.742,7.489,1.15,92.456,4313.996,89.538
30.608,1.293,7.299,2.613,88.074,4512.467,89.632
295.458,4.372,7.096,4.891,69.164,4015.893,85.779
494.608,6.989,6.199,1.613,81.591,3998.639,86.267
83.415,4.07,6.732,3.664,36.231,4289.104,88.75
23.342,0.585,6.7,0.86,25.265,4792.51,92.848
389.766,7.051,7.811,3.204,13.297,4186.637,88.849
126.293,5.032,8.302,2.026,18.982,4574.883,92.069
414.822,0.113,6.577,3.648,96.33,4187.167,85.942
351.968,6.127,6.187,2.448,93.066,4005.412,85.961
472.837,9.199,8.5,1.845,5.645,4257.791,90.281
204.464,1.11,7.728,2.957,47.524,4524.305,90.101
330.985,5.907,8.216,1.129,37.96,4472.011,91.113
232.427,7.287,6.36,4.165,65.526,3907.874,85.609
315.294,0.708,8.002,3.878,33.511,4452.316,89.4
224.799,0.226,8.033,2.952,28.78,4626.827,91.048
94.316,4.642,6.379,2.152,81.108,4281.229,88.394
253.949,7.912,6.404,4.619,94.764,3766.403,84.09
264.292,1.607,6.739,3.355,21.077,4383.697,89.108
405.302,8.366,6.542,1.782,24.294,4106.479,88.332
367.76,6.566,8.439,4.13,42.493,4133.68,87.882
331.896,3.322,6.907,3.358,70.924,4181.095,87.098
56.694,5.158,7.903,1.072,17.539,4661.833,92.99
360.308,9.656,8.013,1.014,47.325,4242.265,89.846
250.153,2.164,6.965,4.721,84.244,4122.555,86.032
447.05,4.995,7.706,1.796,24.173,4369.448,89.951
459.935,6.245,6.27,3.486,5.718,4024.735,87.064
27.578,1.38,6.992,0.664,90.776,4668.497,91.191
410.321,0.435,8.418,3.004,78.966,4456.549,88.906
18.849,0.135,6.421,1.54,70.182,4631.607,90.655
183.585,3.247,6.964,1.128,9.646,4610.166,91.979
271.15,0.739,7.976,3.981,90.034,4346.937,87.791
74.05,8.038,7.664,4.143,31.221,4150.709,88.606
373.157,9.973,7.579,3.718,21.938,3956.921,87.342
4.177,0.613,8.133,0.55,49.262,4927.015,93.961
84.3,4.327,6.073,1.782,92.357,4285.837,88.233
290.398,0.257,7.928,2.124,99.461,4523.371,89.316
357.194,1.34,8.206,3.609,61.797,4390.569,88.69
458.322,3.229,6.04,3.9,95.595,3932.236,84.335
352.748,3.937,7.397,3.325,45.88,4242.223,88.145
335.89,9.398,6.871,4.051,3.937,3936.347,87.143
197.171,3.958,6.127,2.423,28.29,4317.323,89.078
0.642,4.963,7.044,2.938,30.881,4400.385,90.184
60.08,2.456,7.61,0.789,78.488,4672.287,91.675
267.277,0.001,8.298,2.422,13.3,4727.228,92.14
337.565,8.993,7.551,2.447,18.316,4155.367,89.069
208.724,0.817,8.142,3.252,61.813,4520.157,89.829
365.34,9.642,6.304,2.201,13.931,4017.684,87.93
260.931,1.308,6.526,1.573,50.056,4499.326,89.885
37.088,6.049,8.426,1.569,4.472,4655.728,93.327
96.008,9.994,8.219,1.102,67.219,4329.46,90.621
419.999,1.385,6.588,3.655,90.929,4132.257,85.829
362.456,4.239,7.552,3.302,87.615,4156.658,86.962
447.381,7.804,6.907,3.107,8.288,4049.517,87.754
58.779,0.322,7.171,2.89,59.509,4563.688,90.138
495.111,6.898,8.152,2.154,11.28,4284.82,89.805
104.703,0.804,7.839,3.959,6.299,4582.869,91.007
5.89,2.365,6.596,4.649,61.428,4250.638,87.602
498.711,1.601,6.79,2.48,57.673,4286.263,87.766
140.537,9.073,6.724,2.341,10.29,4193.822,89.557
334.01,1.805,7.952,1.232,36.626,4641.453,91.59
88.341,0.404,7.225,3.518,32.349,4541.618,90.214
290.114,5.876,8.377,3.011,34.904,4327.862,89.692
452.017,3.462,8.042,4.946,33.986,4142.502,87.124
160.091,4.057,6.528,3.129,82.641,4191.673,87.307
335.127,1.191,7.965,1.799,36.007,4617.501,91.172
93.952,7.482,7.265,3.033,33.713,4234.677,89.254
312.398,6.016,6.634,4.931,3.932,4005.475,86.82
168.225,3.642,6.908,3.755,79.25,4190.61,87.206
105.604,1.716,8.43,1.079,66.328,4763.926,92.491
156.591,5.935,7.21,2.044,34.802,4371.942,90.152
89.421,7.786,7.799,1.844,45.732,4370.02,90.579
450.958,3.124,7.193,4.356,79.613,4042.796,85.569
198.593,0.259,6.929,3.25,35.078,4485.484,89.582
122.64,2.143,7.991,4.145,47.864,4420.34,89.368
224.204,6.824,8.121,1.293,2.959,4523.552,92.253
160.268,9.891,6.18,4.586,91.913,3700.848,84.057
372.21,0.134,6.697,0.762,37.753,4625.206,90.915
485.61,3.062,7.27,2.187,30.347,4351.715,89.132
219.017,0.62,6.791,0.564,61.303,4659.633,91.169
430.517,3.163,7.959,1.329,53.143,4483.251,90.25
282.932,4.059,6.287,4.83,40.692,4019.876,86.01
78.618,9.209,7.994,0.853,92.313,4329.761,90.137
345.311,0.806,7.545,1.154,36.935,4652.232,91.395
256.717,7.771,6.723,4.662,99.839,3789.556,84.229
325.303,3.955,6.861,3.696,79.124,4097.869,86.374
444.844,8.113,6.457,2.331,90.43,3903.679,85.566
220.217,5.134,6.631,0.809,28.993,4457.403,90.824
450.589,0.393,7.793,4.033,7.954,4415.207,89.19
375.335,9.462,6.94,2.717,42.501,3976.473,87.178
244.302,0.827,7.719,1.954,32.025,4648.945,91.417
301.611,5.977,7.285,2.123,7.006,4352.529,90.248
162.791,8.777,6.363,2.774,8.077,4122.567,88.778
491.799,0.798,7.248,2.981,18.253,4404.423,89.101
333.676,5.539,7.891,4.181,38.402,4150.385,87.782
21.923,8.243,6.744,3.973,93.589,3966.868,86.206
163.311,9.863,7.62,3.952,66.119,3959.788,86.896
311.657,7.243,6.498,3.782,40.443,3972.696,86.496
28.167,2.783,6.339,3.91,80.141,4229.389,87.327
11.942,6.996,6.901,3.549,57.281,4164.818,88.174
225.012,7.058,6.973,4.406,42.327,4006.646,86.76
166.345,7,7.903,3.009,15.292,4325.658,90.204
219.149,8.543,7.15,2.844,92.777,4008.381,86.719
131.347,0.874,6.203,3.656,62.765,4319.832,87.833
82.359,1.084,7.585,1.247,44.487,4749.435,92.375
344.572,6.406,7.173,3.996,44.39,4036.31,86.841
257.286,9.539,6.829,4.713,76.739,3752.58,84.62
100.077,4.658,8.006,1.833,18.766,4596.748,92.177
159.795,9.606,6.386,3.25,42.337,3968.774,87.146
295.904,9.381,8.283,0.647,7.238,4432.152,92.063
36.115,9.029,6.835,3.946,8.912,4101.559,88.635
73.727,9.099,7.152,3.019,53.103,4115.389,88.352
36.623,8.983,8.323,3.531,38.7,4234.294,89.651
406.159,8.199,7.903,1.143,72.232,4218.476,88.922
376.205,6.95,6.186,4.143,98.686,3771.356,83.812
376.656,0.244,7.446,1.652,86.083,4506.704,89.279
358.163,1.323,6.776,3.582,44.748,4284.73,87.797
334.693,1.342,7.271,3.169,38.408,4398.93,89.008
238.496,0.235,7.857,3.442,58.922,4492.674,89.408
321.139,1.167,7.24,0.726,10.073,4712.369,92.373
19.181,9.197,6.178,3.838,98.778,3866.902,85.44
310.732,6.638,7.325,4.079,98.118,3941.128,85.422
388.939,3.121,6.06,2.637,92.372,4107.114,86.084
250.179,7.934,6.871,2.34,66.558,4098.23,87.697
178.757,4.884,7.195,2.041,50.809,4380.182,89.759
138.713,1.421,7.612,4.675,70.962,4311.277,87.83
321.401,8.845,7.266,3.898,32.125,3969.57,87.028
346.401,3.387,6.38,3.644,85.371,4060.336,85.766
435.484,6.989,8.331,4.665,14.327,4070.706,87.66
171.167,2.906,7.626,2.069,80.544,4463.66,89.703
384.886,5.001,6.792,3.336,86.881,4029.44,85.926
280.678,8.163,8.415,3.587,17.846,4198.601,89.256
441.418,1.568,8.206,4.983,48.378,4226.487,87.251
263.906,9.773,6.359,2.422,89.274,3894.513,85.984
258.815,0.702,7.639,2.301,95.97,4477.321,89.024
288.939,5.34,7.4,0.88,81.325,4377.874,89.568
374.658,9.16,6.482,0.943,94.15,4020.257,87.009
482.345,9.457,6.584,2.803,93.763,3776.514,84.665
36.782,2.321,7.409,1.27,97.992,4583.482,90.551
26.717,1.44,6.803,0.828,41.926,4728.299,92.296
468.775,7.244,8.087,4.842,29.407,3969.102,86.57
264.938,0.42,6.244,4.781,63.661,4165.518,86.144
307.452,4.852,8.285,1.964,19.696,4496.395,91.223
241.212,7.964,8.101,4.054,56.145,4073.624,87.564
46.829,5.603,7.847,4.426,58.349,4221.768,88.315
384.045,1.88,6.656,2.591,80.837,4258.802,87.344
373.612,4.87,7.787,1.507,36.817,4424.113,90.334
155.852,9.213,7.097,1.084,60.581,4241.556,89.574
153.12,6.172,7.584,1.134,90.424,4379.055,89.738
418.921,7.215,6.781,4.086,42.753,3913.806,85.875
36.179,3.363,8.09,2.23,57.601,4584.555,91.278
440.553,1.885,6.101,3.621,78.95,4075.647,85.532
128.331,2.556,7.729,2.924,25.715,4537.037,90.88
296.492,5.332,8.072,2.276,11.234,4442.255,90.91
467.997,2.802,7.616,1.057,68.498,4444.785,89.604
339.061,5.42,6.48,2.001,37.677,4232.078,88.57
207.215,7.078,6.712,4.281,38.779,4008.106,86.817
344.767,7.344,7.287,4.151,93.079,3887.857,85.151
171.99,1.647,6.824,0.628,41.38,4668.5,91.765
138.629,7.504,6.012,1.131,95.414,4152.746,87.825
498.342,6.727,6.102,3.902,11.531,3911.438,86.017
375.395,0.12,7.919,2.011,34.955,4627.253,90.959
322.36,0.589,6.209,3.396,69.601,4251.492,86.996
177.645,6.462,8.32,3.032,13.474,4389.907,90.703
24.58,3.837,7.107,3.434,39.317,4384.477,89.603
15.528,1.461,7.895,0.742,85.323,4763.921,92.224
277.091,0.444,6.314,4.69,76.415,4148.8,85.857
381.016,1.594,8.316,0.594,28.928,4744.127,92.63
268.69,9.575,6.085,0.536,36.289,4169.158,89.201
420.393,7.276,6.105,1.518,51.003,4082.78,87.5
16.713,5.277,6.136,4.971,73.397,3997.569,85.825
183.376,9.415,6.259,0.826,16.036,4248.683,90.151
118.535,6.191,7.217,4.435,53.238,4102.885,87.354
223.636,7.256,7.971,1.216,8.263,4484.313,91.937
36.188,2.827,6.712,0.991,40.384,4631.953,91.764
477.066,5.89,7.864,4.005,19.908,4113.067,87.699
111.628,1.435,7.935,4.31,31.595,4471.767,89.832
461.154,4.045,8.271,4.065,33.817,4220.134,88.077
212.947,0.332,6.373,1.585,77.242,4501.297,89.34
492.762,2.166,6.339,4.459,27.251,4078.758,86.165
277.029,0.749,6.305,0.823,66.713,4538.801,89.945
465.416,3.878,6.898,2.039,53.794,4251.751,88.143
2.674,8.43,7.224,2.584,80.618,4179.829,88.521
374.119,3.779,7.154,0.805,32.835,4493.224,90.738
451.525,8.316,6.643,3.109,99.471,3812.808,84.628
69.86,6.565,7.555,3.017,30.282,4330.03,89.967
48.063,5.095,6.846,4.965,58.375,4092.54,86.87
212.286,2.369,6.915,3.297,63.59,4310.004,88.175
466.839,9.222,6.264,2.289,54.279,3894.432,86.168
271.193,0.542,7.481,4.056,86.025,4307.727,87.38
263.728,6.889,7.638,2.007,12.185,4362.395,90.569
70.563,6.212,7.895,2.898,60.129,4333.536,89.598
0.395,4.41,8.26,0.75,51.127,4728.069,93.093
405.07,2.403,7.915,1.952,42.304,4488.998,90.188
43.787,4.307,6.589,2.876,35.276,4363.494,89.574
316.925,8.728,6.589,3.66,16.135,3965.754,87.115
457.308,8.368,8.288,0.946,65.347,4256.475,89.422
104.326,9.414,7.975,4.087,12.653,4140.639,89.104
332.636,3.078,7.956,4.551,83.1,4154.075,86.633
39.349,3.871,7.799,1.765,45.325,4599.585,91.704
301.878,0.187,6.668,3.944,60.936,4290.22,87.349
81.966,9.429,8.119,1.312,8.703,4450.832,92.25
367.977,3.294,6.357,2.855,10.246,4281.009,88.696
150.616,4.042,6.875,4.089,24.354,4252.47,88.494
231.696,9.078,6.866,2.239,78.194,4036.558,87.307
299.715,5.266,7.4,0.618,49.097,4466.846,90.757
85.637,5.662,7.159,2.93,31.775,4333.42,89.715
370.819,1.762,7.15,4.301,85.097,4141.117,86.089
151.32,4.987,7.384,0.987,19.999,4574.657,92.043
331.186,9.182,7.039,0.633,26.689,4262.441,90.112
79.142,5.587,6.625,4.141,77.896,4073.705,86.634
344.059,2.551,7.66,1.702,3.677,4588.878,91.617
64.094,0.312,7.977,2.14,22.811,4790.444,92.77
212.678,3.363,7.197,0.891,52.612,4550.893,90.992
123.603,5.726,7.624,0.935,91.589,4437.618,90.178
374.188,0.426,7.338,3.265,27.322,4444.252,89.297
131.018,6.098,6.147,2.985,22.097,4201.648,88.625
440.859,5.234,7.058,1.816,97.517,4147.021,87.065
445.91,7.834,6.025,2.537,52.927,3928.205,86.103
98.221,0.289,7.655,2.247,7.188,4762.85,92.643
306.923,7.808,7.27,3.628,28.373,4063.636,87.695
43.859,5.209,6.317,4.379,53.833,4103.735,87.062
195.769,3.705,7.355,3.943,8.126,4341.85,89.449
356.661,9.654,8.246,0.52,69.563,4272.476,89.925
329.712,1.601,6.851,0.948,52.726,4539.955,90.353
312.35,5.413,8.456,2.432,71.262,4333.01,89.241
141.27,3.21,8.398,4.333,34.832,4405.745,89.672
189.012,5.275,7.963,1.566,42.577,4496.286,91.12
51.473,5.523,8.034,4.455,92.885,4170.277,87.431
359.511,0.894,7.026,0.995,21.858,4634.935,91.399
251.944,6.611,7.006,0.827,4.912,4451.598,91.45
354.383,6.345,8.386,4.61,98.239,3986.65,85.788
124.472,7.695,6.915,1.229,1.734,4418.221,91.473
162.219,0.907,6.242,2.587,88.936,4361.208,87.995
167.108,2.973,6.382,1.967,82.771,4343.769,88.502
12.871,6.501,7.776,1.164,49.275,4531.122,91.769
170.524,1.367,6.957,3.344,70.829,4366.01,88.362
401.652,6.776,6.498,4.837,11.403,3903.752,85.956
448.649,0.59,8.034,3.461,76.603,4350.254,87.914
259.109,3.349,7.222,2.092,78.592,4358.799,88.807
227.751,8.467,7.419,3.703,6.083,4122.205,88.701
15.412,7.743,6.385,1.145,50.227,4328.72,90.108
439.602,6.448,6.482,3.11,94.867,3905.266,85.038
6.505,8.705,6.315,2.613,95.163,4041.4,87.074
472.375,7.093,7.286,2.12,98.467,4028.887,86.432
244.608,5.194,7.939,3.828,66.01,4197.098,87.869
170.967,9.797,7.831,1.033,14.97,4374.469,91.534
462.109,6.949,6.653,2.898,41.876,4013.317,86.799
12.195,6.014,8.129,4.345,72.967,4225.694,88.331
290.712,4.089,6.264,1.408,29.1,4377.655,89.712
274.466,9.024,6.285,1.69,81.204,4008.621,86.981
109.66,2.957,8.123,3.473,86.275,4389.79,88.922
214.444,0.092,6.611,3.977,76.591,4298.426,87.246
326.132,1.967,7.77,1.775,34.868,4568.355,90.925
363.566,1.095,6.023,2.12,74.406,4304.963,87.634
0.358,3.19,6.234,3.83,8.156,4364.452,89.52
468.427,8.259,7.523,1.784,34.187,4158.401,88.72
82.263,6.515,6.456,3.498,76.795,4075.307,86.94
116.79,1.69,6.071,1.215,79.687,4483.318,89.543
131.737,7.888,7.167,2.351,32.559,4256.249,89.603
18.91,5.042,6.826,3.599,96.071,4169.018,87.242
61.526,5.127,8.006,2.57,28.055,4500.378,91.261
493.175,3.621,8.047,0.587,66.341,4485.725,90.28
157.608,8.646,7.536,2.329,88.017,4133.587,88.05
57.651,3.183,6.733,1.798,55.589,4494.342,90.343
53.496,0.941,7.154,0.956,41.837,4762.339,92.487
359.73,3.027,7.756,0.541,21.929,4646.364,92.153
427.284,7.154,6.173,0.705,20.448,4234.631,89.288
128.476,6.576,6.831,4.772,16.733,4079.467,87.6
10.455,1.88,8.056,3.874,44.859,4529.22,90.408
111.545,1.118,7.015,4.729,55.244,4306.47,87.848
28.258,6.609,7.562,1.017,84.066,4441.821,90.56
51.697,6.764,6.241,3.067,22.517,4208.282,88.887
215.754,3.661,7.943,0.875,75.766,4564.299,90.984
114.959,8.428,6.251,0.621,69.717,4244.739,89.279
257.973,9.782,8.154,2.598,63.817,4109.831,88.395
126.747,2.056,6.267,3.409,34.595,4350.409,88.775
470.269,5.771,8.227,0.786,32.481,4455.489,90.961
452.972,0.053,6.909,2.143,76.135,4395.237,88.207
283.403,7.131,7.561,0.906,28.179,4410.971,90.967
177.212,4.143,8.116,2.129,33.642,4535.66,91.263
190.573,1.933,6.026,2.623,96.554,4255.223,87.166
205.926,7.522,6.664,2.019,99.848,4085.764,87.116
363.79,8.106,8.271,3.093,1.17,4228.214,89.702
225.819,1.112,6.97,3.131,68.99,4377.506,88.419
428.365,0.41,7.766,1.998,54.015,4534.064,89.923
472.047,3.341,6.35,2.253,46.557,4213.507,87.672
167.973,6.26,7.696,2.485,28.29,4367.552,90.271
280.347,7.934,6.183,2.19,51.208,4059.947,87.468
47.528,5.461,7.793,3.923,46.201,4297.843,89.155
100.235,5.807,6.81,1.13,40.73,4446.024,90.795
206.733,7.999,7.165,4.357,85.132,3907.237,85.621
103.101,5.288,6.416,1.991,27.794,4370.942,90.018
438.28,6.112,7.57,3.758,60.15,4036.162,86.594
79.143,5.162,6.844,4.477,86.557,4065.898,86.342
227.83,8.805,6.958,4.494,97.921,3796.503,84.627
302.85,2.355,7.63,2.536,60.672,4418.956,89.289
345.932,2.64,6.447,1.655,52.484,4369.314,88.96
191.535,1.28,8.13,3.226,84.211,4462.24,89.164
434.55,8.195,7.848,1.328,19.656,4285.718,90.119
284.16,4.118,7.444,4.058,63.372,4163.952,87.241
219.754,3.479,6.321,3.701,7.354,4263.447,88.605
33.62,9.813,7.718,4.08,66.342,4023.571,87.516
232.345,9.268,6.045,2.45,79.785,3920.415,86.187
410.368,9.72,8.011,3.008,7.238,4094.602,88.79
307.271,1.423,6.759,0.962,84.994,4484.95,89.426
416.081,8.913,6.293,3.594,13.213,3889.771,86.439
247.006,3.287,6.411,2.691,18.408,4347.372,89.276
59.231,0.127,8.408,2.792,83.804,4658.075,90.781
6.82,3.913,7.935,4.311,13.346,4436.561,90.406
151.61,5.092,6.595,3.975,67.712,4096.097,86.811
348.995,1.082,8.409,2.908,30.187,4561.049,90.633
395.13,5.377,6.35,2.098,25.588,4207.652,88.434
147.876,8.195,7.834,2.509,65.365,4218.085,88.986
247.827,3.777,7.642,2.078,11.569,4520.463,91.222
210.559,3.526,8.054,1.182,57.888,4589.769,91.377
205.261,3.388,6.954,3.406,92.528,4197.734,87.068
115.674,9.231,7.005,3.612,85.289,3949.314,86.41
68.186,0.488,7.561,4.87,85.26,4340.105,87.695
98.344,4.451,6.996,2.551,30.989,4410.795,90.133
27.666,2.646,6.103,4.988,70.427,4124.569,86.335
99.065,8.938,7.824,1.342,78.231,4295.335,89.852
4.6,0.961,7.602,3.455,90.239,4483.948,89.225
313.629,4.114,7.059,4.976,27.149,4091.448,86.877
158.188,4.068,6.757,3.381,76.325,4202.409,87.481
486.572,8.884,6.802,2.536,23.995,3991.141,87.337
96.859,2.155,7.853,2.819,3.751,4639.715,92.006
172.914,6.449,7.823,4.305,48.702,4145.502,87.903
178.921,1.344,8.047,4.726,76.823,4321.82,87.853
4.226,9.54,7.905,2.543,22.223,4312.732,90.767
419.604,5.93,7.895,3.976,5.811,4173.988,88.461
15.997,6.263,6.629,4.702,38.005,4095.646,87.455
470.09,4.338,6.254,1.77,21.085,4254.347,88.634
446.037,3.423,7.904,2.719,38.827,4346.703,89.106
267.761,2.127,6.247,4.979,92.162,4002.173,84.738
271.798,6.04,8.455,2.091,74.646,4349.277,89.558
326.889,9.546,8.188,3.289,37.921,4073.344,88.218
193.525,3.598,7.334,3.457,33.18,4344.683,89.194
323.611,8.832,6.88,1.194,92.198,4080.899,87.536
22.384,1.488,7.317,4.13,88.996,4355.162,88.108
27.024,9.361,7.836,2.358,60.805,4244.586,89.646
228.615,3.505,7.891,2.751,36.401,4451.584,90.203
274.811,3.797,6.184,3.393,79.441,4092.986,86.275
443.909,4.628,8.012,2.347,66.71,4279.701,88.518
52.33,7.182,7.604,1.963,56.902,4364.995,90.236
411.324,7.197,6.101,2.959,74.117,3900.529,85.423
105.024,4.796,6.783,2.061,14.312,4451.307,90.809
197.042,5.232,7.277,2.454,93.085,4236.035,87.999
158.301,0.3,6.471,0.988,97.319,4559.535,89.712
200.078,3.043,6.388,4.301,36.09,4184.308,87.395
75.248,3.46,6.036,2.353,94.733,4268.203,87.773
251.785,5.587,8.279,0.873,79.787,4475.804,90.636
400.821,5.583,6.14,4.055,94.162,3840.632,84.14
220.767,7.099,6.915,0.588,91.828,4283.681,89.048
245.307,7.17,6.514,3.197,20.889,4108.791,88.03
424.384,2.352,7.853,3.662,26.743,4335.777,88.796
353.029,7.702,7.768,1.36,26.799,4325.546,90.298
245.227,0.196,8.016,1.091,10.335,4839.403,93.349
128.848,7.162,7.542,1.012,40.371,4449.708,91.242
442.463,1.021,7.479,4.97,36.9,4204.853,86.986
288.51,7.296,7.018,3.898,35.052,4032.805,87.166
110.574,5.271,7.591,1.907,35.546,4478.433,91.01
134.56,4.373,6.288,2.01,7.145,4427.603,90.516
401.567,6.907,7.711,3.419,19.412,4144.308,88.321
22.073,0.364,6.26,2.56,30.295,4580.21,90.608
496.046,2.235,8.154,1.721,89.009,4405.556,88.836
65.176,6.164,7.264,0.757,92.726,4424.466,90.167
398.034,8.472,7.326,4.027,29.236,3948.759,86.737
197.388,3.811,7.462,4.497,69.722,4167.822,87.124
246.108,2.588,7.94,1.427,85.212,4528.473,90.209
440.325,5.187,7.196,0.785,51.111,4359.332,89.638
206.456,6.223,7.069,1.034,75.799,4337.532,89.484
268.747,4.201,6.721,2.364,97.611,4196.02,87.244
24.65,8.767,6.32,1.847,17.059,4262.504,90.085
1.174,5.234,6.476,0.831,7.971,4586.28,92.353
122.4,0.358,6.001,2.547,64.362,4437.605,88.84
340.292,2.231,8.174,1.418,51.34,4591.24,91.068
60.632,4.506,7.912,0.801,30.364,4694.745,92.996
56.881,6.977,6.547,3.461,91.742,4047.815,86.654
205.48,2.198,6.006,3.076,84.737,4210.879,86.921
323.919,9.763,7.23,4.219,27.176,3896.711,86.624
356.036,3.186,7.031,1.86,77.645,4324.529,88.425
89.225,5.325,7.94,1.111,83.012,4506.005,90.827
39.794,0.19,7.007,2.121,33.208,4692.856,91.653
470.199,8.849,8.16,4.004,10.816,4016.434,87.711
130.333,7.888,6.24,1.588,85.191,4135.21,87.867
426.673,1.955,6.915,1.648,10.582,4494.484,90.425
431.746,9.332,8.335,1.164,48.382,4237.817,89.694
386.261,3.158,6.029,4.939,20.242,4017.466,85.92
84.417,6.922,6.977,4.853,92.819,3938.469,85.533
410.901,8.19,6.649,3.461,11.605,3980.654,87.147
384.625,7.409,7.33,1.467,12.573,4298.381,90.081
298.361,9.176,6.697,3.95,70.471,3825.827,85.306
168.601,8.643,8.175,3.128,21.35,4245.569,89.835
131.254,9.946,8.343,3.873,14.104,4155.839,89.401
60.945,1.826,8.123,4.372,17.651,4518.019,90.552
254.879,3.048,6.996,1.933,59.994,4406.521,89.38
292.63,6.362,8.475,4.612,23.04,4175.811,88.436
179.669,7.33,7.838,4.544,38.347,4096.356,87.779
237.68,5.346,6.889,2.962,85.124,4136.304,87.116
181.757,0.739,6.234,3.581,18.392,4400.74,89.045
320.503,8.416,7.668,2.35,82.801,4085.143,87.548
450.63,9.609,7.821,3.448,77.765,3876.064,85.866
81.96,4.055,6.306,2.97,83.286,4223.272,87.616
190.704,2.248,7.374,1.953,35.355,4563.697,90.958
70.434,0.193,8.468,1.953,47.764,4811.093,92.691
312.472,2.373,6.816,3.432,70.994,4221.438,87.216
364.435,6.999,6.755,4.805,4.705,3953.404,86.587
465.956,9.116,8.258,1.407,66.712,4162.931,88.697
139.436,0.935,6.294,2.266,12.889,4560.459,90.756
475.106,5.533,8.334,4.126,29.519,4147.592,87.841
31.631,6.955,7.949,1.054,81.169,4463.598,90.911
301.507,2.764,6.977,4.974,63.903,4083.585,86.026
28.566,5.699,6.209,3.552,62.564,4141.365,87.498
446.887,7.152,6.048,4.599,23.464,3816.937,85.08
264.905,8.377,6.94,4.271,67.12,3881.282,85.655
334.674,4.525,7.763,3.997,14.038,4254.964,88.767
415.787,7.479,7.219,0.648,96.515,4182.225,88.101
75.155,3.018,7.847,2.329,26.017,4611.237,91.758
19.296,2.13,7.676,1.408,82.848,4644.937,91.26
439.441,1.873,7.432,4.421,92.095,4103.56,85.677
157.467,3.589,8.419,3.561,18.007,4491.561,90.812
64.489,0.359,7.821,0.982,1.965,4929.798,94.386
234.231,2.83,8.287,2.118,87.555,4483.113,89.805
299.153,6.522,6.605,0.812,76.635,4250.394,88.694
15.485,6.479,7.784,3.83,16.273,4331.164,90.093
137.448,0.736,7.495,2.382,83.207,4539.292,89.782
16.4,2.874,8.311,1.555,81.237,4661.226,91.662
210.168,5.696,7.276,2.83,46.666,4261.458,88.857
447.55,3.186,6.699,0.689,94.736,4328.468,88.293
491.326,4.18,6.962,1.658,58.629,4258.512,88.253
318.524,7.128,6.547,1.289,44.845,4220.463,88.895
80.819,0.093,6.55,4.688,2.31,4436.54,89.37
452.925,2.764,7.176,2.197,95.325,4242.598,87.302
258.124,1.424,8.231,3.13,13.708,4582.464,91.115
76.875,1.276,6.48,2.763,30.323,4508.756,90.167
460.863,9.59,6.72,3.466,73.214,3768.945,84.834
378.735,3.766,8.132,1.756,1.529,4556.939,91.684
365.853,5.271,6.848,1.044,54.716,4324.56,89.28
354.59,7.338,8.406,0.867,16.732,4476.28,91.797
100.17,0.474,6.672,1.37,3.231,4749.93,92.609
105.503,2.41,7.105,2.673,64.525,4440.95,89.487
344.146,8.321,6.239,1.562,60.695,4058.153,87.471
109.861,8.62,8.48,2.453,73.695,4269.427,89.543
219.336,3.73,8.225,0.632,62.204,4638.798,91.885
391.001,3.749,8.044,3.324,44.757,4299.548,88.672
391.976,7.569,6.393,4.452,48.383,3822.959,85.016
226.631,2.951,8.423,0.714,22.792,4764.489,93.302
396.095,1.171,8.323,1.481,9.289,4708.998,92.348
419.311,2.575,7.089,1.93,86.224,4305.049,87.961
327.388,3.873,7.704,1.793,69.44,4394.905,89.417
114.213,0.522,8.481,0.682,13.169,4970.395,94.729
137.006,4.787,7.024,0.98,27.159,4542.314,91.588
157.421,7.4,6.283,4.606,86.46,3846.02,84.816
58.402,5.137,8.169,3.701,96.023,4268.712,88.268
136.58,0.719,7.191,4.813,79.323,4274.94,87.172
104.76,4.401,8.467,2.482,57.426,4511.229,90.858
227.664,7.089,7.377,4.456,87.046,3949.783,85.754
454.219,0.581,6.074,4.174,63.054,4107.661,85.62
52.24,0.598,7.229,4.437,70.242,4382.681,88.304
360.134,3.706,7.795,0.676,82.868,4480.792,90.091
343.642,1.95,6.065,3.436,36.044,4221.484,87.439
47.877,9.348,7.034,3.05,78.669,4049.712,87.515
461.286,5.813,6.389,2.953,21.488,4079.252,87.322
284.236,2.873,7.608,2.77,20.231,4457.559,90.235
181.863,7.048,8.393,4.082,81.323,4125.182,87.553
378.269,3.749,7.561,4.856,56.816,4080.289,86.36
128.683,1.321,7.737,4.23,41.976,4436.355,89.34
346.755,2.372,6.991,4.417,52.822,4159.826,86.782
19.856,6.427,7.408,2.678,97.814,4246.099,88.411
419.704,0.519,7.36,3.608,89.523,4260.354,86.864
224.085,2.727,7.899,2.37,51.25,4502.01,90.326
318.346,2.083,8.142,2.121,55.172,4528.427,90.357
110.619,2.011,7.657,4.529,61.809,4333.35,88.319
338.537,6.828,8.45,4.573,79.292,4018.374,86.439
386.12,8.258,8.071,3.57,87.507,3969.091,86.293
236.607,7.159,6.312,4.27,15.506,3996.883,86.961
308.863,6.457,7.269,2.122,63.191,4211.028,88.416
228.163,9.165,8.258,2.452,23.492,4261.326,90.128
447.046,0.584,8.36,4.195,62.556,4338.695,87.937
248.935,1.675,6.951,2.291,17.959,4521.801,90.541
420.904,4.144,7.814,0.68,80.989,4433.808,89.771
400.676,3.725,7.026,2.09,66.432,4274.223,88.195
205.252,4.181,6.309,2.292,86.734,4216.592,87.553
115.042,2.065,8.212,1.196,94.499,4651.819,91.193
203.041,1.495,8.33,2.049,93.459,4564.943,90.163
413.109,5.092,7.262,4.705,15.371,4063.804,87.012
113.816,9.281,6.046,4.363,38.305,3870.692,86.108
262.218,3.92,8.04,2.507,48.826,4428.597,89.974
403.048,0.434,7.192,3.695,79.106,4268.377,87.023
176.739,7.062,6.188,1.183,2.467,4354.038,90.634
321.105,2.911,6.473,3.886,92.619,4067.357,85.621
122.816,2.451,6.38,2.641,41.316,4407.34,89.396
54.64,3.243,7.716,3.752,63.48,4380.006,89.138
397.192,7.238,6.749,3.398,98.081,3878.377,84.974
49.484,8.188,6.319,1.547,88.383,4166.26,88.235
135.691,5.881,8.294,4.256,36.856,4268.216,89.078
427.555,3.225,8.391,3.075,48.967,4358.703,89.065
173.235,3.105,6.346,4.029,77.224,4135.45,86.514
486.523,1.243,6.576,0.923,74.612,4410.626,88.733
489.867,9.333,7.48,3.269,70.775,3867.988,85.772
134.138,6.381,6.376,1.813,2.059,4366.023,90.554
20.489,0.27,6.396,4.374,20.703,4437.108,89.245
352.532,6.624,6.841,4.773,22.946,3953.525,86.293
225.493,4.472,8.373,0.751,25.811,4674.225,92.826
50.376,9.726,8.406,3.759,10.522,4232.171,90.134
353.761,8.191,8.104,0.963,80.854,4265.984,89.309
15.587,1.713,7.739,4.359,34.788,4475.022,89.916
435.098,7.201,7.802,1.06,77.783,4240.961,88.792
69.326,4.856,7.174,1.378,93.221,4415.752,89.682
63.656,1.87,7.325,1.632,31.989,4679.98,92.041
87.836,6.987,7.586,3.775,45.923,4195.954,88.597
480.133,5.474,7.828,1.816,9.664,4368.093,90.226
346.585,0.304,6.242,3.182,30.189,4357.116,88.36
400.686,6.466,6.562,3.074,55.078,4015.055,86.54
198.817,6.35,8.407,2.31,18.839,4455.139,91.268
168.156,1.441,6.838,2.928,54.163,4426.568,89.156
117.242,3.49,6.671,1.032,31.975,4566.867,91.396
240.324,5.859,7.055,4.443,99.015,3950.058,85.268
275.914,1.388,6.727,1.432,38.195,4545.806,90.492
315.887,8.527,6.228,4.461,4.867,3882.655,86.336
128.559,0.275,6.52,2.834,47.822,4494.891,89.553
474.327,1.028,7.6,3.263,34.068,4377.05,88.738
84.879,1.161,6.558,1.658,37.633,4614.253,91.115
482.827,5.281,7.619,1.5,37.683,4331.036,89.518
7.428,6.201,6.25,2.708,88.236,4163.961,87.618
240.563,4.037,6.105,1.703,50.328,4317.349,88.881
166.684,2.887,8.154,2.404,26.031,4595.241,91.558
224.562,8.093,7.9,2.481,79.458,4166.052,88.294
285.332,0.683,7.665,1.719,44.901,4627.983,91.036
217.795,2.803,6.077,1.813,15.39,4446.623,90.153
207.423,0.391,6.598,4.878,99.851,4149.057,85.609
366.362,0.139,8.031,3.144,3.708,4591.181,90.916
342.938,3.534,6.362,4.243,71.214,4021.236,85.56
416.636,1.948,8.032,0.706,84.908,4557.083,90.306
124.979,2.684,7.461,0.509,36.028,4726.465,92.709
304.764,8.209,7.851,2.836,16.577,4205.486,89.352
292.597,1.63,7.611,4.221,44.219,4322.837,88.275
184.869,7.802,7.042,3.249,48.765,4099.252,87.846
243.029,6.751,6.73,3.285,99.971,3985.54,85.881
156.891,3.264,7.682,1.127,2.927,4707.949,93.03
70.922,5.466,8.017,4.904,65.933,4170.769,87.688
106.901,4.444,6.112,2.884,80.64,4185.869,87.386
52.757,1.284,6.95,0.962,62.173,4683.885,91.602
341.535,9.072,6.877,2.364,63.363,4000.207,87.09
330.364,5.696,7.399,0.824,87.656,4332.178,89.154
475.303,8.802,6.285,2.382,56.952,3898.643,86.058
364.839,8.238,8.334,3.702,88.277,3992.265,86.511
26.023,0.798,7.371,1.956,21.808,4745.025,92.471
442.123,2.073,8.309,1.909,52.096,4511.153,90.212
431.338,1.453,8.042,2.815,4.326,4525.831,90.651
221.66,8.308,6.479,2.743,80.545,3986.281,86.55
292.932,8.624,6.331,2.602,77.951,3939.279,86.201
488.039,5.28,8.153,2.826,54.365,4215.997,88.2
266.152,1.042,7.34,0.716,40.186,4696.905,91.88
452.661,1.356,6.049,2.634,37.641,4272.095,87.751
41.519,8.135,8.336,4.964,20.91,4167.798,88.91
95.526,9.292,7.183,3.94,43.361,4025.226,87.606
220.377,1.995,6.752,1.794,31.087,4523.727,90.525
292.378,0.111,7.291,3.55,58.189,4406.041,88.512
408.114,3.31,8.057,1.985,78.862,4380.016,89.004
494.131,0.305,6.276,1.362,69.72,4389.638,88.291
194.426,8.28,6.897,3.981,51.882,3976.671,86.732
23.708,4.915,6.797,1.443,94.912,4387.969,89.405
400.586,6.419,8.099,4.364,20.535,4111.237,87.833
302.19,4.115,7.946,2.212,64.357,4387.88,89.47
99.271,3.455,7,3.906,9.716,4367.625,89.616
247.414,2.222,7.661,1.668,67.628,4529.24,90.283
371.155,7.705,6.986,3.437,72.808,3938.42,85.968
385.206,6.955,7.428,1.456,78.479,4199.854,88.3
249.809,3.607,8.478,0.598,66.712,4649.285,91.908
152.607,3.211,7.339,4.166,13.14,4354.181,89.374
486.871,0.012,8.471,4.353,5.385,4457.043,89.52
331.681,0.636,7.868,4.463,71.712,4299.501,87.469
204.119,6.233,6.302,0.663,80.025,4290.109,88.971
140.232,5.146,7.99,3.924,4.231,4370.694,90.208
365.551,4.348,6.403,4.261,15.843,4082.316,86.969
121.092,8.275,7.331,1.903,79.238,4210.044,88.791
85.855,5.039,7.533,2.617,96.815,4303.102,88.575
264.917,3.845,8.231,2.336,52.533,4459.724,90.225
144.994,1.613,6.526,2.48,16.178,4519.079,90.513
314.453,8.207,8.19,4.31,32.805,4054.788,87.682
58.969,5.762,8.336,2.38,78.361,4421.252,90.158
327.471,0.925,6.224,1.861,54.779,4416.784,88.897
141.648,6.489,8.213,1.087,6.722,4603.932,92.919
0.121,4.251,6.648,3.537,31.534,4335.454,89.314
63.468,8.114,6.203,0.879,75.526,4243.879,89.118
466.808,9.189,8.396,0.775,33.252,4302.746,90.452
433.677,6.005,6.981,3.567,43.8,4036.668,86.73
116.805,7.316,7.557,3.624,90.6,4087.907,87.168
389.186,0.566,7.382,1.396,98.48,4478.785,88.973
304.286,5.603,6.533,4.807,75.963,3888.366,84.805
485.452,7.553,7.674,4.045,24.772,3992.934,86.948
186.803,4.968,6.115,3.589,25.071,4160.711,87.847
340.73,5.936,6.508,3.895,31.122,4031.932,86.789
31.768,8.989,8.362,2.353,16.895,4401.669,91.545
198.124,1.981,8.384,2.55,18.704,4647.817,91.885
481.909,0.982,7.207,4.416,26.343,4236.303,87.394
269.49,6.906,6.423,0.614,66.329,4268.105,89.09
143.94,8.228,7.054,4.111,61.634,3987.652,86.729
60.135,8.505,8.193,2.514,34.749,4343.05,90.634
351.764,6.416,6.176,2.588,20.47,4121.138,87.932
322.428,8.332,6.32,1.966,62.778,4032.025,87.192
186.969,7.007,8.239,3.232,13.956,4329.001,90.252
475.471,0.874,7.038,3.541,15.478,4337.412,88.481
11.101,7.62,6.209,1.223,38.953,4334.046,90.237
151.862,1.794,6.348,3.046,57.17,4350.28,88.469
460.535,2.366,8.206,2.592,73.101,4366.628,88.645
160.468,3.947,7.225,4.019,69.011,4205.086,87.545
126.126,3.146,6.407,2.954,38.467,4348.089,89.04
267.11,3.217,8.235,2.433,65.811,4454.205,89.849
411.901,1.693,8.113,2.88,21.923,4488.874,90.177
51.573,2.939,6.058,2.708,49.881,4362.517,89.008
471.51,0.197,7.452,4.708,61.913,4205.006,86.49
397.536,4.729,6.611,1.903,74.696,4186.119,87.533
90.625,7.686,7.333,0.668,8.879,4519.11,92.408
356.004,8.622,6.698,3.479,11.013,3990.767,87.384
192.479,8.204,6.79,3.217,8.311,4134.163,88.72
201.147,4.165,7.505,4.595,55.1,4171.974,87.418
391.645,7.304,7.347,1.029,57.435,4255.944,89.176
481.392,2.879,6.988,2.852,2.091,4324.785,89.091
63.328,0.556,6.269,1.178,66.013,4617.573,90.682
210.315,6.76,8.424,2.551,76.569,4291.005,89.172
240.471,6.488,6.437,4.097,12.544,4064.213,87.463
188.156,8.016,7.583,4.358,34.395,4058.771,87.649
181.595,6.161,6.207,4.252,85.147,3926.304,85.26
26.134,1.569,7.721,2.963,69.033,4546.167,90.242
342.769,8.532,6.237,3.353,31.16,3928.143,86.529
218.107,6.273,6.574,2.982,74.482,4087.529,87.012
97.397,8.076,7.617,3.026,88.839,4129.008,87.825
408.017,7.741,6.707,4.483,31.623,3868.109,85.687
401.28,2.979,7.332,1.442,68.744,4401.979,89.226
243.196,0.746,6.311,2.474,10.249,4504.31,90.164
149.225,1.765,6.506,3.245,6.81,4449.588,89.957
319.046,0.929,7.834,3.944,59.039,4365.002,88.338
144.076,2.434,6.088,3.929,49.75,4222.69,87.46
118.004,4.595,6.28,1.028,81.199,4374.023,89.307
365.257,9.068,6.537,1.499,78.248,4011.349,87.051
20.163,8.72,6.05,4.602,29.383,3940.008,86.722
47.384,7.186,6.238,2.109,51.714,4226.541,88.904
3.394,0.241,6.703,0.512,75.822,4753.73,91.851
76.472,3.414,6.232,1.399,27.824,4518.742,90.933
34.495,6.823,8.165,4.863,36.834,4198.141,88.66
497.901,1.29,6.165,1.894,6.926,4399.814,89.316
144.405,8.011,8.152,3.262,13.918,4288.491,90.149
74.634,9.146,8.057,3.77,61.412,4111.295,88.243
120.498,3.541,6.252,3.41,50.178,4246.57,88.026
468.063,7.058,6.063,2.199,17.69,4064.059,87.581
260.08,1.482,6.125,2.437,1.721,4461.227,90.04
182.409,6.908,7.476,4.271,17.734,4148.42,88.379
436.696,0.215,7.676,3.483,75.214,4339.831,87.711
197.495,1.508,7.552,0.605,10.275,4799.935,93.349
167.504,7.099,7.354,1.416,40.842,4373.435,90.456
103.641,7.119,6.437,1.788,24.64,4307.811,89.967
188.898,6.412,8.102,2.145,55.39,4369.958,90.069
158.342,4.774,6.819,3.096,51.644,4251.146,88.427
338.652,6.749,8.465,2.149,98.312,4228.21,88.324
144.791,7.738,6.962,4.213,77.515,3960.633,86.153
288.6,9.665,6.658,2.632,93.895,3887.195,85.832
32.946,8.886,8.236,2.76,58.218,4270.353,89.787
95.645,7.945,7.419,2.423,74.04,4206.358,88.707
203.703,6.948,7.805,1.897,89.613,4262.298,88.811
468.475,5.742,7.021,3.762,5.066,4094.492,87.617
188.626,1.206,8.217,1.533,91.63,4630.549,90.751
332.037,1.656,8.294,3.603,21.965,4476.433,90.041
127.544,8.203,7.092,2.884,70.797,4105.32,87.806
63.517,8.033,6.602,0.96,77.561,4275.626,89.391
29.268,6.145,7.619,0.581,11.823,4658.322,93.308
152.707,4.388,8.386,1.262,95.357,4525.909,90.622
78.831,0.26,7.556,3.925,92.729,4425.262,88.403
87.005,3.272,8.386,2.231,65.801,4576.794,91.091
380.38,4.206,6.86,4.122,16.378,4140.493,87.503
7.919,4.858,8.288,2.759,57.039,4491.966,90.807
278.905,9.293,6.281,0.647,35.07,4189.15,89.329
189.731,1.087,6.897,4.307,93.146,4223.453,86.629
253.275,5.189,7.236,4.713,41.259,4083.71,86.981
281.415,3.679,7.633,0.834,69.681,4515.85,90.565
156.684,9.901,6.735,1.438,64.064,4128.257,88.612
147.554,8.619,8.311,3.72,27.831,4198.691,89.294
366.701,4.388,8.259,4.987,54.014,4116.373,86.94
435.638,9.997,7.998,4.443,41.588,3854.654,86.13
96.291,5.141,6.286,0.945,38.088,4452.711,90.688
48.809,1.671,6.196,3.233,86.537,4315.279,87.789
448.898,5.559,7.245,3.493,14.836,4143.133,87.951
174.948,2.262,7.913,3.339,41.629,4473.627,89.999
275.659,6.363,6.308,3.056,1.668,4165.859,88.551
179.772,9.374,7.604,1.815,26.927,4266.407,90.207
62.901,7.862,7.32,3.508,62.553,4131.48,88.048
294.666,2.732,7.815,3.778,9.665,4400.45,89.727
262.57,2.969,7.088,3.091,27.847,4364.341,89.256
101.497,0.693,7.733,2.737,88.143,4537.926,89.706
225.935,2.859,6.399,1.486,69.492,4396.454,89.127
398.474,0.926,6.536,2.951,7.959,4397.056,89.169
295.213,4.994,8.258,1.077,99.246,4422.299,89.729
48.459,7.083,6.823,0.827,94.569,4332.081,89.5
274.011,7.512,8.464,4,15.027,4203.693,89.14
351.369,0.595,6.116,3.543,92.265,4167.249,85.928
396.352,3.4,7.24,3.421,55.444,4202.862,87.494
314.559,2.882,6.812,4.677,93.009,4026.207,85.196
76.329,1.043,8.49,2.213,96.837,4643.655,90.781
355.087,3.625,8.475,2.299,69.663,4419.525,89.586
338.671,2.993,6.588,2.362,29.838,4343.952,89.039
12.213,6.345,6.668,2.594,92.541,4198.998,87.968
205.874,8.833,7.874,2.808,57.774,4146.502,88.537
166.475,4.548,8.224,4.001,34.813,4342.027,89.437
334.706,7.467,7.659,1.48,46.544,4284.185,89.616
108.068,1.46,8.162,2.453,41.214,4661.372,91.64
295.436,8.95,6.158,2.773,93.594,3856.127,85.31
456.603,1.526,7.601,1.261,82.163,4465.103,89.287
398.901,1.921,7.75,3.659,4.106,4405.455,89.59
460.729,1.065,6.476,0.753,1.976,4584.71,91.147
489.253,3.097,7.945,3.137,7.868,4365.63,89.507
5.335,5.524,8.361,1.41,61.428,4593.373,91.977
311.371,9.88,8.245,0.538,81.633,4257.732,89.725
206.42,7.934,6.612,1.921,51.98,4165.291,88.513
429.927,3.804,6.81,2.431,53.937,4224.829,87.85
125.907,5.758,7.249,4.178,24.802,4206.637,88.546
490.515,6.233,6.396,2.335,46.47,4056.208,86.967
306.854,8.227,8.385,4.619,26.428,4058.896,87.793
396.769,7.365,6.404,4.291,28.127,3888.392,85.812
42.8,5.693,7.904,1.367,39.725,4568.129,91.992
91.729,6.692,6.854,1.201,5.707,4473.414,91.685
379.202,7.459,7.434,1.597,95.541,4130.06,87.583
10.993,1.331,6.118,2.119,91.512,4444.844,88.933
408.439,2.005,6.513,3.126,79.83,4174.579,86.549
6.975,6.886,7.111,1.058,57.283,4442.917,90.922
328.559,8.504,7.693,2.894,81.49,4027.408,87.01
182.547,4.093,7.944,3.113,97.44,4292.259,88.176
305.747,9.799,6.075,3.474,29.075,3859.166,86.241
348.016,2.161,6.381,2.975,37.063,4284.411,88.122
171.238,4.167,7.824,4.213,73.176,4220.801,87.726
53.981,3.785,8.033,3.387,64.644,4419.009,89.679
34.823,9.303,6.591,4.66,82.657,3845.221,85.417
294.468,2.854,6.574,3.654,35.351,4231.372,87.816
260.328,4.708,6.22,2.462,31.745,4246.709,88.562
371.101,1.872,6.376,1.444,58.956,4396.136,88.933
254.868,5.213,6.02,0.547,15.44,4428.323,90.693
211.223,8.574,7.475,0.907,4.918,4412.627,91.649
199.044,3.04,8.26,1.354,25.169,4688.738,92.548
13.223,8.108,6.374,1.474,16.674,4344.639,90.712
167.779,9.113,7.879,3.839,1.661,4161.074,89.328
488.01,0.73,7.434,2.237,78.023,4383.16,88.27
436.778,7.564,8.35,1.96,54.778,4232.781,89.049
164.689,2.553,7.995,0.736,67.226,4681.496,91.909
293.898,1.753,8.132,2.924,17.142,4551.888,90.873
423.648,6.011,7.598,3.258,26.413,4168.766,88.227
220.637,7.056,8.028,4.45,6.951,4180.776,88.855
8.979,3.948,6.877,2.763,99.75,4310.069,88.287
37.255,0.392,6.523,0.535,11.206,4838.155,93.387
255.196,9.087,8.281,0.794,9.946,4446.912,92.096
484.72,7.307,7.836,1.72,61.803,4180.293,88.377
346.605,2.717,6.227,1.126,33.856,4433.194,89.808
35.458,4.969,8.167,3.968,88.87,4276.061,88.363
94.68,0.278,6.872,0.985,83.32,4660.813,90.858
385.662,3.393,6.746,1.224,86.947,4315.85,88.307
420.72,5.225,7.558,3.501,73.778,4086.591,86.696
308.847,5.172,7.421,1.578,14.047,4443.187,90.843
322.212,2.082,7.346,4.861,7.298,4268.684,88.238
14.169,7.767,6.637,4.384,7.398,4115.03,88.407
414.265,2.989,8.399,3.85,80.376,4237.584,87.469
394.138,5.804,8.375,2.044,66.055,4313.736,89.218
129.518,2.715,6.01,0.756,98.117,4428.735,89.121
354.338,4.252,6.845,2.014,64.707,4263.909,88.268
107.427,2.075,6.114,2.195,25.677,4483.034,90.196
20.165,6.33,8.126,1.073,9.862,4658.907,93.389
100.568,4.256,8.216,1.043,37.194,4679.876,92.704
89.314,0.161,7.296,3.506,20.77,4584.67,90.687
168.874,0.282,8.099,1.546,63.211,4730.397,91.756
209.225,4.711,7.758,3.551,10.5,4359.555,89.904
254.269,1.832,7.249,2.967,77.479,4354.453,88.319
238.377,5.85,6.91,4.557,69.959,3983.668,85.892
135.337,4.082,6.666,4.087,73.899,4138.266,86.868
14.585,6.544,6.649,1.181,96.582,4319.073,89.188
302.551,9.524,7.405,3.246,65.405,3957.66,86.78
197.872,5.287,6.417,3.439,79.067,4076.358,86.559
149.336,7.874,6.437,4.379,9.445,4018.526,87.453
433.471,7.53,6.026,3.384,94.366,3782.18,84.137
373.372,9.218,7.533,1.133,22.639,4247.152,90.011
428.883,2.14,8.486,1.663,49.812,4561.21,90.756
247.491,8.273,8.223,3.369,95.752,4056.471,87.089
65.466,9.055,7.764,4.604,18.757,4093.041,88.459
348.111,3.928,7.964,4.512,4.515,4265.726,88.79
103.037,3.138,7.042,2.116,30.409,4523.334,90.871
220.615,9.52,6.745,4.238,16.481,3931.429,87.006
32.5,6.276,6.922,2.801,67.135,4247.741,88.689
412.654,3.807,6.204,2.59,28.559,4207.618,87.933
62.97,7.918,7.584,2.079,7.221,4408.708,91.39
451.549,3.045,6.437,3.552,89.409,4031.695,85.336
432.115,1.764,7.907,3.198,5.898,4454.843,90.019
232.291,5.44,6.475,2.186,27.856,4285.053,89.204
372.184,5.662,6.57,3.933,24.789,4044.977,86.901
309.723,8.257,8.393,2.207,3.327,4344.232,90.886
401.538,4.57,6.263,3.13,17.358,4149.376,87.691
215.903,8.146,7.247,2.266,81.67,4119.554,87.823
392.904,3.113,6.157,1.026,4.715,4451.533,90.402
231.228,5.754,6.226,1.225,3.3,4390.163,90.595
470.483,2.085,7.584,3.455,63.768,4245.829,87.446
243.186,3.854,7.577,4.151,9.803,4308.709,89.145
231.31,8.575,6.483,2.608,37.786,4067.474,87.87
392.536,2.16,8.181,1.965,1.212,4614.921,91.785
410.789,8.102,7.755,2.014,36.876,4189.858,88.961
277.245,2.829,6.752,3.189,32.486,4311.181,88.636
89.899,0.345,6.621,2.605,61.657,4516.127,89.648
233.879,1.099,7.886,0.503,50.41,4765.511,92.481
484.036,7.459,7.834,3.972,68.174,3934.938,85.905
376.493,2.621,6.372,1.14,93.65,4316.583,88.016
405.581,6.541,6.873,3.537,79.722,3944.325,85.608
16.413,6.992,6.542,2.049,93.422,4204.624,88.21
233.93,3.451,6.735,3.101,6.368,4361.174,89.583
323.311,4.749,6.719,4.348,99.044,3939.886,84.833
415.016,4.038,8.44,1.194,32.884,4549.424,91.377
24.637,9.473,7.876,3.999,28.395,4144.834,89.006
426.219,3.199,7.95,0.672,40.949,4572.793,91.278
274.2,1.833,6.694,4.646,78.547,4118.884,85.953
98.657,3.656,6.001,1.407,95.474,4336.345,88.505
158.628,6.695,6.145,4.075,55.869,3981.243,86.262
140.965,6.974,7.382,0.802,16.284,4506.268,91.992
265.43,9.241,6.714,1.972,22.191,4135.072,88.901
25.843,8.818,6.482,3.351,41.132,4077.08,88.005
79.268,2.883,6.124,3.465,37.21,4307.725,88.57
406.347,4.552,8.19,3.645,24.589,4274.574,88.865
66.302,7.473,7.5,2.079,85.173,4265.015,89.04
116.698,9.165,6.268,3.497,28.731,4003.06,87.493
226.685,3.372,7.916,2.428,59.683,4447.485,89.89
258.56,4.444,7.89,3.047,48.451,4335.89,89.208
381.805,8.995,6.724,2.963,92.423,3850.612,85.28
223.666,3.585,6.471,1.257,63.263,4403.843,89.481
394.932,4.805,8.035,4.31,33.877,4167.049,87.773
309.173,9.045,6.824,4.402,64.23,3806.878,85.14
56.55,8.022,8.119,1.417,32.572,4475.641,91.837
78.166,2.434,6.109,2.374,9.996,4492.682,90.557
218.517,3.248,7.248,2.592,49.035,4395.901,89.443
198.445,3.53,6.449,2.97,86.16,4199.863,87.196
371.772,9.127,7.68,0.6,91.009,4183.715,88.665
290.369,9.989,8.493,3.915,54.83,4003.525,87.484
194.067,7.74,7.031,4.379,70.253,3940.705,86.027
85.38,4.843,6.251,1.14,61.458,4403.32,89.872
113.419,0.102,6.794,4.535,81.272,4301.596,87.234
287.751,6.975,8.229,4.329,11.219,4174.908,88.729
211.719,3.894,7.914,2.94,40.736,4415.413,89.915
257.464,6.33,6.581,1.736,26.055,4287.089,89.509
85.339,6.067,8.384,1.434,1.651,4645.711,93.261
331.453,4.808,7.555,2.701,83.162,4212.974,87.741
426.269,9.444,6.42,2.782,14.284,3949.873,87.189
128.97,0.231,7.431,3.433,33.014,4557.653,90.316
245.757,7.121,7.128,4.107,86.821,3949.496,85.763
487.764,4.098,8.049,4.705,72.41,4040.777,85.913
166.621,7.138,6.86,4.083,57.204,4023.101,86.8
297.523,6.752,8.187,4.591,31.716,4109.87,87.807
45.098,0.102,8.03,2.747,52.017,4696.575,91.476
303.008,2.853,7.687,0.675,6.568,4693.845,92.729
44.816,1.891,6.647,0.733,73.002,4628.37,91.121
479.618,1.67,8.426,1.708,24.494,4599.472,91.251
357.831,7.285,7.372,3.263,48.441,4070.837,87.409
394.08,2.396,8.269,2.009,10.353,4588.507,91.5
352.052,4.747,6.539,1.248,71.368,4273.037,88.441
294.865,2.47,8.458,4.327,89.687,4262.82,87.472
224.956,5.802,8.04,4.932,46.138,4115.897,87.438
429.187,7.206,8.373,0.575,9.239,4486.459,91.934
478.418,3.311,6.531,0.902,94.562,4268.979,87.737
249.518,6.03,7.077,2.747,45.258,4216.177,88.518
465.768,8.249,6.244,2.02,8.954,4059.24,87.977
291.666,0.942,6.342,4.02,19.654,4300.02,88.086
269.192,7.107,6.71,3.444,12.865,4110.893,88.112
227.241,3.231,8.379,0.808,20.555,4740.774,93.172
104.644,1.226,7.668,2.952,16.423,4625.108,91.455
1.86,5.457,6.787,2.014,92.365,4318.732,88.901
120.753,2.263,8.386,4.843,21.698,4437.438,89.836
254.862,8.214,7.849,2.639,44.755,4193.436,88.951
189.98,0.429,8.267,4.674,73.258,4396.342,88.36
224.243,0.987,8.318,0.636,68.02,4770.738,92.323
490.324,5.21,7.877,0.965,95.69,4294.178,88.548
175.136,5.889,6.608,2.238,96.637,4161.649,87.417
226.091,7.299,8.491,4.491,57.499,4107.03,87.685
66.758,2.593,6.813,2.951,75.478,4372.235,88.745
23.979,8.418,7.679,4.209,39.218,4135.757,88.491
387.705,9.531,8.112,1.776,43.496,4176.2,89.186
285.342,4.99,6.438,1.002,11.333,4428.759,90.671
380.352,7.605,7.523,1.607,67.669,4185.764,88.463
74.931,5.248,6.938,3.404,27.79,4297.936,89.276
285.914,0.695,6.611,4.421,8.906,4323.431,88.354
126.821,3.261,6.029,2.547,10.725,4400.277,89.874
114.031,0.875,8.18,1.371,72.515,4735.077,91.888
5.763,9.889,6.34,3.369,23.664,4052.396,88.254
65.17,2.29,8.195,1.386,77.229,4679.354,91.708
154.634,6.359,7.502,3.066,90.686,4166.904,87.67
58.439,2.843,7.553,0.96,34.744,4718.352,92.689
492.929,6.532,8.072,4.15,79.594,3959.877,85.763
154.316,2.104,7.274,4.123,43.446,4345.784,88.655
65.162,7.853,6.893,2.936,77.449,4115.641,87.738
99.541,1.108,6.347,0.672,31.366,4699.612,92.015
293.852,8.952,7.426,1.761,93.217,4085.585,87.609
32.022,8.404,7.383,1.122,98.733,4292.375,89.458
431.217,6.788,6.735,2.856,39.229,4054.449,87.189
480.75,0.674,7.5,0.958,20.694,4638.764,91.383
123.374,2.086,7.098,4.414,68.848,4264.798,87.585
225.048,8.594,8.014,4.326,58.776,4009.052,87.081
11.067,1.22,7.399,1.202,99.155,4654.796,90.922
320.355,1.559,8.334,3.627,81.348,4369.881,88.353
206.963,5.44,7.295,3.634,83.675,4123.235,87.028
135.029,2.742,8.219,2.285,72.922,4542.888,90.522
103.419,2.221,7.301,1.188,35.728,4677.078,92.08
327.012,5.758,7.395,1.094,93.648,4291.351,88.704
208.109,3.726,6.917,3.828,47.101,4224.393,87.891
89.83,1.406,7,1.491,40.545,4654.678,91.563
344.555,5.349,8.333,3.216,20.229,4331.559,89.718
282.536,3.87,6.558,4.396,31.092,4119.216,87.042
429.336,7.345,6.304,3.169,1.223,4029.097,87.482
58.738,1.028,8.076,4.883,66.331,4405.862,88.704
392.833,6.206,7.442,3.405,60.941,4075.146,87.004
336.758,4.365,6.712,1.916,40.9,4311.164,89.012
57.505,4.061,7.081,4.336,96.744,4149.219,86.743
347.41,2.323,7.312,1.899,69.618,4412.232,89.123
220.774,0.304,7.48,4.872,25.029,4385.171,88.693
472.492,8.477,8.053,2.65,38.491,4103.21,88.19
70.806,3.264,6.986,4.79,52.064,4216.891,87.627
321.417,6.811,7.691,1.326,54.99,4325.273,89.746
190.99,9.476,8.087,0.551,28.288,4427.698,91.837
478.407,5.65,8.109,1.383,25.695,4399.596,90.434
164.987,3.971,6.636,0.943,30.643,4526.943,91.154
481.093,2.683,6.875,3.803,96.372,4039.836,85.239
450.743,9.34,7.487,1.69,36.593,4114.102,88.577
135.192,6.821,8.214,3.378,38.04,4298.965,89.655
401.771,6.653,7.976,3.509,72.304,4068.581,86.959
497.802,4.262,7.46,3.597,17.113,4190.074,88.008
126.332,8.45,8.459,4.247,64.673,4106.223,87.951
218.389,7.137,7.097,1.17,66.947,4292.788,89.399
260.09,2.832,8.106,0.727,7.387,4751.493,93.291
147.466,5.996,8.046,0.634,19.805,4628.107,92.882
7.632,4.302,8.27,0.967,47.183,4717.026,92.989
110.065,0.066,8.469,2.206,83.706,4700.546,91.188
140.968,8.076,7.239,4.853,73.502,3917.305,85.861
221.8,1.228,6.489,2.09,87.472,4392.698,88.421
85.551,5.1,7.152,2.538,85.25,4293.156,88.609
436.627,3.362,8.135,4.165,51.639,4207.289,87.565
352.456,3.421,8.09,4.634,62.606,4173.173,87.132
42.6,4.774,6.84,4.871,92.159,4052.543,86.036
325.046,9.97,6.118,4.219,74.366,3680.157,84.049
326.828,4.084,7.275,2.761,36.43,4310.865,88.969
478.111,1.823,7.185,1.533,35.686,4463.669,89.827
1.51,6.136,6.214,3.193,37.296,4220.026,88.668
123.966,2.363,7.987,1.386,50.025,4679.988,92.008
463.896,1.055,6.709,0.751,36.886,4537.326,90.321
466.067,0.502,7.614,4.637,19.563,4300.481,87.96
360.293,0.229,6.254,2.682,59.897,4345.835,87.928
382.882,4.312,8.152,2.787,87.052,4255.341,87.976
45.741,4.267,7.848,3.241,49.762,4424.912,90.032
256.938,1.855,6.971,2.531,22.696,4477.339,90.103
115.791,7.84,7.574,2.5,81.492,4194.489,88.482
90.609,1.293,6.469,4.618,75.819,4223.471,86.864
405.152,9.153,8.464,4.174,70.322,3928.032,86.323
67.519,5.876,7.99,1.457,67.798,4490.218,90.987
234.326,0.276,7.972,1.813,78.445,4628.074,90.579
469.289,9.63,6.383,3.473,83.196,3708.542,84.142
92.916,3.079,6.044,3.07,89.922,4217.169,87.196
488.997,4.5,7.463,3.948,61.383,4059.319,86.329
497.144,2.843,6.36,3.774,39.966,4087.958,86.333
277.809,7.284,7.951,3.688,9.9,4203.348,89.12
85.071,4.857,7.04,4.461,72.519,4127.507,87.007
158.052,1.324,6.846,3.949,14.98,4414.528,89.393
212.246,1.042,6.184,1.593,86.983,4426.939,88.712
154.662,7.254,8.49,4.428,41.182,4183.858,88.603
140.318,2.371,8.39,2.01,87.738,4573.839,90.572
486.115,1.378,6.329,4.599,52.329,4056.385,85.454
76.682,4.994,6.832,4.209,45.895,4182.437,87.864
366.664,8.028,6.977,0.833,36.993,4255.657,89.595
0.205,2.788,6.742,3.971,7.073,4423.483,90
298.091,2.764,8.336,2.751,2.141,4567.022,91.478
457.972,8.339,7.803,4.897,51.36,3841.988,85.408
143.967,1.478,8.39,2.563,90.21,4556.371,90.105
92.763,6.167,8.186,0.802,59.025,4565.678,91.917
325.84,9.55,7.886,1.819,86.375,4093.546,87.937
356.301,8.413,7.742,2.436,99.976,4031.894,86.843
344.015,0.618,8.165,3.164,18.683,4559.896,90.598
159.658,3.199,7.71,1.184,66.298,4580.209,91.099
126.101,1.424,6.472,2.818,42.274,4446.607,89.47
477.959,9.492,7.62,2.676,21.672,4037.525,88.006
461.65,9.859,7.288,4.265,24.849,3828.758,85.997
228.658,2.35,8.455,1.861,25.221,4677.125,92.224
423.097,6.697,7.275,2.523,73.236,4082.34,87.1
226.162,8.416,6.096,2.249,36.145,4078.551,87.949
212.195,2.337,6.66,3.345,26.318,4355.97,88.998
78.381,1.877,8.293,4.263,88.71,4392.609,88.602
213.203,0.112,8.406,3.54,4.4,4665.551,91.645
268.708,4.12,7.821,2.593,73.826,4334.865,88.846
11.252,8.994,6.142,3.37,96.095,3929.658,86.034
222.057,9.03,6.059,1.95,62.939,4022.48,87.304
390.678,1.277,7.199,1.148,55.268,4535.307,90.184
340.023,2.044,8.499,1.939,7.083,4669.691,92.239
317.578,4.08,8.173,2.497,50.793,4403.265,89.749
454.778,7.806,8.333,2.477,36.779,4194.349,88.918
9.016,6.119,7.559,3.819,78.032,4207.467,88.13
278.524,5.138,8.148,4.714,81.366,4084.507,86.573
393.674,5.919,6.799,2.25,17.593,4226.904,88.869
270.668,0.962,6.068,0.889,52.702,4529.101,90.053
161.948,4.777,8.296,0.65,86.134,4572.453,91.296
68.125,9.921,6.546,0.518,62.828,4247.078,89.819
443.782,0.884,7.821,4.721,48.616,4246.63,87.245
235.381,5.192,7.647,4.98,89.908,4009.577,85.754
439.058,2.956,6.395,0.731,96.682,4305.7,87.977
292.926,5.399,6.489,2.112,24.292,4272.747,89.104
337.096,5.738,6.823,3.512,19.097,4137.412,87.905
402.131,5.775,7.892,1.305,86.618,4295.669,88.823
329.578,8.522,6.098,3.175,25.052,3951.317,86.819
199.027,3.897,7.018,4.161,84.936,4121.38,86.534
256.817,5.164,7.663,4.361,30.818,4181.919,88.06
401.523,0.109,6.429,3.679,2.899,4362.954,88.633
186.825,7.896,6.299,0.868,42.772,4269.329,89.634
194.061,2.595,6.976,2.068,4.996,4554.008,91.269
47.845,8.166,6.716,4.853,21.591,4010.953,87.343
457.292,2.656,7.623,1.367,48.457,4467.155,89.984
45.518,0.108,8.424,2.543,4.811,4850.35,93.488
324.105,1.548,6.011,2.004,4.288,4452.693,89.949
206.597,9.857,8.256,1.425,16.36,4354.243,91.336
202.81,3.198,7.083,1.956,46.813,4457.784,90.069
339.776,1.088,7.66,1.353,97.428,4511.563,89.468
33.547,1.188,8.128,4.448,10.248,4571.344,90.967
296.853,3.103,7.434,1.285,62.574,4486.119,90.166
386.016,0.376,6.243,3.306,50.21,4281.482,87.426
414.106,5.115,6.351,4.74,6.955,3984.399,86.309
85.265,2.137,7.973,4.787,4.38,4460.366,90.201
448.71,5.193,6.573,3.202,22.962,4107.15,87.4
328.073,1.408,7.423,1.719,68.79,4498.357,89.718
440.927,4.299,7.07,1.616,96.276,4217.521,87.502
242.64,5.979,6.759,3.864,56.052,4057.166,86.805
271.017,0.62,7.967,4.913,5.531,4427.852,89.409
459.519,3.987,7.828,0.849,26.54,4515.673,91.088
449.955,3.025,7.615,4.053,94.29,4091.447,85.879
224.08,2.404,6.932,1.053,2.24,4651.125,92.21
137.206,6.045,6.566,1.842,60.623,4280.318,89.011
196.585,5.885,7.29,3.05,18.713,4294.004,89.519
193.882,6.307,8.043,1.838,7.555,4493.124,91.748
143.433,1.589,7.439,3.426,26.189,4497.762,90.192
134.29,2.857,8.425,2.377,93.762,4507.274,89.992
430.531,2.097,6.039,1.486,76.414,4282.325,87.688
34.931,5.405,8.496,2.889,17.951,4537.049,91.812
338.806,4.611,7.729,0.608,7.505,4597.103,92.279
86.41,3.303,8.082,3.835,49.821,4416.688,89.66
172.253,7.86,6.837,2.85,6.213,4207.147,89.367
30.772,0.94,7.271,4.76,41.002,4406.694,88.939
134.987,9.749,7.992,0.963,80.225,4287.601,89.998
384.211,1.165,7.902,3.795,50.566,4359.122,88.435
442.508,7.731,6.835,1.854,89.787,4010.717,86.529
110.764,3.682,6.811,2.179,79.334,4365.02,88.962
231.774,8.653,7.657,2.068,55.972,4198.423,89.02
235.162,0.742,8.334,2.111,79.25,4609.139,90.521
436.788,3.747,7.097,2.439,10.392,4339.282,89.413
381.4,3.354,6.882,0.595,20.935,4528.492,91.082
256.539,9.932,8.237,4.31,70.342,3927.1,86.547
335.374,9.855,7.708,4.468,1.566,3960.362,87.545
423.678,1.898,6.971,0.678,1.463,4619.601,91.751
4.769,6.299,6.143,3.992,38.654,4120.452,87.708
201.445,5.355,7.804,0.825,86.841,4455.686,90.295
453.622,1.544,6.882,4.135,98.104,4074.5,85.227
370.157,1.678,6.176,3.258,65.334,4192.162,86.772
271.421,9.893,7.531,1.879,95.077,4044.723,87.464
264.822,4.527,6.808,3.262,84.92,4125.889,86.768
173.885,1.258,6.846,2.78,20.947,4514.887,90.317
260.26,2.148,7.198,3.361,40.992,4364.194,88.876
327.692,2.683,7.794,2.639,62.753,4391.925,89.097
209.182,5.109,6.691,3.978,15.98,4179.28,88.166
357.077,3.355,6.202,0.704,31.997,4439.558,90.082
430.616,4.55,7.061,2.049,75.882,4206.601,87.672
77.342,1.665,6.137,3.017,35.121,4419.889,89.347
225.774,3.267,7.743,3.147,92.667,4298.022,88.034
204.01,0.703,8.398,1.263,41.271,4793.81,92.736
343.732,8.897,7.647,0.835,22.756,4318.918,90.631
124.934,1.988,6.688,0.594,21.802,4703.961,92.418
320.125,7.569,6.454,2.359,69.034,4032.988,86.91
438.745,3.496,6.582,1.987,37.447,4290.479,88.579
209.066,4.744,6.554,3.055,24.488,4259.181,88.77
455.508,2.913,6.785,2.523,69.693,4213.406,87.311
496.582,6.964,6.243,2.273,42.718,4015.058,86.813
53.046,8.445,8.239,4.295,84.753,4076.133,87.447
116.527,2.863,8.213,3.297,55.349,4479.502,90.1
475.19,2.422,7.538,3.407,97.245,4159.869,86.353
479.164,6.814,6.155,2.218,38.071,4037.214,87.036
48.854,1.952,8.01,3.996,28.928,4521.56,90.512
7.499,6.398,6.154,1.184,64.811,4343.717,89.709
80.55,0.944,6.266,2.309,71.128,4465.96,89.232
498.006,6.201,6.813,0.712,2.68,4345.664,90.29
90,5.134,7.079,1.019,67.269,4469.68,90.564
251.274,1.139,6.885,0.867,18.921,4681.354,91.966
424.209,6.491,6.413,2.486,95.927,3964.15,85.63
10.201,4.466,6.28,3.638,58.025,4219.808,87.958
302.244,2.171,8.149,1.907,13.537,4637.386,91.89
138.513,3.534,6.908,0.62,6.219,4670.434,92.702
431.167,4.921,6.546,3.682,88.081,3948.61,85.082
141.731,0.916,7.217,1.433,85.212,4591.337,90.336
343.378,9.576,6.092,3.752,43.975,3795.558,85.389
337.11,6.656,7.501,0.533,9.662,4476.1,91.661
110.747,1.025,6.621,1.906,39.608,4585.711,90.769
17.4,8.229,7.495,3.296,76.292,4147.28,88.178
204.625,3.226,7.535,4.42,66.488,4214.948,87.452
144.597,5.968,8.023,3.894,86.651,4168.947,87.613
404.489,2.771,6.575,2.523,75.368,4213.595,87.214
400.182,7.334,7.159,3.733,33.683,4008.374,86.947
228.512,7.23,8.405,2.919,34.772,4303.273,89.854
303.256,5.52,7.818,4.16,65.128,4107.848,87.083
302.13,2.409,8.438,3.974,31.707,4411.465,89.52
413.579,2.537,8.318,4.891,86.898,4135.27,86.245
212.501,3.829,7.527,0.972,33.442,4590.898,91.723
137.723,1.45,6.66,2.033,49.404,4522.489,90.166
132.517,3.377,7.892,1.366,5.28,4707.016,93.03
268.096,6.844,7.745,3.338,12.691,4239.077,89.317
224.574,8.308,7.472,3.488,14.058,4142.585,88.778
220.06,3.326,7.745,1.417,35.069,4586.283,91.51
45.569,2.336,7.534,2.397,12.546,4649.026,92.066
359.302,8.326,7.298,3.21,46.254,4020.398,87.239
106.868,8.907,7.04,3.465,27.646,4103.381,88.429
98.477,4.1,6.112,0.962,27.973,4504.79,90.998
206.379,0.269,8.164,4.645,45.105,4445.088,89.081
113.889,6.95,8.164,0.653,85.53,4475.562,90.985
291.929,7.84,7.485,4.878,76.411,3869.884,85.287
185.732,0.18,6.67,1.923,88.489,4495.769,89.127
224.456,5.95,6.07,1.924,99.027,4106.879,86.864
268.585,5.884,6.004,2.507,2.099,4216.971,88.914
101.768,3.787,6.182,3.627,69.558,4176.141,87.202
77.876,7.498,6.9,1.218,12.863,4428.603,91.407
440.211,4.282,6.471,1.647,93.746,4160.67,86.954
216.862,6.768,6.663,4.827,23.458,3989.822,86.694
206.047,5.171,7.749,4.446,35.646,4197.463,88.17
17.806,2.485,8.398,1.456,97.926,4665.223,91.418
248.988,6.065,6.517,3.079,86.852,4042.39,86.375
277.085,7.369,7.164,1.416,5.674,4356.446,90.718
279.42,9.739,8.479,2.975,5.64,4212.4,89.989
353.516,3.801,8.329,2.146,82.065,4387.378,89.193
88.741,0.645,6.881,2.131,7.967,4682.448,91.938
126.112,9.88,6.799,3.358,85.322,3916.456,86.275
405.365,6.238,6.605,1.633,92.537,4097.553,86.922
473.585,9.465,6.389,2.319,3.36,3990.196,87.708
67.966,1.038,7.15,4.664,22.781,4417.188,89.256
248.825,3.42,6.853,3.899,3.296,4293.345,88.927
107.088,1.339,7.862,2.225,8.21,4726.798,92.588
30.037,8.355,6.592,1.536,53.873,4265.079,89.619
162.752,8.803,7.841,3.466,73.286,4069.408,87.602
71.844,5.013,6.72,4.135,48.468,4175.063,87.77
354.967,1.866,7.482,4.373,39.209,4261.635,87.784
266.863,1.271,7.596,3.039,21.465,4515.76,90.324
71.917,5.882,7.679,2.826,24.421,4406.503,90.585
4.621,5.064,6.438,3.738,58.657,4197.183,87.904
404.079,6.948,6.707,1.291,85.721,4120.708,87.434
88.097,3.052,6.615,4.335,41.052,4249.309,87.998
303.108,4.024,7.44,0.833,94.023,4419.99,89.467
168.461,0.214,6.189,3.214,6.16,4490.348,89.906
292.743,6.101,7.296,3.154,83.092,4096.575,86.965
157.827,4.231,6.219,1.898,34.529,4372.507,89.649
43.47,9.198,6.843,0.66,87.008,4262.673,89.516
111.475,6.418,7.717,3.73,92.022,4137.967,87.385
94.029,3.987,7.031,0.609,70.34,4555.22,91.045
214.01,2.636,6.701,1.308,36.15,4528.16,90.711
329.142,9.053,7.54,2.949,46.237,4049.371,87.747
131.903,0.163,7.851,4.73,55.626,4426.739,88.76
6.035,3.269,6.636,0.797,46.746,4624.011,91.753
259.469,9.435,6.748,3.105,79.324,3904.26,86.08
302.88,6.54,7.601,1.98,77.381,4228.853,88.477
481.435,5.327,8.413,3.512,2.253,4278.485,89.36
294.735,2.035,6.535,4.788,16.015,4193.495,87.385
235.586,8.334,7.636,1.709,36.991,4284.233,89.973
286.701,2.042,8.266,4.802,67.57,4265.89,87.596
463.95,2.483,7.155,4.418,23.74,4170.128,87.209
414.189,1.919,6.792,3.232,32.956,4287.103,88.117
161.489,1.581,7.667,3.912,46.746,4422.2,89.229
118.627,9.533,6.079,4.392,59.366,3813.957,85.406
131.317,6.02,6.9,4.116,90.278,4031.249,86.216
252.211,6.378,6.645,1.97,80.659,4161.134,87.718
372.025,9.543,6.562,4.157,36.563,3804.183,85.539
251.61,2.306,6.449,1.911,77.03,4358.703,88.508
33.898,0.059,7.843,4.402,83.433,4457.306,88.756
361.79,5.989,8.388,1.65,52.711,4388.055,90.15
402.985,5.078,6.962,3.075,30.308,4172.644,87.947
144.749,4.777,6.123,3.618,94.364,4050.532,85.995
332.063,0.619,7.797,2.416,96.263,4448.624,88.709
213.296,4.544,7.346,4.023,23.235,4251.879,88.65
444.56,2.876,7.809,4.664,78.722,4090.998,85.985
422.613,2.746,7.62,1.338,5.134,4569.306,91.465
262.716,2.224,8.264,0.65,1.236,4816.288,93.818
345.753,3.325,6.351,3.319,35.806,4192.426,87.564
441.675,3.531,6.423,3.21,46.791,4130.32,86.895
247.859,3.088,6.854,2.036,55.087,4393.314,89.309
156.625,9.788,7.228,4.035,38.448,3974.803,87.3
376.833,9.327,8.314,4.218,13.751,4027.38,87.934
110.033,5.745,8.267,1.994,35.134,4514.807,91.52
194.266,9.811,8.18,3.57,82.361,4008.564,87.205
432.864,9.912,6.556,3.389,34.235,3836.219,85.993
362.211,3.559,7.824,2.042,59.638,4399.878,89.47
201.906,4.452,6.959,4.861,68.407,4049.396,86.145
107.372,9.591,8.328,2.059,73.511,4246.675,89.609
177.984,6.086,6.536,3.291,49.311,4132.58,87.659
142.052,2.129,6.353,2.211,13.446,4509.876,90.603
88.045,6.894,8.106,0.553,90.15,4486.258,91.029
371.666,2.057,7.792,0.912,26.771,4645.742,91.807
126.035,3.394,8.054,1.545,34.557,4649.003,92.163
227.084,2.276,6.395,4.155,77.604,4141.48,86.321
192.93,2.45,8.212,2.489,76.589,4500.136,89.97
491.039,0.047,7.694,3.149,89.742,4327.193,87.388
195.546,8.807,7.629,4.747,4.341,4041.345,88.012
39.991,2.96,7.456,1.162,87.577,4586.341,90.876
44.913,0.864,7.912,4.378,79.43,4428.896,88.754
295.377,0.87,7.039,2.207,52.984,4486.095,89.592
299.682,5.56,6.332,2.019,16.789,4269.911,89.199
209.379,9.929,7.348,3.315,54.954,3992.27,87.352
215.922,1.45,7.87,4.544,20.2,4411.765,89.351
26.966,0.996,6.384,2.068,96.531,4475.215,89.086
258.273,4.383,6.56,3.926,71.172,4072.738,86.331
252.37,5.633,7.741,0.587,60.027,4487.572,90.965
74.775,2.944,6.674,3.304,81.523,4289.394,87.962
51.92,3.025,6.425,3.338,53.712,4324.088,88.611
61.786,4.245,8.223,3.002,6.966,4565.058,91.854
50.514,3.141,6.402,4.72,26.644,4232.586,88.002
304.854,9.153,6.86,4.724,98.187,3707.204,83.836
98.241,0.42,7.071,2.039,85.23,4562.621,89.9
125.715,2.346,7.19,2.554,92.817,4397.894,88.754
86.786,8.086,6.903,4.066,10.685,4114.719,88.466
478.918,8.34,8.281,4.298,25.552,3990.833,87.155
427.309,1.116,7.647,2.381,7.261,4542.617,90.688
115.247,9.738,6.899,2.071,82.394,4073.518,87.833
163.783,6.934,6.894,4.193,18.216,4105.151,87.949
104.946,2.726,7.257,2.196,41.595,4534.187,90.744
245.938,4.56,6.084,2.324,27.681,4269.712,88.788
9.805,2.971,8.317,1.11,93.105,4680.989,91.77
335.684,1.5,6.558,2.943,61.23,4296.188,87.8
261.579,2.912,7.744,1.969,80.151,4440.816,89.48
449.319,5.801,7.944,3.158,60.612,4142.728,87.561
82.196,8.26,8.068,2.517,61.643,4277.784,89.639
402.055,3.635,6.414,3.867,38.908,4094.141,86.643
395.981,3.479,7.342,1.75,24.661,4437.912,90.176
63.591,4.68,6.209,1.274,35.49,4456.743,90.617
199.28,6.446,8.012,3.663,30.191,4252.566,89.157
85.076,7.516,7.216,2.229,69.431,4241.547,88.976
127.36,3.268,6.396,3.036,42.834,4323.253,88.785
131.623,5.864,7.797,4.735,55.466,4136.269,87.567
278.118,3.894,6.828,2.678,77.323,4226.564,87.66
205.705,7.164,6.286,1.186,27.389,4294.22,89.818
473.866,1.647,7.153,2.42,42.941,4368.099,88.746
63.185,2.569,6.588,2.653,52.429,4428.559,89.532
486.846,4.261,8.376,3.947,6.327,4273.758,88.952
115.319,8.894,6.903,1.378,16.066,4318.006,90.688
386.437,5.733,7.431,2.061,7.288,4342.551,90.073
169.485,9.654,8.371,0.725,75.473,4346.19,90.603
71.541,1.033,6.984,3.659,30.691,4483.749,89.84
428.945,4.602,6.895,3.848,42.837,4074.529,86.697
154.43,4.191,6.406,2.557,67.56,4262.991,88.212
329.428,6.002,8.346,2.922,96.68,4184.177,87.676
283.222,8.12,8.002,3.874,81.294,4002.59,86.649
235.878,8.414,6.553,1.707,6.722,4232.41,89.781
247.91,6.702,6.832,3.231,31.268,4138.447,88.082
366.119,6.415,8.287,4.838,5.859,4129.419,88.16
43.886,9.49,7.343,3.461,7.105,4177.566,89.552
334.09,3.837,7.391,0.851,13.618,4567.809,91.693
447.906,8.328,7.62,1.806,32.787,4175.5,88.925
28.894,9.215,7.905,2.836,23.918,4283.898,90.364
70.327,4.915,8.348,0.827,35.865,4699.456,93.111
358.316,7.291,8.006,3.545,82.379,4037.633,86.74
218.641,3.77,8.336,3.444,79.971,4331.47,88.646
201.774,1.589,8.052,4.443,35.723,4409.034,89.21
68.483,5.865,6.116,2.75,66.322,4176.474,87.861
253.385,1.965,6.294,3.615,37.894,4267.206,87.883
63.273,4.576,8.212,1.319,39.21,4650.46,92.485
238.31,8.729,6.069,0.513,67.897,4164.245,88.582
381.808,0.86,7.985,1.275,39.048,4659.021,91.458
129.132,0.304,8.125,0.78,55.377,4843.931,92.977
240.393,6.065,7.039,2.425,12.407,4313.143,89.827
496.008,3.311,6.887,2.607,54.343,4205.758,87.507
343.325,4.179,6.486,3.4,74.458,4079.041,86.3
420.678,4.057,6.122,1.133,88.949,4207.79,87.406
207.424,0.866,7.863,1.466,15.579,4761.544,92.72
383.93,0.036,6.184,4.092,41.66,4232.116,86.915
20.255,8.984,8.362,3.094,49.132,4269.129,89.895
61.456,2.178,6.742,0.632,90.576,4590.192,90.65
101.535,4.261,7.986,4.318,26.483,4350.005,89.513
200.976,9.719,6.149,3.334,17.401,3960.256,87.344
422.872,8.268,7.341,1.34,15.008,4245.249,89.783
173.133,1.079,6.873,1.634,16.333,4650.647,91.667
327.311,5.085,6.075,2.991,87.083,4016.323,85.818
354.657,7.301,7.639,3.024,62.361,4094.499,87.512
293.091,6.984,8.358,4.123,42.652,4142.41,88.093
178.621,7.608,6.027,2.114,86.807,4047.98,86.894
288.527,4.575,6.676,2.972,30.505,4236.422,88.432
171.133,1.759,7.759,3.121,92.858,4404.515,88.644
41.937,4.649,8.178,3.014,76.127,4410.751,89.741
496.402,6.479,6.477,0.828,3.037,4286.668,89.78
63.591,6.086,6.177,2.351,46.801,4252.922,88.887
36.174,0.705,6.022,2.025,84.404,4477.506,89.143
439.265,0.65,6.538,4.967,40.218,4124.506,86.038
150.917,9.653,6.178,2.596,98.727,3902.727,85.936
325.148,1.518,6.898,2.459,84.812,4335.892,87.966
164.503,2.945,7.1,2.677,75.552,4361.785,88.746
195.727,7.676,7.2,4.637,14.415,4045.792,87.617
131.056,4.097,6.356,3.252,11.679,4316.704,89.279
171.522,1.815,7.16,2.251,64.478,4485.434,89.754
205.35,4.672,6.023,4.607,66.481,3972.35,85.46
360.208,5.689,6.599,4.684,15.604,3995.638,86.507
255.768,4.528,6.923,1.689,85.543,4297.978,88.483
471.783,9.189,6.296,2.27,87.499,3832.197,85.204
20.94,2.847,8.035,4.849,42.243,4381.29,89.245
251.534,6.613,6.503,2.935,61.165,4078.067,87.153
292.112,1.123,7.887,2.443,51.563,4539.108,90.212
460.098,3.923,7.185,1.379,4.531,4445.288,90.584
24.579,7.41,7.199,2.23,9.951,4394.25,91.066
286.75,2.248,7.613,3.341,78.198,4315.064,88.043
426.815,5.898,6.111,0.674,49.343,4236.675,88.643
120.964,1.534,6.197,0.875,61.479,4572.043,90.566
438.146,1.027,6.817,0.524,61.674,4535.52,90.047
9.522,5.232,7.042,1.485,38.582,4512.146,91.305
366.227,6.75,7.075,1.323,3.912,4346.696,90.453
466.557,1.134,7.692,4.329,78.904,4188.588,86.437
328.599,9.178,6.002,1.334,47.376,4048.88,87.768
219.515,2.258,8.398,3.475,14.752,4540.098,90.931
22.441,1.2,6.436,1.033,3.086,4762.979,92.959
460.057,2.027,6.622,3.171,2.735,4308.209,88.663
235.148,1.696,8.264,2.46,4.301,4669.415,92.16
14.498,0.907,6.014,2.339,16.347,4582.191,90.93
344.911,7.978,8.478,4.355,23.915,4093.169,88.086
240.919,4.955,6.09,1.255,25.467,4364.353,89.875
62.173,3.885,6.301,3.178,63.581,4259.781,88.128
107.136,9.506,6.6,4.198,24.915,3961.476,87.217
32.245,3.71,7.097,3.713,67.722,4301.356,88.449
287.147,1.67,7.296,4.925,82.511,4145.025,86.126
311.015,2.74,6.262,0.509,39.094,4504.515,90.476
252.871,2.39,6.184,4.48,72.117,4080.304,85.799
408.551,4.987,6.08,3.261,11.309,4105.648,87.44
430.504,2.915,6.642,0.511,33.465,4485.136,90.391
307.812,5.161,8.304,2.595,68.581,4321.812,89.08
6.378,6.693,6.975,3.953,93.247,4077.785,86.853
347.615,7.773,7.91,1.321,61.94,4272.52,89.438
209,7.102,6.475,3.553,37.02,4058.614,87.346
282.779,2.056,6.162,1.129,32.055,4495.024,90.246
324.54,1.159,7.386,4.116,39.763,4327.27,88.223
175.118,5.425,8.055,3.058,65.637,4309.656,89.068
458.549,1.989,8.246,0.652,33.372,4663.891,91.902
66.987,0.849,7.366,0.909,47.53,4774.637,92.526
335.756,5.271,6.735,4.387,76.141,3951.062,85.33
2.18,3.268,6.274,0.649,24.54,4648.96,92.225
462.326,7.561,7.67,1.843,71.934,4129.505,87.844
56.252,3.142,6.701,3.051,76.384,4327.008,88.449
47.442,9.787,8.11,1.46,86.504,4278.855,89.86
166.504,7.585,7.513,1.509,3.363,4431.136,91.553
186.783,0.577,8.147,3.992,12.262,4568.741,90.738
107.15,5.089,7.417,1.809,95.529,4361.646,89.188
292.561,5.626,7.929,0.674,13.452,4571.078,92.264
221.457,6.953,6.736,3.745,49.299,4042.093,87.014
17.088,4.978,7.258,4.795,17.528,4253.802,88.856
159.826,4.834,6.049,4.244,81.377,3996.093,85.597
405.216,3.679,7.52,2.969,10.554,4347.42,89.472
344.851,2.715,7.334,2.412,9.476,4465.129,90.371
362.435,9.462,7.888,4.663,50.966,3866.247,85.991
349.058,3.176,7.822,3.948,24.58,4304.95,88.756
155.487,0.634,7.569,3.068,66.494,4507.666,89.602
49.832,1.673,6.142,4.459,68.795,4222.103,87.035
136.234,8.573,8.258,3.208,59.019,4190.189,88.884
415.893,5.866,6.045,4.881,83.629,3747.907,83.403
490.235,7.788,8.008,4.362,70.038,3890.003,85.536
246.924,8.088,7.198,2.977,19.564,4155.155,88.782
4.85,8.232,8.045,4.653,8.762,4207.654,89.459
70.022,5.506,7.163,2.041,75.029,4351.795,89.42
161.04,1.771,7.617,3.654,74.262,4378.713,88.576
289.293,1.482,6.908,1.271,85.182,4474.616,89.339
37.547,5.74,7.859,4.529,21.032,4285.175,89.363
471.679,3.665,6.635,1.616,23.092,4336.642,89.235
182.542,5.58,7.798,4.771,58.09,4116.298,87.256
456.292,4.985,6.483,0.576,16.406,4380.502,90.136
390.261,6.022,7.805,3.568,30.337,4166.811,88.171
377.719,0.321,6.734,1.175,81.431,4488.116,89.163
303.36,0.328,6.697,3.969,34.087,4336.521,88.123
313.392,7.216,8.029,2.714,2.122,4309.779,90.241
319.002,1.931,8.034,4.593,65.432,4257.153,87.497
314.361,6.522,7.729,3.718,18.878,4180.034,88.568
276.864,5.466,8.31,3.957,20.387,4282.763,89.263
493.207,9.818,6.39,1.042,2.636,4092.059,88.84
366.145,8.354,6.673,0.935,58.225,4156.652,88.49
388.473,4.131,6.735,4.328,56.629,4026.692,85.94
436.231,6.164,6.763,1.516,10.547,4277.307,89.517
107.82,1.173,6.82,4.401,5.993,4417.344,89.465
41.902,3.864,7.743,1.141,49.593,4646.781,92.131
241.447,7.339,6.677,1.888,78.348,4134.523,87.763
257.04,6.227,6.715,4.679,95.42,3872.851,84.642
414.591,4.845,7.426,4.279,8.44,4148.319,87.852
221.892,1.765,6.483,0.744,71.109,4532.502,90.144
285.427,8.031,6.912,2.516,19.953,4155.385,88.764
263.535,2.732,6.145,4.594,4.364,4177.966,87.556
19.101,8.205,8.381,0.566,34.142,4593.421,93.054
307.607,6.116,6.793,0.983,57.814,4305.796,89.315
414.022,3.727,8.125,3.403,60.534,4257.728,88.09
78.75,0.406,7.325,0.972,5.871,4863.824,93.701
297.166,2.324,6.571,2.52,92.852,4254.58,87.315
296.805,8.891,6.484,2.785,6.404,4064.09,88.244
82.092,8.18,7.737,4.371,22.502,4141.588,88.645
61.732,5.749,8.412,4.808,43.818,4254.463,88.831
490.026,4.663,6.458,2.805,94.62,3997.85,85.431
196.86,6.471,6.289,2.797,99.132,4028.928,86.239
113.711,4.662,6.968,3.771,1.035,4327.668,89.665
85.662,6.443,6.985,1.366,23.227,4450.387,91.205
333.801,3.074,8.016,4.734,50.634,4206.307,87.479
304.723,8.385,7.172,0.505,69.745,4255.583,89.374
321.776,7.019,6.156,0.508,66.018,4220.925,88.655
44.003,3.3,8.302,3.315,25.9,4559.829,91.329
446.767,8.307,6.933,2.037,20.554,4109.804,88.385
194.633,4.873,7.671,2.292,2.413,4492.167,91.36
156.685,1.746,7.669,1.496,84.443,4582.677,90.506
231.181,0.777,6.141,2.335,38.501,4449.126,89.339
195.033,6.996,6.009,4.226,86.57,3857.85,84.812
431.789,8.651,6.22,3.647,33.047,3842.799,85.693
464.63,8.074,8.391,0.926,75.847,4258.807,89.252
151.727,6.557,7.985,0.755,7.896,4603.511,92.923
431.968,1.414,6.33,2.778,81.333,4205.88,86.67
390.762,0.94,7.537,3.786,89.21,4254.322,86.933
465.404,3.45,7.53,3.49,27.223,4244.31,88.206
122.875,8.549,6.001,4.389,15.045,3942.306,86.837
288.48,9.617,7.073,1.1,20.418,4231.352,89.995
137.272,2.414,7.779,3.226,86.911,4392.217,88.777
412.047,7.621,6.467,3.947,29.334,3906.251,86.055
2.662,5.739,8.127,4.72,23.904,4304.624,89.529
282.41,0.318,7.651,0.954,97.909,4616.752,90.284
169.602,5.429,6.017,1.578,67.331,4252.971,88.485
161.342,8.059,8.137,2.096,83.39,4253.741,89.121
322.453,2.761,6.049,2.933,74.958,4162.308,86.702
425.742,8.974,8.22,2.339,38.027,4150.5,88.817
304.598,2.363,6.834,4.375,86.412,4102.674,85.871
426.586,0.765,7.747,4.777,59.229,4226.938,86.907
132.299,1.599,7.969,0.815,66.082,4737.039,92.189
259.751,8.37,6.703,3.649,33.282,3990.521,87.083
225.268,4.173,6.891,1.014,98.135,4370.129,88.972
5.822,7.969,7.274,4.541,85.606,4000.71,86.542
278.406,5.312,7.457,1.139,15.663,4495.582,91.393
330.762,4.806,6.73,4.962,21.184,4028.802,86.518
295.957,8.069,8.481,2.425,75.11,4203.956,88.709
368.14,4.235,7.843,2.219,3.549,4459.467,90.83
285.67,8.02,6.685,3.138,34.21,4042.441,87.488
33.375,1.007,7.601,2.275,53.719,4658.19,91.347
58.223,6.363,7.088,1.556,21.286,4463.391,91.33
298.237,7.026,8.151,3.331,87.442,4106.671,87.3
137.49,8.991,6.822,3.778,89.038,3908.105,85.888
39.823,2.243,6.47,4.754,95.728,4148.04,86.196
214.801,6.042,6.115,2.341,15.487,4236.947,89.027
277.161,4.333,8.461,3.676,8.849,4405.572,90.267
164.373,3.828,6.898,4.251,56.053,4179.005,87.378
360.217,1.067,6.551,4.241,79.451,4138.64,85.912
321.885,1.342,7.229,0.654,29.815,4669.832,91.803
166.409,8.37,6.729,2.101,24.856,4211.433,89.377
377.436,7.498,6.582,0.56,52.254,4234.083,89.068
324.348,3.823,7.541,3.016,48.724,4301.719,88.677
318.723,8.285,6.187,4.393,48.475,3808.866,85.089
276.714,0.808,7.272,4.167,41.122,4349.55,88.327
5.695,6.248,6.969,4.151,72.979,4120.604,87.351
348.254,8.682,7.331,2.083,61.854,4092.883,87.915
188.021,8.389,6.801,0.708,49.294,4297.232,89.996
471.305,3.728,7.426,1.276,72.349,4348.25,88.877
408.992,7.452,6.205,3.518,26.908,3937.715,86.344
293.847,4.275,6.94,1.102,89.292,4344.569,88.835
126.091,8.401,6.594,1.064,39.033,4291.797,90.048
101.859,5.308,7.095,2.092,33.432,4417.195,90.43
170.192,7.649,6.996,0.925,54.685,4330.148,90.049
238.284,0.786,7.578,1.984,27.771,4645.424,91.412
148.033,5.9,7.572,4.864,27.605,4146.588,87.96
257.465,5.503,7.033,0.59,8.71,4523.07,91.794
82.685,6.1,6.454,4.237,65.542,4044.247,86.617
488.856,6.956,7.455,4.971,91.36,3773.379,83.907
53.962,9.181,8.416,2.464,68.841,4271.529,89.781
465.972,7.857,6.464,4.744,57.206,3731.747,84.102
456.789,2.196,6.173,1.675,71.467,4268.602,87.63
262.68,8.259,6.661,4.92,96.679,3736.461,83.876
362.455,1.221,7.032,4.377,34.313,4254.639,87.569
218.024,6.222,6.765,4.481,43.638,4021.045,86.641
315.017,8.828,8.087,1.087,29.336,4342.441,90.779
170.288,1.011,7.233,4.415,2.655,4440.713,89.684
150.58,8.497,6.615,4.738,35.395,3916.785,86.363
289.115,7.986,8.375,4.186,8.09,4158.93,88.904
249.065,5.038,6.313,0.911,85.981,4291.769,88.569
289.768,3.089,6.307,0.881,71.845,4399.555,89.204
143.33,4.054,6.613,2.109,31.099,4413.816,90.043
183.479,9.687,6.192,3.672,33.467,3908.975,86.661
41.949,2.017,7.879,0.556,57.391,4795.705,92.988
26.138,5.796,6.782,4.778,80.005,4037.531,86.314
126.729,0.832,7.825,2.865,72.152,4546.719,89.995
37.123,2.179,7.907,2.113,3.853,4744.203,93.057
51.887,7.633,6.594,3.026,78.744,4091.736,87.42
406.464,3.026,7.296,3.721,88.252,4126.451,86.29
19.437,9.858,7.299,1.73,9.899,4334.523,91.204
329.471,5.008,8.178,1.81,77.236,4367.219,89.402
136.279,5.165,6.064,2.607,25.921,4267.477,88.965
435.773,0.363,6.792,3.515,18.197,4355.293,88.48
242.496,9.565,8.206,3.679,54.844,4043.557,87.757
152.788,1.742,6.592,1.958,55.715,4488.435,89.85
258.819,5.383,6.342,1.951,47.617,4245.285,88.592
190.979,3.957,7.44,2.692,90.279,4300.952,88.294
282.151,4.156,6.765,2.939,24.92,4283.897,88.837
57.266,6.433,7.168,3.422,60.652,4203,88.353
498.495,6.621,8.05,3.28,41.577,4113.588,87.706
212.778,1.543,7.302,2.176,87.504,4454,89.128
174.115,4.996,7.29,1.836,14.149,4480.225,91.16
355.105,7.905,6.695,1.886,9.209,4189.773,89.177
181.95,4.433,7.982,3.404,99.283,4246.601,87.803
416.637,1.658,7.85,2.449,58.143,4432.53,89.241
227.135,3.132,6.585,1.105,91.282,4395.332,88.98
359.779,2.124,6.8,0.527,41.413,4558.429,90.807
53.727,1.258,7.972,0.634,60.825,4822.38,92.993
423.06,3.776,6.894,4.404,69.715,4009.297,85.529
367.859,5.409,7.009,2.56,98.625,4093.22,86.569
105.858,0.728,6.911,3.458,12.161,4531.634,90.413
72.643,6.038,6.404,4.681,13.353,4107.401,87.752
158.146,9.93,6.852,1.068,52.797,4197.219,89.423
488.035,9.641,8.007,2.514,6.524,4110.178,88.929
128.416,8.292,7.228,2.926,73.02,4105.353,87.811
228.064,2.663,7.146,4.287,99.085,4140.492,86.213
15.01,0.224,6.391,4.972,81.332,4260.541,86.859
198.614,8.335,6.444,3.703,27.315,4003.429,87.262
285.66,0.557,6.107,3.388,80.157,4240.909,86.775
476.562,2.056,6.035,4.641,63.16,3971.934,84.705
258.368,5.445,7.22,4.268,12.823,4168.126,88.186
409.554,1.784,7.023,4.393,57.026,4155.019,86.515
273.564,8.338,6.688,0.512,89.781,4184.389,88.447
20.393,7.772,8.475,2.815,29.702,4407.836,91.113
157.504,7.558,6.995,4.022,66.252,4008.131,86.686
287.775,8.161,7.972,1.317,5.115,4403.375,91.431
475.297,2.197,6.526,3.882,83.587,4049.809,85.321
429.565,7.289,6.618,0.541,21.388,4285.634,89.829
114.178,3.553,7.421,3.088,61.254,4376.035,89.214
110.055,6.668,6.01,4.331,52.895,3973.669,86.208
100.586,1.22,6.044,2.441,55.265,4438.416,89.198
461.249,7.056,6.356,3.828,26.12,3917.143,86.027
426.333,9.721,6.558,2.887,56.352,3855.176,85.905
387.442,0.436,7.32,3.413,60.672,4353.816,88.062
196.368,0.938,7.716,2.825,43.12,4557.718,90.427
252.19,1.236,6.78,2.641,63.692,4398.545,88.719
232.166,4.306,6.598,4.287,19.966,4159.739,87.689
126.699,2.908,8.057,0.917,51.747,4701.735,92.372
252.514,8.069,6.407,3.131,71.963,3953.957,86.241
15.248,4.738,7.696,1.017,37.432,4648.536,92.532
65.905,4.845,8.328,3.033,41.703,4470.941,90.746
443.295,7.17,6.581,4.836,17.256,3859.756,85.576
375.84,3.62,6.217,0.757,62.028,4353.086,88.996
211.434,3.532,8.449,2.399,13.228,4596.259,91.89
258.575,7.569,6.677,4.109,50.58,3947.896,86.244
184.999,7.8,6.689,2.164,21.832,4226.371,89.386
370.39,0.144,7.209,2.841,20.219,4503.97,89.881
392.094,1.438,6.578,1.016,10.487,4567.23,90.999
381.643,2.131,8.482,1.504,36.382,4627.7,91.552
361.306,3.516,6.107,3.589,86.874,4021.65,85.403
102.252,2.914,7.129,4.229,60.886,4271.381,87.979
168.985,6.685,7.371,3.409,78.132,4121.165,87.436
234.923,8.281,7.167,4.266,12.343,4033.909,87.7
165.396,1.921,7.301,3.225,32.018,4464.807,89.904
377.47,5.63,8.469,4.146,39.473,4183.13,88.126
164.677,3.678,8.192,4.923,86.141,4188.398,87.126
69.116,5.058,6.771,0.873,66.775,4468.842,90.538
199.52,6.208,7.379,2.658,49.557,4262.773,88.994
489.957,8.936,6.001,1.355,30.748,4011.352,87.487
112.941,1.923,7.024,2.594,76.235,4437.953,89.194
306.079,0.87,6.41,2.748,88.944,4291.723,87.289
216.487,6.272,7.778,3.299,54.144,4217.837,88.519
35.512,3.941,6.553,2.477,5.299,4482.168,90.951
243.938,1.629,7.872,1.961,27.913,4631.856,91.528
351.082,1.171,6.783,0.694,74.835,4525.11,89.854
256.61,5.589,8.315,0.657,39.373,4579.295,92.076
436.053,3.005,7.114,1.288,62.966,4388.407,89.156
144.469,9.974,8.099,2.52,52.928,4181.033,89.273
43.125,4.059,7.57,2.379,90.864,4412.919,89.438
468.283,2.123,8.443,1.358,31.393,4605.466,91.378
189.098,6.288,7.857,4.201,45.16,4166.335,88.098
288.203,2.443,7.819,3.576,7.413,4443.299,90.092
396.002,4.941,6.662,2.044,80.691,4155.366,87.229
162.157,4.826,7.262,4.086,33.256,4228.7,88.402
358.082,4.536,6.725,4.952,72.471,3926.605,84.902
67.709,7.961,6.048,1.603,1.3,4310.056,90.476
145.647,2.166,7.776,2.132,86.876,4509.599,89.877
72.355,9.043,6.59,4.968,97.224,3779.376,84.534
405.615,7.913,6.993,1.12,47.526,4193.754,88.836
111.325,3.331,6.712,0.847,48.778,4566.646,91.178
358.702,1.806,6.499,2.844,62.02,4271.77,87.639
471.649,2.795,6.168,2.608,97.536,4085.323,85.716
263.886,3.326,6.845,0.852,56.299,4488.383,90.319
270.015,5.569,6.204,1.805,8.312,4309.823,89.686
230.517,0.464,7.351,2.385,56.952,4544.212,90.012
162.945,9.144,6.049,4.2,42.486,3861.288,85.931
237.828,0.987,8.35,3.685,76.325,4445.575,88.989
301.404,2.793,8.416,4.615,31.031,4327.682,88.804
492.996,1.093,6.762,1.996,92.522,4290.353,87.306
468.882,2.567,6.65,1.892,80.208,4252.636,87.494
431.076,8.377,6.261,2.584,33.33,3966.634,86.846
444.565,6.152,8.262,0.534,35.847,4471.277,91.2
233.925,2.273,7.467,1.433,52.264,4568.27,90.842
328.722,8.718,7.525,1.452,10.86,4285.409,90.361
447.533,8.007,8.24,0.775,69.322,4283.707,89.546
196.475,7.536,8.277,2.548,61.305,4275.215,89.4
480.881,8.476,8.071,4.575,32.552,3920.241,86.42
207.893,6.196,7.934,0.518,64.167,4499.442,91.212
300.541,5.014,8.193,3.328,10.726,4364.082,90.038
354.902,3.739,8.19,4.457,95.253,4118.368,86.353
475.296,2.238,6.922,0.984,7.63,4528.986,90.885
122.308,5.574,8.433,4.628,33.555,4273.612,89.073
373.065,8.895,7.773,4.183,97.083,3833.504,85.033
260.408,5.94,6.926,1.466,40.437,4337.926,89.757
134.279,9.196,7.105,4.574,88.675,3848.816,85.36
388.303,3.569,7.718,4.118,15.939,4255.487,88.466
276.111,6.951,6.903,1.001,7.607,4389.311,90.902
330.487,6.487,8.066,4.238,11.709,4169.875,88.528
161.451,6.704,6.37,2.94,97.233,4032.625,86.365
240.637,6.45,8.269,4.172,9.789,4247.299,89.31
308.677,2.217,6.753,3.279,65.522,4251.14,87.521
202.455,1.436,6.382,2.263,44.619,4449.581,89.48
99.186,9.786,8.145,3.205,86.219,4082.648,87.9
480.82,0.453,6.599,3.363,30.137,4300.253,87.837
255.734,4.677,8.108,3.948,3.862,4346.596,89.831
366.96,4.251,6.741,4.238,75.111,4004.016,85.564
205.524,3.6,8.335,3.484,59.287,4383.676,89.324
177.566,7.82,6.548,4.953,44.016,3891.621,85.822
203.582,7.454,6.174,4.003,32.979,3976.641,86.673
204.598,9.052,8.341,4.598,90.044,3939.288,86.208
272.09,3.955,6.414,1.938,13.058,4387.729,89.933
271.735,5.642,8.36,1.923,14.994,4495.785,91.5
248.577,8.923,8.06,2.131,2.468,4317.565,90.828
67.393,9.938,6.205,2.479,8.184,4125.621,89.156
248.038,9.693,7.113,4.826,85.871,3748.246,84.532
84.552,7.178,6.183,0.831,79.571,4274.92,89.107
63.068,1.432,6.824,2.743,11.14,4582.72,91.145
466.323,0.232,6.879,1.225,78.202,4464.196,88.929
302.475,8.252,7.499,4.149,64.464,3942.232,86.253
329.745,8.409,8.44,0.64,39.361,4415.893,91.288
200.897,7.464,6.424,2.548,9.336,4195.325,89.099
454.49,2.799,6.823,2.276,60.633,4266.182,87.895
318.965,6.398,7.468,0.915,84.128,4307.647,89.155
384.585,3.162,6.429,2.195,42.65,4287.615,88.398
184.281,4.506,7.777,4.141,43.014,4260.12,88.523
480.006,3.824,7.009,1.119,82.842,4292.148,88.24
410.231,9.136,8.374,4.926,21.849,3939.183,86.914
426.974,2.342,7.575,0.763,18.074,4614.449,91.666
86.097,5.776,6.908,1.801,69.862,4339.095,89.425
135.482,3.61,7.799,3.987,65.99,4300.952,88.433
142.813,6.631,8.097,2.109,91.301,4313.261,89.209
135.455,5.646,8.001,2.662,34.091,4415.77,90.51
427.704,9.24,6.657,1.34,20.998,4113.858,88.701
15.942,1.016,7.042,3.72,43.454,4486.587,89.736
38.05,2.206,7.13,1.308,38.995,4674.915,92.021
136.957,7.663,6.971,4.319,93.871,3925.771,85.618
99.936,3.688,6.777,2.928,91.843,4266.893,87.857
115.93,1.658,7.882,2.967,43.387,4563.886,90.702
398.972,5.033,6.031,4.701,41.837,3898.155,85.073
281.563,6.521,6.734,3.978,45.054,4018.575,86.692
2.885,0.448,6.354,3.844,73.359,4380.418,88.205
214.661,2.916,6.322,4.361,55.456,4132.021,86.641
203.942,8.094,6.692,0.913,29.505,4312.23,90.256
56.973,5.202,7.905,3.767,77.104,4271.001,88.5
338.071,0.354,8.424,1.549,90.479,4619.729,90.399
351.049,2.82,7.287,1.764,72.058,4391.613,89.041
360.447,6.391,6.847,0.568,20.271,4387.592,90.591
364.235,1.994,8.073,4.522,79.386,4214.549,86.95
0.026,8.274,6.168,3.826,98.906,3922.654,85.72
476.96,6.766,6.233,1.127,68.83,4096.184,87.303
407.104,4.714,6.863,1.976,25.145,4299.245,89.155
451.991,9.156,7.121,2.66,1.549,4059.227,88.324
7.822,3.918,7.995,2.723,39.155,4549.078,91.275
466.929,2.351,8.313,3.18,47.555,4367.161,88.901
404.894,6.614,7.328,2.625,91.056,4055.076,86.624
418.61,5.733,7.239,3.419,62.348,4061.372,86.71
46.644,3.352,6.533,4.477,28.88,4256.804,88.285
369.389,3.437,7.128,2.291,69.481,4288.173,88.218
479.958,3.982,8.309,4.445,10.127,4227.053,88.364
339.274,2.911,6.982,1.488,22.13,4489.935,90.551
285.281,7.102,6.527,1.046,74.705,4200.879,88.392
472.815,6.514,6.843,1.577,30.426,4203.655,88.686
221.469,4.408,7.286,1.43,4.083,4546.393,91.745
299.647,3.979,7.496,4.933,50.18,4107.25,86.764
238.169,3.651,7.081,2.215,66.147,4352.729,88.961
466.423,2.835,7.896,3.432,79.113,4213.299,87.192
38.042,0.857,7.461,3.632,31.297,4558.426,90.528
250.56,2.682,7.663,2.503,43.033,4470.47,90.079
343.476,3.212,8.157,1.506,56.1,4520.585,90.608
395.953,5.477,8.164,2.471,8.392,4380.674,90.366
291.509,7.738,6.509,2.632,20.567,4113.902,88.255
454.459,3.957,7.558,4.793,37.556,4076.34,86.575
470.996,9.448,7.792,3.059,27.451,4010.502,87.665
32.16,8.273,6.365,4.864,47.117,3926.032,86.271
201.185,9.848,8.107,3.095,65.423,4077.333,88.074
11.73,8.762,6.451,1.152,54.429,4277.044,89.855
164.708,6.167,7.998,2.23,77.647,4330.84,89.382
268.434,5.985,6.404,4.065,63.009,3974.351,85.909
455.397,1.295,7.854,2.397,29.899,4493.454,90.024
423.277,7.224,6.37,0.949,12.877,4243.565,89.474
63.75,6.002,6.947,0.932,64.329,4440.836,90.566
46.515,5.069,6.359,1.567,21.983,4458.51,90.886
294.634,6.933,6.677,3.041,32.548,4104.475,87.799
266.059,4.44,8.461,4.236,79.725,4208.055,87.615
133.189,5.239,6.269,2.902,22.771,4262.681,88.971
449.727,3.984,7.016,3.857,54.246,4083.349,86.486
463.683,7.174,7.692,3.405,10.388,4117.411,88.222
201.306,8.766,6.236,2.858,42.237,4014.372,87.351
445.151,8.408,6.273,1.467,98.047,3941.502,85.957
191.974,7.86,6.358,4.474,95.484,3808.422,84.487
368.408,0.138,7.612,1.741,94.713,4506.651,89.161
237.971,9.119,8.273,1.638,59.921,4268.797,89.824
61.292,2.749,8.065,1.66,30.175,4712.055,92.643
463.967,8.88,8.458,0.931,36.14,4304.454,90.347
227.048,1.97,7.445,2.744,21.398,4515.335,90.53
367.244,4.396,8.404,1.974,10.662,4518.212,91.394
183.587,7.494,6.762,2.849,17.716,4189.434,88.965
9.44,6.403,7.054,2.539,47.259,4332.097,89.769
50.265,4.159,6.99,2.839,3.676,4474.658,90.958
248.11,6.786,6.118,1.839,93.98,4076.568,86.862
344.982,5.489,8.074,4.168,56.601,4130.447,87.385
167.368,2.757,6.062,2.904,18.179,4357.884,89.224
347.744,6.463,7.825,1.438,42.218,4357.201,90.089
349.318,2.042,7.018,4.558,38.252,4192.667,87.157
351.968,6.94,6.016,0.993,83.7,4111.93,87.364
246.261,0.031,6.725,3.8,12.929,4441.897,89.299
457.443,5.488,6.865,3.553,43.557,4041.008,86.621
244.598,4.011,8.412,0.828,71.42,4592.717,91.416
225.133,3.031,7.653,4.557,37.946,4269.582,88.226
99.69,5.157,7.359,1.923,36.402,4463.05,90.814
153.828,6.453,6.318,3.834,34.703,4079.384,87.383
21.167,9.653,6.978,1.747,76.439,4177.008,88.902
316.768,8.331,6.089,2.866,12.811,4021.842,87.589
124.268,7.171,7.904,4.876,85.814,4010.535,86.399
152.078,4.79,6.407,3.248,8.018,4284.287,89.2
385.407,3.921,7.486,1.833,32.581,4411.325,89.964
163.611,0.325,7.748,2.563,39.516,4641.477,91.117
121.098,3.591,6.916,3.542,39.965,4317.381,88.851
84.529,8.484,7.581,2.503,19.58,4302.201,90.371
387.429,3.84,7.911,4.598,60.713,4124.069,86.786
64.853,4.616,6.46,4.404,45.904,4150.647,87.432
226.877,2.718,7.502,1.161,57.19,4570.415,90.948
253.465,2.741,7.835,4.032,61.877,4292.695,88.131
343.695,0.619,6.893,4.741,19.942,4272.507,87.711
316.642,6.138,6.406,1.926,92.109,4098.574,86.906
405.36,4.481,6.715,1.572,83.179,4221.257,87.725
22.376,6.06,8.333,0.543,83.012,4598.761,91.975
148.22,5.469,6.894,1.02,53.634,4432.495,90.429
140.067,7.988,6.269,4.824,82.185,3810.688,84.682
73.008,7.51,6.207,2.26,63.121,4156.425,88.186
144.589,7.715,6.451,2.243,45.605,4171.589,88.574
154.883,4.992,6.319,1.7,75.494,4283.825,88.581
260.942,3.539,7.238,1.238,60.394,4471.734,90.175
331.852,9.334,6.869,2.79,1.199,4072.889,88.517
190.55,0.543,8.104,3.754,99.703,4413.1,88.297
359.735,1.526,8.203,2.979,43.555,4479.123,89.814
168.083,4.196,7.183,0.66,57.601,4543.324,91.116
145.142,6.14,8.221,4.116,41.188,4248.645,88.916
270.594,0.082,7.126,4.692,10.93,4382.141,88.737
11.858,7.193,7.605,2.482,83.567,4279.597,89.118
39.895,5.587,6.406,2.149,68.573,4289.268,88.883
208.985,4.847,6.131,1.534,83.023,4246.821,88.092
471.456,4.235,6.4,1.858,48.911,4208.883,87.87
360.756,5.195,6.63,3.4,79.379,4024.08,86.005
44.063,1.618,7.877,3.966,79.974,4428.307,88.969
423.159,1.087,6.434,1.995,34.293,4409.357,89.077
366.15,2.896,6.327,2.029,1.403,4399.111,89.846
305.473,7.095,8.319,2.53,86.119,4199.18,88.259
410.146,5.883,7.722,1.266,19.279,4407.835,90.65
202.055,4.801,7.183,4.672,87.003,4035.989,85.93
110.751,5.715,6.237,3.675,62.212,4090.728,87
256.012,5.593,8.129,2.451,63.84,4332.521,89.365
274.421,3.07,6.271,1.05,25.475,4480.361,90.47
269.163,0.975,7.528,4.32,40.858,4355.764,88.441
282.537,8.968,7.669,2.677,31.897,4145.794,88.829
474.352,5.999,7,4.086,19.844,4014.617,86.747
451.123,6.977,8.278,0.65,72.726,4342.889,89.795
437.859,4.64,6.127,1.731,10.488,4267.626,88.963
400.708,7.565,8.045,3.299,51.685,4092.622,87.679
471.714,5.845,7.384,2.696,54.065,4132.648,87.539
49.247,0.538,7.528,1.828,95.583,4627.328,90.479
132.562,8.901,8.467,1.405,87.07,4320.729,90.007
247.528,3.055,7.457,1.858,49.677,4483.96,90.259
423.267,1.379,7.993,3.841,84.574,4265.477,87.223
252.583,0.88,6.384,1.327,79.267,4476.868,89.24
374.017,7.204,8.023,3.172,3.762,4230.354,89.427
69.48,7.04,7.903,2.407,92.292,4278.305,88.972
126.207,7.002,8.42,3.934,69.103,4197.271,88.382
365.888,9.158,8.339,1.407,67.523,4217.332,89.245
82.367,3.489,6.535,1.715,71.635,4423.032,89.561
175.678,5.611,7.162,2.294,23.251,4371.916,90.17
132.433,6.195,8.279,1.25,3.888,4619.171,93.011
174.931,9.795,7.602,2.575,23.952,4177.542,89.474
354.162,3.123,7.159,2.372,79.663,4286.122,88.002
183.924,9.563,6.272,4.955,60.134,3741.3,84.681
277.632,1.487,6.879,3.172,36.767,4383.985,88.918
49.966,7.64,7.663,0.813,24.91,4528.248,92.325
402.509,6.329,7.942,2.57,80.183,4159.191,87.689
184.944,8.169,7.118,4.453,46.329,3972.888,86.716
324.267,0.287,6.14,4.4,61.563,4174.314,86.214
362.695,0.781,7.583,4.828,2.245,4350.579,88.718
104.83,0.697,8.304,4.524,43.563,4503.603,89.809
442.337,5.93,7.241,1.293,2.528,4372.063,90.474
308.112,6.029,8.321,0.516,78.955,4467.065,90.69
214.363,9.061,6.885,3.273,25.676,4049.626,87.958
91.168,4.676,8.216,3.661,17.545,4441.016,90.638
471.15,0.68,7.966,1.09,92.713,4532.514,89.602
377.534,2.095,8.404,1.251,2.783,4716.262,92.763
104.012,0.081,7.978,4.834,20.584,4517.16,89.99
168.855,7.767,6.804,4.747,24.808,3983.244,86.915
404.837,8.156,8.251,1.206,82.458,4229.371,88.916
347.839,9.979,7.674,1.612,71.298,4090.793,88.189
382.892,4.122,6.405,4.515,96.773,3897.976,84.249
220.601,0.193,6.115,2.457,69.791,4406.213,88.422
358.238,2.347,6.915,4.091,24.396,4237.054,87.831
193.247,5.878,7.967,2.282,17.517,4442.981,91.018
105.631,9.619,7.546,3.814,75.785,3987.824,87.006
316.339,1.036,7.318,2.286,90.189,4412.873,88.538
488.007,1.216,6.009,4.546,91.256,3959,84.042
155.3,7.018,7.089,1.965,77.339,4229.161,88.623
230.485,6.672,6.394,2.854,79.642,4045.897,86.664
337.001,2.505,7.136,2.848,66.575,4301.949,88.105
270.753,8.131,8.479,3.42,73.847,4116.308,87.864
421.714,1.288,8.199,1.88,12.489,4631.646,91.578
380.871,9.257,6.777,3.392,33.592,3917.971,86.621
29.149,2.01,7.484,1.135,46.352,4727.117,92.411
499.211,0.814,7.255,4.521,66.768,4149.58,86.072
376.201,3.395,6.325,1.149,42.35,4375.071,89.346
431.952,1.878,8.475,4.281,38.125,4333.173,88.514
325.599,5.269,7.063,3.619,56.796,4104.515,87.058
428.143,6.868,7.264,2.035,40.048,4185.343,88.513
56.191,4.909,7.619,1.973,8.182,4574.635,92.137
173.869,6.606,6.479,4.847,96.972,3851.983,84.532
438.21,3.649,6.556,1.377,92.69,4230.868,87.477
100.828,0.279,6.481,3.753,4.862,4498.709,90.022
39.121,9.741,6.961,1.327,53.389,4250.088,89.889
394.059,8.194,6.499,4.574,71.565,3742.625,84.169
417.743,0.734,8.316,3.839,61.376,4379.393,88.4
81.326,4.492,7.786,4.697,35.985,4271.64,88.704
427.173,6.35,8.245,4.456,80.524,3986.716,85.967
343.384,1.906,8.121,2.973,61.86,4424.138,89.195
260.041,5.78,7.758,1.185,24.654,4488.962,91.377
415.125,5.336,6.607,1.497,61.512,4213.619,88.122
209.625,2.083,7.538,1.408,28.192,4647.682,91.82
96.997,1.412,6.466,1.493,59.989,4558.205,90.406
142.426,7.59,6.331,2.644,76.668,4064.703,87.157
252.582,3.226,7.581,4.405,30.952,4268.149,88.34
265.665,2.44,7.562,0.604,28.97,4682.963,92.272
402.79,7.379,6.392,1.573,72.944,4065.618,87.14
395.676,7.361,6.881,3.186,51.329,4001.016,86.705
290.683,2.764,6.166,4.394,14.741,4164.15,87.323
390.393,8.726,7.789,1.839,55.024,4153.539,88.603
95.887,6.883,8.469,2.221,66.658,4399.353,90.392
25.032,3.458,7.85,2.18,49.64,4582.256,91.363
436.817,4.275,8.11,1.822,62.792,4371.139,89.366
37.777,7.267,7.191,3.644,37.121,4198.158,88.791
123.344,2.116,6.239,3.451,87.904,4235.508,87.111
347.659,4.688,7.817,4.295,24.756,4194.455,88.103
204.724,6.536,6.641,4.629,28.853,4014.373,86.816
438.157,5.395,6.971,4.552,77.592,3897.847,84.821
148.99,6.083,7.758,2.931,6.728,4390.587,90.664
5.936,5.462,8.262,1.336,98.751,4519.057,90.842
150.328,1.992,7.216,1.5,63.273,4570.267,90.668
289.038,4.102,8.404,3.156,80.937,4313.292,88.554
187.969,5.32,7.3,4.633,58.81,4089.098,86.899
267.436,7.801,6.306,2.887,78.847,3960.491,86.157
438.299,6.539,7.296,4.711,43.986,3924.457,85.766
456.243,4.266,8.152,1.68,58.098,4389.533,89.594
132.987,9.744,7.345,0.889,66.531,4258.901,89.847
231.07,1.078,7.869,4.083,90.291,4328.593,87.706
274.572,2.068,7.37,4.457,4.442,4341.693,88.993
474.556,3.413,7.365,2.516,11.782,4353.378,89.44
499.309,2.286,6.712,0.961,69.374,4372.402,88.716
117.704,6.254,6.503,0.69,35.092,4439.511,90.921
363.49,0.396,6.697,0.782,68.095,4553.868,89.976
189.016,1.774,7.102,2.476,23.546,4532.29,90.62
4.054,2.933,8.024,1.557,63.198,4671.635,91.964
4.626,6.833,8.072,2.579,48.333,4408.729,90.654
230.283,8.759,6.408,2.698,13.169,4091.612,88.412
244.167,7.985,7.382,2.561,93.013,4074.716,87.213
11.285,1.821,7.04,3.29,79.428,4419.504,88.947
343.464,5.654,7.427,3.557,78.326,4075.915,86.672
147.002,0.3,7.619,2.282,69.996,4605.227,90.442
279.947,3.105,6.699,2.017,3.113,4466.77,90.568
150.46,8.06,8.298,2.158,50.958,4333.893,90.247
83.567,4.567,8.339,0.816,75.345,4631.474,91.931
203.587,1.499,6.263,1.947,22.458,4509.925,90.324
116.137,4.386,7.758,1.4,61.911,4534.627,91.043
267.4,1.98,6.083,1.809,93.019,4308.676,87.751
99.414,3.932,6.116,3.715,75.54,4142.779,86.852
254.203,4.878,8.394,4.948,55.216,4163.157,87.543
78.689,3.496,7.737,4.656,31.683,4330.626,89.038
335.487,9.37,6.811,4.197,64.017,3797.141,85.142
376.969,5.625,7.675,3.817,71.726,4072.529,86.696
55.197,8.429,8.115,4.752,64.139,4058.913,87.476
233.901,7.607,8.177,3.884,75.786,4080.419,87.329
35.436,6.612,6.051,2.619,28.645,4237.608,89.073
299.091,4.969,8.046,3.206,51.273,4283.408,88.812
132.202,0.022,8.133,1.876,55.318,4747.872,91.932
263.812,6.135,7.489,0.515,9.899,4538.967,92.131
258.731,3.56,7.2,2.091,18.478,4466.55,90.549
462.177,1.178,6.277,2.322,31.356,4342.895,88.469
274.542,4.446,6.599,3.799,5.728,4208.972,88.366
291.499,7.356,7.226,4.366,24.127,4024.192,87.207
200.827,9.617,8.163,4.832,52.694,3946.436,86.822
474.54,3.741,8.008,2.083,54.633,4358.889,89.165
388.593,5.427,7.24,4.808,25.693,4026.109,86.632
142.703,8.512,7.964,4.097,94.702,4000.305,86.61
422.105,3.34,7.914,0.639,47.249,4555.002,91.08
216.198,1.423,7.448,3.179,64.09,4419.478,88.981
414.334,2.819,6.551,2.145,4.006,4384.423,89.65
411.444,8.991,6.87,0.653,40.519,4185.374,89.146
94.435,1.594,6.41,2.892,54.669,4415.588,89.087
350.571,3.292,6.018,3.132,31.913,4184.898,87.518
145.321,4.646,6.201,1.635,17.966,4415.715,90.371
148.746,8.471,7.899,4.729,20.914,4077.204,88.104
148.174,9.377,6.084,3.247,47.188,3946.347,86.805
362.784,4.258,7,1.292,8.031,4460.421,90.801
114.913,9.32,8.464,3.746,24.212,4200.023,89.554
0.453,1.615,7.988,2.746,72.234,4598.772,90.75
357.618,1.569,7.877,2.63,22.259,4522.945,90.477
85.592,9.493,6.687,4.255,12.577,4000.563,87.728
52.241,5.097,7.604,1.122,9.292,4648.706,92.923
118.758,1.859,7.247,2.709,98.884,4403.633,88.605
189.95,4.88,7.56,4.013,9.599,4296.444,89.332
237.953,7.832,7.09,3.472,43.916,4063.364,87.544
22.285,8.269,7.327,0.524,51.596,4452.51,91.49
485.287,8.64,8.471,4.044,96.493,3875.132,85.378
358.032,5.696,6.823,4.751,89.219,3864.987,84.466
161.597,8.669,6.541,3.671,24.53,4023.68,87.592
159.349,5.1,7.121,4.442,9.385,4214.508,88.581
224.271,6.071,7.311,2.124,44.355,4314.34,89.521
313.122,7.587,6.214,2.078,10.991,4155.734,88.724
73.187,4.254,8.015,1.944,87.239,4483.314,90.237
94.465,0.736,7.055,3.807,70.674,4399.406,88.508
429.717,3.502,7.033,4.739,94.435,3950.555,84.612
128.127,6.239,7.647,4.484,57.376,4125.492,87.553
190.097,1.923,7.933,1.176,37.078,4710.344,92.31
435.636,1.484,8.465,3.317,50.564,4421.598,89.155
331.574,2.931,6.434,4.982,16.917,4099.038,86.7
170.856,0.321,6.864,1.829,46.843,4608.303,90.711
341.85,7.434,6.421,3.357,99.872,3864.031,84.872
9.842,2.587,8.202,4.58,69.36,4389.234,88.975
367.821,1.242,7.371,4.548,7.173,4321.95,88.52
243.508,6.991,8.131,1.947,72.841,4301.445,89.383
406.591,8.429,8.463,0.923,10.965,4407.35,91.493
477.319,0.199,7.376,3.407,39.674,4368.903,88.352
462.894,2.336,6.295,4.761,78.839,3947.478,84.387
454.633,9.452,6.903,2.786,13.681,3984.43,87.543
256.085,3.853,6.09,2.56,29.982,4272.446,88.58
180.071,9.386,8.123,4.388,20.331,4073.555,88.348
232.518,2.742,6.045,2.411,87.139,4235.759,87.309
344.948,2.181,7.48,3.564,15.644,4378.833,89.286
441.999,2.141,6.265,2.249,54.043,4265.505,87.757
103.493,0.852,6.019,2.197,28.256,4531.304,90.286
459.097,8.964,6.64,1.345,51.219,4049.323,87.67
407.59,9.798,7.38,0.898,17.569,4219.309,89.957
489.428,9.545,6.188,4.483,76,3596.481,83.068
440.126,8.52,7.537,1.315,64.668,4146.76,88.377
139.969,8.469,7.68,0.78,5.299,4485.973,92.347
52.978,6.611,8.424,3.12,94.809,4283.736,88.873
56.121,8.262,8.249,2.957,89.404,4209.21,88.677
145.612,2.083,7.417,3.055,30.48,4498.27,90.303
307.092,3.879,7.983,2.606,29.896,4430.399,90.169
402.16,6.408,6.909,1.139,50.419,4254.703,88.965
449.625,8.748,7.464,0.594,62.293,4200.233,89.004
311.877,6.605,7.008,0.709,29.813,4384.154,90.525
2.816,8.39,6.843,4.744,79.74,3929.446,86.014
93.158,4.739,7.819,2.893,8.771,4491.479,91.249
49.863,7.173,6.742,2.299,40.386,4279.938,89.547
181.662,9.8,6.951,2.349,56.025,4067.392,88.054
250.675,1.535,6.918,3.435,80.169,4285.886,87.518
21.699,9.269,8.176,2.195,87.31,4249.173,89.399
174.239,5.224,6.426,4.084,25.196,4135.5,87.67
89.59,6.432,6.954,1.67,24.865,4412.26,90.804
323.535,8.779,8.22,2.153,37.458,4231.082,89.57
232.136,4.097,6.038,4.707,43.328,4025.526,86.051
247.659,4.187,8.37,1.671,84.992,4466.68,90.073
213.846,5.272,8.247,3.477,1.75,4402.998,90.594
478.01,0.191,7.045,2.141,68.811,4404.229,88.411
107.368,4.967,7.633,2.62,22.786,4453.629,90.798
258.332,2.911,8.478,0.703,88.358,4626.007,91.25
368.009,9.28,7.387,1.253,32.417,4200.666,89.466
278.422,0.877,6.242,0.959,54.218,4536.849,90.09
464.51,4.593,8.134,4.301,33.575,4154.224,87.584
188.984,9.475,6.335,4.828,43.103,3796.345,85.375
231.838,9.01,6.643,0.806,52.701,4211.891,89.295
44.261,7.013,8.184,0.846,75.006,4510.981,91.464
304.5,5.894,6.64,2.985,12.955,4192.691,88.565
144.106,2.807,7.863,2.768,35.87,4525.296,90.736
80.155,3.67,7.119,3.428,64.324,4316.957,88.627
272.266,0.901,7.899,3.816,59.291,4408.592,88.763
266.155,7.861,6.581,4.087,78.302,3866.603,85.241
37.936,3.239,7.049,1.171,89.018,4528.864,90.37
349.108,6.678,6.795,0.67,10.313,4383.443,90.735
311.886,3.576,6.623,4.501,71.67,4034.058,85.697
94.509,4.643,6.786,2.613,29.117,4379.661,89.898
234.717,5.55,6.807,4.871,48.657,4001.514,86.194
360.161,8.019,8.388,2.897,63.15,4141.792,88.192
264.718,2.112,7.333,2.795,15.91,4484.037,90.315
197.745,3.988,7.155,3.303,35.312,4316.293,89.006
161.169,1.301,7.258,1.266,97.632,4558.375,89.998
305.197,0.758,8.49,1.643,14.493,4765.249,92.735
469.554,6.047,7.634,4.576,9.25,4050.17,87.223
335.872,1.891,7.759,1.455,83.843,4500.156,89.73
37.373,0.598,6.784,1.548,43.633,4687.717,91.62
230.342,8.971,7.179,2.795,67.804,4039.063,87.404
445.412,5.343,6.46,3.385,31.268,4055.1,86.841
47.231,1.346,7.713,0.504,20.645,4888.671,94.084
494.438,0.534,6.861,2.556,22.035,4412.57,89.066
474.535,1.199,7.871,2.296,20.363,4519.592,90.352
39.137,4.713,6.533,4.395,25.45,4207.624,88.236
466.707,6.685,7.009,4.279,22.901,3959.624,86.373
181.566,6.413,7.178,4.577,81.556,3985.595,85.964
422.355,1.444,6.416,4.289,53.796,4121.728,86.113
209.192,6.335,6.174,4.04,30.354,4031.33,86.91
220.428,4.049,6.793,4.366,35.161,4159.747,87.46
317.122,4.647,7.362,1.287,95.822,4324.983,88.686
387.239,8.014,7.632,2.034,19.203,4227.047,89.483
16.895,3.325,7.063,3.576,88.789,4296.415,88.074
296.578,1.47,7.251,4.654,73.944,4189.985,86.601
93.366,8.735,7.358,3.501,61.732,4078.816,87.791
172.975,2.121,7.28,1.436,62.785,4566.278,90.671
173.984,2.94,6.226,4.751,42.871,4127.734,86.731
234.53,7.066,7.013,3.922,44.446,4049.644,87.172
167.068,6.836,6.511,3.724,79.812,3993.705,86.19
53.681,8.004,7.334,3.931,81.275,4050.715,87.096
72.814,1.839,7.895,3.466,57.545,4499.474,89.971
16.719,3.523,7.449,0.6,77.091,4646.24,91.748
235.125,1.259,6.555,1.641,81.195,4448.433,89.05
477.224,5.41,6.519,4.805,33.879,3894.592,85.23
57.838,2.926,6.092,1.799,62.713,4428.748,89.538
473.132,6.889,7.066,3.972,44.144,3940.042,86.026
366.681,0.003,7.082,2.41,10.713,4562.26,90.517
318.749,0.597,6.591,4.584,65.198,4181.109,86.338
322.639,4.326,7.911,3.01,59.161,4294.192,88.648
413.364,9.582,6.966,3.343,11.157,3954.185,87.305
53.46,8.909,7.674,1.578,8.01,4421.342,91.806
252.377,9.94,7.6,0.759,25.714,4309.511,90.82
348.546,4.168,7.512,3.905,83.508,4111.031,86.526
293.41,0.466,8.27,0.804,7.304,4861.98,93.686
416.39,3.06,6.04,3.748,46.576,4074.838,86.2
36.136,6.758,6.17,3,18.725,4223.635,89.076
345.351,1.352,7.805,4.19,26.102,4369.064,88.835
267.014,3,6.884,1.426,77.222,4407.846,89.206
189.58,0.562,8.466,2.937,85.21,4559.649,89.913
170.137,4.75,6.541,3.264,58.449,4188.277,87.723
310.416,2.089,6.459,0.834,86.461,4429.83,89.06
445.498,0.912,7.471,3.825,85.83,4224.498,86.66
248.088,4.112,6.699,2.251,22.93,4369.28,89.697
412.362,3.512,6.851,1.08,64.857,4365.605,89.061
201.078,5.375,8.303,2.242,78.055,4380.67,89.639
51.197,7.49,6.066,0.942,56.544,4299.118,89.673
30.753,1.126,7.328,4.496,80.772,4350.012,88.03
25.667,7.911,6.837,2.555,63.254,4193.278,88.674
190.075,0.263,6.865,1.121,29.161,4707.88,91.866
168.619,4.431,6.62,1.634,68.874,4354.901,89.19
358.969,5.874,6.337,3.761,59.212,3965.997,85.83
371.411,9.57,6.086,4.037,62.87,3714.936,84.392
25.427,5.739,8.469,0.686,10.437,4757.783,94.195
110.562,1.587,7.651,0.769,13.448,4826.594,93.608
137.131,5.175,7.943,4.627,81.651,4140.93,87.145
273.806,3.958,6.163,1.989,43.696,4295.122,88.702
72.258,4.794,6.037,1.37,22.312,4446.282,90.678
66.971,1.971,7.501,1.054,10.175,4792.313,93.413
471.894,5.008,7.81,2.642,27.027,4276.361,88.996
402.101,1.5,6.987,3.97,30.224,4265.223,87.8
90.327,7.44,6.969,2.845,98.313,4098.624,87.235
203.284,5.939,6.961,0.593,83.616,4370.99,89.655
177.811,0.785,6.382,2.678,8.767,4524.728,90.395
395.502,8.896,7.885,1.902,75.097,4105.481,87.973
255.106,6.164,6.538,3.573,56.829,4047.11,86.752
63.925,3.161,6.811,2.856,23.619,4458.269,90.295
369.496,0.456,7.678,4.844,74.911,4226.022,86.648
198.444,6.322,6,3.192,3.988,4157.542,88.432
131.462,3.734,7.916,3.346,73.422,4357.654,88.963
187.749,9.076,8.248,2.841,89.634,4113.719,87.964
248.878,0.349,6.129,1.9,88.379,4404.317,88.264
171.558,0.391,7.479,3.338,77.462,4453.881,88.881
120.953,9.493,7.021,1.998,93.538,4080.102,87.714
199.251,9.649,6.196,3.728,71.025,3822.696,85.411
9.586,0.277,7.706,1.566,68.986,4757.34,91.967
386.249,7.16,7.531,2.154,3.593,4279.305,89.905
85.472,2.215,7.607,3.126,18.245,4558.05,91.063
21.952,7.014,8.034,3.328,78.361,4252.157,88.842
326.849,8.687,6.717,3.509,99.753,3823.557,84.844
386.968,1.008,7.693,3.651,72.273,4315.678,87.737
406.915,2.388,7.858,1.932,58.403,4452.945,89.662
246.755,0.241,6.422,4.517,19.159,4316.811,88.049
102.684,0.438,8.393,0.635,94.843,4812.853,92.312
368.614,0.296,6.85,1.348,65.324,4520.439,89.64
349.857,8.007,7.784,0.816,49.415,4322.765,90.136
123.135,2.983,7.885,3.522,86.277,4353.045,88.563
451.704,4.932,7.26,1.731,95.375,4189.651,87.422
52.186,7.878,6.322,1.396,37.747,4297.051,89.957
491.344,4.949,6.689,2.663,52.063,4105.346,87.018
430.124,4.292,6.586,3.286,12.395,4175.54,87.919
343.949,0.116,7.297,3.287,96.026,4331.187,87.386
469.375,5.68,6.653,3.009,12.947,4119.863,87.773
361.156,1.247,7.367,4.964,92.974,4111.402,85.559
95.228,7.646,6.721,4.371,19.913,4065.192,87.747
221.078,2.577,6.002,1.575,90.969,4321.412,88.078
35.752,6.742,6.908,3.914,45.778,4152.866,88.093
194.829,6.462,7.517,3.062,59.614,4205.774,88.4
370.802,6.167,7.934,0.817,4.526,4508.899,91.894
193.222,2.67,6.071,0.723,40.044,4524.604,90.646
165.147,2.671,6.646,4.098,49.846,4238.939,87.692
297.678,8.63,8.464,2.952,1.933,4266.89,90.239
436.102,0.128,6.655,3.071,66.425,4301.053,87.385
23.792,1.815,7.943,2.013,84.051,4622.22,90.926
192.735,6.102,7.273,4.687,3.453,4150.327,88.299
79.12,8.17,6.305,3.71,49.761,4011.932,87.073
347.677,3.583,7.609,4.675,4.339,4231.662,88.348
52.862,6.534,8.416,0.947,87.456,4518.85,91.274
332.404,5.572,8.217,3.127,16.921,4330.407,89.806
143.09,0.645,7.726,3.369,6.794,4618.283,91.309
99.458,6.218,7.28,1.067,85.912,4388.912,89.895
468.176,8.139,6.798,2.058,45.006,4042.962,87.421
9.262,9.924,6.892,1.467,10.445,4320.833,91.081
218.889,0.296,6.866,4.93,65.144,4238.993,86.827
10.813,6.601,8.305,2.945,70.854,4358.839,89.86
241.797,4.145,6.528,1.919,57.265,4318.257,88.854
250.524,0.098,6.945,3.49,33.881,4447.567,89.166
160.831,6.144,7.08,3.468,43.024,4187.55,88.288
66.081,1.224,7.022,2.063,95.529,4510.614,89.518
188.194,3.786,6.01,4.973,53.902,4012.6,85.723
336.131,2.614,6.677,4.14,40.309,4174.344,87.124
391.198,3.612,7.246,2.301,71.111,4276.096,88.133
265.375,4.927,7.901,3.47,8.54,4346.982,89.863
294.917,3.592,7.424,3.697,29.733,4286.097,88.641
100.308,5.527,6.962,1.282,23.421,4494.636,91.37
143.665,2.386,7.663,4.452,68.33,4293.296,87.966
80.948,6.354,7.665,4.217,60.787,4165.027,87.948
124.648,8.538,6.62,3.901,76.184,3930.354,86.103
112.443,2.241,6.259,1.502,43.25,4520.983,90.45
259.724,5.079,8.008,1.113,18.22,4569.242,92.034
281.344,6.487,7.324,1.312,19.1,4397.982,90.735
472.474,5.646,6.441,0.919,89.333,4155.056,87.351
97.785,3.656,6.655,4.731,8.415,4243.84,88.451
320.838,6.422,7.916,4.332,59.818,4057.279,86.901
408.63,0.282,7.633,0.909,23.936,4706.158,91.907
280.121,3.699,8.363,3.551,22.214,4411.764,90.005
127.502,5.326,7.162,1.605,10.742,4504.181,91.532
131.275,0.206,6.13,0.578,97.949,4583.432,89.917
19.627,5.076,7.751,1.816,7.038,4615.817,92.611
152.722,6.543,6.637,2.48,15.627,4280.971,89.616
372.302,7.592,6.81,0.59,37.152,4281.888,89.725
23.759,1.134,6.492,1.957,46.124,4592.674,90.806
109.648,9.906,6.772,3.652,95.129,3871.711,85.738
353.116,6.062,8.074,1.528,24.937,4425.061,90.82
391.326,3.632,7.442,2.682,72.377,4253.963,87.905
227.659,2.491,6.273,4.494,65.982,4107.536,86.163
349.037,5.729,7.467,0.628,52.232,4418.444,90.381
193.976,8.817,7.584,4.035,27.34,4062.33,87.995
79.957,5.206,8.212,2.228,16.507,4565.179,92.048
199.075,6.615,8.149,2.935,18.476,4354.169,90.341
289.984,3.577,6.157,1.539,35.253,4367.479,89.395
474.027,3.882,8.167,3.105,14.575,4345.908,89.478
34.375,2.862,6.127,3.788,99.859,4173.912,86.599
253.697,7.056,6.385,1.407,45.136,4227.9,88.945
164.46,3.592,6.279,2.045,54.36,4352.873,89.063
254.156,1.907,6.454,3.053,62.029,4293.609,87.888
11.988,3.694,8.008,2.376,20.383,4631.805,92.222
156.513,8.538,7.715,1.819,48.694,4287.054,89.945
409.934,7.383,7.717,2.533,7.226,4229.936,89.442
276.971,3.346,8.305,1.809,96.948,4449.958,89.534
225.291,9.068,6.98,1.858,47.81,4150.45,88.747
142.763,0.748,6.008,3.248,3.937,4459.366,89.779
149.021,0.498,7.599,2.647,60.308,4575.259,90.299
191.551,1.275,8.17,3.547,10.911,4581.003,91.083
417.785,1.165,8.441,4.269,79.208,4291.679,87.474
483.607,0.878,6.91,4.743,95.382,4040.154,84.711
219.328,6.613,8.055,1.181,91.739,4363.616,89.703
196.676,6.008,8.123,3.318,43.351,4295.061,89.32
423.275,6.476,6.361,3.121,71.546,3945.498,85.682
213.453,6.884,7.579,4.401,16.425,4133.991,88.241
276.009,7.569,6.433,4.532,8.494,3956.702,86.753
115.471,2.072,7.117,3.922,82.284,4293.54,87.734
371.751,6.223,8.198,3.18,69.822,4165.188,87.821
265.994,5.8,7.974,1.397,90.799,4353.079,89.363
404.517,9.437,7.426,1.745,91.544,4010.92,87.025
390.366,2.324,8.022,3.212,35.381,4398.804,89.331
107.502,0.587,6.382,1.127,32.546,4677.297,91.624
357.818,6.535,6.487,1.328,44.748,4220.793,88.721
400.027,7.402,6.522,4.601,66.903,3788.167,84.433
173.054,2.832,7.94,4.803,1.494,4382.55,89.66
86.305,5.708,8.227,0.524,53.927,4633.956,92.513
1.316,0.595,7.407,4.381,2.953,4566.259,90.812
225.452,9.6,8.395,4.721,45.617,3983.405,87.258
176.216,1.099,7.82,2.866,9.146,4634.063,91.579
277.455,0.676,7.409,2.52,56.659,4503.084,89.667
94.021,0.441,7.529,4.635,32.113,4456.146,89.373
429.833,4.273,8.124,0.534,48.413,4533.616,91.134
128.878,0.972,6.225,4.282,95.812,4189.684,86.23
113.215,7.446,6.42,1.835,34.756,4260.102,89.487
240.357,8.989,6.666,3.385,72.209,3914.017,86.115
249.426,2.602,8.237,1.954,68.646,4536.14,90.456
107.543,6.288,8.362,2.853,87.024,4308.706,89.103
135.93,0.423,6.89,4.137,34.107,4417.952,88.965
84.853,3.866,8.31,1.316,6.552,4750.581,93.6
359.23,2.929,7.367,3.488,97.092,4167.678,86.585
385.045,2.286,7.183,4.543,36.873,4183.488,87.152
231.164,6.447,8.082,4.555,20.18,4174.413,88.477
357.044,1.302,7.365,4.524,91.496,4157.539,86.051
367.968,8.607,7.136,2.833,19.87,4076.232,88.146
69.138,6.648,6.04,3.955,53.347,4034.845,86.809
483.089,7.107,6.032,2.511,75.795,3903.637,85.411
410.516,9.353,7.569,2.571,73.37,3980.153,86.874
102.242,9.424,6.184,1.777,3.917,4210.478,89.893
93.083,5.517,7.842,1.784,21.041,4541.434,91.859
62.831,4.954,7.556,0.67,88.961,4531.538,90.912
69.189,3.354,7.144,2.892,55.765,4411.455,89.563
374.081,7.156,7.775,1.889,69.035,4205.613,88.512
234.827,5.382,8.483,1.345,40.827,4545.637,91.663
391.467,9.329,6.616,1.048,74.775,4045.097,87.502
373.127,2.386,7.393,2.061,29.62,4467.997,90.1
302.306,3.103,8.107,4.546,23.971,4301.938,88.71
343.183,3.161,6.042,2.824,99.714,4092.773,85.879
9.178,8.06,6.509,3.006,16.608,4209.453,89.346
155.889,0.99,7.302,0.744,98.155,4632.018,90.636
318.911,4.556,7.381,2.839,92.724,4181.402,87.254
4.672,4.276,6.216,3.504,71.753,4211.526,87.68
16.488,0.731,7.019,1.178,58.615,4721.991,91.853
425.944,4.108,7.299,4.926,1.448,4116.08,87.379
342.012,5.134,7.057,4.618,63.893,3988.461,85.786
132.685,0.651,7.751,4.969,77.469,4324.421,87.665
343.981,5.099,7.928,2.121,73.555,4306.667,88.861
396.228,9.592,7.151,4.2,18.034,3881.229,86.51
153.397,9.789,7.064,1.979,54.909,4132.51,88.713
18.019,5.317,7.763,3.871,55.47,4303.444,89.075
466.39,5.151,7.388,4.765,65.635,3940.288,85.292
172.59,2.855,8.176,1.198,83.264,4602.274,91.047
53.241,9.971,7.203,1.131,70.125,4241.715,89.707
245.928,2.742,7.436,0.97,14.989,4656.543,92.238
384.234,4.529,6.322,4.093,2.884,4098.608,87.316
110.824,0.029,8.09,3.5,14.522,4673.091,91.594
134.745,3.492,7.056,2.85,4.988,4468.567,90.683
121.357,0.714,7.798,3.983,44.241,4496.625,89.738
495.837,7.438,7.074,4.325,29.092,3896.891,85.909
98.702,5.61,6.003,4.773,1.724,4089.66,87.562
287.76,5.722,7.001,1.406,8.948,4411.679,90.744
462.632,2.865,6.369,2.488,40.357,4232.836,87.784
73.448,8.149,6.997,4.654,94.036,3902.053,85.525
485.427,0.033,6.803,2.576,99.485,4279.421,86.809
473.739,3.336,6.506,2.694,5.962,4265.598,88.597
442.286,6.595,6.309,4.741,83.227,3739.496,83.541
107.278,9.079,7.821,3.806,48.546,4096.845,88.207
317.028,2.346,7.887,2.984,62.483,4389.505,88.974
380.446,5.411,6.662,2.108,51.091,4192.516,88.038
493.014,5.38,7.238,4.619,92.526,3861.335,84.302
90.212,8.742,7.16,0.54,48.37,4383.062,90.969
383.013,0.505,6.888,1.945,17.629,4542.336,90.399
169.401,4.245,6.694,4.757,78.205,4040.327,85.895
87.813,1.825,6.465,2.742,51.864,4433.449,89.363
210.688,0.215,8.182,3.307,12.59,4646.198,91.401
396.918,1.47,8.083,2.897,46.698,4453.281,89.507
232.425,9.765,7.043,2.288,69.052,4032.931,87.568
268.762,2.148,7.803,3.494,30.288,4428.542,89.627
497.58,9.35,7.246,3.949,91.285,3730.793,84.2
199.555,2.053,6.213,2.14,85.146,4334.658,88.111
307.7,9.313,8.056,3.157,57.222,4055.922,87.781
182.622,6.546,6.548,0.872,6.383,4436.19,91.262
196.393,1.132,7.767,2.964,58.743,4507.993,89.832
347.82,5.819,7.318,3.865,42.145,4096.205,87.286
468.943,3.185,7.726,3.134,72.683,4220.181,87.431
271.179,3.832,7.178,4.453,27.436,4190.461,87.78
384.2,4.402,7.756,1.788,60.971,4362.727,89.338
44.603,4.227,6.082,2.713,55.889,4291.479,88.624
105.579,6.641,6.102,0.894,53.158,4329.687,89.758
251.066,7.684,8.241,3.65,12.475,4224.408,89.424
10.006,3.292,7.874,2.493,49.499,4569.533,91.188
126.427,9.244,8.071,2.887,55.512,4182.033,89.038
258.701,9.385,7.141,1.078,92.838,4122.109,88.108
7.481,0.407,7.149,4.988,46.626,4398.767,88.643
132.273,0.149,7.335,3.974,64.347,4433.853,88.74
257.015,4.251,6.609,2.303,57.355,4274.881,88.45
286.575,5.906,7.834,3.065,20.329,4297.625,89.545
462.876,2.779,8.074,3.284,19.257,4370.038,89.342
322.673,2.594,8.268,4.823,74.2,4205.017,87.086
207.368,6.783,7.293,3.958,52.783,4085.066,87.358
465.176,6.017,7.036,2.074,89.707,4083.44,86.742
392.441,1.671,8.077,4.9,90.907,4156.157,86.154
100.004,8.845,7.882,1.858,30.411,4349.284,90.842
65.421,6.8,8.168,3.096,11.051,4412.392,91.053
337.906,3.626,7.639,3.653,35.064,4278.263,88.52
279.942,6.836,8.208,1.72,7.637,4451.765,91.492
394.837,1.127,6.223,4.804,78.344,4031.465,84.869
369.403,4.683,7.699,1.472,15.472,4472.868,90.979
312.606,1.69,6.222,2.488,86.77,4259.067,87.23
493.191,0.414,7.872,1.309,42.117,4604.738,90.75
266.795,3.383,7.571,4.437,28.582,4253.642,88.266
56.553,1.507,6.04,1.497,50.65,4549.333,90.439
414.137,6.335,7.498,0.656,60.942,4338.471,89.676
125.927,6.741,6.366,0.675,70.453,4328.144,89.599
388.651,1.487,6.356,2.362,34.48,4361.782,88.719
478.554,0.246,6.376,2.852,98.314,4204.154,86.132
348.398,7.928,7.21,0.687,42.806,4296.001,89.91
298.015,0.021,6.289,0.918,83.612,4519.83,89.368
230.193,3.439,6.314,0.939,4.452,4541.599,91.403
182.205,4.946,6.64,3.508,78.018,4118.786,86.891
176.502,8.186,6.002,1.849,55.582,4106.561,87.966
318.186,8.386,6.689,3.032,64.323,3958.771,86.46
375.637,7.249,7.546,0.832,37.915,4345.321,90.249
339.259,2.472,7.504,4.515,54.939,4195.834,87.151
99.205,7.202,8.424,1.87,93.29,4359.113,89.819
246.994,2.465,6.299,4.002,39.218,4204.516,87.393
395.82,2.146,8.164,4.22,11.471,4366.221,89.191
237.852,5.471,6.978,4.946,72.331,3966.087,85.579
268.312,6.789,6.968,3.835,51.011,4037.686,86.903
385.568,0.531,6.872,2.493,43.069,4432.492,89.053
330.633,0.6,6.312,1.187,78.004,4461.166,89.012
204.672,7.842,7.196,0.715,56.656,4340.351,90.189
447.706,8.595,7.968,4.488,63.507,3867.412,85.618
81.284,6.044,8.189,2.51,92.682,4339.634,89.283
497.758,4.288,8.407,3.875,6.793,4276.353,88.982
59.426,8.453,7.963,2.733,26.976,4316.651,90.433
7.475,7.288,7.558,4.458,89.924,4061.93,86.907
445.009,5.796,7.244,3.873,79.48,3965.772,85.602
122.477,3.198,8.187,0.885,19.671,4769.809,93.461
364.85,1.98,7.849,3.885,17.743,4379.504,89.212
405.508,4.187,6.403,1.701,82.689,4192.781,87.357
429.493,2.868,7.706,3.979,55.734,4203.137,87.335
495.797,3.393,7.078,4.768,86.174,3941.053,84.567
147.02,5.156,7.489,4.686,91.851,4065.364,86.282
355.122,1.691,8.246,1.063,7.885,4740.461,92.833
57.7,8.062,7.631,0.746,97.008,4362.586,90.074
203.405,1.455,8.347,3.996,71.931,4416.711,88.884
423.986,4.81,8.166,3.695,83.612,4127.396,86.881
183.829,7.46,6.322,1.293,63.403,4211.241,88.716
295.548,4.85,6.029,3.581,31.211,4092.151,87.064
251.887,3.61,6.961,0.57,60.344,4511.992,90.6
322.976,4.749,8.163,3.34,52.071,4279.234,88.696
486.447,8.487,6.575,4.245,93.275,3678.884,83.402
27.868,9.904,7.728,3.388,55.948,4112.977,88.542
286.981,6.311,7.19,0.794,3.762,4472.985,91.586
431.514,7.934,7.865,4.959,68.923,3840.256,85.094
240.691,0.145,6.412,2.102,6.004,4591.406,90.897
39.264,8.804,6.598,2.212,94.456,4089.831,87.595
280.27,9.54,6.606,0.881,49.173,4156.988,88.94
166.037,5.752,7.371,1.252,96.833,4347.645,89.234
77.471,7.538,6.724,1.72,3.561,4377.618,91.002
424.517,5.127,8.029,4.096,53.752,4117.154,87.172
260.8,2.862,6.867,3.613,23.394,4305.121,88.676
466.638,8.522,7.652,3.126,64.433,3964.261,86.555
403.008,5.968,8.371,4.388,50.323,4097.805,87.265
346.486,5.794,7.517,4.99,57.046,3975.691,85.925
2.513,6.591,6.605,2.231,36.604,4333.359,89.945
213.912,8.56,8.076,2.261,6.103,4334.4,90.851
98.743,7.319,6.031,3.812,11.504,4083.564,87.916
455.399,2.111,6.641,3.4,85.997,4118.921,85.963
87.292,4.668,6.969,0.56,70.574,4522.639,90.921
143.03,9.803,6.49,3.449,77.17,3888.048,86.05
258.418,5.546,7.51,3.738,13.144,4244.403,88.976
131.682,9.382,7.395,4.937,5.875,3999.115,87.747
104.932,8.134,7.016,3.14,2.71,4223.006,89.643
299.55,6.66,6.736,3.58,52.66,4027.501,86.746
44.465,3.494,7.085,4.049,50.589,4305.448,88.597
29.084,3.043,6.728,0.932,11.954,4689.009,92.684
186.123,6.434,6.553,3.806,35.316,4089.318,87.47
360.332,4.326,6.878,2.961,53.491,4188.299,87.646
277.403,7.988,7.506,0.95,67.906,4281.66,89.534
211.438,7.605,7.621,3.514,81.19,4062.324,87.093
282.876,3.121,6.743,1.555,64.497,4392.312,89.215
182.726,7.027,8.368,2.921,3.971,4394.127,91.01
468.073,4.946,6.655,1.764,59.023,4189.7,87.79
27.452,3.233,7.78,0.97,9.704,4786.211,93.735
336.696,4.13,6.204,1.629,56.926,4268.798,88.358
445.641,8.954,7.662,2.475,38.223,4071.806,88.022
401.942,3.595,7.15,2.724,29.347,4303.204,88.817
92.021,2.874,7.423,1.168,48.69,4638.371,91.759
147.963,3.518,6.46,1.944,38.766,4424.16,89.909
358.524,2.146,7.084,4.367,83.197,4118.7,85.999
42.135,5.446,7.916,4.597,23.423,4291.667,89.316
405.931,1.474,7.918,2.908,14.534,4495.187,90.249
359.453,8.174,6.594,2.707,83.861,3932.556,85.939
364.803,2.256,6.881,3.116,25.097,4331.129,88.737
50.121,5.981,6.01,1.466,4.191,4421.927,90.972
358.88,1.25,6.225,4.971,39.311,4104.808,86.03
339.909,9.785,6.317,3.854,82.085,3722.958,84.344
415.461,4.546,6.734,1.574,43.755,4293.449,88.861
20.798,8.222,7.898,1.725,47.538,4400.726,90.998
11.555,7.686,7.276,3.418,5.673,4284.33,90.093
186.504,7.137,7.982,1.953,71.394,4309.985,89.527
74.394,8.274,7.887,2.099,35.027,4357.9,90.711
279.192,1.005,7.468,4.014,73.133,4309.266,87.663
458.674,6.785,7.25,1.701,41.686,4202.89,88.648
195.74,2.658,8.328,3.674,53.162,4428.363,89.549
422.475,7.859,7.423,4.707,59.359,3848.728,85.251
0.12,9.569,7.207,1.059,20.492,4395.366,91.619
84.257,9.015,8.173,1.149,30.107,4449.264,91.896
15.212,1.15,6.179,4.743,58.971,4260.542,87.361
164.074,3.696,7.64,1.416,82.471,4490.668,90.191
454.095,3.643,6.283,0.594,96.183,4267.277,87.804
48.476,1.223,8.05,4.408,52.893,4472.955,89.568
303.205,0.981,7.982,1.77,8.317,4703.83,92.25
225.748,3.849,7.259,1.843,95.645,4345.031,88.649
469.234,9.921,7.653,1.521,42.656,4097.181,88.521
61.26,5.689,7.932,4.63,11.146,4292.813,89.524
106.014,6.218,7.208,3.985,97.248,4063.944,86.532
14.771,4.71,8.265,3.186,28.771,4507.496,91.2
216.968,6.623,7.093,2.54,66.027,4183.588,88.163
138.916,9.567,8.23,1.146,15.268,4430.092,92.018
434.953,5.887,7.457,4.667,72.237,3922.693,85.271
302.47,0.65,7.066,3.873,97.655,4240.148,86.62
307.045,4.929,6.01,1.755,98.521,4128.518,86.779
265.955,9.928,6.739,4.764,13.495,3841.173,86.255
45.925,3.874,8.17,4.708,77.102,4275.277,88.144
222.509,5.939,7.072,3.468,66.765,4118.67,87.301
499.753,1.066,7.054,4.933,80.346,4048.23,84.999
417.615,1.412,7.224,1.343,33.988,4540.718,90.491
446.73,8.747,6.716,3.791,40.773,3850.199,85.718
411.613,3.003,7.229,1.185,34.839,4478.751,90.34
51.521,3.055,6.939,3.613,76.885,4300.423,88.152
113.724,3.872,8.274,4.639,81.101,4250.756,87.858
1.561,9.665,7.41,2.912,25.681,4214.366,89.786
151.755,0.844,8.085,3.934,57.706,4481.673,89.493
54.304,8.188,7.717,1.144,13.471,4493.838,92.26
236.397,3.416,6.532,3.349,2.303,4324.63,89.248
338.564,8.495,8.169,0.784,61.397,4321.67,90.151
437.253,9.918,6.218,0.666,84.18,3972.349,86.857
374.609,3.487,7.122,3.353,90.749,4133.696,86.475
469.293,1.294,6.598,3.078,62.416,4227.869,87.043
26.949,1.444,7.344,1.982,81.06,4588.443,90.507
6.09,7.587,6.75,2.808,41.02,4229.739,89.163
330.669,1.449,7.807,3.58,87.658,4309.641,87.655
144.676,2.604,8.342,3.401,77.697,4436.159,89.366
126.751,2.044,7.773,0.831,31.544,4765.475,92.953
165.444,3.557,6.888,3.552,60.124,4252.864,87.994
134.898,0.744,7.5,3.468,6.075,4586.446,91.027
255.718,8.567,8.221,3.513,15.512,4183.551,89.251
220.074,8.601,6.675,4.313,94.719,3806.651,84.7
256.214,4.129,6.296,3.095,1.966,4281.53,89.034
336.357,6.121,6.327,4.721,21.12,3944.173,86.067
193.565,6.42,7.237,4.91,14.742,4085.467,87.633
125.654,7.493,7.83,3.883,70.178,4116.892,87.715
83.1,5.207,7.643,2.114,11.464,4528.085,91.728
174.737,5.103,7.135,1.144,2.993,4550.556,92.007
370.903,6.313,7.823,4.191,93.118,3975.921,85.722
378.352,7.03,7.585,1.16,87.403,4227.001,88.505
333.453,3.467,7.571,1.158,36.486,4528.237,90.958
117.014,3.304,6.506,4.636,10.952,4241.429,88.296
294.043,2.697,6.781,3.019,68.142,4258.038,87.708
285.345,5.488,6.861,1.82,88.428,4210.154,87.864
242.133,3.602,8.02,4.833,97.491,4122.579,86.331
274.989,5.403,7.938,3.683,13.882,4290.063,89.383
245.895,4.06,6.632,2.907,60.421,4225.706,87.871
282.728,8.367,6.138,1.983,43.625,4068.542,87.759
357.753,0.731,7.919,3.545,16.518,4488.99,89.944
54.814,5.722,7.025,3.789,80.982,4148.088,87.388
374.813,5.756,6.55,3.704,78.437,3952.409,85.467
67.943,3.837,6.293,1.379,96.5,4372.522,88.911
33.314,4.21,6.032,3.638,9.468,4293.341,89.102
488.04,8.001,7.069,3.117,24.649,4001.898,87.173
478.496,2.807,6.849,4.325,82.93,4006.962,85.082
30.218,8.714,7.741,3.311,40.147,4211.866,89.331
221.627,8.963,8.442,1.158,48.118,4373.122,90.939
93.122,6.506,6.517,1.933,61.541,4263.403,88.97
242.672,7.729,6.608,3.847,41.437,3985.402,86.758
415.089,6.129,6.843,3.83,4.504,4078.316,87.577
475.306,5.253,7.165,1.502,60.795,4244.391,88.412
317.126,9.667,7.744,2.096,23.658,4175.639,89.42
176.953,2.827,6.88,0.569,96.918,4507.474,89.954
301.663,1.542,6.261,1.993,69.342,4360.192,88.371
156.001,2.875,7.826,0.619,84.225,4630.54,91.326
454.912,6.146,7.987,4.428,95.486,3930.128,85.19
435.2,1.852,6.619,3.5,7.269,4287.19,88.355
279.116,9.088,6.342,4.861,15.721,3822.666,85.796
162.399,4.11,7.32,4.514,80.994,4131.884,86.742
146.695,8.5,6.521,3.216,88.594,3954.997,86.214
16.709,2.492,6.935,2.763,1.483,4581.284,91.546
407.91,3.132,7.943,4.477,94.577,4096.97,85.963
225.192,0.592,6.549,1.843,45.983,4536.441,90.082
162.566,2.578,8.016,1.506,46.8,4647.214,91.777
235.555,4.903,7.685,2.345,87.996,4295.07,88.542
409.369,9.461,6.549,0.739,29.664,4143.912,88.981
62.307,3.889,7.316,1.859,58.766,4502.578,90.605
428.828,6.397,7.535,0.877,34.085,4363.406,90.212
448.754,4.277,6.501,0.737,12.242,4413.656,90.297
473.354,0.468,6.362,2.981,36.499,4305.063,87.826
198.744,5.035,7.328,3.687,18.13,4276.719,89.096
108.57,0.659,7.735,2.915,52.577,4589.561,90.568
186.82,8.837,7.163,0.818,53.45,4292.348,90.04
166.456,7.53,6.175,2.277,44.293,4141.44,88.231
88.077,3.787,8.313,0.999,18.208,4761.596,93.57
303.633,6.402,7.737,3.425,12.754,4233.778,89.131
238.312,1.12,7.553,4.219,11.357,4435.532,89.578
432.85,7.026,7.609,1.025,12.104,4366.478,90.651
16.055,8.227,6.997,0.801,30.193,4439.788,91.564
321.934,8.217,8.461,2.327,1.185,4339.213,90.846
381.474,2.843,6.332,1.866,7.163,4399.404,89.775
379.743,2.637,7.848,1.673,47.574,4500.582,90.321
443.037,5.214,7.052,1.451,19.086,4339.701,89.77
364.517,9.678,8.203,1.926,27.075,4207.364,89.706
463.905,9.205,7.793,4.844,35.979,3830.725,85.709
166.328,3.596,7.406,4.36,4.925,4331.777,89.347
251.605,7.798,8.344,3.206,22.782,4252.531,89.637
7.04,9.213,8.281,4.102,77.892,4097.934,87.964
3.479,2.609,6.131,0.566,34.749,4654.752,91.983
120.063,8.303,6.481,1.002,19.43,4333.953,90.636
50.404,2.679,7.69,1.816,20.577,4687.101,92.469
130.106,3.433,8.305,3.398,98.489,4357.034,88.615
88.522,1.988,7.076,4.475,15.697,4384.981,89.289
14.26,5.071,6.096,1.54,90.636,4313.621,88.751
454.652,8.433,7.608,1.126,8.974,4281.254,90.253
4.112,5.281,6.487,4.316,87.569,4075.889,86.467
368.041,1.234,7.381,2.341,51.185,4455.859,89.417
76.074,2.518,6.962,3.648,61.262,4344.943,88.592
456.115,5.629,7.395,2.966,25.347,4182.711,88.262
446.398,5.832,8.331,1.292,89.962,4309.232,88.942
326.951,5.769,7.215,3.653,59.127,4086.008,87
336.117,0.77,6.086,2.394,67.894,4326.933,87.821
2.67,7.537,7.452,1.795,56.119,4375.321,90.453
492.436,9.094,6.814,4.562,13.398,3797.494,85.569
438.916,5.105,7.945,0.527,83.786,4399.55,89.689
447.553,7.188,7.175,2.322,19.175,4163.75,88.602
329.622,9.14,7.853,1.852,29.903,4218.488,89.628
172.393,6.426,8.272,0.745,67.282,4510.617,91.361
446.824,6.743,6.906,0.862,10.24,4323.324,90.154
145.758,7.214,8.473,1.275,93.407,4399.42,90.224
281.356,2.605,6.375,2.772,13.289,4362.697,89.276
49.865,5.827,7.61,1.772,67.048,4433.425,90.412
460.978,8.422,6.087,4.27,63.877,3702.325,83.911
70.385,2.962,6.533,1.58,70.105,4471.791,89.905
112.448,8.972,7.584,3.741,43.901,4091.733,88.17
279.067,6.204,6.115,1.447,38.846,4239.461,88.867
382.047,4.232,6.254,0.691,97.788,4258.111,87.873
309.676,6.232,6.728,1.691,81.899,4173.446,87.785
116.067,4.019,7.439,4.269,49.059,4259.922,88.314
0.472,8.38,6.04,0.87,19.044,4359.64,90.92
378.575,4.823,7.206,2.05,89.165,4206.789,87.623
492.604,9.012,7.564,0.536,65.226,4175.467,88.806
404.957,5.098,7.006,3.336,14.442,4180.755,88.193
230.103,6.604,6.169,4.742,19.127,3959.178,86.382
451.884,9.977,7.527,2.23,54.541,3995.858,87.406
204.924,1.47,7.515,3.096,50.865,4464.172,89.574
262.467,7.367,7.265,2.535,41.519,4190.347,88.698
238.565,1.389,7.733,4.88,43.261,4310.048,88.084
223.812,8.389,6.52,3.812,18.048,4003.316,87.369
387.595,5.965,7.696,0.699,26.291,4455.128,91.078
263.384,9.382,6.404,0.989,49.778,4141.109,88.728
158.359,8.66,6.982,2.617,7.307,4209.686,89.622
129.079,0.749,6.169,3.343,35.916,4408.799,88.953
18.874,1.373,8.048,1.807,21.827,4802.362,93.217
291.598,6.012,7.346,3.536,18.29,4198.004,88.601
114.981,5.183,8.428,3.094,15.513,4485.653,91.256
74.067,1.686,8.356,2.458,14.879,4738.716,92.744
326.915,1.294,8.496,3.12,16.883,4575.703,90.976
340.605,5.64,6.253,4.624,38.039,3934.532,85.657
376.077,0.489,7.516,1.594,11.044,4657.616,91.612
251.788,8.737,7.019,4.06,89.807,3853.472,85.258
447.027,8.071,7.332,0.554,50.294,4250.143,89.42
468.171,7.854,6.772,0.882,50.973,4160.316,88.45
403.685,0.16,6.12,4.774,21.898,4181.021,86.639
317.797,0.476,7.769,3.64,86.848,4356.544,87.84
151.86,5.498,8.415,3.35,82.985,4289.642,88.716
491.472,9.944,7.331,2.003,4.39,4081.041,88.75
137.068,3.423,6.824,1.33,73.508,4462.735,89.919
101.328,3.444,8.346,2.21,19.243,4652.27,92.363
221.077,1.343,6.912,3.193,56.006,4382.201,88.665
28.42,6.743,8.286,3.355,87.181,4267.42,88.825
489.247,6.467,8.139,1.263,93.471,4232.721,88.333
294.217,1.013,7.322,2.505,19.261,4545.411,90.565
278.476,4.674,7.692,3.05,94.018,4203.197,87.494
327.898,6.671,7.751,4.82,7.889,4079.833,87.721
248.512,4.935,7.603,2.972,91.023,4209.972,87.67
16.032,6.744,6.402,3.113,77.46,4128.8,87.536
306.156,8.163,7.732,3.943,91.469,3934.709,85.881
358.087,6.858,6.008,2.385,37.248,4065.846,87.343
208.375,6.161,7.775,2.227,94.137,4254.25,88.449
378.648,8.536,7.387,3.159,82.033,3942.615,86.167
113.501,9.006,6.649,4.025,33.504,3988.399,87.251
110.638,3.889,8.009,3.369,34.554,4445.158,90.273
80.708,1.732,7.013,1.338,36.364,4667.853,91.835
185.997,8.179,7.214,2.29,59.29,4171.971,88.58
423.506,2.138,6.069,2.807,19.008,4269.604,88.147
413.956,9.29,7.003,2.857,43.916,3955.359,86.901
191.412,0.229,6.418,2.028,7.698,4616.481,91.156
294.559,9.213,6.69,2.851,36.473,4003.087,87.43
360.408,5.892,6.63,3.528,67.007,4001.387,86.111
120.603,7.747,6.115,2.606,59.357,4084.53,87.576
84.071,3.985,7.151,2.531,32.337,4456.062,90.433
486.048,9.917,7.306,4.107,26.463,3828.127,85.992
308.779,2.276,7.428,3.906,33.383,4317.258,88.521
490.708,2.643,7.156,2.401,7.885,4382.177,89.536
168.878,0.514,8.174,4.982,26.5,4456.02,89.449
351.516,9.405,6.094,0.799,71.097,4041.319,87.524
111.302,4.56,7.535,1.967,18.696,4535.696,91.538
130.6,6.749,8.165,0.666,14.685,4617.863,93.056
255.951,6.874,6.103,4.278,84.76,3841.284,84.628
159.809,8.745,7.241,3.9,24.419,4068.05,88.06
83.811,6.649,7.473,3.577,25.859,4263.516,89.371
131.44,5.62,6.477,1.465,46.841,4360.802,89.826
17.874,7.103,6.631,3.685,47.719,4135.117,88.005
352.212,7.51,7.964,2.099,19.434,4296.049,90.019
246.058,1.859,7.418,4.409,56.058,4272.884,87.726
47.122,1.097,6.789,1.398,69.878,4621.018,90.84
85.847,0.748,7.912,1.48,48.965,4764.883,92.384
51.267,3.741,7.867,4.823,89.648,4212.459,87.35
306.296,4.98,6.864,2.827,99.168,4103.208,86.534
47.105,6.156,7.222,2.509,53.332,4333.246,89.646
377.141,9.58,7.661,2.083,97.297,3995.661,86.858
10.255,3.308,6.858,4.24,65.002,4261.24,87.955
124.688,7.609,7.573,2.087,53.352,4299.049,89.74
445.333,5.314,6.628,2.103,87.132,4089.887,86.622
359.266,2.201,6.73,1.055,96.683,4384.461,88.538
36.484,6.153,6.777,2.843,99.902,4167.643,87.523
410.563,9.672,8.34,4.657,76.158,3827.14,85.411
246.518,1.243,8.084,4.809,49.045,4344.023,88.323
423.392,5.073,7.413,4.98,30.308,4017.359,86.392
300.37,0.516,7.41,2.629,56.24,4489.617,89.489
340.917,3.212,6.14,3.987,77.975,4028.293,85.467
496.751,6.206,7.624,2.986,3.656,4197.748,88.803
116.168,8.411,6.82,2.966,27.497,4151.842,88.767
311.973,7.303,7.531,4.128,36.106,4046.904,87.299
230.161,4.629,8.101,4.259,78.215,4181.209,87.419
19.726,9.092,6.114,0.589,61.742,4264.51,89.755
7.235,3.027,7.518,4.743,43.145,4336.246,88.839
59.614,7.54,7.411,4.203,92.007,4029.894,86.641
324.546,4.74,6.517,3.745,54.276,4069.362,86.573
283.582,8.986,7.616,4.334,72.667,3891.75,85.887
276.715,7.974,7.387,2.918,65.892,4078.083,87.514
15.928,9.015,7.918,3.98,85.992,4063.178,87.476
234.651,2.142,6.277,3.194,81.425,4220.962,87.038
462.311,6.682,7.109,2.943,98.914,3953.524,85.551
198.796,7.385,8.495,1.452,38.54,4458.55,91.415
312.461,7.424,7.723,4.313,17.322,4078.901,87.843
389.909,5.04,7.711,4.477,76.222,4023.934,85.989
391.963,0.113,6.795,4.87,87.597,4115.631,85.314
259.64,2.614,6.235,1.042,6.383,4545.974,91.18
428.976,3.233,8.374,1.812,33.955,4512.117,90.752
195.689,8.52,6.264,3.584,80.912,3882.248,85.569
444.347,8.409,8.482,4.349,68.66,3933.387,86.17
120.114,1.047,6.314,3.881,75.775,4279.412,87.35
140.108,9.498,6.427,2.55,54.777,4033.185,87.634
26.56,1.825,6.771,3.767,38.802,4418.289,89.342
397.791,4.144,7.281,0.825,81.328,4376.907,89.199
208.528,2.152,7.976,3.481,55.899,4425.817,89.345
114.558,8.603,8.428,0.536,51.987,4497.728,92.038
115.895,7.494,6.897,0.714,73.75,4338.162,89.892
450.7,3.535,6.051,3.908,19.896,4072.414,86.586
416.958,6.819,7.542,2.649,59.014,4121.79,87.673
276.765,1.844,7.777,0.768,31.137,4708.059,92.322
308.055,3.823,6.994,2.668,3.123,4381.1,89.927
237.163,3.771,6.459,0.782,75.138,4410.219,89.482
195.833,2.379,6.765,2.057,47.994,4457.917,89.813
457.738,8.763,7.639,1.208,90.421,4095.264,87.677
62.806,6.788,7.235,1.487,50.516,4402.969,90.561
209.223,2.799,7.859,1.38,2.009,4699.235,92.812
172.281,2.421,6.545,2.173,41.466,4447.114,89.783
249.075,0.18,8.105,0.986,17.936,4842.551,93.3
228.816,3.466,6.39,2.875,92.187,4179.417,86.912
259.445,5.268,6.825,2.332,45.134,4265.907,88.788
69.959,2.777,7.478,4.279,51.559,4342.91,88.747
256.571,7.005,7.842,4.217,37.184,4109.667,87.826
121.209,4.117,6.665,4.209,52.7,4173.74,87.446
92.166,3.163,8.37,2.613,9.196,4653.058,92.388
32.417,9.391,7.765,1.809,46.415,4317.106,90.524
381.326,2.628,6.544,2.369,66.681,4262.063,87.742
213.721,3.983,7.814,3.593,37.853,4340.428,89.221
313.322,3.823,7.741,2.884,39.874,4358.125,89.329
363.797,2.412,7.882,3.309,83.905,4286.928,87.754
339.658,2.175,8.29,3.622,54.126,4379.978,88.911
235.25,3.024,7.779,4.633,59.177,4227.496,87.59
193.949,8.642,6.88,4.748,30.385,3923.326,86.522
187.98,7.671,7.976,4.282,48.815,4094.256,87.756
320.024,6.81,7.74,0.793,6.342,4481.492,91.794
247.397,4.571,7.436,4.907,43.599,4113.415,87.069
424.566,5.078,6.885,3.666,80.467,3994.731,85.666
437.351,2.671,8.303,3.62,16.984,4382.022,89.452
85.28,0.743,7.282,0.604,76.683,4734.626,91.802
68.117,3.31,7.57,2.657,38.047,4515.622,90.769
315.2,4.956,7.038,3.319,3.679,4259.166,89.042
150.613,0.573,7.952,1.753,95.368,4625.176,90.47
9.285,0.882,6.853,0.875,18.954,4811.134,93.186
444.321,2.63,8.027,2.896,34.142,4391.101,89.359
113.45,3.671,6.27,2.508,48.592,4338.703,89.002
464.64,3.933,7.772,0.698,94.995,4388.436,89.114
358.717,1.179,7.192,2.837,58.536,4380.11,88.569
381.327,2.258,7.747,0.985,90.629,4491.384,89.685
100.731,2.616,7.328,2.41,56.882,4496.848,90.185
117.097,0.676,6.336,1.717,21.334,4626.856,91.258
260.634,3.261,7.192,4.867,56.873,4125.424,86.664
86.05,0.722,8.411,0.656,10.944,4974.486,94.852
152.716,7.035,7.887,3.02,12.589,4333.435,90.319
160.731,3.86,6.75,1.184,12.451,4558.392,91.618
79.815,3.268,8.36,1.937,2.213,4734.636,93.304
102.591,1.265,7.947,1.328,15.977,4815.47,93.374
394.276,2.265,6.911,4.978,35.945,4111.016,86.43
83.598,2.327,7.509,0.646,8.14,4811.9,93.736
14.229,9.852,7.067,2.936,1.61,4210.124,90.041
314.677,8.353,6.242,3.236,12.115,4001.31,87.398
487.992,0.153,8.015,3.975,93.67,4265.065,86.76
165.607,6.168,6.478,3.317,53.038,4118.779,87.508
59.328,2.559,7.145,1.541,44.067,4614.65,91.474
285.194,1.044,7.757,3.191,49.229,4463.3,89.454
453.177,7.056,8.331,4.887,55.926,3953.078,86.088
392.031,1.316,6.157,4.318,11.675,4198.709,87.265
311.258,4.437,6.983,2.541,58.891,4248.954,88.232
157.528,6.322,7.537,2.648,83.588,4226.805,88.329
270.94,5.545,7.948,1.098,56.504,4459.293,90.691
45.622,9.776,8.302,3.065,88.422,4135.297,88.402
339.473,7.857,6.001,1.761,14.685,4132.038,88.531
362.548,7.742,7.569,0.987,82.763,4224.393,88.739
482.516,3.556,6.017,2.634,66.599,4086.087,86.262
130.199,0.084,7.968,0.703,60.764,4835.708,92.775
9.228,7.344,6.374,1.041,59.289,4342.961,90.04
272.804,9.997,8.237,1.486,12.776,4313.266,91.004
353.395,4.059,6.388,4.958,64.552,3934.254,84.915
395.204,9.855,7.911,4.138,40.479,3905.946,86.611
96.869,1.417,6.723,2.938,7.262,4544.721,90.8
130.876,2.965,7.393,1.547,21.32,4628.324,91.96
256.295,1.707,7.521,2.835,44.815,4465.453,89.719
165.3,4.752,6.517,3.42,99.305,4090.794,86.34
430.256,7.97,6.747,0.521,43.636,4221.73,89.172
236.88,3.407,6.269,4.946,15.828,4111.898,86.983
399.789,9.062,6.013,3.321,90.269,3735.723,84.173
290.31,5.448,6.599,4.947,4.489,4038.609,86.976
386.545,4.654,7.29,2.611,13.546,4314.844,89.409
166.336,7.87,7.784,3.306,47.899,4175.337,88.635
415.708,1.014,7.984,2.577,10.185,4561.786,90.82
137.286,7.738,6.174,0.543,57.587,4292.481,89.67
273.049,2.43,6.681,4.325,16.619,4244.413,88.007
107.004,2.808,7.926,2.521,65.435,4515.727,90.345
237.763,5.995,7.202,2.619,12.649,4314.39,89.816
159.088,9.019,6.455,2.12,81.2,4040.651,87.3
133.352,5.784,6.981,2.447,73.649,4250.18,88.501
483.493,6.489,6.675,3.765,92.615,3839.56,84.416
80.037,7.766,6.127,3.653,7.773,4103.52,88.287
393.663,2.593,7.909,4.138,55.974,4238.694,87.605
492.082,8.272,6.729,4.886,71.177,3682.312,83.593
9.951,4.18,8.363,2.26,90.364,4515.575,90.506
349.514,1.757,8.22,2.025,48.723,4559.468,90.634
126.456,3.501,7.791,2.721,95.18,4378.336,88.882
20.244,2.461,6.817,1.195,13.125,4702.745,92.635
201.445,2.287,6.7,3.911,43.89,4276.009,88.007
467.609,2.826,7.188,3.115,26.064,4280.092,88.388
5.883,1.809,6.887,1.451,16.383,4717.374,92.553
293.943,6.677,8.253,4.388,29.391,4146.869,88.178
250.698,5.8,6.309,3.286,66.807,4053.336,86.605
436.692,6.484,7.811,0.653,48.837,4375.558,90.213
42.001,3.437,7.527,1.384,18.973,4683.482,92.676
340.763,7.697,8.016,4.51,4.14,4087.055,88.138
340.055,1.296,7.356,2.215,92.426,4394.467,88.409
334.54,5.711,7.574,4.93,32.099,4047.39,86.866
471.167,2.755,8.407,2.884,13.631,4451.725,90.207
411.544,5.276,6.23,1.436,15.469,4278.915,89.217
20.986,3.236,6.262,3.173,26.089,4384.474,89.555
235.541,7.905,6.984,0.961,23.85,4341.617,90.549
198.977,8.913,7.182,4.134,28.675,4002.326,87.41
155.074,7.426,6.5,3.325,23.325,4121.962,88.214
225.668,1.756,6.207,4.838,43.634,4148.997,86.58
192.097,2.749,6.055,3.605,76.795,4157.924,86.636
216.167,9.194,7.911,0.721,3.691,4443.886,92.16
489.631,4.372,7.213,2.644,19.856,4253.734,88.65
44.316,9.412,8.109,2.891,71.487,4186.04,88.969
461.115,3.925,6.902,4.625,15.739,4069.398,86.714
240.118,9.518,7.759,2.446,74.392,4086.522,87.977
311.871,9.257,7.221,3.171,51.966,3982.312,87.081
415.091,6.605,7.53,1.337,88.28,4204.968,88.148
180.232,0.088,6.925,1.601,2.006,4733.926,92.346
215.211,4.003,6.203,2.969,78.651,4158.353,86.998
204.759,9.112,8.368,3.636,57.649,4099.905,88.156
187.366,8.851,8.09,2.46,47.419,4231.989,89.501
462.765,1.874,6.78,2.447,15.426,4377.343,89.181
414.465,3.992,8.397,1.652,24.172,4519.31,91.149
54.5,8.355,6.751,3.642,78.817,4008.324,86.802
54.062,5.779,7.107,0.525,15.752,4610.811,92.684
213.935,8.473,7.888,2.807,53.207,4171.006,88.72
49.329,8.266,6.773,0.516,21.555,4444.588,91.71
309.547,9.075,6.811,3.171,49.438,3956.676,86.795
71.846,1.172,7.025,0.639,26.219,4791.641,93.006
261.187,1.452,7.171,4.73,35.76,4269.346,87.772
3.61,0.828,6.309,2.651,80.442,4461.731,89.061
158.298,9.353,6.044,3.578,4.675,3990.43,87.663
338.595,4.752,8.298,4.341,92.506,4103.78,86.538
242.019,0.643,6.883,1.559,32.619,4613.947,91.006
489.135,3.215,6.254,2.93,60.008,4107.049,86.435
437.052,3.514,7.898,4.386,22.954,4211.101,87.936
179.535,8.096,6.738,2.92,36.515,4114.19,88.205
22.743,7.355,6.454,2.267,46.507,4246.545,89.207
422.813,6.894,8.407,2.16,69.186,4230.189,88.678
455.617,0.219,8.301,2.228,87.436,4493.675,89.128
410.314,9.107,6.264,3.269,86.747,3765.494,84.52
63.975,2.156,8.248,0.705,34.364,4845.781,93.761
498.958,6.291,8.227,2.369,9.782,4302.22,89.812
129.292,0.618,7.586,3.023,92.577,4475.619,89.016
362.102,0.815,7.324,4.039,4.039,4398.671,89.191
454.017,0.096,6.544,2.885,88.225,4257.614,86.723
117.844,5.659,6.303,4.668,3.556,4114.57,87.808
454.129,6.294,7.516,2.497,97.685,4064.769,86.559
154.741,0.505,8.055,3.429,2.104,4655.823,91.689
488.207,2.905,7.722,0.579,2.683,4619.538,92.04
140.63,8.515,6.452,1.573,51.362,4189.131,88.932
476.718,1.013,6.725,4.17,67.01,4132.515,85.959
26.772,2.165,7.366,3.138,35.925,4529.297,90.583
354.636,4.244,7.562,4.758,60.984,4068.989,86.353
266.056,8.423,6.181,3.888,84.74,3805.624,84.736
238.939,2.548,7.535,2.523,79.763,4394.745,88.914
111.747,9.971,7.841,4.004,88.524,3952.17,86.628
352.798,3.553,6.453,2.605,16.757,4297.291,88.871
95.405,3.864,6.616,1.986,23.239,4475.574,90.683
276.421,1.221,6.647,0.712,59.184,4575.9,90.533
126.623,6.802,8.35,4.395,72.643,4146.725,87.781
477.811,2.435,7.018,2.385,11.629,4379.334,89.407
14.316,6.289,7.326,3.583,18.388,4315.949,89.862
99.864,2.232,7.811,1.189,92.37,4615.951,90.905
121.155,3.879,6.929,4.23,3.558,4308.202,89.21
207.034,8.567,6.264,4.209,40.778,3892.091,86.083
116.365,7.389,7.636,2.67,21.875,4325.229,90.25
245.675,1.546,7.668,3.525,77.658,4358.905,88.276
436.233,6.077,6.651,2.847,86.495,3985.522,85.813
356.032,6.286,6.088,2.985,25.452,4067.047,87.302
289.981,0.906,7.663,4.5,59.398,4307.306,87.751
44.502,4.658,7.759,4.851,84.478,4166.635,87.219
346.996,2.607,6.065,2.154,60.252,4266.805,87.848
83.207,4.671,7.733,1.993,60.47,4477.908,90.576
393.184,7.771,8.347,1.867,41.874,4279.144,89.704
125.028,1.583,6.447,3.968,65.649,4274.912,87.567
208.524,1.233,7.303,3.753,96.073,4296.967,87.379
175.235,2.693,7.742,0.697,30.663,4720.882,92.71
429.407,9.523,6.575,0.898,20.859,4135.162,89
63.272,7.478,7.879,3.408,95.856,4149.835,87.783
282.822,0.195,8.17,1.737,6.957,4778.237,92.771
71.031,4.01,8.036,0.912,84.151,4608.107,91.443
352.398,2.574,6.647,2.361,91.07,4241.539,87.277
452.539,6.381,8.011,4.449,22.723,4065.398,87.341
217.304,4.593,7.033,2.148,43.145,4363.907,89.585
244.046,9.645,6.666,3.63,13.18,3972.95,87.491
463.711,2.19,6.42,4.553,37.33,4070.73,85.991
260.496,5.879,8.272,1.262,46.275,4484.329,91.144
243.799,7.002,7.067,3.244,51.447,4107.459,87.661
289.165,8.256,8.164,4.584,13.123,4074.375,88.089
344.615,4.07,6.399,1.37,40.958,4345.141,89.263
53.442,6.869,7.917,4.949,62.889,4100.867,87.441
410.555,3.032,6.275,2.143,50.514,4255.309,87.958
217.753,4.355,6.044,1.479,84.301,4261.289,88.076
36.174,8.956,8.488,4.27,95.156,4065.531,87.391
393.091,9.499,6.184,2.606,81.869,3822.589,85.257
188.475,7.188,7.154,3.518,5.691,4198.552,89.085
50.184,3.744,8.196,2.703,22.253,4592.5,91.826
316.89,8.201,8.048,3.396,9.673,4177.437,89.138
440.066,0.259,7.178,0.659,43.949,4631.013,90.948
443.877,1.027,7.527,2.076,72.656,4426.507,88.847
478.832,6.614,7.574,3.458,4.203,4133.127,88.273
433.853,2.912,6.275,2.079,27.438,4302.179,88.621
1.07,9.514,6.712,3.991,10.296,4075.316,88.504
190.121,4.361,6.752,4.824,41.601,4096.556,86.858
409.271,4.294,6.945,0.668,92.608,4323.163,88.594
183.127,6.781,6.685,4.349,41.871,4019.242,86.808
300.774,7.676,6.629,1.261,63.839,4174.947,88.414
303.158,4.756,6.887,4.628,39.315,4057.905,86.613
182.513,2.14,6.948,4.761,73.414,4173.665,86.645
452.237,7.733,7.218,3.061,74.56,3953.783,86.112
251.614,3.204,6.434,2.656,14.667,4362.512,89.44
232.392,1.751,7.971,3.913,65.667,4370.673,88.575
498.757,6.316,8.152,4.631,39.249,4008.361,86.586
246.75,0.905,6.62,1.546,86.115,4466.609,89.076
89.199,9.714,6.308,2.221,16.624,4145.203,89.2
256.535,6.324,7.806,2.379,89.846,4218.529,88.184
407.008,9.859,8.311,4.306,51.641,3900.708,86.448
388.43,3.389,6.088,1.116,26.296,4380.92,89.563
394.291,9.712,6.036,3.304,34.132,3822.228,85.795
354.012,1.456,6.459,2.079,1.496,4485.154,90.273
127.109,0.407,7.712,4.485,95.041,4348.733,87.659
431.042,0.33,8.412,2.029,23.273,4659.731,91.464
446.722,4.649,7.876,4.901,91.064,3959.595,85.08
97.076,0.83,7.433,0.57,85.443,4725.297,91.648
65.228,5.122,7.751,1.578,35.559,4557.523,91.756
487.802,3.275,6.577,2.558,21.88,4250.468,88.268
434.162,3.356,7.721,1.653,43.234,4435.428,89.929
446.618,6.356,6.804,3.818,93.423,3870.574,84.678
443.188,1.631,6.556,4.165,85.657,4064.601,85.279
270.843,7.666,6.591,3.639,49.373,3977.816,86.584
323.201,5.82,7.669,4.867,55.009,4017.633,86.372
272.681,9.149,7.918,2.552,41.456,4159.864,88.929
25.603,3.648,7.455,4.909,94.531,4170.271,86.852
372.752,9.827,6.16,1.061,98.903,3934.35,86.303
252.666,5.758,6.095,4.307,29.626,4005.328,86.485
323.855,9.734,6.543,0.673,95.022,4048.32,87.453
251.32,0.271,6.716,2.894,95.092,4352.881,87.659
245.906,7.28,7.012,2.68,47.871,4150.51,88.21
85.895,8.166,6.19,4.353,42.075,3948.264,86.512
139.357,0.532,7.813,3.653,87.061,4445.573,88.745
79.426,5.79,7.779,2.485,94.363,4311.476,88.908
97.833,8.019,6.867,4.531,40.836,4002.058,87.018
486.489,5.61,7.408,4.486,49.728,3968.89,85.875
76.557,0.638,6.252,0.611,34.089,4725.736,92.108
134.635,6.934,7.038,4.42,21.685,4104.434,87.908
295.295,0.606,8.144,2.87,99.625,4450.232,88.688
305.089,8.175,7.652,4.275,19.694,4036.956,87.625
76.987,0.43,6.26,1.316,81.604,4571.172,90.025
396.859,1.374,8.119,1.18,42.638,4641.498,91.401
392.601,2.751,7.702,3.75,9.283,4342.763,89.16
118.659,6.334,7.133,1.739,33.168,4397.005,90.538
144.333,9.764,7.73,3.015,9.23,4192.738,89.764
468.994,1.178,6.432,3.6,98.213,4093.404,85.305
412.836,1.427,7.376,3.247,27.255,4380.657,88.962
348.899,3.689,7.545,3.645,74.858,4181.348,87.172
41.117,8.362,8.319,3.292,43.136,4277.835,89.856
209.132,4.672,6.167,2.206,68.263,4221.408,87.933
279.651,3.216,6.937,0.907,26.252,4549.838,91.201
93.706,5.612,8.342,4.349,10.32,4351.204,90.092
224.113,2.605,6.543,4.307,81.046,4119.191,86.163
300.513,4.012,8.033,0.526,71.955,4555.998,91.044
163.688,3.326,6.004,4.284,11.831,4200.203,87.882
390.472,8.041,6.065,1.179,73.364,4044.492,87.124
420.225,9.243,6.819,1.998,60.166,3989.544,87.067
161.805,7.596,7.921,2.36,17.977,4359.476,90.694
419.329,4.391,6.26,3.558,82.735,3975.526,85.245
51.788,5.043,6.957,0.916,70.191,4485.683,90.668
418.865,1.251,6.329,4.22,51.175,4136.557,86.229
76.375,7.469,6.559,4.742,18.685,4032.672,87.38
41.464,5.965,7.257,4.787,54.476,4119.113,87.436
320.888,9.024,6.798,0.913,17.108,4242.577,89.962
235.969,2.006,6.53,4.637,19.211,4232.545,87.735
453.945,7.597,6.984,3.055,24.893,4036.23,87.393
181.595,6.847,7.753,3.771,65.797,4133.419,87.73
143.576,2.658,6.299,4.688,68.286,4119.803,86.313
250.367,6.674,7.199,3.474,8.203,4197.171,88.892
227.973,9.244,6.687,2.555,65.439,4006.096,87.18
172.214,9.184,6.947,2.863,4.425,4154.18,89.253
346.871,7.196,8.054,3.58,90.594,4032.926,86.582
379.781,0.481,8.324,4.751,78.088,4287.215,87.235
426.492,8.723,6.607,4.504,72.715,3715.523,84.045
486.428,6.578,7.575,3.097,24.682,4126.346,87.99
133.328,3.104,7.692,1.45,98.768,4504.797,89.992
358.047,1.873,8.106,2.06,92.507,4446.93,89.106
197.129,1.162,8.248,2.128,49.502,4656.276,91.416
338.541,0.502,7.17,1.801,4.434,4633.612,91.442
237.991,7.541,8.456,3.86,51.628,4160.306,88.349
496.887,2.358,8.427,4.262,16.244,4317.66,88.722
364.451,0.243,7.266,1.939,59.677,4518.987,89.666
476.246,3.973,7.355,4.308,98.672,3970.649,84.912
417.485,4.826,7.669,3.805,75.935,4084.524,86.534
451.451,1.692,6.935,2.485,32.904,4368.804,88.867
407.21,0.44,7.655,3.644,40.022,4395.44,88.686
229.58,1.891,7.286,3.962,94.513,4233.991,86.962
125.894,6.791,6.089,3.025,11.906,4180.084,88.719
185.16,0.822,8.132,2.494,89.126,4551.827,89.874
10.118,5.55,8.351,0.958,8.379,4740.005,93.981
261.997,1.464,6.066,0.506,42.051,4567.636,90.695
252.529,1.957,7.973,4.718,74.8,4251.844,87.358
262.625,3.931,6.965,1.704,40.112,4418.01,89.958
487.016,1.008,7.464,3.483,57.541,4289.063,87.618
455.727,1.732,7.25,4.745,49.587,4136.847,86.392
80.856,3.49,7.378,4.182,60.86,4282.973,88.268
184.441,3.297,7.238,1.052,17.923,4625.733,92.067
211.978,7.493,8.133,4.109,58.231,4105.396,87.719
180.266,0.748,7.709,3.769,98.739,4368.997,87.927
399.248,8.605,7.032,1.982,20.195,4134.691,88.726
262.019,8.162,7.721,3.603,7.628,4157.44,88.947
286.05,7.66,8.413,4.216,39.787,4114.017,88.04
426.507,3.094,6.201,1.811,38.062,4294.874,88.496
402.964,8.229,6.97,4.411,13.448,3916.14,86.496
66.106,1.828,8.176,0.855,57.576,4792.541,92.898
356.957,1.244,7.848,2.874,44.322,4468.083,89.611
217.718,0.45,8.337,1.549,83.852,4679.743,91.094
147.324,9.393,6.1,3.776,42.873,3903.285,86.422
25.009,3.08,8.157,1.287,98.581,4623.333,91.172
243.625,9.176,7.979,2.037,78.205,4157.264,88.543
177.718,2.726,8.038,1.073,49.258,4672.755,92.053
125.757,9.076,7.493,4.154,55.667,4005.958,87.226
347.336,9.039,6.13,1.095,86.808,4004.207,86.886
384.743,9.237,7.348,3.754,77.641,3849.872,85.493
122.395,4.962,7.019,3.683,66.116,4192.178,87.749
24.724,8.659,7.318,1.141,27.414,4417.531,91.499
424.376,9.508,7.851,3.047,41.624,4009.531,87.531
4.98,3.246,7.49,2.736,78.931,4452.733,89.712
468.556,4.189,6.731,3.175,63.119,4085.66,86.482
313.81,7.192,7.499,4.718,95.693,3870.212,84.903
160.923,3.004,6.208,0.862,87.416,4429.07,89.318
123.239,7.538,6.013,4.192,43.282,3957.026,86.399
4.503,0.739,7.004,4.379,30.088,4463.06,89.551
117.736,5.235,7.893,1.068,13.283,4635.291,92.791
68.864,1.223,8.057,3.452,41.355,4582.112,90.775
306.083,2.933,7.375,3.66,23.442,4324.918,88.895
83.273,2.586,8.17,2.969,2.654,4643.845,92.188
264.315,8.389,6.315,2.763,14.683,4074.17,88.112
295.058,1.935,8.41,1.93,45.848,4612.024,91.242
149.021,8.084,8.304,3.601,89.349,4112.921,87.661
17.532,7.94,7.498,1.785,32.775,4400.017,91.054
18.627,4.989,6.147,2.57,44.671,4309.573,89.146
13.174,2.338,7.136,4.358,39.023,4376.18,89.073
369.562,2.269,6.448,0.903,37.529,4481.239,90.118
159.005,4.649,7.571,2.878,72.541,4312.292,88.792
398.15,0.088,6.475,2.687,51.097,4373.084,88.246
215.866,5.314,7.204,2.203,41.436,4343.653,89.616
226.499,9.528,6.514,3.189,94.389,3854.101,85.455
256.441,1.547,6.455,0.57,28.352,4626.15,91.442
356.516,5.733,6.62,2.716,83.452,4058.535,86.471
136.751,9.618,6.073,2.686,51.986,3985.502,87.221
60.794,8.605,7.79,2.823,44.727,4246.666,89.601
278.029,8.504,6.767,1.456,7.234,4252.412,90.003
163.489,8.218,7.745,1.434,85.991,4266.458,89.27
221.246,3.09,7.634,3.412,27.796,4401.403,89.663
323.473,8.906,6.165,0.917,68.256,4081.243,87.802
247.063,9.413,6.78,1.877,87.573,4020.996,87.158
310.139,4.958,7.417,4.239,54.078,4106.727,87.014
272.1,3.546,8.296,0.967,64.426,4590.719,91.327
369.898,4.142,7.003,2.606,34.678,4278.281,88.679
352.968,3.342,7.262,3.509,72.927,4185.872,87.132
267.095,2.124,7.875,1.137,66.004,4602.036,90.998
339.452,6.184,8.008,1.906,45.034,4341.198,89.817
436.78,5.626,8.308,3.014,63.826,4202.055,88.07
216.136,4.626,7.243,1.973,27.003,4433.678,90.455
206.382,0.958,6.485,0.995,66.124,4565.626,90.283
382.123,7.969,7.911,1.546,67.601,4211.812,88.833
291.277,1.749,6.314,0.992,45.044,4508.964,90.164
35.503,1.146,7.046,4.926,25.688,4385.577,88.943
446.056,6.231,7.571,1.56,80.504,4205.441,88.119
15.392,3.986,7.73,2.887,75.659,4425.88,89.698
374.198,0.598,7.833,2.428,6.652,4610.115,91.214
379.397,3.556,6.484,3.063,49.933,4174.754,87.315
476.556,7.718,8.454,2.741,10.119,4226.865,89.483
27.067,6.152,6.446,3.772,32.637,4180.95,88.329
298.428,3.628,6.24,4.429,42.802,4064.952,86.31
213.92,1.918,7.66,1.784,18.512,4647.742,91.868
165.316,6.318,8.275,1.326,47.421,4501.478,91.436
45.159,8.876,7.398,4.93,70.916,3938.704,86.341
281.327,6.463,7.489,4.397,44.26,4056.819,87.064
239.52,8.129,7.346,2.138,24.18,4246.286,89.66
52.277,5.215,6.107,4.527,42.067,4086.996,87.014
306.245,7.18,7.703,3.517,59.648,4087.178,87.429
368.977,8.962,6.895,2.468,93.703,3922.703,85.979
383.639,7.732,8.339,4.43,50.445,4011.579,86.931
452.687,9.099,6.467,3.539,88.898,3733.753,84.178
204.735,4.311,6.755,4.219,98.471,4038.746,85.696
476.536,9.042,7.262,2.38,56.343,3985.158,87.001
432.715,6.216,7.193,4.094,15.56,4051.656,87.226
148.251,8.7,7.001,2.151,87.656,4100.497,87.739
79.642,0.394,6.786,3.808,86.373,4365.56,87.91
217.695,6.579,6.368,2.46,86.987,4079.059,86.894
200.949,8.48,8.052,2.323,95.104,4158.222,88.175
287.86,1.742,7.122,4.085,28.367,4315.943,88.398
291.693,6.618,7.432,1.063,34.01,4392.213,90.567
374.993,8.25,7.366,4.677,69.023,3830.925,85.094
254.945,2.879,7.439,2.789,56.826,4379.866,89.094
52.411,4.052,7.762,3.362,86.969,4337.211,88.718
429.146,5.695,7.573,2.324,26.196,4273.254,89.179
154.882,5.192,6.685,3.406,66.183,4158.442,87.48
485.649,0.392,7.384,3.694,94.101,4218.374,86.36
58.93,0.987,6.611,4.408,22.371,4396.77,89.04
479.126,1.005,7.472,4.345,31.381,4260.18,87.589
45.506,2.623,7.08,2.11,41.334,4560.411,90.978
115.518,2.459,6.099,3.271,9.622,4382.785,89.469
23.29,7.422,7.835,4.013,18.51,4262.46,89.666
352.557,5.727,6.687,3.942,38.827,4034.173,86.672
425.149,7.64,8.3,4.509,8.365,4067.837,87.887
217.036,0.699,6.701,4.244,36.902,4328.495,88.126
464.261,4.852,8.492,3.73,25.17,4251.043,88.714
295.15,3.238,7.157,3.87,86.587,4146.117,86.567
315.004,8.499,6.066,4.133,61.241,3788.299,84.82
422.71,7.078,6.191,4.27,89.951,3746.867,83.693
148.4,8.693,6.205,2.087,21.086,4160.82,89.005
177.133,0.464,6.141,4.018,9.084,4382.291,88.871
452.976,7.208,6.669,4.771,36.051,3830.802,85.11
450.482,5.4,6.811,1.548,6.586,4317.896,89.733
488.241,8.25,6.278,0.717,88.468,4022.559,86.816
450.919,5.072,7.095,0.826,19.627,4408.661,90.412
63.686,5.402,6.913,1.475,14.966,4511.935,91.59
411.862,0.518,7.591,4.639,78.99,4205.38,86.419
204.919,6.685,6.49,1.071,71.528,4262.13,88.912
495.401,2.731,8.285,3.864,6.639,4344.527,89.198
236.14,0.197,7.29,4.402,51.447,4358.017,88.125
276.918,0.664,7.559,4.449,45.436,4348.499,88.23
264.887,9.573,6.099,2.375,39.299,3982.659,87.305
160.869,3.461,7.398,2.729,13.543,4486.345,90.766
37.511,8.681,6.92,1.955,78.948,4185.874,88.673
447.826,9.597,8.31,1.163,24.756,4261.475,90.246
401.338,9.433,8.214,1.455,46.365,4210.901,89.475
69.763,8.817,7.594,1.107,88.225,4296.564,89.729
388.384,8.948,7.92,2.334,32.506,4151.952,88.879
312.923,2.89,7.611,1.267,4.537,4624.452,92.066
204.572,1.515,6.042,2.315,89.024,4316.643,87.731
127.011,6.393,7.758,4.33,49.895,4159.82,88.017
429.864,4.881,6.443,3.445,50.209,4040.337,86.366
350.094,0.987,7.706,3.482,55.59,4386.804,88.608
273.87,6.775,6.026,4.153,18.813,3973.954,86.584
304.784,5.629,6.777,0.685,71.774,4331.82,89.289
45.533,8.631,7.292,4.075,23.907,4119.588,88.546
236.96,6.092,6.833,1.384,30.814,4360.236,90.122
96.85,5.739,7.735,2.057,63.488,4405.456,90.142
104.192,4.408,7.307,1.886,75.226,4419.135,89.761
330.652,4.628,8.399,0.975,73.331,4498.99,90.645
455.628,9.544,6.895,1.282,9.232,4137.815,89.149
201.878,1.384,7.805,4.804,75.703,4278.54,87.444
103.875,4.462,8.09,3.201,66.61,4380.572,89.478
324.373,6.558,6.634,2.633,60.905,4088.208,87.241
435.594,4.33,7.885,3.91,96.721,4069.782,86.03
374.159,2.832,6.983,4.162,35.336,4182.787,87.324
434.379,2.874,6.322,0.996,68.626,4334.444,88.52
268.277,2.337,6.009,3.834,57.75,4151.037,86.634
375.938,3.439,7.859,4.696,39.408,4177.624,87.414
70.032,8.717,6.466,3.134,79.036,4004.19,86.867
174.137,5.052,6.128,3.264,40.912,4164.924,87.756
194.775,2.402,7.243,4.417,56.297,4252.518,87.683
255.648,3.845,6.867,3.558,56.502,4197.816,87.567
464.538,1.058,7.73,4.979,51.621,4186.654,86.668
437.148,9.04,6.268,1.772,46.283,3986.471,87.114
67.263,4.082,6.332,4.305,17.61,4229.746,88.346
86.395,9.804,7.01,3.256,24.844,4092.362,88.616
178.82,3.475,7.301,2.146,13.227,4525.888,91.169
145.372,8.364,8.06,4.474,72.626,4022.556,87.008
307.385,2.564,7.464,4.983,74.685,4116.84,86.191
451.388,0.762,8.256,0.76,64.214,4657.418,91.16
481.146,0.317,6.544,4.665,91.847,4047.824,84.655
326.801,6.062,7.491,1.414,27.231,4386.707,90.413
419.08,3.116,7.638,1.423,82.281,4391.586,89.028
262.601,4.435,7.815,0.688,19.398,4620.805,92.345
104.163,8.186,8.472,4.65,7.714,4205.344,89.432
262.344,2.481,7.17,3.917,1.013,4368.028,89.414
277.541,3.087,6.923,0.741,58.483,4508.215,90.423
371.229,8.453,8.131,3.351,78.095,4013.488,86.89
109.941,4.928,6.442,1.041,82.476,4373.834,89.392
184.155,8.277,6.093,3.881,47.595,3920.025,86.207
182.014,3.745,7.109,2.341,6.813,4484.952,90.905
479.72,3.984,6.618,0.733,4.54,4440.376,90.553
221.972,1.671,6.991,4.232,91.818,4197.707,86.56
377.547,9.163,8.465,3.076,10.201,4171.586,89.363
375.406,8.968,6.871,3.978,78.682,3795.873,84.862
132.772,9.842,7.77,3.535,7.887,4149.184,89.366
285.935,4.024,6.626,2.455,19.151,4334.628,89.362
447.151,8.186,6.759,3.644,17.124,3944.325,86.728
237.599,4.15,6.608,0.566,28.434,4521.006,91.171
472.559,4.543,7.43,2.029,41.157,4294.415,88.895
107.229,8.3,6.565,4,13.348,4061.183,87.968
37.08,1.774,7.796,3.934,97.343,4384.305,88.402
445.727,2.203,7.701,4.493,1.198,4285.319,88.502
423.841,3.147,7.053,3.25,77.44,4156.183,86.732
496.295,7.882,6.064,4.74,53.124,3683.92,83.672
339.697,3.727,6.057,3.01,9.472,4229.574,88.319
468.344,3.582,7.332,2.752,12.883,4318.975,89.135
413.475,9.988,8.098,1.387,59.41,4146.087,88.863
422.213,3.838,7.497,4.005,32.21,4181.812,87.647
284.571,2.478,7.089,3.614,45.569,4290.179,88.189
191.182,6.232,8.205,2.573,55.37,4345.25,89.768
467.279,8.019,6.492,0.892,57.761,4109.948,87.928
216.059,0.696,6.899,1.066,58.678,4623.1,90.853
269.41,6.189,7.413,1.015,7.935,4479.799,91.575
223.057,0.357,6.729,2.19,74.307,4475.887,89.123
282.409,5.263,8.494,1.215,30.057,4563.404,91.912
235.253,2.57,7.131,4.374,12.329,4304.922,88.697
23.984,3.066,6.129,4.547,11.118,4270.676,88.516
441.024,4.671,6.44,4.355,24.465,4005.486,86.211
222.197,9.271,7.331,3.24,63.239,4008.005,87.229
294.472,7.107,7.375,3.184,47.72,4121.144,87.866
69.594,9.368,8.46,4.509,11.6,4168.7,89.382
1.694,6.6,7.5,2.328,4.203,4477.915,91.717
122.645,0.071,7.667,0.781,3.442,4916.842,94.155
352.293,2.656,6.534,2.617,42.688,4297.438,88.344
49.597,9.058,6.267,2.992,79.026,3991.81,86.845
454.444,6.434,7.505,2.973,57.789,4088.726,87.24
107.511,9.816,8.162,1.216,81.158,4287.773,90.011
102.297,1.56,7.468,4.025,32.619,4449.938,89.641
90.754,2.967,7.107,3.794,14.894,4407.772,89.819
6.991,3.624,7.446,1.534,80.497,4545.444,90.737
385.903,3.266,7.172,2.981,73.056,4216.797,87.417
437.517,2.52,6.355,4.056,59.322,4066.425,85.827
307.081,4.435,7.853,0.535,88.888,4478.788,90.229
94.1,6.423,7.333,1.738,63.437,4364.366,89.936
142.639,3.113,6.998,2.624,53.056,4404.354,89.447
237.963,0.797,7.399,4.303,50.729,4349.356,88.225
477.173,7.085,6.603,4.095,62.12,3833.678,84.841
123.676,4.59,7.07,1.179,52.146,4493.405,90.79
365.823,5.565,7.556,2.582,27.997,4280.23,89.192
219.724,4.554,6.565,1.871,95.433,4241.033,87.822
148.924,8.904,7.872,2.306,95.848,4145.267,88.165
227.958,5.587,7.303,2.933,17.518,4308.585,89.587
35.603,9.233,8.154,2.747,53.529,4254.226,89.777
399.344,5.106,8.118,1.137,79.172,4384.797,89.588
121.651,2.926,7.236,1.048,6.423,4698.904,92.803
362.706,3.554,6.489,1.086,13.233,4454.706,90.481
34.174,5.221,7.842,4.286,54.944,4267.54,88.692
477.549,5.3,7.047,0.59,3.806,4434.318,90.895
96.507,6.873,7.487,1.411,83.466,4348.72,89.715
441.371,2.245,6.268,4.802,87.443,3938.845,84.188
404.737,6.588,7.579,0.797,73.895,4298.607,89.224
483.93,7.786,6.934,0.663,82.414,4130.957,87.821
238.945,6.766,6.835,2.243,67.5,4166.481,88.02
363.699,4.818,8.45,1.18,15.045,4574.086,92.036
185.355,9.917,7.081,3.046,3.956,4107.085,89.006
92.184,4.048,7.695,2.024,84.96,4448.729,89.852
221.538,1.066,7.569,1.44,71.009,4606.814,90.678
82.875,8.215,6.261,4.994,40.448,3893.62,85.996
491.022,2.122,7.87,2.035,79.887,4372.1,88.559
48.123,7.133,6.808,3.385,6.275,4249.083,89.568
294.606,1.79,7.997,4.434,32.589,4354.414,88.755
313.232,0.169,7.519,4.651,34.843,4352.095,88.223
269.04,1.598,6.793,2.346,11.383,4507.531,90.441
331.093,3.77,6.891,4.893,74.428,3996.906,85.356
58.09,1.066,7.829,3.761,77.975,4468.518,89.225
277.509,1.977,7.375,3.125,58.734,4369.979,88.705
143.606,7.646,7.671,3.62,42.368,4166.26,88.533
470.088,7.699,6.396,2.121,61.098,3985.335,86.552
381.036,8.175,7.967,2.41,89.94,4076.62,87.319
486.257,8.412,6.801,3.138,36.417,3929.736,86.457
18.778,4.204,7.55,1.971,34.09,4570.102,91.621
142.567,8.675,6.287,3.96,62.65,3902.346,86
97.711,5.259,6.804,1.63,68.68,4368.182,89.573
5.577,4.706,7.622,4.086,46.317,4322.933,89.178
121.163,7.185,6.686,1.185,86.097,4258.037,88.875
339.388,2.138,8.201,1.478,35.877,4623.896,91.522
115.544,7.895,7.653,3.889,64.451,4094.992,87.674
254.502,4.295,8.176,1.684,67.112,4472.949,90.347
443.909,1.273,6.988,4.079,30.187,4244.944,87.529
346.879,1.193,6.085,4.027,2.866,4266.927,87.999
197.315,1.649,7.44,1.658,82.835,4531.47,89.981
186.234,8.906,6.848,0.829,48.759,4265.99,89.844
227.868,9.909,7.12,1.249,10.45,4256.882,90.437
88.521,3.57,7.703,3.886,95.798,4267.296,87.786
317,2.921,7.752,4.311,30.346,4278.754,88.361
182.076,2.188,6.069,2.224,47.972,4388.146,89.058
426.183,8.238,7.923,1.239,48.923,4245.582,89.438
378.276,2.092,7.234,0.84,37.709,4570.258,90.953
305.257,9.241,7.392,1.471,16.007,4245.371,90.066
182.101,6.674,6.745,4.909,70.725,3917.465,85.469
104.966,8.971,7.052,1.266,20.353,4336.832,90.856
388.076,5.54,7.776,0.888,68.55,4380.675,89.783
243.205,6.907,7.942,4.035,80.409,4062.956,86.898
112.375,6.195,6.968,3.269,3.29,4297.345,89.799
97.587,8.312,7.728,2.907,73.447,4170.825,88.467
82.7,8.359,6.645,2.515,64.165,4125.366,88.12
388.581,5.898,8.08,3.658,20.382,4212.227,88.688
114.494,6.325,7.525,3.643,62.399,4189.895,88.172
263.321,9.219,7.938,2.41,42.656,4174.894,89.088
225.773,9.299,7.193,1.554,9.375,4267.317,90.369
289.805,6.642,6.573,4.286,52.845,3945.991,85.924
438.577,0.078,7.073,1.241,97.355,4465.351,88.703
433.874,1.044,6.954,2.903,65.232,4305.462,87.716
225.538,8.579,6.832,3.617,33.724,4012.288,87.359
7.683,0.847,6.53,3.375,56.787,4455.777,89.244
213.222,2.135,7.898,3.285,74.042,4399.879,88.899
303.097,2.305,6.216,3.481,16.468,4273.702,88.264
278.882,6.002,8.219,4.44,53.354,4131.579,87.583
325.668,5.766,6.438,2.144,51.18,4175.82,87.976
77.038,2.894,8.45,3.323,38.279,4552.836,91.014
323.268,2.076,8.471,3.636,74.959,4368.124,88.554
91.326,7.645,6.996,3.156,56.936,4142.149,88.146
375.262,9.355,8.47,4.564,70.191,3894.864,86.053
169.544,0.528,8.173,3.447,60,4541.442,89.973
354.948,1.332,6.206,2.41,78.313,4278.924,87.406
23.933,6.422,8.368,4.305,63.759,4245.751,88.746
203.93,8.044,6.106,2.703,68.096,3999.944,86.732
352.517,7.912,6.455,2.886,23.324,4038.404,87.524
113.435,7.197,7.461,3.12,84.741,4148.082,87.792
397.644,8.874,6.202,1.953,16.382,4049.631,87.995
315.39,2.173,6.404,3.751,34.642,4229.636,87.602
293.781,1.073,8.384,0.942,89.051,4665.578,91.087
176.774,6.154,8.487,4.41,11.75,4288.121,89.61
241.226,8.223,7.995,3.895,86.801,4004.639,86.645
298.675,5.82,7.288,2.091,48.061,4283.187,89.097
236.231,9.63,8.251,1.519,19.175,4335.234,91.05
349.157,7.956,6.28,2.246,73.982,3983.096,86.478
216.848,7.008,8.357,4.123,29.104,4206.421,88.876
101.137,0.603,6.879,0.642,68.113,4706.758,91.567
106.967,1.077,8.154,2.606,79.299,4588.855,90.419
2.902,7.848,7.671,1.643,57.364,4394.147,90.722
150.479,1.982,8.401,4.437,78.814,4364.354,88.45
374.459,0.288,8.162,2.362,93.57,4491.155,89.062
397.081,9.108,8.22,3.641,55.49,3993.02,87.108
101.234,8.908,7.579,2.111,16.084,4318.698,90.699
479.522,2.185,8.083,1.984,71.251,4418.421,89.127
251.201,7.802,7.893,1.966,41.597,4293.742,89.862
458.489,0.48,6.404,3.552,53.599,4224.795,86.856
353.383,2.851,7.621,4.839,63.055,4132.911,86.554
361.217,6.237,6.37,1.437,72.032,4156.873,87.719
42.522,7.632,8.174,3.398,64.339,4246.079,89.107
109.996,0.104,6.165,1.694,24.054,4638.736,91.178
4.407,3.262,8.468,2.972,75.068,4534.109,90.569
358.064,2.143,7.002,2.937,80.927,4258.379,87.418
172.219,9.988,6.427,2.525,4.73,4095.178,88.901
393.326,6.71,8.339,2.744,31.506,4264.362,89.342
169.468,4.057,6.114,4.461,97.802,3982.079,85.06
409.667,0.757,7.175,0.899,18.595,4647.805,91.519
65.349,5.987,7.926,4.236,19.099,4298.721,89.592
86.687,6.417,6.792,2.58,59.541,4237.87,88.708
170.438,8.164,7.322,2.001,34.478,4269.713,89.802
204.244,2.886,7.751,1.297,66.055,4566.867,90.874
174.351,9.814,8.38,4.167,27.002,4089.438,88.569
381.824,4.395,6.257,3.164,43.174,4112.264,87.009
48.476,2.959,6.393,3.778,99.845,4189.638,86.786
175.609,3.484,7.272,1.917,37.971,4497.514,90.641
418.62,5.196,7.046,2.268,9.53,4289.623,89.36
33.399,9.367,7.027,4.611,74.501,3907.507,86.14
471.172,7.352,6.742,4.825,59.269,3770.005,84.313
493.158,5.771,7.402,3.829,45.013,4032.081,86.602
44.284,1.628,8.208,3.872,90.963,4448.106,89.06
145.636,1.494,6.402,3.625,15.516,4399.224,89.285
186.2,5.022,6.538,3.142,49.484,4196.411,87.976
388.196,7.287,7.677,3.178,19.987,4151.495,88.501
297.963,7.51,6.14,4.837,9.266,3887.318,86.034
322.183,2.259,7.684,3.879,44.793,4316.896,88.399
378.755,1.001,6.786,3.449,94.787,4204.709,86.4
58.989,3.845,6.895,1.351,72.485,4487.688,90.305
416.605,9.182,7.014,4.897,24.217,3795.882,85.471
352.81,5.454,6.874,2.841,46.8,4160.577,87.774
288.671,3.201,8.103,4.747,79.948,4171.351,86.874
444.868,3.236,8.365,3.711,20.346,4340.472,89.172
350.153,1.321,7.37,0.68,21.166,4685.514,92.04
100.85,4.732,7.455,2.925,18.922,4428.041,90.511
214.873,7.914,6.176,4.517,61.137,3840.522,85.168
247.021,9.686,7.783,0.733,3.866,4389.474,91.762
27.609,5.016,7.46,4.4,59.175,4223.046,88.144
477.319,1.672,6.126,3.26,82.712,4098.883,85.663
64.289,6.83,6.496,0.7,78.483,4348.985,89.754
348.731,7.568,6.505,2.181,67.016,4045.573,87.056
253.116,0.717,6.427,0.636,22.73,4671.298,91.701
12.816,8.501,7.647,0.508,81.825,4418.761,90.92
462.374,8.293,8.321,4.534,95.789,3841.292,84.943
425.918,4.725,7.907,3.869,19.194,4216.265,88.388
262.129,5.604,7.193,1.803,91.122,4245.56,88.226
114.471,7.134,7.01,1.012,85.446,4315.012,89.436
60.811,6.767,6.966,0.745,97.949,4357.443,89.625
181.696,0.165,7.503,4.628,32.608,4423.229,88.956
127.714,1.224,6.898,3.315,93.473,4346.284,87.895
253.346,1.626,6.565,1.223,18.772,4588.766,91.188
483.205,7.557,7.507,3.567,18.343,4037.928,87.463
287.477,4.401,6.977,4.995,11.592,4111.212,87.316
444.966,5.455,6.035,4.046,43.349,3916.986,85.373
325.439,7.727,6.056,2.509,2.206,4101.143,88.307
237.623,3.41,6.685,4.164,38.753,4185.346,87.489
427.304,7.489,7.281,3.849,62.967,3929.137,85.908
235.684,4.423,6.886,0.899,8.748,4542.179,91.661
434.314,3.772,6.06,4.666,82.029,3869.645,84.008
145.788,3.33,6.558,4.478,29.979,4208.57,87.785
64.407,9.649,6.241,3.158,5.599,4082.479,88.664
427.657,7.72,8.372,2.787,38.087,4182.502,88.76
293.708,0.202,6.782,1.525,14.705,4639.363,91.307
444.546,9.574,6.037,4.255,79.733,3617.739,83.252
468.914,7.754,7.651,2.443,34.067,4130.482,88.29
26.814,1.492,6.581,3.107,12.585,4534.26,90.664
250.485,0.763,7.417,1.265,45.912,4659.909,91.369
187.482,3.082,6.377,1.462,45.746,4452.137,89.988
312.929,6.242,8.46,4.933,28.285,4127.537,87.865
396.796,6.165,8.426,2.723,33.373,4296.848,89.484
140.295,2.759,7.64,4.171,77.115,4284.609,87.902
278.399,4.457,7.768,4.234,64.234,4162.918,87.324
354.364,2.119,7.065,4.917,22.251,4187.161,87.285
67.216,0.506,8.405,4.923,94.87,4399.6,88.199
407.033,5.17,7.059,2.556,31.168,4225.968,88.499
303.055,3.47,6.599,4.776,53.81,4049.579,85.999
474.769,5.429,6.288,2.145,57.541,4090.483,86.958
169.764,9.465,6.52,3.234,22.153,4026.152,87.88
54.073,1.434,7.431,4.198,29.831,4464.899,89.781
253.251,0.02,6.613,4.612,48.589,4275.285,87.273
42.905,0.769,7.636,2.857,26.376,4665.191,91.619
484.763,4.627,6.955,2.38,31.257,4221.259,88.288
19.342,7.069,8.217,3.778,61.702,4257.344,89.077
376.752,5.808,7.396,2.552,73.642,4158.411,87.59
262.551,4.949,7.557,3.523,80.297,4164.023,87.322
184.31,3.54,7.391,4.119,13.05,4332.004,89.251
32.921,3.1,8.214,4.285,73.963,4373.512,88.925
311.083,3.763,6.159,1.644,93.7,4220.328,87.395
292.61,6.116,6.168,3.072,58.493,4040.573,86.656
140.442,1.678,7.754,0.613,60.863,4738.345,92.278
455.111,7.714,7.92,4.09,95.577,3878.61,85.144
152.055,5.753,7.084,1.063,87.074,4364.303,89.498
224.863,2.692,6.881,4.423,56.209,4186.39,87.109
271.881,5.012,6.695,2.331,76.819,4196.267,87.698
50.116,9.628,6.586,1.253,18.909,4289.063,90.59
466.081,0.205,8.28,4.081,41.898,4392.79,88.57
187.268,1.995,6.738,1.401,71.826,4496.61,89.846
40.39,4.484,7.62,2.275,29.57,4531.009,91.36
193.646,6.384,7.968,3.051,45.936,4283.765,89.294
300.101,2.122,6.055,2.12,18.1,4401.113,89.467
256.826,9.314,6.085,1.306,89.883,4004.025,86.936
347.271,6.426,6.833,2.327,89.671,4076.278,86.794
27.742,8.774,7.74,1.149,48.358,4409.792,91.247
142.27,3.293,6.652,3.736,20.009,4315.769,88.946
409.615,8.29,6.004,1.272,68.242,4017.425,86.979
39.947,3.782,6.72,2.671,22.14,4451.602,90.429
427.743,2.528,6.225,3.022,23.631,4232.853,87.85
45.948,9.117,6.549,4.753,97.233,3806.306,84.826
417.227,0.922,6.833,0.852,10.855,4621.649,91.385
180.394,9.429,6.32,4.687,38.545,3824.578,85.689
306.105,4.585,7.766,1.437,55.933,4438.714,90.203
76.444,9.926,6.64,4.284,11.671,3977.682,87.638
33.084,5.396,7.653,0.907,4.855,4678.501,93.355
107.969,7.575,7.498,4.949,54.691,4012.731,86.853
63.927,0.071,8.245,4.134,12.341,4650.895,91.407
156.203,4.967,6.22,0.783,25.866,4465.489,90.886
257.192,7.375,6.537,1.463,50.23,4209.519,88.805
294.38,7.828,8.163,2.968,35.402,4210.041,89.095
394.934,1.58,8.055,2.856,71.345,4400.744,88.768
328.12,4.19,6.48,3.332,96.283,4048.744,85.782
304.379,4.191,6.269,2.586,75.566,4155.498,87.057
205.891,1.036,8.141,3.804,99.999,4378.922,88.1
236.904,4.43,6.445,2.068,39.502,4318.736,89.121
207.26,8.071,8.178,1.294,31.219,4418.789,91.297
421.083,3.002,8.403,0.652,22.046,4670.354,92.384
115,4.326,6.552,1.961,88.603,4308.064,88.492
2.86,9.61,8.101,2.421,39.604,4306.885,90.556
325.66,0.317,7.06,3.466,71.383,4337.926,87.761
101.231,5.915,7.972,4.129,67.803,4202.307,88.12
445.058,7.434,7.018,1.58,6.65,4236.273,89.527
429.523,7.609,6.176,2.719,88.085,3874.285,85.145
38.364,7.159,7.782,1.552,49.167,4447.509,91.131
53.194,7.265,6.377,4.78,23.131,4023.562,87.184
247.586,0.59,8.318,3.414,97.93,4441.202,88.61
304.611,5.341,7.044,3.551,75.562,4078.882,86.636
137.454,7.83,6.205,2.891,62.057,4047.124,87.2
358.399,0.941,6.571,1.768,98.849,4356.366,87.857
297.458,0.12,8.156,1.402,75.902,4668.878,90.966
162.412,8.146,6.803,3.455,12.993,4120.307,88.517
12.686,7.123,8.141,4.648,99.124,4088.577,87.031
375.075,4.122,6.431,1.458,60.163,4283.304,88.468
107.377,9.404,7.171,3.073,30.644,4124.586,88.761
417.237,7.666,8.196,2.882,81.935,4075.582,87.236
210.145,9.679,6.121,3.387,5.744,3972.866,87.575
288.539,9.293,6.761,3.145,65.782,3921.072,86.341
436.474,4.813,8.275,1.728,16.768,4462.285,90.899
431.812,7.547,7.491,3.611,9.667,4075.389,87.921
185.76,6.692,7.791,1.727,36.044,4406.797,90.715
104.444,8.114,8.105,3.438,36.28,4236.18,89.433
387.573,7.877,7.309,1.85,60.452,4137.394,88.132
216.54,1.532,8.113,0.871,56.978,4725.409,92.144
96.021,2.337,7.597,1.073,69.107,4649.349,91.504
452.213,2.657,7.714,4.253,18.237,4250.624,88.121
99.052,8.185,6.382,1.046,87.215,4200.397,88.587
12.904,8.107,8.348,1.987,86.009,4352.184,90.094
10.14,4.953,7.99,1.794,22.411,4622.023,92.482
311.158,5.808,6.635,0.76,47.884,4345.749,89.721
330.838,8.269,7.45,3.198,49.314,4047.708,87.465
155.521,3.126,6.941,4.095,92.203,4166.201,86.678
160.005,0.502,7.651,4.965,90.656,4282.147,87.065
169.747,4.826,8.484,4.712,7.679,4335.692,89.728
340.079,9.137,6.114,0.722,95.845,4020.652,86.989
29.067,7.905,8.381,1.659,7.788,4546.909,92.763
464.558,3.666,6.181,2.355,55.408,4156.242,87.108
111.261,0.648,7.152,4.438,31.848,4419.723,89.073
499.837,6.369,7.205,2.12,39.656,4160.799,88.122
85.761,8.345,6.672,3.066,63.045,4074.325,87.616
385.773,6.649,7.417,3.468,58.798,4051.902,86.926
111.706,4.251,8.085,1.841,17.581,4620.856,92.308
40.423,1.234,6.735,3.119,97.008,4385.712,88.257
437.467,9.108,6.176,0.729,3.841,4162.901,89.323
429.376,2.76,7.581,2.661,34.994,4369.333,89.171
201.785,2.243,7.879,2.203,80.337,4493.886,89.808
351.198,8.16,8.386,2.101,85.243,4174.468,88.34
278.533,9.812,6.399,1.557,79.932,3994.439,87.089
426.478,6.602,8.253,4.18,37.877,4088.286,87.485
157.528,6.248,7.205,4.469,67.667,4047.163,86.669
261.836,3.194,6.589,4.497,76.666,4065.317,85.845
242.686,0.204,8.407,2.282,58.217,4664.454,91.124
176.953,1.918,6.596,1.666,68.223,4472.164,89.615
445.728,5.844,7.834,0.943,55.809,4362.379,89.819
82.939,1.513,7.962,3.526,6.44,4613.631,91.526
74.754,8.838,7.076,1.986,28.055,4273.649,90.107
288.455,1.881,7.725,1.745,70.562,4518.572,90.045
328.747,5.221,7.431,2.171,24.912,4350.723,89.824
97.31,5.12,6.48,2.996,46.091,4251.539,88.591
195.359,6.039,7.9,1.229,53.927,4459.6,90.869
473.282,3.274,8.32,4.826,67.426,4114.192,86.45
123.309,8.735,7.222,3.797,26.655,4090.751,88.262
334.18,4.443,8.486,0.711,59.926,4568.43,91.418
370.075,7.002,7.07,1.881,60.054,4163.714,88.137
224.064,6.359,7.199,0.726,84.657,4348.009,89.541
468.763,1.172,7.685,1.533,55.653,4510.939,89.904
368.328,6.226,6.464,1.79,30.213,4211.568,88.681
228.962,5.507,8.255,3.731,52.748,4257.068,88.695
284.668,8.986,8.003,3.734,11.62,4112.009,88.7
346.307,8.809,8.181,0.704,61.167,4311.782,90.149
296.095,1.51,7.524,3.147,91.697,4330.813,87.844
439.349,0.817,8.209,4.824,53.451,4271.108,87.422
178.444,2.946,7.7,3.328,29.925,4440.861,89.993
149.943,9.866,7.279,4.822,41.147,3895.072,86.499
106.919,0.216,8.329,2.213,90.284,4666.882,90.831
18.891,6.729,7.099,2.569,81.494,4244.151,88.645
21.507,6.085,7.251,2.73,80.514,4276.134,88.782
435.028,6.466,6.424,4.658,56.844,3822.119,84.592
339.197,2.183,8.369,2.211,40.245,4556.557,90.818
330.266,2.267,6.553,4.925,14.111,4156.011,87.099
307.321,4.306,6.504,2.944,97.586,4091.794,86.234
424.61,0.959,6.253,1.482,18.731,4479.448,89.895
240.133,0.746,7.133,0.967,25.96,4707.387,92.038
435.205,0.884,6.684,1.278,76.662,4425.505,88.754
179.723,5.73,7.852,0.677,35.724,4569.718,92.059
463.354,3.977,6.769,3.615,58.803,4067.187,86.277
349.328,2.936,7.802,2.826,76.403,4323.308,88.35
128.589,3.158,6.49,3.821,56.056,4232.609,87.713
282.042,2.073,6.575,4.02,49.581,4211.648,87.243
266.515,4.115,8.015,4.691,6.02,4281.381,88.988
68.949,2.031,6.928,1.026,49.278,4655.564,91.672
295.621,6.98,6.279,1.337,46.048,4205.268,88.686
157.393,1.239,8.404,2.967,88.171,4526.623,89.756
26.174,9.482,6.443,1.083,45.292,4258.27,89.975
474.328,0.898,6.375,0.917,63.364,4437.022,89.006
320.745,9.435,6.896,3.499,77.6,3852.441,85.579
438.459,8.333,6.239,3.761,47.304,3817.303,85.2
338.028,6.807,6.389,4.295,26.825,3946.354,86.237
178.492,9.123,8.116,4.621,89.501,3925.126,86.093
256.344,1.392,6.429,2.491,89.656,4316.658,87.688
337.873,1.763,6.279,4.909,90.084,3999.652,84.625
480.126,2.522,8.2,0.67,28.005,4630.791,91.784
126.835,2.448,7.109,4.416,32.23,4319.108,88.603
437.489,3.108,6.393,1.947,91.961,4186.536,86.878
462.039,5.756,7.454,4.648,13.453,4034.868,86.941
335.208,0.282,6.104,1.502,65.932,4446.65,88.892
465.633,3.823,7.068,3.834,29.939,4139.567,87.243
198.939,2.464,7.476,2.415,72.409,4438.642,89.401
476.508,6.066,8.393,2.217,83.533,4208.986,88.074
351.391,9.852,6.816,0.767,41.403,4153.79,89.079
21.003,5.177,7.913,3.677,15.965,4422.345,90.617
453.436,4.257,6.332,1.289,73.491,4217.723,87.719
242.236,3.682,7.084,2.583,6.517,4431.775,90.357
230.163,7.849,6.558,1.136,2.484,4329.67,90.627
283.233,0.72,7.231,3.22,87.842,4347.811,87.816
74.692,9.598,7.043,1.54,81.864,4169.371,88.754
234.583,4.179,8.449,3.175,58.614,4383.99,89.508
415.564,3.137,8.294,4.76,66.872,4155.021,86.823
7.741,9.741,7.456,4.644,95.308,3899.618,85.965
136.459,9.359,6.441,1.402,7.214,4253.322,90.269
1.227,6.419,7.392,0.946,22.443,4578.139,92.483
207.856,0.185,7.98,0.692,73.191,4769.259,92.016
364.158,7.485,6.095,4.228,27.14,3876.054,85.735
399.386,3.356,7.085,1.622,21.519,4435.809,90.15
472.595,3.883,6.107,1.778,44.778,4212.896,87.846
304.252,1.587,6.61,1.518,72.646,4432.39,89.074
127.313,5.235,6.23,4.28,21.842,4125.922,87.611
462.074,7.446,8.401,4.905,43.525,3959.275,86.391
387.658,2.73,6.422,3.898,52.363,4117.313,86.469
287.214,9.387,6.375,4.206,18.05,3867.842,86.314
347.82,1.947,8.43,3.292,48.202,4446.106,89.563
462.158,0.663,7.29,2.879,86.722,4303.389,87.365
356.197,6.444,7.895,3.747,74.86,4064.785,86.832
184.187,8.493,6.818,0.661,50.841,4297.3,90.013
356.514,9.531,7.332,0.776,13.403,4273.956,90.465
20.139,7.672,6.017,3.593,3.312,4142.161,88.69
193.208,1.997,7.022,2.008,7.657,4589.68,91.419
203.162,9.777,7.388,2.7,75.271,4027.843,87.459
83.419,9.194,7.286,4.019,70.733,3983.813,86.889
11.543,1.632,7.015,3.097,74.86,4454.658,89.287
66.691,5.588,7.97,4.124,31.414,4309.043,89.453
327.311,5.555,7.254,2.386,9.903,4325.571,89.823
401.144,4.425,7.59,1.793,71.719,4314.412,88.755
494.102,9.843,6.462,1.557,92.324,3866.639,85.696
173.182,0.596,8.154,1.093,45.767,4798.183,92.703
299.69,6.272,6.907,0.666,76.667,4307.367,89.189
468.572,2.053,7.205,0.739,73.079,4463.512,89.52
83.521,5.273,6.88,1.719,85.515,4339.642,89.123
358.823,7.797,8.23,1.753,3.81,4370.79,91.009
377.489,2.467,8.252,2.218,95.575,4400.124,88.786
44.488,3.934,6.561,3.162,86.67,4247.579,87.789
430.625,9.508,7.882,3.917,87.772,3830.254,85.277
406.553,7.615,6.257,1.39,99.639,4003.459,86.323
16.702,5.727,6.075,3.917,64.308,4092.472,87
45.542,2.22,8.091,1.125,9.086,4844.66,94.022
24.563,4.253,6.328,4.949,82.457,4048.034,85.932
167.372,7.741,6.387,1.783,14.353,4261.009,89.789
254.644,8.205,7.516,4.268,74.051,3939.15,86.113
266.174,2.446,8.042,1.357,42.978,4627.136,91.575
133.833,6.621,6.474,4.778,1.655,4068.355,87.653
455.798,0.95,6.285,4.22,44.142,4142.881,86.272
184.131,0.232,6.193,2.117,79.87,4444.194,88.713
22.775,5.487,6.062,2.397,9.652,4361.52,90.165
150.114,2.244,6.291,0.517,1.219,4687.708,92.538
265.555,0.789,8.357,1.631,45.823,4708.648,91.865
204.111,7.298,6.238,1.802,1.148,4274.371,89.922
136.921,4.98,7.494,2.537,93.539,4291.131,88.47
65.662,7.963,8.302,1.126,82.661,4421.377,90.776
409.582,6.639,7.57,2.654,63.382,4127.983,87.638
498.073,7.298,6.082,3.508,2.714,3938.008,86.542
164.771,3.074,7.491,2.171,57.412,4481.136,90.159
190.811,2.633,8.258,1.545,67.438,4609.36,91.209
309.019,6.009,6.806,2.965,59.157,4110.906,87.32
359.221,2.001,6.784,0.631,94.742,4446.219,89.115
196.015,8.154,6.622,2.034,83.303,4086.52,87.478
452.465,5.229,7.264,2.874,37.144,4176.99,87.967
280.002,2.27,6.595,2.011,69.785,4365.29,88.636
225.195,6.252,7.809,2.054,46.653,4357.014,89.979
323.336,9.45,7.612,4.317,92.906,3809.483,85.001
476.402,0.821,7.002,4.703,62.195,4126.26,85.887
397.276,1.093,7.806,4.223,58.625,4287.752,87.619
20.007,8.438,6.246,0.945,50.569,4297.073,89.997
166.155,1.096,7.874,1.804,38.396,4692.331,91.868
235.272,0.394,7.507,3.701,15.658,4512.005,90.082
157.259,3.479,7.575,4.885,28.119,4260.211,88.365
350.094,4.667,6.162,1.59,33.918,4280.904,88.87
413.135,5.694,7.545,4.542,16.248,4076.554,87.311
365.673,5.073,7.235,3.826,81.459,4041.57,86.123
494.667,9.132,7.215,4.926,1.22,3822.548,85.953
136.274,7.687,6.805,0.921,91.661,4252.556,88.915
437.495,9.838,6.019,2.276,13.7,3936.215,87.177
383.311,4.765,7.057,2.652,6.046,4298.532,89.354
181.089,0.843,7.002,3.524,99.524,4316.035,87.418
367.062,9.555,7.057,3.443,99.98,3800.158,84.868
52.038,0.041,7.53,4.579,19.984,4527.1,90.083
394.667,7.761,6.75,4.274,14.246,3933.701,86.523
266.165,0.313,6.673,0.749,20.58,4702.545,91.914
146.145,7.612,7.244,2.689,51.621,4198.581,88.753
327.889,9.379,7.481,2.332,32.797,4116.394,88.65
320.81,3.893,7.418,4.987,34.3,4119.481,87.02
104.743,2.41,8.204,2.423,81.147,4542.995,90.341
15.199,2.263,7.923,3.572,89.129,4436.11,89.149
216.811,4.917,6.13,1.78,97.013,4186.763,87.373
284.756,1.709,7.409,3.266,51.959,4382.546,88.819
438.303,6.729,7.045,1.43,25.367,4255.121,89.316
464.108,3.684,6.903,3.216,55.937,4140.536,86.951
264.403,3.231,8.395,4.407,87.234,4230.564,87.403
376.902,4.613,7.142,0.587,4.06,4528.328,91.627
219.652,5.426,7.799,2.771,91.213,4239.249,88.108
373.041,1.419,8.418,4.921,23.428,4345.363,88.645
102.401,7.078,6.378,1.217,31.74,4347.52,90.281
185.532,8.829,6.137,1.325,37.041,4172.796,89.006
317.114,2.78,6.784,2.619,91.462,4236.059,87.28
9.079,1.804,6.111,4.419,18.424,4337.582,88.733
361.231,7.605,6.292,3.032,23.078,4018.925,87.24
417.768,1.835,8.479,2.789,73.379,4421.596,89.033
199.571,0.413,8.4,0.89,93.534,4743.523,91.624
223.971,6.192,7.728,4.829,11.369,4145.585,88.2
425.641,2.398,7.882,2.062,52.703,4443.943,89.632
387.827,1.718,6.351,1.633,91.532,4308.928,87.689
144.075,9.816,7.488,2.353,88.723,4073.24,87.79
161.988,2.919,6.386,2.364,94.897,4285.5,87.782
339.439,9.034,6.946,2.563,90.308,3936.199,86.169
281.599,1.782,6.863,3.598,32.156,4332.274,88.536
81.115,8.19,7.535,4.406,21.593,4119.682,88.438
154.965,5.02,6.199,0.758,90.246,4335.149,88.955
449.992,0.786,6.259,2.708,71.484,4247.759,86.999
344.087,7.336,7.525,2.363,38.474,4200.399,88.82
492.987,8.921,7.59,0.549,71.581,4168.442,88.645
383.506,1.63,6.85,4.174,31.412,4231.465,87.49
470.987,7.256,6.367,0.969,58.553,4124.382,87.835
108.094,4.451,8.215,1.016,24.1,4695.11,93.045
385.742,7.539,6.132,0.717,56.612,4158.472,88.28
10.109,7.139,7.793,1.402,92.393,4392.35,90.141
335.38,0.266,6.35,1.296,77.372,4469.709,89.003
234.641,1.787,7.593,2.065,65.95,4514.222,90.019
173.38,4.71,7.659,3.467,25.355,4346.328,89.623
431.202,9.336,8.011,0.744,7.273,4329.687,91.025
427.134,3.421,6.988,4.371,71.346,4034.336,85.656
11.151,6.289,6.054,1.97,58.034,4272.409,89.03
304.753,0.121,8.028,3.23,22.048,4577.275,90.589
183.916,7.111,7.11,0.554,93.541,4321.011,89.408
207.831,6.031,8.118,2.146,55.65,4380.41,90.057
416.02,7.154,7.94,0.509,57.614,4362.138,90.191
154.92,9.047,7.246,1.245,30.577,4309.176,90.5
471.524,1.465,8.498,2.515,88.059,4413.187,88.691
89.817,2.616,7.155,2.908,89.248,4370.531,88.598
331.361,9.958,7.741,1.188,71.8,4148.138,88.751
336.053,1.563,7.675,3.853,10.828,4414.279,89.503
126.098,7.206,7.295,1.351,9.354,4452.394,91.592
162.375,7.251,7.463,1.021,47.469,4405.544,90.756
417.399,6.83,7.997,2,15.069,4319.277,90.091
380.903,2.274,7.429,2.981,33.86,4372.869,89.072
164.548,2.151,7.125,4.95,17.963,4291.764,88.383
266.978,6.663,7.655,2.384,31.701,4297.036,89.652
30.84,1.863,6.089,2.417,94.348,4369.937,88.315
104.373,6.616,6.273,0.767,75.583,4316.464,89.394
242.91,4.925,6.314,3.946,14.692,4139.634,87.727
42.987,3.866,7.064,1.318,67.223,4525.386,90.742
421.666,3.002,8.179,3.852,4.02,4363.793,89.498
359.003,9.476,7.608,4.598,98.379,3750.998,84.369
471.817,5.081,8.432,3.957,53.638,4150.224,87.49
346.733,5.613,6.1,3.391,51.036,4014.817,86.322
470.201,9.493,7.805,3.218,24.793,3999.425,87.594
277.256,6.539,6.786,2.541,46.326,4166.198,88.16
300.109,9.579,6.058,1.15,53.098,4055.6,87.899
488.486,1.064,8.065,4.005,66.162,4276.255,87.42
321.065,8.466,6.407,2.648,5.545,4080.936,88.294
15.393,3.354,6.535,3.315,34.875,4376.823,89.426
361.901,8.105,6.851,2.183,39.313,4101.99,88.058
452.734,8.556,7.971,1.403,15.766,4271.047,90.12
397.79,2.715,7.561,4.129,24.739,4259.102,88.158
291.917,4.088,6.662,2.041,24.431,4362.901,89.611
335.652,7.26,6.421,4.4,81.227,3808.829,84.454
495.096,0.991,6.274,4.846,69.035,4007.665,84.683
45.331,7.555,6.375,4.235,92.352,3928.823,85.631
333.622,1.105,8.17,1.077,31.68,4723.967,92.254
141.699,9.145,8.307,4.348,88.284,3991.27,86.773
320.045,2.763,8.42,2.837,86.516,4387.053,88.834
303.812,5.756,8.087,1.586,45.348,4419.646,90.47
76.728,1.172,8.218,0.919,63.343,4806.3,92.781
103.373,2.695,8.04,1.753,60.197,4621.868,91.425
310.815,4.04,8.395,1.118,31.475,4607.337,91.97
64.115,4.87,8.114,0.615,26.945,4720.401,93.396
132.59,0.001,7.155,4.945,17.727,4419.224,89.015
417.623,8.887,6.808,4.242,83.929,3735.623,84.183
163.546,0.077,7.461,3.825,53.819,4470.277,89.188
244.03,7.737,7.52,1.369,34.498,4337.336,90.349
470.57,4.706,7.437,0.625,51.489,4407.694,89.974
113.575,5.239,7.767,2.683,8.978,4471.656,91.198
194.813,2.083,7.747,3.838,11.492,4466.458,90.174
303.229,6.074,6.218,4.833,76.176,3830.871,84.369
377.669,5.372,6.714,4.297,90.223,3903.736,84.747
450.827,1.642,8.225,4.521,32.707,4297.444,88.14
457.736,2.381,7.475,1.574,41.508,4459.166,89.891
388.32,0.669,6.821,1.199,37.999,4558.625,90.407
114.165,0.663,8.126,1.615,48.425,4764.038,92.355
12.405,0.138,6.623,1.124,41.984,4752.841,92.15
191.887,2.205,7.023,4.093,39.238,4308.327,88.352
70.774,6.797,6.691,4.564,66.335,4004.807,86.424
355.194,3.162,8.178,1.883,27.939,4537.951,91.049
330.565,3.427,7.821,4.446,94.321,4112.164,86.207
21.986,1.319,7.151,0.748,31.539,4800.267,93.083
418.297,5.755,8.331,3.548,22.243,4236.894,88.873
124.372,3.421,8.319,2.874,97.219,4416.794,89.222
216.114,6.763,7.779,1.745,23.652,4409.828,90.891
333.967,7.415,8.23,3.957,54.131,4081.333,87.496
214.709,5.847,7.798,1.454,33.563,4467.6,91.094
220.644,2.761,7.571,2.373,8.67,4554.089,91.282
32.814,5.086,7.052,3.694,95.338,4174.371,87.316
200.722,2.519,6.684,2.022,38.052,4463.734,90.013
382.424,9.029,6.151,4.349,64.837,3707.81,84.138
457.588,7.664,8.002,4.394,86.363,3876.062,85.196
206.749,4.93,6.305,1.411,55.745,4328.034,89.202
211.793,9.655,7.026,2.482,71.573,4022.642,87.407
351.314,5.468,6.587,2.444,78.676,4107.866,86.932
471.386,3.285,7.137,2.345,38.773,4301.63,88.614
133.53,0.955,6.787,2.759,63.249,4461.862,89.273
220.072,5.437,8.074,0.835,21.39,4599.27,92.41
397.987,8.604,8.445,4.415,6.478,4060.864,88.125
304.847,8.667,8.354,1.805,98.686,4171.773,88.331
55.293,6.046,7.556,0.508,10.168,4654.511,93.257
313.866,3.934,8.448,3.583,43.444,4345.983,89.206
93.373,6.503,7.002,3.427,7.673,4270.287,89.577
255.108,7.621,7.306,4.924,92.347,3844.88,84.812
264.552,4.116,6.642,3.737,11.81,4228.843,88.405
438.102,4.763,8.245,1.997,78.864,4309.872,88.739
231.247,6.806,6.449,4.787,71.859,3866.6,84.989
139.721,8.767,7.526,2.144,5.459,4319.111,90.766
115.483,7.91,7.999,4.196,72.406,4082.245,87.471
437.126,0.224,7.488,2.011,96.962,4424.114,88.339
85.505,1.244,6.197,0.719,52.58,4637.677,91.224
212.934,8.528,7.529,3.802,29.661,4080.481,88.067
93.587,8.338,7.918,2.076,54.952,4310.566,90.058
386.652,3.888,6.47,2.025,12.98,4330.768,89.344
237.186,5.843,7.842,3.721,95.64,4110.092,86.897
175.572,9.058,8.196,1.949,37.168,4309.683,90.443
180.55,9.116,8.466,1.031,46.243,4404.968,91.322
426.107,7.831,7.025,2.32,40.738,4084.409,87.786
276.887,2.096,6.063,4.207,3.757,4234.808,87.939
358.934,7.303,7.048,1.086,4.401,4342.767,90.575
448.519,1.011,7.651,2.995,56.675,4377.382,88.51
450.871,8.939,8.228,1.095,50.73,4239.46,89.569
164.255,1.491,8.345,0.721,98.663,4708.366,91.544
476.226,6.623,8.274,2.204,27.06,4283.567,89.552
12.438,6.102,7.645,3.46,37.479,4332.143,89.777
188.418,7.769,7.706,1.737,98.798,4216.631,88.509
447.899,5.516,6.006,2.506,5.74,4138.798,87.985
137.318,0.596,6.909,2.711,64.621,4492.15,89.454
136.541,7.058,8.267,4.286,11.063,4254.814,89.555
151.311,3.832,7.724,4.185,94.693,4197.244,87.175
306.157,3.203,7.17,0.511,29.521,4593.662,91.602
219.166,9.917,6.261,2.363,81.596,3921.188,86.371
363.367,5.904,6.616,3.452,91.214,3957.026,85.429
447.455,7.107,7.387,4.336,84.855,3856.356,84.847
337.1,5.263,8.244,0.72,56.133,4508.392,91.102
102.233,7.7,6.24,3.327,97.368,3960.402,85.94
466.341,7.521,6.384,4.289,67.984,3764.355,84.22
132.246,6.571,7.638,1.648,78.828,4346.614,89.649
74.947,9.977,6.735,1.424,25.168,4244.491,90.186
44.984,4.598,6.424,2.605,42.419,4344.667,89.402
281.692,7.062,6.446,4.832,60.221,3847.065,84.987
56.881,7.978,7.232,3.618,15.435,4203.154,89.271
69.388,3.76,7.459,2.41,96.607,4388.992,89.052
150.015,4.572,8.261,0.594,11.861,4739.382,93.647
140.827,9.692,7.325,3.005,73.553,4029.824,87.47
302.12,0.323,7.728,2.07,6.744,4685.171,91.881
408.373,3.353,6.452,1.336,11.161,4417.443,90.069
380.675,4.862,7.784,2.751,62.71,4244.435,88.276
131.242,0.015,7.622,2.036,45.796,4700.606,91.552
122.655,8.991,6.54,0.674,1.361,4373.007,91.414
482.896,2.862,7.673,3.765,39.973,4226.351,87.723
4.118,2.577,6.529,3.797,25.759,4390.781,89.423
439.86,8.203,7.484,3.285,87.287,3915.253,85.741
99.864,2.78,7.672,4.284,71.101,4307.718,88.2
473.642,6.576,7.733,1.414,74.012,4218.249,88.415
171.154,8.215,8.273,1.788,95.144,4261.91,89.132
220.176,7.925,8.37,2.564,71.276,4231.686,88.982
353.56,7.82,8.025,0.771,16.897,4423.922,91.416
293.835,0.886,8.197,4.476,93.794,4293.268,87.261
158.97,0.798,6.048,2.708,12.198,4490.246,90.02
276.915,3.068,6.907,1.961,20.068,4462.589,90.346
365.353,0.359,6.099,2.651,29.229,4385.738,88.673
21.167,5.004,6.562,1.963,18.335,4462.434,90.942
5.6,3.948,6.954,1.788,2.814,4610.794,92.264
229.033,5.57,8.169,2.516,46.456,4379.343,90
65.918,2.988,7.279,2.669,69.109,4440.51,89.61
332.172,4.858,7.622,2.45,42.701,4322.844,89.259
107.026,3.347,6.907,2.966,24.243,4424.764,90.009
216.426,1.952,7.507,4.025,88.407,4265.577,87.357
98.835,6.494,8.039,0.758,39.442,4575.129,92.305
274.242,6.734,6.753,4.152,84.049,3918.189,85.362
58.027,8.292,8.331,1.528,18.671,4499.252,92.293
11.553,8.748,6.533,1.634,34.005,4278.724,90.071
25.566,7.045,8.298,3.198,80.547,4283.957,89.147
477.129,6.875,6.071,4.891,4.014,3827.68,85.299
71.143,0.567,7.357,0.578,92.128,4729.692,91.546
354.239,1.098,8.463,3.529,40.259,4480.856,89.735
33.963,8.126,7.524,3.636,97.82,4069.938,87.159
54.08,2.33,7.387,3.081,70.435,4446.187,89.456
254.438,3.556,7.706,0.544,94.99,4521.276,90.33
232.435,1.453,6.723,3.229,7.555,4445.491,89.815
475.79,1.952,6.135,1.018,72.479,4331.289,88.174
472.418,7.754,6.628,0.851,87.671,4078.377,87.233
389.804,2.619,6.441,3.632,98.769,4057.464,85.373
301.051,4.49,8.309,3.651,4.307,4382.13,90.125
227.48,1.517,8.131,4.505,9.231,4454.567,89.908
178.089,6.779,6.794,0.515,73.437,4353.024,89.83
473.544,7.283,8.09,2.204,4.854,4277.961,89.916
301.454,3.617,6.529,0.555,2.126,4561.591,91.68
289.536,7.847,6.499,2.141,54.962,4088.731,87.692
115.951,2.399,7.919,2.712,53.417,4535.875,90.544
23.349,6.919,6.817,2.884,61.737,4212.255,88.581
472.594,7.3,6.162,2.102,2.394,4099.961,88.166
156.868,9.687,7.8,3.764,50.826,4039.196,87.79
221.295,2.323,8.474,2.37,29.382,4624.811,91.651
57.32,0.937,7.415,2.827,75.85,4531.572,89.838
418.462,2.63,6.659,4.1,35.472,4144.184,86.876
13.816,1.229,6.932,1.284,36.303,4723.845,92.244
416.995,1.697,7.622,1.944,65.769,4442.876,89.28
70.143,3.341,7.753,2.846,66.406,4455.761,89.896
443.282,4.14,8.216,3.954,6.772,4283.975,89.014
364.886,9.037,8.272,2.414,62.974,4125.545,88.337
82.335,1.956,8.153,0.827,66.127,4761.344,92.539
282.909,9.718,7.621,4.95,46.295,3847.225,85.925
156.328,8.102,7.125,3.686,82.959,3994.745,86.548
89.117,8.815,7.698,3.752,1.901,4205.5,89.68
429.591,9.294,7.666,2.593,96.869,3934.088,86.161
201.761,7.532,6.545,2.962,38.226,4104.373,87.921
199.272,7.888,7.269,4.973,59.974,3915.592,85.923
84.943,4.378,6.521,3.178,4.398,4364.074,89.91
191.533,5.105,8.248,1.485,71.181,4482.909,90.649
435.808,9.325,6.808,4.84,54.826,3703.041,84.28
181.564,3.783,8.014,2.92,96.076,4337.301,88.547
475.802,0.419,6.943,0.593,42.831,4590.468,90.602
473.154,7.628,7.909,3.08,72.465,4020.041,86.764
72.449,5.732,6.552,0.817,8.349,4534.014,91.976
88.656,8.149,7.909,2.874,7.389,4336.978,90.741
431.337,0.756,6.449,4.214,94.952,4080.136,85.078
196.38,6.212,7.227,2.925,26.077,4269.254,89.295
2.187,2.477,6.284,2.181,91.327,4402.752,88.857
136.936,9.033,7.32,4.472,9.675,4045.348,88.067
298.814,1.099,8.052,4.674,64.136,4305.128,87.74
399.633,8.431,7.889,2.064,55.607,4149.951,88.473
66.694,0.886,6.127,2.745,96.652,4367.223,87.971
55.271,0.251,7.23,4.923,40.997,4408.551,88.751
461.046,2.351,8.131,1.301,5.792,4623.274,91.88
375.574,3.33,7.625,1.842,47.934,4428.18,89.802
294.89,6.265,6.148,2.428,82.594,4046.112,86.515
384.593,1.317,6.814,0.954,6.194,4615.461,91.488
214.427,4.373,7.391,1.724,4.583,4531.682,91.583
379.228,2.043,6.432,2.951,82.353,4191.6,86.705
185.901,8.553,7.705,1.528,82.574,4231.905,89.059
122.047,0.45,7.587,3.588,20.798,4574.781,90.675
364.507,3.559,6.506,2.065,66.09,4251.756,87.924
209.836,6.314,7.376,0.904,7.363,4511.861,91.939
490.689,9.131,8.029,3.94,76.795,3853.411,85.505
174.743,8.68,6.937,3.053,31.214,4104.572,88.338
460.864,8.952,6.617,4.212,23.821,3814.886,85.596
466.481,0.629,7.753,2.121,68.087,4462.396,89.132
120.926,8.409,6.177,0.587,91.244,4195.567,88.566
399.111,7.799,8.082,0.71,5.109,4437.429,91.663
216.537,9.024,8.359,4.08,15.23,4137.968,88.935
458.762,3.116,8.412,2.348,26.317,4468.605,90.358
225.062,9.118,7.081,4.894,92.852,3764.644,84.453
372.152,4.026,7.558,4.236,87.839,4069.088,86.02
233.484,6.341,8.143,0.573,90.81,4441.674,90.411
113.9,4.242,6.559,4.415,38.459,4168.408,87.572
99.675,4.276,6.069,1.458,23.931,4449.611,90.54
212.716,5.466,6.961,2.688,19.974,4307.697,89.517
377.747,3.559,8.211,2.778,88.313,4299.874,88.183
302.536,7.927,7.263,0.769,23.891,4353.975,90.679
344.315,6.336,7.326,1.065,53.553,4329.922,89.665
141.163,6.898,7.729,2.404,33.842,4349.353,90.224
240.718,2.31,7.436,3.392,50.395,4367.784,88.867
22.198,9.696,6.136,1.69,35.231,4178.283,89.339
408.766,6.602,7.402,2.869,30.002,4158.86,88.269
494.946,1.972,7.62,2.206,43.305,4408.698,89.246
203.44,7.505,7.604,3.337,33.96,4181.851,88.73
5.482,1.737,7.821,2.41,84.129,4583.232,90.512
84.896,0.634,7.3,4.332,58.485,4405.635,88.662
326.263,5.276,8.25,4.927,18.441,4168.54,88.084
306.04,5.535,7.161,4.609,24.359,4076.693,87.184
393.932,1.89,7.295,1.259,6.302,4599.622,91.5
126.942,3.484,7.951,2.557,30.669,4540.348,91.142
381.816,9.458,8.083,2.565,67.282,4053.484,87.699
343.992,2.85,7.621,4.282,19.113,4281.157,88.475
161.407,1.556,6.316,2.107,10.821,4540.728,90.766
272.744,9.926,6.83,2.973,32.781,3987.453,87.524
73.637,3.023,6.05,3.242,61.64,4269.613,87.987
226.282,6.803,6.739,1.002,47.805,4324.8,89.811
440.599,2.316,7.426,3.011,33.887,4337.625,88.732
210.596,5.501,8.013,1.611,88.412,4383.046,89.597
419.783,3.863,7.464,1.43,47.387,4405.628,89.741
295.127,9.616,6.1,1.626,46.05,4026.879,87.693
95.938,4.328,6.648,0.947,4.134,4597.428,92.231
290.553,5.842,7.445,0.814,64.295,4397.183,90.081
252.992,9.448,7.773,3.411,46.475,4044.343,87.813
199.321,9.892,8.166,4.734,15.363,4018.17,87.996
59.815,1.017,8.419,3.596,25.13,4651.314,91.567
208.354,8.343,8.229,1.903,21.034,4369.206,90.985
36.381,3.821,7.168,2.008,13.088,4580.637,91.822
49.385,5.948,7.867,2.936,44.119,4382.763,90.171
207.958,3.75,6.601,4.398,36.965,4154.862,87.304
152.691,4.011,6.16,1.411,36.652,4424.641,90.083
462.772,1.589,6.138,2.608,25.901,4290.32,88.121
187.853,5.728,6.603,2.745,44.206,4217.078,88.447
378.929,5.467,6.094,4.691,55.205,3867.103,84.759
265.124,1.894,8.126,2.913,61.539,4470.982,89.663
352.043,5.417,7.225,4.014,22.763,4128.682,87.684
130.058,9.731,8.027,0.895,73.056,4315.522,90.344
470.952,7.144,8.35,1.971,3.676,4337.827,90.485
265.044,4.81,8.485,3.251,75.294,4299.736,88.687
415.662,9.161,8.343,3.549,29.014,4055.453,88.013
182.523,5.753,7.791,4.483,37.63,4176.615,88.116
50.106,1.35,7.105,3.157,58.49,4485.247,89.673
336.856,5.475,7.495,1.803,61.435,4304.133,89.07
3.88,1.81,8.041,2.926,42.694,4633.716,91.453
237.646,7.675,8.244,3.702,93.852,4063.92,87.003
96.401,9.672,8.391,4.03,85.974,4032.426,87.366
313.688,3.608,7.827,4.751,23.279,4223.778,88.087
489.71,4.349,7.35,1.358,59.302,4318.232,88.894
232.201,4.215,8.421,3.474,72.378,4323.064,88.771
408.749,2.853,8.397,1.401,22.477,4607.538,91.707
253.892,7.942,7.194,1.93,2.827,4296.656,90.321
247.92,6.177,7.622,1.142,97.585,4319.927,89.077
465.212,0.641,8.023,3.978,95.876,4248.085,86.714
444.983,8.388,7.083,4.613,32.714,3839.647,85.586
392.9,1.871,8.073,0.635,24.672,4704.537,92.36
148.128,9.792,6.279,4.161,16.307,3915.532,86.93
272.504,3.767,7.203,1.588,69.027,4398.859,89.428
111.949,6.164,7.207,2.691,75.774,4235.77,88.449
221.958,0.778,7.712,3.867,42.62,4449.335,89.301
242.107,3.447,6.291,2.781,25.038,4307.558,88.859
415.82,8.024,6.258,1.541,45.424,4071.806,87.671
448.014,4.772,8.251,4.578,52.12,4100.524,86.916
207.31,9.046,6.759,3.171,54.797,3993.272,87.099
8.852,5.751,6.817,4.691,44.893,4130.883,87.585
430.887,9.286,7.942,4.31,1.37,3980.758,87.58
87.139,9.826,7.037,4.445,47.706,3928.976,86.761
310.941,4.539,8.082,2.128,35.38,4442.283,90.431
12.485,5.652,7.004,4.943,56.1,4105.055,87.185
199.753,8.349,7.901,4.336,7.868,4123.499,88.661
492.98,2.215,7.313,2.019,88.04,4296.068,87.745
50.347,8.616,8.34,4.534,87.669,4049.245,87.201
211.847,5.919,6.818,3.899,56.847,4076.387,86.971
153.575,7.255,6.907,3.763,73.975,4026.874,86.705
452.544,0.799,8.425,0.528,44.352,4734.791,92.144
434.67,7.662,7.844,0.602,59.44,4304.917,89.753
118.849,3.108,7.931,3.627,62.15,4391.368,89.225
40.594,8.052,6.74,1.754,36.035,4303.604,90.091
313.569,5.092,7.33,0.763,96.126,4353.064,89.097
168.184,2.746,6.784,1.787,60.658,4456.992,89.787
336.042,9.528,6.65,4.271,99.063,3695.382,83.821
16.06,7.651,7.338,2.618,43.805,4293.864,89.796
66.7,9.857,8.469,3.27,4.2,4285.337,90.768
343.186,3.645,6.537,4.102,30.941,4127.718,87.061
106.185,6.492,6.606,1.955,65.428,4256.553,88.859
428.794,6.116,6.608,0.55,91.124,4203.327,87.957
29.295,6.876,7.979,1.955,61.901,4420.202,90.646
107.741,0.383,7.276,4.805,47.705,4378.677,88.425
499.28,2.917,6.962,2.67,8.994,4315.677,88.942
216.538,9.093,8.109,3.064,15.331,4210.934,89.684
351.483,4.238,6.744,3.922,6.293,4181.941,88.028
91.332,9.606,6.981,1.017,71.407,4227.533,89.443
304.934,2.135,6.184,3.803,83.278,4112.359,85.931
363.053,9.974,6.297,1.84,17.279,4030.941,88.129
157.238,6.976,6.342,2.247,33.198,4215.704,88.918
414.449,7.764,6.867,1.713,48.432,4123.189,88.077
301.709,3.969,7.31,1.191,15.136,4532.369,91.363
194.562,9.07,6.002,2.127,42.203,4052.338,87.822
278.821,5.455,6.475,0.926,96.716,4249.321,88.162
288.38,6.809,6.439,4.302,72.196,3884.712,85.168
82.768,0.948,6.633,1.877,17.526,4651.82,91.627
201.366,6.317,6.415,3.441,10.783,4159.304,88.38
171.715,8.791,6.488,1.835,45.07,4149.732,88.684
200.451,1.783,8.46,1.448,98.807,4614.172,90.688
380.555,7.377,7.487,3.711,79.535,3959.326,86.011
241.269,0.254,7.907,3.308,30.019,4566.498,90.441
470.158,9.262,8.048,1.481,3.602,4251.304,90.256
146.838,9.829,7.669,3.254,41.718,4093.164,88.463
207.852,3.542,7.76,0.523,16.893,4708.967,92.983
393.478,1.071,7.581,1.296,18.848,4640.488,91.538
273.012,6.586,7.623,3.775,17.068,4184.925,88.654
273.514,0.298,8.321,2.346,72.241,4601.388,90.381
26.67,4.825,6.464,1.416,4.548,4541.127,91.813
199.3,2.718,6.687,2.777,56.909,4341.664,88.663
135.367,4.733,6.233,2.593,75.5,4208.615,87.751
499.668,0.183,8.093,3.353,16.485,4482.119,89.711
154.178,0.516,7.122,0.826,89.4,4647.851,90.739
442.248,0.16,8.268,4.187,8.735,4461.486,89.575
338.117,6.191,7.029,0.762,68.588,4310.894,89.28
170.458,5.601,7.107,2.542,18.024,4355.094,90.051
271.767,2.332,7.121,3.697,80.797,4228.319,87.175
420.268,6.466,7.531,2.052,57.568,4199.366,88.358
441.684,8.842,7.915,4.596,59.331,3850.369,85.563
80.197,2.773,6.878,3.899,35.256,4348.697,88.966
169.787,8.32,7.575,2.417,29.043,4256.844,89.774
167.612,6.625,6.51,1.327,46.869,4309.472,89.614
21.022,0.338,7.385,0.695,76.014,4789.516,92.236
299.119,3.751,7.366,4.107,17.654,4253.455,88.483
427.41,5.078,8.222,1.374,81.811,4353.551,89.241
190.787,7.317,8.24,1.714,48.504,4394.357,90.654
370.018,2.871,7.218,0.547,45.769,4547.02,90.874
313.85,9.827,6.061,0.582,2.643,4194.371,89.865
187.824,6.845,8.112,1.537,13.295,4494.694,91.868
70.53,3.728,6.002,4.428,43.765,4148.162,87.162
354.662,0.97,7.196,4.014,98.149,4196.052,86.27
427.283,1.814,6.049,3.964,25.765,4152.65,86.813
342.927,4.876,6.881,4.222,2.015,4146.684,87.91
8.939,4.947,7.592,1.34,44.149,4585.1,91.894
108.116,7.677,6.928,4.906,2.579,4059.144,87.869
34.74,7.262,8.317,1.545,34.286,4528.206,92.118
285.193,2.013,7.602,1.175,36.052,4627.386,91.517
378.239,5.95,7.616,1.826,1.233,4389.957,90.672
55.29,0.206,6.936,2.887,78.177,4510.595,89.386
419.169,3.985,6.096,1.06,91.372,4212.039,87.402
277.754,7.641,7.845,3.824,99.877,3981.481,86.108
344.985,3.995,7.791,2.172,51.369,4386.889,89.554
485.701,8.356,7.325,3.058,31.355,4003.385,87.227
41.84,9.762,7.041,3.804,72.03,3970.603,86.914
450.612,6.072,7.346,4.559,73.91,3901.995,85.102
63.051,1.45,7.867,4.187,38.54,4486.891,89.919
196.479,3.797,7.782,2.919,56.993,4384.271,89.412
425.719,0.095,7.645,4.96,82.355,4186.188,86.067
453.127,6.027,8.259,2.884,19.728,4270.179,89.313
253.186,8.216,7.525,2.912,3.027,4217.854,89.613
297.052,6.299,6.036,1.213,54.43,4209.952,88.445
354.074,7.861,7.545,1.169,66.775,4233.962,89.03
416.379,7.999,7.531,1.259,57.922,4203.238,88.853
60.756,8.51,6.174,3.163,60.028,4025.149,87.204
405.035,2.667,7.069,2.368,39.916,4354.423,88.945
240.638,8.713,7.628,2.236,65.498,4152.177,88.481
225.312,6.541,7.761,1.074,5.238,4518.545,92.095
211.95,2.897,8.233,2.215,15.967,4619,91.899
254.606,9.873,8.103,2.201,45.036,4179.227,89.304
472.525,9.502,6.291,3.294,94.356,3699.706,83.904
274.102,5.744,7.522,2.248,64.805,4273.531,88.811
476.589,8.432,7.491,2.384,36.173,4078.434,87.952
90.145,2.615,6.759,1.726,46.338,4534.797,90.669
362.068,4.16,6.46,1.092,84.718,4278.362,88.185
406.12,1.84,6.499,1.85,54.704,4360.418,88.609
339.564,5.201,6.444,0.692,5.739,4433.831,90.841
303.461,4.96,8.016,1.417,42.27,4475.626,90.822
282.406,2.128,6.371,1.962,39.415,4414.43,89.389
430.465,6.728,6.661,1.155,90.089,4118.746,87.305
410.823,1.178,6.544,3.492,31.236,4278.432,87.825
61.144,0.617,7.782,1.763,7.405,4825.643,93.367
424.294,3.849,6.396,3.27,36.127,4135.758,87.151
207.034,4.098,6.06,3.397,5.346,4247.146,88.647
126.848,3.197,6.936,2.513,83.397,4352.188,88.647
434.884,2.579,6.763,2.521,59.43,4258.899,87.769
216.012,3.388,6.994,3.117,47.468,4315.437,88.696
404.182,1.634,7.885,1.681,36.625,4563.32,90.757
131.702,4.035,6.031,0.596,42.348,4491.258,90.699
1.965,9.046,6.094,3.403,78.996,3957.889,86.503
247.73,2.244,6.639,3.238,18.821,4366.354,89.149
50.114,6.845,8.223,2.644,8.072,4474.503,91.718
377.188,1.418,6.423,4.441,56.611,4125.466,86.114
138.038,3.539,8.493,2.789,86.032,4452.343,89.725
221.823,3.212,8.014,1.866,56.661,4530.029,90.697
43.517,9.37,7.14,3.711,79.819,3993.033,86.943
143.33,4.28,7.87,4.831,89.383,4139.462,86.785
390.745,6.905,7.297,3.816,8.612,4090.279,87.888
75.794,6.025,7.415,4.59,59.329,4124.73,87.461
323.58,1.41,7.452,1.007,83.443,4545.281,90.041
458.713,9.395,7.622,1.044,64.71,4129.189,88.463
339.918,3.459,6.152,1.196,59.562,4333.6,88.778
405.511,0.448,7.541,3.663,79.019,4304.666,87.391
54.486,3.004,7.792,2.254,71.019,4534.366,90.535
125.366,3.356,6.777,2.65,50.661,4380.89,89.309
447.269,0.927,8.446,1.679,5.359,4696.055,92.185
357.553,6.2,6.361,3.812,61.72,3942.658,85.669
319.777,3.468,8.276,4.304,22.104,4319.725,89.016
331.883,6.291,7.691,1.221,26.155,4414.198,90.768
207.1,0.067,7.661,1.367,68.275,4685.878,91.196
22.278,9.82,8.19,2.027,45.856,4322.399,90.712
392.221,1.705,8.079,1.761,71.961,4506.566,89.858
339.357,6.593,6.864,2.892,39.863,4118.097,87.76
236.402,7.158,7.763,3.887,87.133,4037.322,86.649
449.88,1.716,6.127,4.07,43.28,4108.374,86.166
168.08,1.117,7.16,1.438,49.889,4632.529,91.162
147.161,1.526,8.344,1.29,13.501,4828.562,93.608
436.398,2.468,6.685,2.137,50.853,4311.546,88.347
398.494,1.682,6.125,1.165,24.74,4463.173,89.889
257.49,6.74,7.457,0.913,76.535,4335.613,89.613
65.367,4.208,6.888,1.592,71.69,4443.132,89.977
107.536,5.378,6.949,2.273,2.568,4439.846,90.986
328.114,0.473,7.456,3.145,49.887,4443.585,89.079
192.521,8.612,7.554,3.755,5.494,4142.049,88.949
418.237,1.706,7.093,1.503,57.359,4449.944,89.438
474.978,3.602,7.269,4.184,90.262,4010.399,85.282
402.818,0.719,8.483,0.652,86.85,4672.103,91.068
188.773,1.368,8.393,2.498,25.138,4676.408,91.923
394.343,6.658,7.768,3.349,14.871,4182.131,88.67
175.721,6.926,6.404,1.811,79.315,4166.516,87.95
83.55,6.77,6.9,3.577,55.072,4141.927,87.899
16.697,5.521,8.208,4.402,42.959,4310.263,89.329
192.858,9.525,7.059,0.902,81.239,4180.508,88.85
451.78,5.072,8.388,2.807,25.999,4326.714,89.529
119.493,4.494,7.221,0.584,23.236,4632.704,92.443
103.257,2.475,8.154,1.758,61.581,4641.07,91.538
484.91,0.988,6.088,1.116,27.986,4449.37,89.51
12.502,5.482,7.085,3.309,43.252,4310.784,89.32
392.891,3.149,7.751,1.619,46.027,4467.214,90.157
160.685,5.24,8.159,1.771,21.297,4553.862,91.898
18.744,2.061,7.524,1.425,7.107,4783.229,93.38
458.901,8.382,6.433,1.597,76.901,3981.265,86.558
69.821,9.997,8.214,1.513,78.575,4278.239,89.996
275.89,3.224,7.437,3.64,60.239,4260.037,87.965
137.027,8.423,6.27,4.801,15.712,3925.788,86.628
32.596,8.73,7.16,2.706,48.145,4196.276,89.1
24.961,9.961,7.747,3.202,18.612,4206.82,89.87
57.778,3.427,7.128,4.181,88.246,4217.865,87.324
35.684,7.56,8.177,2.642,70.032,4317.524,89.743
380.279,2.288,7.059,1.859,4.106,4507.256,90.718
242.783,6.248,7.459,4.779,1.165,4131.805,88.181
171.446,7.048,6.528,4.578,98.392,3860.093,84.732
209.184,7.411,7.282,1.492,4.945,4393.967,91.114
464.473,2.072,6.557,3.664,86.72,4080.067,85.555
455.376,8.487,6.563,3.412,95.626,3771.782,84.308
357.838,4.21,6.7,3.423,31.502,4175.231,87.7
442.341,2.164,6.11,4.238,54.474,4048.976,85.594
159.824,5.425,6.408,3.533,65.093,4106.116,87.038
190.555,8.634,7.061,2.831,52.522,4090.988,87.975
306.856,9.671,6.328,4.307,22.137,3820.79,85.888
311.813,7.482,6.333,1.692,58.542,4117.073,87.83
240.85,0.056,8.42,3.557,26.608,4609.878,90.85
200.329,1.347,7.068,3.657,17.337,4438.901,89.62
493.09,0.763,7.009,4.416,51.047,4172.513,86.443
410.562,1.012,6.669,4.992,37.828,4136.152,86.287
217.49,3.83,7.281,3.009,3.714,4419.524,90.307
363.646,3.385,7.49,2.68,95.018,4239.924,87.465
134.781,1.137,7.045,3.203,4.916,4550.174,90.794
50.085,8.822,6.985,3.464,90.393,4005.102,86.794
176.216,6.154,7.751,3.708,19.784,4268.874,89.337
201.486,7.965,8.374,1.765,15.044,4431.831,91.557
8.269,3.715,8.195,2.692,7.847,4644.688,92.483
407.396,4.102,6.297,2.169,43.145,4217.635,87.976
179.597,3.176,7.631,0.674,59.099,4628.821,91.65
290.209,4.384,6.018,3.243,90.47,4032.219,85.733
36.982,6.104,7.583,4.437,78.591,4133.745,87.383
87.498,4.93,7.161,4.647,16.803,4227.579,88.587
444.847,8.379,7.228,2.828,17.605,4063.346,87.971
304.344,9.001,7.47,3.946,1.808,4046.501,88.147
475.142,4.697,7.857,3.706,69.094,4104.477,86.763
499.375,2.397,7.824,1.53,2.73,4554.338,91.235
185.93,9.452,6.111,0.783,14.716,4237.816,90.067
149.402,7.35,7.841,3.865,63.82,4127.727,87.844
429.178,6.401,8.075,1.772,15.877,4363.836,90.4
499.306,7.454,6.17,2.972,16.168,3965.124,86.726
314.821,0.76,6.807,2.858,24.166,4451.174,89.498
397.57,0.676,7.98,4.18,39.141,4369.093,88.502
390.873,1.531,7.233,3.401,1.779,4407.632,89.518
177.67,1.475,7.737,4.312,74.86,4330.226,87.996
287.135,4.207,7.256,3.885,77.609,4127.953,86.765
416.528,1.574,8.446,4.999,37.308,4283.05,87.93
344.057,8.545,8.34,4.387,80.014,3935.985,86.123
10.582,5.781,6.703,1.45,29.192,4472.578,91.168
168.353,3.683,6.965,4.826,98.584,4048.372,85.603
72.238,0.696,7.078,2.031,40.375,4653.095,91.336
116.486,5.91,6.261,3.235,67.213,4114.34,87.244
452.745,1.165,7.01,4.736,32.922,4176.928,86.79
18.447,7.432,7.937,1.464,45.632,4475.24,91.526
109.9,8.028,8.117,4.358,64.863,4089.884,87.658
154.785,5.44,8.215,4.789,35.405,4222.424,88.502
308.442,1.496,6.036,4.342,66.003,4108.424,85.873
267.051,7.869,7.972,4.186,15.455,4120.707,88.413
109.135,3.078,7.257,1.691,48.892,4550.316,90.938
82.121,2.227,6.515,2.332,28.013,4509.932,90.487
118.399,4.706,7.247,3.922,92.083,4153.892,87.03
251.265,9.226,8.111,1.032,82.646,4255.644,89.498
135.589,2.974,7.086,4.498,49.255,4243.805,87.838
473.801,9.056,8.476,1.446,45.921,4221.467,89.472
231.933,0.537,7.542,3.042,83.565,4440.085,88.726
29.398,0.835,7.224,0.973,69.355,4729.994,91.857
364.633,6.986,6.737,1.333,68.649,4171.492,88.124
164.423,1.906,6.028,3.135,55.277,4301.226,88.031
326.744,3.166,7.526,3.356,86.374,4222.618,87.312
139.797,1.364,7.444,1.714,19.76,4695.38,92.165
285.372,3.322,7.292,1.036,86.327,4444.146,89.575
386.076,2.805,7.344,2.973,52.553,4298.751,88.303
464.004,7.363,8.109,4.283,62.511,3957.4,86.158
130.564,7.02,6.792,1.407,96.28,4229.714,88.44
167.428,9.549,7.376,3.612,43.026,4029.13,87.726
232.133,7.244,7.7,2.236,67.135,4233.793,88.84
463.587,6.948,6.525,4.744,52.691,3793.481,84.492
450.693,6.942,8.312,0.872,93.229,4285.14,89.002
44.939,8.83,7.843,0.68,49.277,4453.788,91.694
65.965,2.962,6.133,1.059,26.357,4573.57,91.361
247.755,3.001,8.163,4.021,48.791,4342.672,88.839
53.31,7.412,8.325,4.652,91.759,4086.441,87.17
172.79,2.287,7.984,4.201,50.571,4376.414,88.945
74.193,9.12,7.066,3.73,15.468,4109.489,88.676
318.02,5.348,8.486,0.759,54.619,4537.042,91.429
474.748,3.001,6.311,1.462,39.372,4318.713,88.694
498.367,7.761,7.342,4.709,65.328,3795.342,84.628
187.621,3.123,6.426,3.303,24.894,4312.583,88.814
299.506,9.633,7.098,2.607,32.907,4051.885,88.08
428.134,9.83,8.319,3.435,52.141,3978.472,87.212
58.731,6.668,7.986,1.304,12.71,4580.015,92.673
344.782,1.136,7.955,4.518,21.84,4370.841,88.831
204.422,2.632,6.885,3.453,80.333,4248.646,87.473
103.073,5.154,8.336,2.621,93.983,4374.297,89.349
201.377,8.514,6.921,2.558,96.984,4015.866,86.743
37.98,1.849,6.1,4.201,93.789,4190.912,86.526
347.704,1.044,7.595,1.885,94.26,4456.336,88.934
126.371,0.745,6.907,1.117,82.288,4613.952,90.54
155.703,5.07,6.384,1.336,73.826,4325.893,89.042
60.541,8.847,8.337,0.865,23.952,4526.628,92.681
432.33,0.424,7.593,2.785,44.731,4453.965,89.219
246.722,2.123,8.351,3.548,40.399,4470.047,89.933
286.073,6.933,7.457,4.703,73.304,3939.178,85.739
284.716,8.259,6.16,3.879,48.063,3876.683,85.764
205.247,8.074,6.075,3.124,36.657,4015.448,87.21
96.265,7.851,8.251,4.388,81.593,4082.508,87.364
372.566,1.298,6.097,4.515,75.241,4056.522,85.202
63.528,3.972,7.538,3.706,37.513,4377.812,89.595
51.937,9.847,6.745,0.753,42.513,4295.8,90.487
355.073,9.889,7.719,1.813,89.426,4039.79,87.47
104.419,6.024,6.712,2.013,73.535,4269.404,88.766
153.386,7.093,6.093,4.988,69.308,3840.541,84.84
237.614,9.513,7.827,2.589,71.459,4086.47,88.004
224.676,4.499,6.777,3.928,11.128,4225.32,88.492
354.29,1.369,7.377,4.162,56.787,4262.339,87.466
311.716,6.689,7.935,3.44,29.809,4199.549,88.704
322.198,9.601,7.757,0.582,9.398,4357.534,91.362
357.027,6.972,6.871,0.587,73.376,4254.568,88.904
146.306,8.033,7.87,4.185,31.129,4131.434,88.413
161.167,4.227,8.314,3.827,31.696,4393.413,89.885
218.999,0.965,7.525,2.913,64.346,4474.819,89.394
153.731,1.689,7.759,1.62,66.96,4618.66,91.024
492.469,9.827,8.165,0.89,47.932,4194.029,89.409
407.026,4.932,8.109,1.239,56.09,4424.704,90.166
82.327,0.12,6.879,3.111,85.04,4459.501,88.781
2.797,9.554,8.479,2.956,11.601,4350.019,91.25
21.392,4.978,6.071,4.736,7.47,4159.046,88.009
122.032,8.363,8.467,4.808,65.968,4054.816,87.397
57.146,5.485,6.615,3.092,60.777,4227.94,88.317
266.669,1.017,7.101,4.286,19.406,4358.466,88.696
428.998,6.156,8.209,4.155,52.668,4077.79,87.098
368.375,9.974,6.611,3.886,74.821,3739.983,84.644
107.805,0.347,6.562,2.468,73.439,4491.244,89.282
199.65,8.418,7.608,2.252,59.977,4194.869,88.874
253.947,2.355,7.764,1.689,13.914,4634.96,91.917
405.103,3.939,6.019,4.717,31.097,3968.497,85.556
419.561,3.727,7.126,4.255,41.172,4108.64,86.793
454.859,8.988,7.223,1.297,79.037,4057.673,87.483
254.623,5.045,6.68,1.636,54.837,4315.122,89.116
347.137,4.472,7.365,3.116,73.587,4180.601,87.412
55.9,8.18,6.386,2.361,92.427,4080.707,87.337
282.644,0.489,6.809,1.463,62.768,4543.335,89.952
124.346,0.865,7.783,4.06,24.478,4517.933,90.194
215.858,0.217,8.184,0.507,14.819,4919.337,94.11
317.025,6.88,7.473,2.045,1.054,4338.259,90.436
128.493,5.256,6.187,4.682,18.387,4086.675,87.26
26.093,8.76,7.697,3.923,27.652,4170.98,89.061
5.117,4.985,8.244,2.306,27.708,4586.58,92.084
11.08,2.218,7.261,4.679,67.041,4307.619,88.071
4.175,8.051,7.234,4.554,15.874,4131.653,88.573
55.178,2.943,8.479,0.737,44.11,4811.22,93.554
119.744,9.357,7.591,1.076,1.486,4420.812,92
110.611,2.504,8.015,2.243,26.855,4643.026,91.913
493.398,1.677,7.616,4.682,5.064,4252.706,87.98
153.003,4.933,6.552,4.299,71.246,4059.68,86.364
63.71,0.505,6.71,0.715,36.076,4770.261,92.493
272.781,0.364,7.664,2.805,48.53,4534.222,89.966
428.979,4.96,7.14,3.741,76.384,4024.639,85.971
339.03,2.151,7.011,1.742,86.429,4376.994,88.551
148.041,0.094,6.056,3.751,52.151,4347.479,87.981
280.808,2.961,8.211,2.164,65.327,4485.629,90.091
357.428,4.774,8.211,1.733,73.862,4382.677,89.52
364.052,3.943,7.152,2.267,29.246,4350.926,89.4
333.269,1.355,7.752,4.779,71.019,4220.917,86.905
435.405,5.797,6.445,4.574,65.714,3848.104,84.563
435.053,7.103,7.26,4.613,44.863,3902.255,85.705
289.468,6.755,7.097,4.628,34.735,3994.922,86.628
214.928,3.938,7.642,1.302,97.392,4434.8,89.555
320.785,1.376,7.174,4.532,98.646,4137.702,85.803
409.106,4.995,7.246,1.455,69.816,4285.157,88.652
2.826,8.904,6.739,4.272,39.032,4022.074,87.502
495.999,4.687,6.121,2.939,75.402,3985.087,85.503
91.447,1.957,8.293,1.58,68.245,4691.22,91.817
235.124,0.931,6.031,2.293,54.954,4399.728,88.727
436.015,9.439,6.703,2.45,14.052,4007.236,87.764
112.52,7.43,7.119,3.799,94.714,4014.783,86.43
238.398,3.13,6.798,3.227,24.044,4333.293,89.031
66.291,2.954,7.38,4.176,39.933,4359.741,89.084
197.538,8.952,7.154,2.286,34.899,4170.664,89.043
88.568,1.776,6.639,3.846,16.222,4413.742,89.508
181.814,5.35,6.22,4.068,3.426,4149.964,88.07
186.732,7.135,6.344,0.784,93.05,4219.75,88.408
496.585,3.964,7.216,2.19,74.208,4207.639,87.523
497.407,0.399,8.115,4.487,3.051,4388.035,88.97
57.393,2.278,6.252,3.672,69.089,4277.167,87.764
362.984,9.018,7.693,2.383,13.841,4170.923,89.276
25.873,5.231,7.98,1.323,72.675,4545.838,91.301
15.096,8.154,6.692,0.935,51.013,4358.424,90.52
52.667,5.557,7.671,1.532,97.808,4414.06,89.83
482.743,9.436,7.717,1.601,43.803,4110.774,88.501
470.432,9.091,7.769,2.168,75.146,4020.076,87.177
96.964,4.829,8.227,1.296,5.09,4692.982,93.328
80.836,3.183,6.996,1.157,93.62,4497.115,89.99
120.268,6.017,6.609,4.298,56.684,4056.784,86.806
257.773,6.749,7.36,1.623,32.108,4343.123,90.135
284.852,4.984,6.156,3.027,13.562,4194.186,88.301
110.797,8.223,6.835,1.397,64.441,4248.373,89.306
378.311,1.833,8.208,2.713,74.883,4418.931,88.99
154.777,3.344,7.33,1.745,9.448,4595.004,91.859
461.066,6.864,7.092,0.891,17.301,4311.785,90.004
328.361,2.467,6.664,4.92,39.157,4108.605,86.435
218.176,4.398,6.626,2.56,85.324,4206.923,87.536
394.956,9.637,6.592,2.269,98.31,3856.317,85.471
408.957,6.259,8.073,1.396,74.758,4300.771,89.138
145.241,9.491,8.463,2.729,1.552,4323.087,91.063
169.857,7.224,7.337,3.358,90.442,4070.817,86.971
467.978,7.247,6.2,1.871,3.629,4129.286,88.431
82.371,5.919,7.878,2.662,89.816,4304.827,88.926
21.075,1.422,8.193,1.567,41.621,4797.692,92.987
227.028,5.197,8.328,2.875,74.439,4323.087,89.046
400.605,2.527,7.572,4.042,9.62,4307.072,88.733
385.834,9.987,7.267,0.771,17.328,4222.715,90.05
459.765,2.67,7.551,2.83,45.626,4317.489,88.52
266.6,2.307,6.032,2.297,4.812,4415.257,89.797
50.032,6.239,7.639,0.833,39.586,4564.407,92.12
294.344,5.109,7.774,4.732,75.445,4050.647,86.285
389.198,0.214,7.805,1.669,65.817,4576.67,90.173
46.664,1.295,7.408,3.041,35.826,4576.942,90.8
86.329,8.11,7.75,2.177,1.876,4404.895,91.463
6.145,4.837,7.597,1.72,27.698,4587.384,92.048
296.826,1.46,6.289,2.872,77.847,4264.537,87.305
443.367,4.652,8.246,3.601,34.712,4240.799,88.457
335.332,2.531,7.557,4.035,38.372,4281.206,88.188
491.02,2.236,7.819,3.353,8.346,4372.686,89.314
31.517,9.577,6.857,2.868,60.567,4083.133,88.099
451.501,3.62,8.298,3.998,62.568,4198.143,87.442
407.034,0.464,7.257,2.829,43.654,4428.758,88.99
157.121,9.703,7.698,4.884,76.297,3865.033,85.798
486.763,7.948,8.38,2.87,87.81,4034.591,86.852
143.969,2.544,8.29,1.928,75.303,4586.462,90.875
444.652,4.089,7.612,2.509,54.886,4273.792,88.416
440.374,8.623,6.414,2.705,93.633,3832.341,84.974
378.829,3.574,8.376,1.776,38.838,4514.276,90.827
281.735,5.674,8.46,1.214,65.818,4468.395,90.728
60.001,5.349,6.258,2.441,57.949,4268.4,88.709
265.986,4.013,7.126,4.537,84.315,4056.639,85.927
178.398,6.395,7.371,1.65,50.46,4362.205,90.036
396.109,4.733,6.23,2.128,55.795,4163.912,87.501
379.065,0.212,6.474,3.91,45.928,4264.442,87.249
455.306,8.144,7.344,0.87,14.911,4282.736,90.121
7.415,1.132,8.408,4.213,88.756,4481.693,89.269
404.552,4.641,6.07,3.741,86.321,3925.865,84.788
469.231,5.799,8.281,2.974,70.543,4165.064,87.685
394.65,7.055,8.247,1.443,35.431,4359.446,90.357
65.097,4.108,8.143,0.917,36.154,4712.334,92.994
40.64,7.355,6.944,1.543,4.564,4442.892,91.59
10.423,1.314,7.227,3.927,8.687,4541.772,90.725
314.373,6.534,7.009,4.701,51.866,3943.185,85.874
314.836,8.263,8.369,3.82,5.932,4172.396,89.144
493.457,8.894,7.303,2.874,10.823,4029.814,87.858
199.022,5.796,6.202,4.778,25.869,4001.313,86.493
165.953,3.129,6.685,4.229,37.995,4230.244,87.861
312.212,1.634,7.155,3.451,49.445,4333.706,88.333
412.804,3.456,8.384,0.671,33.128,4625.895,91.964
468.387,5.4,7.422,1.795,94.128,4170.321,87.382
401.562,1.963,7.74,1.887,95.139,4396.1,88.599
213.337,9.525,6.221,2.063,6.548,4119.847,88.991
317.457,8.971,8.193,2.252,98.556,4089.699,87.603
428.15,0.33,7.348,4.727,18.118,4295.25,87.87
245.305,5.62,8.303,3.838,33.806,4275.219,89.1
108.343,7.893,7.114,3.614,83.865,4033.443,86.864
84.862,2.454,7.708,2.419,69.084,4525.544,90.301
0.079,5.239,7.177,2.019,6.766,4540.293,91.907
359.119,4.06,6.356,1.038,77.686,4293.902,88.38
55.549,1.965,6.68,2.541,66.661,4454.57,89.469
121.92,6.147,6.168,1.424,95.099,4215.883,88.052
148.938,9.937,7.101,2.26,91.091,4030.615,87.376
280.19,3.653,7.623,1.204,97.548,4424.126,89.362
198.979,5.524,6.609,2.048,46.034,4288.383,89.081
337.337,3.279,7.226,0.693,70.944,4478.772,90.062
27.819,8.769,7.147,0.527,96.229,4317.192,89.84
61.97,8.646,7.334,4.415,1.21,4126.19,88.844
249.606,1.788,6.461,3.386,79.104,4235.179,87.097
168.482,8.999,7.335,3.144,6.342,4172.147,89.358
147.907,1.515,6.911,2.812,99.893,4360.351,88.059
33.514,0.954,6.715,3.77,2.374,4525.257,90.515
447.86,6.529,7.465,3.813,55.916,4002.993,86.43
345.909,3.859,6.37,4.709,52.571,3995.098,85.583
60.809,5.307,8.252,1.6,31.169,4607.068,92.351
32.523,6.526,8.337,4.033,73.502,4240.822,88.631
487.436,0.528,7.652,4.96,26.443,4246.109,87.355
340.586,2.93,6.758,0.631,29.788,4536.384,90.945
208.728,4.609,7.565,2.183,18.856,4465.68,90.851
350.866,2.666,7.504,2.462,71.693,4352.053,88.603
378.166,0.49,6.978,4.198,17.834,4328.752,88.256
389.981,0.867,6.718,0.562,89.87,4497.559,89.337
238.939,8.017,6.421,3.194,29.496,4043.4,87.544
214.941,9.114,6.543,4.517,52.344,3834.834,85.559
5.514,1.522,7.633,1.164,48.031,4771.889,92.695
463.279,2.493,8.215,1.02,70.533,4522.129,90.264
301.654,6.522,6.962,4.999,24.17,3971.044,86.425
101.577,9.543,6.305,4.217,84.025,3812.818,85.151
459.802,2.996,6.032,3.638,74.052,4011.564,85.274
457.466,8.552,7.015,2.295,34.919,4045.757,87.674
494.592,5.06,6.581,4.343,12.909,3997.733,86.366
437.028,9.566,6.806,4.652,50.972,3716.654,84.526
498.892,1.363,6.604,3.796,98.072,4067.114,85.099
122.343,9.737,7.66,2.291,3.401,4282.084,90.708
421.125,4.41,7.596,3.126,84.641,4146.703,86.944
411.514,9.529,8.281,0.943,70.277,4210.964,89.266
115.47,4.587,7.749,1.211,19.135,4628.477,92.469
49.219,5.301,6.412,4.024,48.166,4152.887,87.637
489.71,8.048,7.879,0.632,63.14,4251.183,89.295
148.012,7.226,6.453,0.721,69.972,4297.915,89.447
435.446,6.196,7.397,2.786,92.215,4049.085,86.428
2.064,4.17,6.193,1.267,87.435,4408.14,89.458
10.512,7.924,6.118,1.822,33.514,4261.16,89.654
232.936,9.482,7.161,2.295,12.883,4170.234,89.418
119.357,0.098,6.262,2.85,11.322,4554.002,90.456
344.921,5.878,6.767,1.776,96.906,4138.882,87.183
282.782,8.66,6.847,2.676,95.626,3951.479,86.156
38.743,6.531,7.924,2.168,82.132,4365.357,89.792
81.314,8.008,6.832,0.865,98.066,4259.503,89.017
194.025,8.951,7.236,4.402,28.143,3982.54,87.229
92.802,7.51,7.931,1.766,82.731,4329.194,89.717
396.111,7.17,6.512,3.242,50.721,3969.001,86.334
208.035,9.647,8.012,3.064,80.123,4048.178,87.575
46.716,8.637,8.079,1.396,61.472,4390.179,90.878
242.171,8.154,8.472,0.635,84.772,4385.411,90.453
45.419,0.864,7.11,4.356,40.337,4428.807,89.144
64.469,2.39,6.927,2.74,98.925,4369.103,88.419
119.805,5.568,7.755,2.365,22.704,4455.303,90.996
429.764,7.096,6.145,3.933,67.588,3816.389,84.617
462.306,3.032,6.099,0.649,80.455,4301.345,88.119
413.129,0.933,6.837,3.943,58.99,4218.193,86.872
167.039,3.111,7.824,2.34,29.739,4549.82,91.134
136.223,7.71,6.291,2.982,56.569,4064.12,87.389
274.578,8.774,7.589,3.886,50.966,3992.368,87.046
360.927,9.129,6.674,2.961,19.822,3994.752,87.488
496.686,3.789,7.629,0.778,76.557,4394.23,89.313
65.785,3.725,7.142,3.779,27.452,4362.308,89.466
24.646,4.067,6.288,4.039,83.379,4142.499,86.811
347.178,3.758,6.618,2.579,22.218,4298.04,88.886
416.113,6.662,6.549,2.476,50.729,4064.738,87.139
423.174,3.583,6.411,1.634,69.827,4247.378,87.85
339.232,0.203,7.171,3.399,99.587,4298.251,87.048
477.008,4.39,8.387,4.469,27.828,4178.099,87.82
255.502,2.242,7.645,3.452,63.925,4351.658,88.55
456.907,0.288,8.09,3.971,16.182,4436.682,89.291
483.906,4.708,8.453,4.269,82.144,4076.752,86.359
423.579,2.06,7.352,1.518,86.283,4396.058,88.716
154.879,4.527,6.595,2.309,88.908,4246.945,87.939
98.108,2.777,8.32,2.462,94.608,4508.626,89.973
274.06,6.037,7.747,3.015,36.212,4261.931,89.068
226.507,9.909,8.397,0.721,66.978,4324.955,90.552
438.879,5.472,7.628,3.148,32.259,4190.402,88.223
50.016,6.469,7.938,0.898,80.577,4494.343,91.078
128.87,9.193,8.227,4.13,42.144,4101.342,88.35
375.899,3.74,7.898,4.834,55.936,4119.63,86.759
47.493,1.665,7.407,1.804,14.166,4724.917,92.607
160.382,2.828,7.18,2.78,85.199,4348.016,88.477
193.578,4.028,8.058,4.204,48.812,4289.601,88.616
311.297,6.45,7.93,1.916,64.407,4294.43,89.235
79.066,0.046,6.916,1.21,67.259,4694.263,91.284
430.302,8.534,7.246,3.826,28.151,3943.86,86.717
223.771,0.761,7.587,3.643,79.703,4385.146,88.283
458.511,9.007,6.071,3.065,83.47,3754.094,84.408
233.935,9.494,6.619,4.75,52.06,3791.092,85.239
137.52,9.901,6.626,4.798,90.339,3738.26,84.45
70.914,8.095,8.208,4.377,16.929,4209.04,89.35
1.873,1.419,6.829,1.819,42.029,4645.091,91.456
266.079,7.062,7.363,1.514,5.388,4387.973,90.944
53.578,2.033,8.079,4.261,40.458,4472.448,89.93
195.864,8.971,6.649,3.431,99.707,3875.902,85.453
294.636,3.166,6.309,2.283,46.855,4303.352,88.515
137.843,3.268,8.371,2.344,42.502,4585.376,91.409
87.612,9.177,7.762,4.34,69.094,4001.35,87.076
387.361,0.132,6.443,1.235,5.812,4608.882,91.07
473.396,1.94,8.049,4.748,36.023,4224.413,87.466
50.22,4.219,7.968,3.349,53.774,4418.21,89.91
77.795,7.007,8.094,4.061,48.923,4216.171,88.775
480.006,6.476,6.691,2.169,64.605,4059.167,86.888
18.892,6.694,7.121,3.141,14.755,4324.38,90.104
488.816,8.8,7.734,3.875,40.859,3919.786,86.429
2.322,1.21,6.977,2.458,63.726,4562.73,90.353
436.834,5.222,6.175,2.696,30.863,4106.697,87.325
153.663,7.255,6.341,3.119,61.675,4059.256,87.152
469.294,6.361,7.493,0.785,95.873,4226.293,88.213
158.473,4.483,6.938,4.384,93.108,4065.748,86.071
327.153,0.171,6.013,4.4,72.826,4143.554,85.759
40.016,0.605,7.917,1.766,18.585,4827.671,93.272
121.165,1.189,7.042,4.459,78.64,4280.922,87.38
386.84,3.432,6.784,3.853,45.224,4137.623,86.954
264.343,1.177,7.784,2.674,95.222,4429.502,88.696
463.985,4.261,7.138,2.065,61.531,4239.189,88.055
214.376,1.786,7.737,2.297,22.545,4602.389,91.334
434.906,7.792,6.033,2.905,31.931,3941.914,86.437
224.478,8.715,6.024,2.356,32.587,4053.564,87.824
489.624,3.896,7.4,2.391,28.352,4304.528,88.931
479.917,5.113,8.456,1.414,77.41,4353.702,89.297
164.568,9.535,6.681,3.685,34.338,3971.866,87.236
442.962,5.355,7.707,3.243,20.367,4216.439,88.567
423.806,9.951,6.431,4.964,60.014,3617.242,83.558
105.34,1.421,6.779,1.136,47.013,4646.566,91.422
312.145,8.622,6.195,1.012,3.195,4224.761,89.802
36.341,4.972,8.202,2.822,28.633,4513.992,91.345
418.355,0.227,6.776,1.184,4.781,4629.117,91.311
87.273,9.722,6.576,3.248,76.937,3949.215,86.639
35.407,9.65,7.827,1.383,95.151,4253.869,89.482
200.11,3.833,6.499,2.673,50.517,4289.787,88.543
288.461,9.541,6.601,3.251,56.258,3901.16,86.311
427.458,1.41,6.259,2.561,84.663,4216.225,86.739
487.121,6.801,8.407,1.94,2.878,4357.354,90.585
219.746,1.919,6.619,4.02,17.07,4319.889,88.604
30.223,2.466,8.489,4.346,65.781,4444.322,89.525
374.558,7.793,6.44,1.751,74.432,4043.103,87.025
282.587,3.774,6.052,4.16,62.994,4033.176,85.834
223.946,0.071,8.239,2.262,93.985,4594.181,90.023
154.634,4.142,7.45,2.694,39.844,4411.448,89.959
251.199,2.281,6.879,1.543,55.953,4482.025,89.945
169.34,6.833,7.283,3.316,95.684,4079.056,86.884
378.506,1.944,6.652,0.954,90.064,4403.159,88.714
271.947,8.423,7.587,3.162,4.049,4177.254,89.259
438.424,2.671,7.541,4.954,35.862,4134.262,86.785
271.772,3.93,6.2,3.891,74.16,4050.267,85.94
119.131,2.98,8.277,4.528,1.087,4464.147,90.525
425.546,6.439,7.151,2.589,86.436,4048.637,86.554
278.61,1.012,6.488,1.139,50.709,4543.537,90.232
103.421,4.781,6.768,1.798,9.573,4487.132,91.21
311.754,3.345,8.166,0.721,44.804,4631.78,91.873
178.858,8.841,6.958,2.758,49.77,4088.944,88.044
422.203,0.734,7.405,3.424,37.326,4375.681,88.604
226.65,8.297,8.369,2.41,45.977,4275.779,89.787
363.221,1.677,7.629,3.034,89.248,4315.54,87.766
47.768,0.886,7.689,1.943,33.082,4740.275,92.338
198.012,2.023,6.621,0.886,96.131,4481.077,89.456
491.621,1.027,7.671,2.444,69.015,4387.507,88.493
404.23,5.21,6.985,2.965,89.705,4059.924,86.265
79.97,9.882,8.278,4.922,21.689,4058.104,88.329
138.882,0.343,6.324,2.063,49.693,4540.122,90.007
164.908,4.611,6.714,3.55,56.977,4189.442,87.708
325.183,3.861,6.165,4.202,9.443,4121.806,87.282
378.497,3.396,6.952,2.009,49.87,4335.507,88.875
374.763,3.319,6.371,4.685,86.234,3942.842,84.562
254.937,8.95,8.113,2.025,6.167,4321.503,90.838
405.41,0.19,8.313,4.864,64.588,4303.479,87.446
218.539,7.749,7.674,0.51,98.887,4321.884,89.555
61.94,2.529,6.258,3.354,53.215,4326.588,88.493
282.221,3.833,6.854,4.055,31.033,4185.116,87.691
476.151,4.201,8.411,1.76,58.91,4399.126,89.663
396.497,3.047,6.341,1.027,54.602,4371.584,89.084
289.35,0.936,7.391,0.61,11.411,4763.88,92.805
323.403,1.143,6.882,0.835,22.215,4641.453,91.535
465.281,2.981,8.498,2.944,67.271,4339.178,88.613
214.171,8.218,6.713,4.276,59.664,3906.405,85.933
165.697,1.346,6.119,0.784,35.088,4613.196,91.185
488.621,7.426,7.755,1.009,97.874,4163.236,87.882
431.722,2.889,6.817,0.523,64.832,4439.429,89.613
161.522,8.835,7.644,1.77,23.85,4317.177,90.584
231.89,4.283,6.262,4.646,47.647,4036.199,86.171
207.539,1.717,7.308,1.743,71.448,4523.91,90.04
74.548,9.858,6.938,2.484,67.527,4080.192,88.084
478.91,1.766,7.342,1.305,25.387,4525.116,90.527
202.156,5.676,8.134,1.023,65.137,4495.878,91.01
437.665,5.693,8.432,1.321,33.955,4439.724,90.766
94.678,3.728,7.883,1.447,46.293,4617.257,91.828
273.935,9.515,7.917,1.086,67.246,4235.881,89.541
11.981,8.439,7.322,4.062,58.518,4081.071,87.757
382.11,8.298,6.243,2.648,71.56,3910.504,85.879
290.457,9.742,7.668,2.929,38.802,4063.96,88.174
312.795,4.571,6.369,2.186,75.448,4182.504,87.442
25.86,0.972,6.614,1.448,2.551,4749.956,92.766
105.519,7.655,7.769,0.923,19.609,4509.935,92.2
37.165,3.808,7.642,0.842,97.349,4576.394,90.933
144.457,1.903,6.786,1.333,9.586,4658.694,92.062
313.72,4.832,7.93,4.326,66.528,4128.892,87.073
283.093,9.257,8.348,1.474,91.759,4199.46,88.854
306.075,1.714,7.363,2.097,86.095,4415.74,88.811
274.626,8.487,7.694,3.077,91.363,4017.296,86.805
136.514,4.182,6.679,2.801,98.407,4213.635,87.407
122.254,1.368,8.427,3.496,36.37,4590.814,90.955
68.53,8.484,6.684,1.374,33.686,4305.157,90.26
424.535,9.696,8.219,2.858,12.965,4113.022,88.909
308.24,2.913,8.32,3.955,20.948,4394.83,89.613
93.256,3.035,7.799,2.244,65.635,4525.863,90.513
88.605,3.905,8.029,4.874,33.784,4308.402,88.918
436.518,8.141,7.145,3.101,34.774,4009.516,87.19
371.365,0.104,8.299,3.537,64.946,4455.431,88.936
329.7,2.24,7.857,2.566,11.358,4529.529,90.854
203.432,7.059,6.817,4.36,6.539,4077.91,87.831
130.988,4.056,6.087,2.532,80.481,4226.291,87.675
489.725,3.303,7.352,4.74,79.195,3992.77,85.127
398.62,8.723,8.102,1.884,39.124,4208.092,89.307
150.89,9.173,8.152,4.396,59.714,4022.009,87.375
423.782,9.48,8.088,3.377,24.57,4036.047,87.959
379.466,2.726,6.537,4.096,37.396,4143.312,86.877
148.54,9.125,7.065,0.67,4.604,4399.837,91.69
213.276,7.37,7.535,1.748,28.087,4347.385,90.404
92.977,1.542,7.669,4.312,2.622,4506.865,90.505
55.526,6.103,6.836,1.933,42.984,4371.531,90.116
361.381,0.263,7.732,3.707,52.453,4403.703,88.592
133.756,7.084,7.477,4.965,50.038,4030.097,86.926
410.03,7.336,7.417,1.297,34.73,4270.709,89.56
497.804,7.893,7.658,2.379,21.488,4141.314,88.566
38.31,1.725,7.508,1.243,45.98,4729.157,92.349
236.518,6.282,6.417,1.194,87.123,4215.66,88.17
401.031,1.789,8.186,3.349,98.34,4297.111,87.524
394.475,9.467,6.601,1.361,31.96,4089.541,88.416
379.999,6.75,7.861,2.672,97.469,4096.486,87.015
174.497,0.953,6.441,4.901,44.021,4231.088,87.157
226.927,1.87,7.652,1.999,61.714,4534.926,90.293
297.484,6.635,8.239,4.431,80.568,4039.18,86.577
486.97,4.767,6.024,2.284,36.583,4119.078,87.255
163.774,7.363,8.449,1.683,21.62,4483.355,91.826
461.572,2.808,6.074,2.013,28.035,4278.856,88.351
134.678,6.579,6.028,1.075,84.023,4231.039,88.444
494.537,1.77,8.144,3.555,93.513,4236.072,86.956
335.132,5.437,7.772,2.791,13.72,4331.256,89.806
231.756,9.578,6.265,3.262,69.757,3865.938,85.835
306.695,6.282,8.344,1.864,4.456,4471.592,91.556
136.266,0.5,7.68,3.441,87.62,4455.553,88.829
137.087,9.888,6.278,1.241,85.826,4069.115,87.799
56.777,1.569,8.151,3.436,77.686,4509.333,89.787
57.025,7.181,7.202,0.865,82.614,4380.939,90.137
173.836,5.325,6.695,2.301,60.831,4264.566,88.635
381.428,2.944,8.063,3.244,15.583,4412.81,89.855
303.986,1.773,7.846,4.349,91.541,4225.988,86.876
51.292,1.777,7.558,4.156,14.961,4495.754,90.341
426.118,8.584,8.246,2.871,23.295,4148.652,88.829
300.684,8.729,8.153,4.475,43.829,3993.348,87.114
480.428,4.651,6.567,2.777,50.298,4105.658,86.949
335.093,1.036,8.197,2.827,10.535,4596.518,91.171
87.587,8.842,6.935,3.742,76.406,3980.572,86.694
236.892,4.87,7.079,4.45,14.593,4171.801,88.033
324.249,4.388,8.431,3.212,65.821,4308.713,88.745
14.132,4.074,7.9,4.749,45.746,4312.845,88.893
7.455,3.65,6.804,1.547,81.283,4476.908,90.051
64.702,5.26,7.62,4.659,30.265,4240.159,88.677
125.832,6.045,7.348,1.497,83.816,4352.268,89.498
214.775,4.664,6.292,2.869,25.974,4249.713,88.637
243.72,8.966,8.219,4.082,57.86,4027.82,87.39
69.014,3.177,8.055,4.107,49.125,4403.17,89.493
336.696,5.783,7.944,1.752,35.905,4389.942,90.275
298.069,3,7.398,4.937,2.166,4242.792,88.306
147.232,7.534,6.552,0.863,40.387,4337.873,90.235
6.83,1.021,8.21,0.657,12.718,4975.411,94.933
38.824,1.887,6.882,4.287,23.291,4399.211,89.325
195.847,8.012,6.05,4.186,69.142,3849.663,85.209
76.987,1.832,8.454,3.708,57.558,4529.468,90.269
188.41,6.257,8.153,4.328,53.181,4169.001,88.035
314.091,9.702,7.557,1.119,56.838,4187.926,89.222
273.619,5.229,6.031,0.931,12.885,4386.017,90.3
115.588,1.874,6.569,4.862,17.299,4284.607,88.235
171.911,3.207,7.13,3.309,54.737,4326.33,88.678
307.016,8.235,7.57,4.639,41.276,3945.301,86.511
430.428,3.517,7.77,4.579,46.857,4134.381,86.93
376.607,7.235,7.971,3.439,88.036,4027.024,86.56
276.7,7.774,7.389,3.328,19.331,4140.414,88.543
181.146,5.012,7.64,2.12,91.159,4328.587,88.878
182.526,7.832,8.028,1.171,85.891,4331.059,89.801
439.709,3.169,7.8,3.59,90.277,4162.128,86.669
19.622,5.162,8.387,4.18,64.495,4323.786,89.141
493.991,6.866,8.187,2.951,86.53,4060.247,86.797
332.188,1.681,6.423,0.729,99.128,4421.063,88.724
340.569,2.736,8.369,1.152,47.67,4619.206,91.536
18.999,6.52,6.51,0.959,86.319,4347.006,89.563
302.765,6.554,8.478,3.46,90.466,4141.798,87.479
242.389,4.933,7.753,3.042,31.667,4339.998,89.563
52.889,7.956,7.569,2.599,44.828,4283.065,89.769
138.961,4.821,6.811,2.945,57.794,4260.451,88.473
445.157,8.813,6.333,1.742,35.566,4024.725,87.536
274.994,7.359,6.315,4.121,32.892,3948.183,86.361
206.708,3.147,8.166,1.978,38.691,4580.715,91.364
36.341,3.953,7.081,3.399,42.967,4366.444,89.421
357.061,6.677,7.4,2.259,25.975,4249.746,89.241
351.425,8.945,8.33,0.825,47.858,4331.829,90.523
307.022,1.787,6.638,1.656,78.096,4399.153,88.747
255.131,5.147,7.91,4.843,62.824,4096.144,86.877
216.892,1.188,7.176,1.357,38.597,4636.843,91.339
296.636,2.795,6.532,0.972,16.463,4534.999,91.024
116.698,6.86,8.132,1.81,82.58,4365.724,89.889
470.63,0.777,7.7,4.451,51.622,4247.495,87.192
294.397,6.624,6.237,1.877,97.153,4063.335,86.649
155.596,9.008,7.354,2.378,26.017,4217.381,89.616
224.84,9.694,8.129,1.895,18.376,4289.55,90.62
402.842,2.166,6.167,4.95,1.793,4108.373,86.716
80.808,7.489,7.041,4.999,9.18,4070.912,87.864
146.418,9.264,8.013,2.672,39.155,4219.352,89.581
339.754,0.914,8.146,4.032,20.626,4454.604,89.614
157.745,4.14,7.938,1.49,4.75,4649.429,92.689
396.251,9.194,6.764,2.184,23.311,4053.541,88.061
65.227,2.028,7.267,3.557,73.147,4390.729,88.784
381.343,9.338,7.853,1.788,73.834,4101.252,88.075
34.176,5.272,6.381,1.511,15.814,4474.721,91.171
6.296,0.999,7.487,4.65,93.712,4343.223,87.795
449.112,4.499,7.801,1.599,16.745,4437.176,90.554
290.67,3.263,8.125,0.767,9.845,4707.668,92.957
175.913,2.822,6.279,3.88,17.131,4276.608,88.441
116.297,5.415,6.824,1.595,14.912,4464.238,91.118
308.443,4.836,7.354,2.526,63.539,4259.735,88.413
254.501,4.82,7.753,1.002,16.469,4573.89,92.02
495.799,0.881,7.825,0.808,63.798,4582.11,90.448
491.608,8.023,6.633,2.572,28.383,4002.385,87.147
317.512,4.814,6.035,2.017,25.592,4251.119,88.7
221.435,8.209,7.735,2.777,89.828,4094.962,87.514
245.57,8.246,8.273,4.846,22.219,4063.159,87.883
341.24,3.171,7.994,2.333,86.594,4363.679,88.722
50.787,0.043,7.556,3.212,31.049,4644.756,91.15
164.176,9.112,8.444,0.939,99.132,4314.501,89.887
37.636,7.607,7.083,4.487,98.112,3964.227,85.943
36.68,1.073,7.313,4.126,82.934,4380.792,88.3
97.92,7.017,6.031,2.851,86.941,4044.284,86.679
242.627,0.2,8.365,1.325,82.503,4707.638,91.311
392.387,0.278,7.458,2.417,63.335,4467.416,89.124
242.748,5.258,6.977,1.838,81.093,4267.405,88.441
167.738,0.96,6.111,4.975,63.2,4155.321,86.209
41.176,9.643,6.906,2.709,84.374,4048.222,87.531
275.148,8.938,6.009,2.4,93.62,3889.166,85.637
135.634,6.498,6.811,1.261,75.579,4311.127,89.305
307.467,0.637,8.379,1.576,96.504,4601.669,90.243
488.594,3.248,6.386,3.702,45.375,4070.888,86.23
55.657,3.717,7.364,2.907,92.613,4346.727,88.656
106.063,4.809,6.467,2.111,23.397,4395.275,90.161
236.547,1.689,7.958,1.837,4.105,4701.253,92.478
484.307,5.775,7.406,1.403,13.682,4341.994,90.016
385.905,4.358,6.506,0.653,16.864,4440.738,90.546
449.115,9.473,8.166,4.897,82.618,3763.401,84.65
166.857,9.362,7.96,3.889,40.7,4074.18,88.143
496.019,5.655,8.378,4.675,24.085,4091.368,87.369
51.416,6.443,6.002,2.356,81.415,4153.797,87.657
26.486,1.378,7.143,4.412,21.01,4448.895,89.692
427.801,2.233,8.5,1.653,8.71,4641.666,92
463.632,9.007,8.028,2.794,47.153,4046.892,87.7
45.293,6.992,8.078,1.411,7.871,4578.734,92.806
56.714,1.894,7.553,3.967,28.615,4478.33,90.065
16.587,5.702,7.782,2.739,70.333,4370.239,89.71
52.254,9.348,8.013,2.913,38.079,4240.344,89.827
104.71,3.452,6.231,4.368,9.66,4242.055,88.359
485.038,1.858,7.731,3.826,40.896,4273.275,87.881
333.93,9.42,8.039,4.848,51.801,3877.452,86.083
389.277,4.613,6.102,2.324,25.773,4200.999,88.136
388.07,4.172,6.743,2.577,17.918,4278.116,88.854
267.537,2.676,6.81,3.269,76.406,4233.737,87.376
398.744,8.916,8.136,2.54,7.716,4199.058,89.588
297.904,8.456,7.951,2.388,95.73,4093.041,87.51
157.273,4.03,7.641,2.033,1.752,4577.212,91.964
280.555,0.306,8.012,4.243,65.473,4390.303,88.34
266.754,4.467,7.134,2.901,14.227,4338.131,89.579
411.727,1.809,8.187,3.233,55.163,4388.771,88.879
490.864,1.427,6.586,1.418,19.544,4460.834,89.841
205.521,3.931,7.761,1.633,4.398,4604.742,92.183
381.695,0.991,6.604,2.029,86.117,4344.911,87.885
49.882,9.575,6.1,2.594,42.969,4060.937,88.052
388.416,0.475,6.71,0.698,28.247,4626.799,91.128
185.708,4.014,7.232,4.498,94.78,4090.352,86.16
19.695,1.627,8.109,4.567,9.117,4544.756,90.844
181.623,6.888,7.272,3.478,35.503,4173.236,88.444
305.321,0.788,6.448,1.922,18.559,4523.379,90.285
59.625,5.468,8.482,2.234,99.128,4423.326,89.882
462.017,7.731,6.675,3.803,55.056,3859.524,85.364
38.836,9.501,8.463,1.788,81.41,4310.225,90.138
465.003,6.985,8.341,3.24,17.19,4193.925,88.863
353.569,0.995,7.356,4.578,31.139,4288.98,87.877
164.856,0.885,6.23,2.347,62.341,4436.919,89.011
195.375,7.316,7.739,3.142,18.625,4258.945,89.598
370.405,2.153,8.114,4.679,50.506,4249.685,87.638
300.736,4.472,7.113,2.033,93.23,4247.617,87.886
335.821,9.766,6.598,3.918,93.095,3725.511,84.254
194.582,8.199,8.007,3.898,36.133,4131.39,88.412
243.907,8.466,7.363,4.678,52.098,3919,86.209
494.934,8.608,6.494,4.364,20.642,3793.906,85.315
106.961,6.195,8.374,3.87,97.873,4191.412,87.794
208.928,7.439,8.37,3.364,52.467,4219.227,88.899
145.912,3.59,6.918,1.585,21.425,4537.941,91.242
382.556,9.984,6.16,3.518,84.631,3704.445,84.193
382.006,2.796,7.577,1.744,42.617,4467.249,90.085
146.223,5.9,6.793,2.48,63.978,4235.228,88.483
40.695,2.821,6.166,3.694,84.513,4216.82,87.169
5.716,1.121,8.23,3.537,31.611,4647.133,91.491
213.725,5.676,8.495,2.305,58.213,4411.909,90.24
205.169,3.533,6.876,1.322,6.556,4563.027,91.625
494.195,5.832,7.862,2.679,24.22,4231.176,88.819
234.901,5.587,6.164,1.715,14.737,4318.691,89.716
128.209,5.423,6.924,1.649,64.775,4362.698,89.606
445.615,1.233,6.272,1.971,26.211,4393.251,89.04
245.534,4.402,6.138,3.678,76.239,4050.696,86.065
299.588,8.12,7.472,2.738,76.353,4064.918,87.322
47.834,3.151,8.005,2.179,78.64,4543.812,90.597
191.458,4.438,7.132,4.553,14.13,4212.07,88.311
472.112,4.938,7.31,3.681,53.079,4073.864,86.689
294.753,8.627,6.677,2.726,68.231,3979.885,86.705
172.251,6.556,7.841,2.396,32.955,4364.682,90.284
312.834,1.002,6.903,4.185,26.746,4311.754,88.151
455.206,8.652,6.169,1.278,72.078,3984.715,86.722
136.995,8.321,6.414,3.489,35.778,4036.42,87.503
252.558,7.536,6.321,0.595,25.639,4318.28,90.187
479.345,4.661,7.09,0.531,56.728,4369.68,89.528
86.198,7.575,6.163,4.693,62.418,3900.292,85.651
359.832,4.787,8.016,2.813,77.903,4245.232,88.11
307.241,7.366,8.27,1.918,5.052,4403.162,91.191
339.838,8.801,6.621,4.076,18.274,3907.963,86.537
175.61,8.905,7.214,4.932,77.948,3839.234,85.284
156.94,4.546,7.298,0.655,53.655,4551.21,91.339
342.105,8.593,8.463,0.671,80.801,4316.841,89.938
107.772,1.015,6.164,4.347,45.404,4286.33,87.714
209.827,1.018,7.67,3.005,46.479,4517.667,90.017
94.087,5.483,6.864,4.472,38.379,4141.272,87.674
4.152,6.518,7.255,3.626,69.428,4196.007,88.221
485.029,1.53,6.543,2.618,59.43,4254.623,87.411
215.851,4.722,6.401,1.226,39.88,4393.678,89.955
484.675,0.944,6.609,2.254,19.567,4406.801,89.155
70.162,6.021,6.178,4.042,1.237,4174.995,88.544
293.683,8.551,6.695,1.553,10.044,4219.784,89.663
100.487,7.376,7.726,3.706,11.676,4259.608,89.692
395.037,3.783,7.629,1.613,57.369,4400.163,89.563
391.851,9.938,7.386,2.586,76.161,3934.89,86.569
56.304,6.629,6.001,0.884,46.231,4359.571,90.122
456.032,8.152,6.314,2.547,42.012,3957.032,86.596
97.315,6.697,8.107,3.257,14.079,4373.337,90.602
306.489,9.894,6.679,3.035,90.2,3836.088,85.427
492.817,8.214,8.28,2.329,73.785,4090.482,87.631
441.198,5.194,8.186,2.164,42.274,4337.415,89.51
478.282,3.669,6.387,1.739,10.604,4321.013,89.205
171.299,6.822,8.245,3.952,84.762,4133.089,87.53
52.788,5.902,7.57,4.022,17.794,4297.68,89.57
94.173,6.294,7.576,2.674,67.665,4293.118,89.143
250.247,3.43,8.132,2.222,34.621,4525.145,90.934
396.615,4.287,7.013,3.368,86.096,4079.56,86.221
75.077,5.581,7.838,3.01,59.108,4348.034,89.564
329.866,8.393,7.669,3.503,23.512,4085.078,88.134
161.789,7.629,7.929,1.877,2.254,4438.315,91.649
170.601,1.187,7.65,4.048,22.023,4471.615,89.852
330.959,2.456,6.2,1.925,37.168,4364.886,89.014
233.5,0.267,6.732,2.384,71.13,4462.413,88.993
406.017,0.08,8.35,1.096,22.395,4773.611,92.536
77.959,2.244,6.559,4.349,26.889,4315.995,88.564
394.974,7.993,7.181,3.399,44.075,3992.845,86.886
32.118,9.047,6.892,1.559,5.249,4354.422,91.206
97.027,3.918,6.216,4.333,77.072,4089.76,86.302
328.075,5.632,6.453,3.672,8.797,4114.91,87.751
427.463,7.061,6.717,2.49,73.965,4007.998,86.458
126.34,9.529,7.158,4.954,27.528,3925.706,86.841
163.596,9.129,8.186,2.017,46.533,4285.556,90.129
268.56,0.572,7.289,0.948,41.629,4687.972,91.635
105.786,2.482,7.63,3.801,26.073,4453.798,90.022
405.578,0.491,7.065,3.907,26.316,4335.824,88.243
386.818,6.165,8.175,0.765,94.956,4349.389,89.394
72.646,7.105,7.657,4.187,31.242,4192.864,88.748
231.915,3.083,6.227,3.992,19.126,4215.132,87.885
387.414,8.539,7.194,4.683,25.799,3878.827,86.092
168.665,4.528,8.068,1.033,69.825,4553.073,91.191
316.553,9.984,7.834,3.204,31.579,4042.424,88.104
25.107,0.004,8.263,1.487,17.989,4928.857,94.11
304.344,1.095,6.569,2.297,42.034,4436.183,89.27
76.326,3.018,8.443,1.693,12.637,4760.668,93.386
415.292,0.255,6.713,2.522,40.468,4417.75,88.849
177.725,7.823,6.125,1.008,86.36,4158.999,88.073
140.777,0.528,7.239,1.866,37.918,4664.725,91.426
420.444,7.49,6.276,0.819,51.9,4157.16,88.3
25.072,0.526,7.703,2.713,79.125,4601.933,90.386
198.304,2.527,8.251,1.835,52.082,4611.953,91.357
185.002,8.413,8.303,3.156,5.691,4290.175,90.369
142.4,9.511,7.518,2.554,22.272,4205.067,89.681
455.877,4.145,7.338,1.597,89.532,4259.816,87.946
375.464,9.699,8.485,0.963,80.416,4218.641,89.292
31.962,6.269,7.449,3.89,76.306,4173.83,87.856
357.344,4.158,8.319,3.349,55.2,4299.967,88.695
263.65,8.028,8.291,0.648,35.973,4459.159,91.64
450.434,2.953,6.724,4.952,69.744,3964.795,84.836
156.473,2.658,6.034,3.391,66.672,4219.839,87.329
287.081,6.565,7.098,1.432,64.633,4265.48,88.978
250.378,3.905,8.153,4.282,50.864,4264.959,88.312
244.78,1.359,8.09,4.469,26.68,4418.38,89.325
228.053,0.67,7.509,3.082,44.108,4507.035,89.83
102.815,7.878,6.392,4.485,51.7,3941.929,86.266
377.855,6.759,6.269,0.631,22.385,4292.118,89.725
225.668,4.118,8.387,4.753,23.776,4297.061,88.968
479.258,8.962,7.053,0.757,79.393,4083.08,87.726
130.404,4.109,7.62,3.391,32.658,4387.019,89.776
341.372,7.103,8.265,2.057,97.394,4200.192,88.159
470.359,9.091,8.175,0.677,44.203,4271.639,90.002
331.729,8.407,7.417,4.682,61.266,3864.791,85.557
435.636,5.111,7.22,1.109,50.89,4335.914,89.384
413.74,6.806,7.838,4.342,49.819,4002.803,86.572
180.059,4.137,6.874,1.987,89.111,4313.673,88.487
300.062,6.472,7.563,3.835,10.209,4178.776,88.627
78.131,2.576,6.058,1.644,35.228,4503.092,90.451
267.763,4.347,8.061,3.125,29.315,4383.65,89.848
115.211,2.095,8.495,4.098,33.274,4510.782,90.404
371.868,0.382,8.387,3.048,91.346,4446.177,88.663
264.029,5.885,6.9,1.879,7.919,4359.902,90.285
205.614,8.644,7.328,1.55,29.055,4284.597,90.149
134.399,0.256,6.591,1.287,74.03,4602.343,90.36
499.349,1.96,6.757,4.275,24.636,4151.319,86.855
35.855,4.602,7.143,3.249,83.478,4274.436,88.29
21.78,6.659,7.868,2.789,33.662,4396.703,90.628
108.629,1.712,6.045,1.623,12.206,4577.818,91.17
485.536,0.567,6.984,2.452,52.402,4377.334,88.419
489.619,5.19,7.391,3.29,51.622,4102.518,87.066
327.464,8.187,6.538,0.823,4.874,4288.614,90.294
440.053,0.352,6.196,2.123,72.073,4325.507,87.64
106.981,3.494,7.349,1.578,15.033,4618.876,92.087
486.021,6.635,7.595,3.409,22.13,4099.493,87.764
71.392,1.307,7.603,3.228,56.686,4522.991,90.055
50.563,2.359,6.891,1.847,89.187,4482.78,89.644
56.106,5.355,6.593,0.687,3.042,4588.723,92.463
286.564,9.532,6.551,1.323,82.452,4038.029,87.415
390.487,2.873,6.101,1.22,75.66,4297.867,88.084
183.334,4.875,6.462,3.058,17.008,4270.948,89.002
488.948,3.999,8.047,1.262,37.932,4458.168,90.402
217.21,8.974,6.008,2.671,90.691,3895.027,85.736
75.224,0.719,6.11,3.265,15.492,4479.893,89.86
232.983,5.661,6.318,4.458,12.025,4062.335,87.202
339.519,8.461,7.051,1.603,73.786,4104.406,87.845
416.113,9.881,6.834,1.337,47.621,4052.417,88.012
229.384,6.987,6.445,1.28,29.128,4294.184,89.747
296.803,3.799,6.277,2.122,18.015,4341.145,89.371
133.672,4.118,8.347,3.421,72.5,4374.836,89.259
322.958,3.517,8.278,3.523,44.511,4349.133,89.101
492.986,6.036,7.93,1.449,24.701,4350.34,90.067
24.527,7.394,6.63,1.091,94.395,4283.194,89.106
443.265,8.195,6.809,2.519,56.545,3984.562,86.739
281.141,4.166,7.665,1.135,35.97,4532.119,91.211
126.049,7.167,6.729,4.158,72.246,3991.239,86.34
477.445,9.162,7.327,0.877,50.146,4147.783,88.725
241.677,9.208,7.628,3.884,1.932,4089.263,88.636
165.845,7.04,7.298,0.692,84.222,4357.226,89.842
90.749,6.369,7.033,4.131,7.568,4211.216,88.947
122.226,5.315,6.87,3.322,98.946,4129.987,86.905
416.425,1.832,7.944,1.951,35.624,4528.311,90.476
307.205,1.236,7.847,2.325,52.959,4530.931,90.151
456.623,4.857,7.741,3.531,99.955,4049.853,85.956
115.984,1.594,6.937,1.335,27.651,4667.12,91.873
60.569,5.77,7.939,4.506,46.804,4230.897,88.572
3.044,6.457,8.394,2.673,75.735,4396.284,90.143
253.931,5.256,7.722,3.921,47.232,4195.946,88.064
499.153,0.364,7.02,2.78,34.048,4388.075,88.65
347.483,0.577,7.991,2.535,12.942,4617.105,91.215
154.197,1.133,7.523,2.613,51.792,4553.644,90.359
438.429,1.536,8.194,2.134,55.623,4498.73,89.892
390.861,9.899,7.783,3.797,24.049,3960.085,87.33
7.708,3.445,7.925,4.308,34.056,4417.499,89.868
408.43,2.92,7.669,4.345,30.564,4221.052,87.781
150.263,0.523,6.23,1.045,43.31,4630.605,91.03
74.837,6.353,7.213,3.926,80.026,4113.534,87.241
113.165,6.522,6.141,1.4,33.925,4323.615,89.853
234.29,1.754,7.119,0.555,27.973,4695.592,92.203
212.434,9.192,7.791,1.74,84.145,4171.022,88.626
144.444,8.005,7.053,1.818,81.297,4188.459,88.473
86.109,2.303,6.004,4.144,79.536,4168.716,86.583
381.115,4.858,6.923,3.841,74.534,4025.693,85.969
495.055,4.584,6.169,0.881,88.983,4174.143,87.227
388.896,3.485,7.951,1.967,71.609,4386.54,89.195
147.968,8.176,7.959,1.631,17.771,4414.51,91.42
122.404,1.093,8.016,3.18,4.265,4659.276,91.878
108.833,4.153,6.076,2.937,19.005,4313.819,89.194
68.348,4.28,6.081,3.555,37.099,4230.169,88.215
275.665,4.687,8.259,4.598,6.241,4281.357,89.157
302.7,8.613,6.309,2.395,75.943,3957.527,86.4
352.751,2.182,7.675,3.452,64.49,4307.918,88.089
340.107,1.029,7.989,4.633,72.082,4269.926,87.287
146.167,6.178,7.12,2.938,10.483,4315.256,89.901
165.156,1.738,7.366,1.887,33.548,4611.3,91.299
340.757,0.749,6.568,2.313,46.482,4424.732,89.007
174.724,4.266,8.309,3.896,60.657,4319.324,88.867
106.312,2.196,6.755,3.74,80.474,4277.518,87.629
187.168,3.612,6.545,3.868,97.717,4098.04,86.087
136.042,2.597,7.314,3.845,9.138,4430.714,89.995
44.156,0.926,6.476,4.642,64.523,4285.98,87.492
415.069,5.603,7.717,3.938,14.351,4161.461,88.152
426.556,0.27,7.288,4.349,30.687,4305.671,87.831
109.875,9.664,6.37,3.082,77.433,3935.79,86.483
32.386,3.413,6.168,3.399,99.416,4191.245,86.942
369.414,6.952,6.342,4.855,53.122,3810.236,84.657
105.764,8.104,6.342,4.416,35.959,3962.54,86.697
196.718,2.791,6.782,3.998,22.195,4296.098,88.576
32.068,7.487,8.083,3.585,78.471,4202.491,88.486
113.135,8.324,6.143,2.113,90.468,4049.276,87.085
396.451,2.413,6.32,2.967,85.009,4146.463,86.338
402.198,9.925,6.757,0.748,51.46,4100.652,88.469
103.542,0.207,7.383,2.373,59.327,4620.288,90.672
167.957,2.17,7.907,1.004,83.825,4630.238,91.115
67.119,7.8,8.303,3.779,92.957,4142.927,87.84
37.086,1.941,7.03,4.515,93.962,4247.947,87.122
496.086,6.983,6.265,1.283,69.288,4062.372,87.026
327.797,8.555,6.534,1.606,19.976,4161.205,88.979
271.048,9.592,6.718,4.356,31.986,3857.068,86.128
382.749,4.742,7.965,3.136,27.356,4299.689,89.146
420.039,9.711,7.717,3.147,18.174,4025,87.982
403.357,4.116,6.523,3.033,25.825,4189.817,87.875
8.27,2.181,8.097,1.482,87.117,4674.035,91.524
93.404,5.139,8.148,1.595,77.263,4497.113,90.74
327.453,6.498,8.206,4.773,5.33,4143.972,88.336
187.88,4.58,6.688,3.756,15.623,4239.022,88.608
491.241,5.67,6.334,0.907,98.498,4116.635,86.882
332.702,4.164,6.26,1.503,23.371,4354.369,89.559
478.274,5.248,7,3.322,63.805,4038.692,86.323
100.723,9.526,7.073,1.776,21.351,4260.411,90.248
431.979,4.998,8.171,1.633,24.133,4439.601,90.654
160.676,2.532,6.669,1.411,50.353,4518.248,90.438
494.782,7.587,7.567,1.336,49.279,4197.824,88.762
78.844,3.376,7.971,3.26,64.971,4432.898,89.692
258.17,8.162,6.673,4.576,17.652,3937.163,86.644
396.422,0.568,6.668,2.125,27.009,4473.626,89.637
216.321,3.322,7.673,1.047,62.791,4562.779,90.996
234.042,0.944,7.815,1.059,10.643,4790.112,93.078
493.178,0.853,8.399,4.702,91.023,4198.486,86.331
212.654,6.584,8.125,2.879,18.701,4351.63,90.304
302.036,3.853,8.055,2.598,44.401,4413.197,89.844
27.27,8.715,7.731,4.508,11.756,4149.358,88.99
421.105,5.164,6.296,2.782,68.799,4045.068,86.312
324.084,2.953,8.023,2.663,33.365,4459.597,90.148
202.01,7.209,8.338,4.67,8.29,4188.807,88.968
8.085,6.24,6.977,2.635,59.671,4298.78,89.263
295.834,7.996,6.784,2.259,98.086,4008.596,86.504
6.329,6.436,7.306,3.117,87.218,4219.478,88.253
0.602,1.67,8.391,4.898,70.587,4424.379,89.039
308.049,6.703,6.127,4.837,2.252,3935.301,86.341
94.509,3.915,7.772,3.99,86.127,4262.917,87.943
95.944,4.631,8.037,2.747,89.777,4369.894,89.191
326.636,9.216,7.972,4.467,4.762,4016.906,87.886
26.849,3.6,7.417,2.387,13.116,4583.332,91.782
156.703,6.12,8.301,3.381,45.695,4316.356,89.542
74.716,3.635,6.336,1.307,40.804,4502.181,90.704
290.088,0.947,6.613,3.476,30.148,4361.005,88.593
330.883,4.535,6.767,1.742,20.594,4369.1,89.846
360.568,5.971,6.022,3.973,55.362,3915.342,85.391
127.616,4.075,6.927,2.363,77.361,4334.068,88.79
44.625,3.907,6.402,2.293,93.767,4305.701,88.291
39.342,8.204,7.812,3.86,30.809,4203.718,89.19
213.076,0.297,7.037,2.414,70.62,4499.724,89.38
472.922,2.956,7.761,3.713,79.031,4162.49,86.721
108.865,8.118,6.734,4.348,48.318,3981.687,86.769
128.371,9.205,6.33,1.116,92.188,4112.557,87.965
50.444,4.123,6.33,2.656,3.275,4429.515,90.499
302.785,8.888,6.508,4.752,90.148,3699.521,83.76
339.936,1.989,6.288,4.155,89.358,4065.174,85.355
321.466,2.214,6.551,4.881,14.563,4166.439,87.183
430.565,8.462,7.448,4.371,44.503,3880.236,85.896
243.213,9.033,6.641,1.896,52.07,4097.109,88.16
67.229,2.228,6.857,1.306,40.795,4628.51,91.546
144.703,0.593,6.132,1.447,89.66,4487.106,89.152
331.215,0.903,8.231,1.476,71.586,4621.51,90.77
306.561,2.614,6.345,0.841,13.227,4540.035,91.052
265.502,7.614,6.872,4.581,92.724,3830.185,84.659
341.482,5.1,6.949,2.761,5.571,4281.844,89.293
318.695,4.556,7.93,0.956,59.971,4490.375,90.671
440.662,5.841,7.209,3.932,52.746,4009.804,86.323
293.008,8.902,6.957,1.965,8.168,4191.249,89.501
389.301,0.904,7.74,0.82,69.888,4612.36,90.696
124.354,6.947,7.493,1.354,96.294,4311.737,89.239
339.091,9.268,6.195,3.459,46.386,3847.923,85.796
451.097,2.134,6.782,4.073,51.876,4134.896,86.47
192.866,8.378,8.447,1.642,39.004,4387.17,90.995
389.552,6.98,7.208,3.097,87.646,3992.077,86.138
362.395,0.145,7.06,0.504,92.852,4581.52,89.93
29.763,2.316,6.375,1.753,40.312,4550.895,90.801
290.754,6.058,8.098,1.317,89.197,4351.34,89.439
65.095,5.024,6.333,0.844,21.233,4522.668,91.522
483.66,5.279,6.263,2.678,46.33,4060.06,86.721
405.704,2.319,7.098,3.34,25.94,4305.096,88.487
54.862,6.75,7.092,0.709,23.166,4527.027,92.064
60.876,2.664,8.454,1.121,85.843,4697.983,91.921
297.237,3.894,6.319,4.695,71.709,3975.599,85.207
172.445,3.689,7.21,1.504,7.624,4584.627,91.877
17.453,6.72,6.503,3.92,75.984,4061.61,86.872
270.821,0.903,7.754,3.865,57.72,4392.984,88.623
193.923,2.055,6.979,1.947,78.91,4445.657,89.284
50.538,2.005,7.621,1.419,59.74,4675.267,91.757
400.96,1.084,6.846,1.598,38.363,4493.407,89.876
457.538,2.076,7.411,3.047,50.003,4303.909,88.162
378.297,6.071,7.173,2.215,15.021,4273.042,89.401
411.211,7.322,6.936,2.73,31.75,4085.397,87.733
108.245,6.603,7.344,4.152,3.211,4228.46,89.233
131.786,4.752,6.959,2.76,41.217,4333.996,89.353
104.264,0.524,8.015,4.979,10.033,4505.237,90.109
382.532,9.59,7.238,3.496,66.401,3870.612,85.919
473.959,1.681,8.258,1.433,91.342,4478.819,89.379
358.419,6.684,6.557,2.748,74.327,4018.844,86.45
440.733,9.129,6.28,4.16,21.536,3792.109,85.444
319.35,6.978,6.952,1.482,51.201,4236.041,88.942
193.83,2.18,6.459,3.782,71.485,4218.765,87.127
212.881,3.158,6.983,0.651,80.764,4507.361,90.213
37.661,0.302,6.519,4.742,29.018,4385.698,88.657
15.729,6.128,8.171,3.485,48.231,4357.836,89.934
347.738,6.13,7.42,1.232,11.33,4415.795,90.884
219.214,7.255,7.244,4.434,72.91,3962.788,86.075
276.108,0.11,7.969,0.868,44.039,4778.487,92.377
278.831,8.178,6.326,2.327,5.127,4141.333,88.816
138.688,7.387,8.143,3.816,53.413,4187.102,88.553
237.946,1.409,7.208,4.718,79.348,4200.882,86.638
235.38,3.476,6.341,2.07,5.399,4424.842,90.237
194.214,6.385,8.049,4.237,40.929,4182.895,88.335
410.338,4.958,7.152,1.385,48.705,4326.178,89.262
225.582,1.151,7.512,0.658,99.955,4615.101,90.497
301.822,0.873,8.234,0.629,22.653,4820.571,93.241
447.76,7.815,8.227,3.462,82.096,3997.695,86.5
433.117,1.56,8.232,1.194,15.446,4678.377,92.097
445.211,1.721,7.042,0.726,96.436,4430.059,88.853
135.002,8.309,7.874,4.895,31.364,4052.175,87.701
17.491,6.121,6.583,1.589,15.411,4453.775,91.22
130.533,6.047,8.078,2.581,38.794,4404.433,90.471
139.354,4.793,6.854,3.259,2.506,4345.182,89.865
454.68,5.69,7.16,1.15,11.778,4365.579,90.245
324.621,6.018,8.228,2.107,50.119,4348.689,89.791
40.852,9.678,8.014,3.415,94.122,4067.384,87.636
67.689,2.23,8.381,3.379,45.048,4564.809,90.867
77.838,2.146,6.909,4.289,66.362,4283.017,87.81
315.211,0.572,6.378,2.468,71.001,4362.716,88.089
367.707,6.582,8.276,4.504,4.619,4154.988,88.478
429.822,5.49,7.233,3.57,32.886,4111.098,87.429
470.318,1.112,8.224,3.029,99.708,4329.209,87.629
100.852,3.645,7.83,1.027,1.694,4744.224,93.519
154.886,1.787,8.187,3.086,47.547,4548.215,90.543
120.161,3.315,7.637,3.176,83.907,4352.442,88.68
179.381,9.513,8.031,3.915,29.553,4087.203,88.43
457.333,6.833,6.301,3.736,99.666,3786.813,83.921
287.556,0.076,8.421,2.885,49.125,4607.77,90.609
369.096,2.525,6.452,3.168,91.486,4134.698,86.19
245.06,0.104,6.061,3.976,53.305,4274.252,87.241
14.429,7.149,7.327,2.081,40.367,4379.172,90.533
32.098,4.694,7.78,1.107,71.3,4573.882,91.434
268.962,9.94,7.791,4.434,95.869,3812.442,85.148
359.395,7.336,6.848,4.843,38.233,3877.594,85.594
107.665,5.179,7.885,2.432,86.629,4359.223,89.28
360.955,8.047,8.106,4.956,66.301,3899.568,85.747
405.333,7.048,7.525,1.952,38.482,4225.258,88.982
205.949,2.438,6.965,0.8,6.493,4678.691,92.453
373.21,5.303,7.534,3.076,31.829,4230.395,88.576
202.015,5.56,8.156,4.407,83.297,4129.266,87.128
339.175,4.512,8.251,3.279,10.42,4381.208,90.062
381.999,1.792,6.079,0.542,57.646,4457.75,89.539
495.963,2.234,6.306,0.553,51.672,4412.264,89.276
172.698,2.81,6.011,3.76,66.503,4165.292,86.831
205.52,0.103,7.231,4.304,93.961,4296.896,87.06
82.81,9.169,7.091,1.639,75.424,4194.505,88.942
102.037,6.861,7.365,2.616,51.551,4277.722,89.32
346.698,6.896,7.709,4.825,83.205,3903.853,85.275
458.523,5.723,6.914,2.573,70.465,4077.831,86.791
197.302,6.893,6.521,1.111,89.659,4218.403,88.355
89.922,9.819,6.987,4.602,72.71,3857.148,85.79
142.55,3.852,6.023,2.728,75.549,4214.475,87.545
227.526,7.125,8.074,2.049,9.316,4413.766,91.182
145.325,3.595,6.959,0.938,1.378,4646.903,92.534
116.79,8.543,7.557,2.562,95.606,4122.725,87.834
367.992,8.58,6.812,3.964,25.951,3919.917,86.514
3.922,9.023,7.537,3.727,17.345,4193.186,89.465
269.615,0.055,7.351,2.735,16.713,4590.679,90.756
396.883,2.982,6.521,3.738,74.051,4082.709,85.981
133.114,1.339,7.563,2.078,5.593,4703.783,92.384
301.646,4.54,6.274,3.809,66.441,4035.836,86.056
334.45,4.954,7.203,0.886,57.574,4401.592,89.927
327.512,2.559,7.8,1.397,15.583,4617.44,91.786
222.925,7.234,7.373,4.45,14.409,4090.286,87.929
173.289,2.698,7.866,1.821,14.133,4654.627,92.214
417.962,8.539,6.683,1.427,26.692,4136.306,88.658
379.223,1.777,6.122,0.901,64.537,4414.638,89.034
160.628,3.672,6.14,2.268,21.482,4380.268,89.69
51.51,6.222,6.672,0.801,66.347,4417.471,90.378
35.904,6.053,7.019,2.736,97.199,4213.259,87.977
47.138,0.78,7.344,4.636,86.348,4335.455,87.725
291.435,8.463,7.894,4.042,80.01,3956.339,86.302
25.831,5.981,8.099,0.683,94.964,4539.722,91.242
168.463,8.699,7.734,1.849,61.635,4246.098,89.454
376.6,8.676,7.158,1.344,77.118,4105.01,87.882
147.174,5.459,6.661,0.801,77.619,4384.215,89.704
381.654,9.108,7.07,0.989,97.479,4066.886,87.426
372.734,8.484,6.683,4.587,65.07,3768.972,84.584
122.914,9.581,7.561,1.895,28.033,4269.995,90.294
364.411,8.505,8.046,2.265,20.372,4229.853,89.646
373.888,8.212,7.295,2.686,31.363,4100.71,88.157
198.727,4.694,6.115,3.852,76.414,4039.371,86.038
105.21,2.12,8.349,4.093,65.999,4435.052,89.327
260.635,9.107,6.736,4.837,22.706,3858.808,86.093
460.699,7.225,8.286,1.448,86.123,4219.952,88.506
319.808,2.817,8.033,1.855,98.152,4420.705,89.071
86.461,3.41,7.033,1.908,75.964,4446.793,89.731
341.378,6.861,6.142,2.504,7.148,4135.784,88.345
213.602,4.778,8.369,4.133,63.127,4251.631,88.318
295.764,0.815,7.648,1.578,93.831,4530.722,89.613
367.032,1.414,6.624,4.023,31.983,4241.892,87.523
257.474,7.456,7.334,1.418,58.958,4272.09,89.368
406.992,3.286,7.588,3.696,23.471,4274.552,88.497
361.078,5.076,6.567,4.096,88.188,3936.375,85.005
307.537,7.666,6.234,4.342,87.128,3777.847,84.207
75.396,7.512,6.669,2.796,37.081,4199.79,88.881
417.975,1.67,6.119,1.979,35.62,4350.245,88.647
467.953,0.984,6.175,3.976,1.01,4234.73,87.632
68.483,5.912,6.391,1.944,32.427,4350.062,89.95
244.121,7.416,6.396,1.166,78.361,4173.364,88.175
129.444,1.49,6.62,4.256,3.833,4389.472,89.304
377.262,3.72,8.344,2.351,21.072,4482.547,90.731
360.815,8.703,7.44,3.069,73.297,3974.94,86.627
70.443,9.442,7.056,4.633,65.151,3904.691,86.228
438.514,4.541,7.409,1.111,98.679,4286.193,88.237
90.487,0.795,6.014,3.007,39.671,4436.351,89.205
398.63,2.577,8.237,3.014,14.195,4465.69,90.288
228.49,2.33,7.331,4.379,66.807,4230.884,87.34
164.136,2.39,7.129,2.036,8.824,4590.149,91.53
79.12,4.939,8.354,2.305,12.559,4593.236,92.288
83.807,5.832,7.826,2.837,57.224,4350.956,89.687
330.945,1.225,6.844,1.252,47.726,4536.937,90.26
275.215,8.894,8.34,2.618,27.097,4235.762,89.755
61.043,6.2,8.13,2.462,48.319,4429.617,90.673
56.349,5.973,8.386,1.388,86.964,4499.078,90.913
36.155,9.873,6.241,4.249,72.775,3841.929,85.653
371.884,6.281,8.388,2.44,46.025,4302.791,89.452
355.941,9.29,7.357,1.877,31.823,4141.895,88.888
29.215,2.863,7.681,1.087,58.636,4684.376,92.116
280.135,2.401,6.531,0.904,1.284,4599.973,91.707
42.338,5.165,6.351,4.821,73.574,4026.421,86.078
451.873,5.086,6.198,4.978,80.442,3780.902,83.53
453.559,2.265,7.056,4.541,13.053,4185.385,87.403
349.116,6.997,6.553,2.564,40.86,4092.848,87.619
463.094,0.296,6.204,4.136,15.362,4229.755,87.233
405.727,6.906,8.388,4.254,94.932,3975.298,85.876
414.269,4.572,7.833,1.849,82.773,4297.164,88.515
284.854,6.89,7.295,3.137,2.987,4222.845,89.266
153.03,4.771,7.858,4.806,97.068,4096.076,86.421
108.9,9.773,7.529,1.76,15.041,4303.636,90.818
163.6,3.347,6.445,3.483,9.317,4328.434,89.195
314.248,9.826,7.584,3.481,4.228,4053.349,88.439
86.328,0.65,7.703,2.537,79.275,4582.35,90.226
129.32,6.838,6.594,2.706,92.601,4096.978,87.095
234.03,4.542,6.8,2.554,10.467,4359.606,89.854
116.525,8.221,6.958,2.845,98.348,4045.313,86.936
294.322,7.896,7.506,1.17,32.27,4327.177,90.318
461.588,8.002,6.317,4.076,68.206,3756.755,84.286
374.045,0.947,7.859,3.475,98.64,4306.713,87.365
333.213,8.224,6.865,4.882,1.841,3916.814,86.617
291.361,2.14,7.729,1.605,55.132,4549.44,90.585
243.974,0.257,8.332,1.157,65.943,4750.824,91.926
93.282,2.177,8.175,2.041,37.765,4682.279,92.098
447.355,4.793,7.844,2.794,11.887,4317.917,89.498
124.268,7.421,6.483,1.423,62.491,4247.906,89.08
45.654,2.186,7.83,2.573,5.653,4682.298,92.422
375.008,1.13,7.589,3.392,92.42,4290.923,87.324
87.808,6.46,7.931,0.753,46.745,4557.483,92.045
185.948,9.839,8.172,3.911,91.117,3958.932,86.63
14.142,6.009,6.779,4.729,83.818,4029.856,86.263
68.534,6.911,7.611,1.707,1.361,4507.848,92.138
86.602,5.612,6.688,3.993,46.463,4152.675,87.746
27.205,7.823,6.866,2.381,88.892,4165.939,88.118
328.328,9.758,7.302,3.49,37.847,3953.406,87.083
418.504,5.441,7.085,3.844,32.999,4076.87,87.071
186.658,4.168,7.502,1.827,68.873,4427.949,89.841
437.288,8.603,7.897,4.043,70.8,3894.946,85.822
106.673,9.697,7.513,0.973,64.673,4286.408,90.127
162.695,1.292,8.425,4.94,36.975,4428.535,89.303
75.368,5.782,7.845,2.017,7.299,4541.501,92.077
310.28,7.925,8.463,1.507,92.377,4259.417,89.048
209.935,5.333,7.859,1.124,32.404,4537.02,91.646
306.642,4.092,7.27,4.155,79.768,4094.042,86.37
380.837,6.552,7.028,3.137,35.816,4099.435,87.602
272.852,2.701,7.839,4.783,49.98,4234.214,87.653
313.815,3.491,7.718,3.415,37.993,4322.864,88.896
467.625,9.923,7.672,2.033,9.051,4115.871,89.045
149.532,6.365,7.804,4.264,33.615,4193.831,88.512
179.582,8.729,8.18,1.766,95.612,4224.008,88.903
358.852,8.078,6.569,1.809,11.923,4168.905,88.993
305.653,6.523,7.412,0.627,56.028,4387.478,90.271
89.266,8.407,7.508,1.634,96.872,4228.673,88.84
188.074,2.872,6.732,1.676,3.031,4561.891,91.45
233.919,6.371,8.47,1.839,7.85,4511.885,91.952
209.695,5.906,7.964,2.159,91.003,4298.347,88.845
89.137,6.224,6.803,3.095,73.82,4167.394,87.803
462.215,1.686,6.896,1.474,54.987,4416.835,89.124
381.159,2.772,7.796,3.365,54.128,4305.566,88.346
240.678,2.867,6.029,1.1,97.514,4334.186,88.227
340.031,6.019,7.16,4.689,3.074,4069.963,87.475
448.641,9.725,6.858,0.617,27.777,4157.88,89.219
68.087,9.541,8.135,4.587,32.366,4079.003,88.329
125.187,2.272,7.978,2.962,12.83,4599.736,91.551
271.351,3.048,6.83,3.695,36.365,4252.675,88.078
399.505,0.361,8.162,1.843,37.671,4638.82,91.12
18.127,3.988,8.284,1.282,95.921,4599.877,91.236
492.009,8.347,7.381,4.763,44.76,3808.97,85.146
227.453,9.158,6.398,2.485,93.543,3932.67,86.139
179.616,2.365,7.926,2.662,81.194,4455.908,89.457
146.362,2.658,6.798,4.936,73.947,4132.309,86.381
87.178,2.208,7.318,2.012,33.722,4609.132,91.417
395.787,3.501,6.114,0.951,43.271,4356.824,89.186
477.707,8.048,7.25,3.141,5.412,4058.855,87.949
206.822,6.469,6.951,2.997,38.357,4191.848,88.475
476.21,7.859,7.715,3.979,87.17,3868.203,85.168
411.899,5.83,6.102,4.798,78.357,3776.233,83.728
240.526,2.577,7.562,1.885,81.028,4456.598,89.529
337.013,2.28,7.93,3.748,22.938,4389.8,89.353
217.492,0.09,6.032,2.455,21.794,4500.835,89.817
279.362,7.81,7.875,4.027,66.671,4021.279,86.889
29.023,8.471,6.326,1.239,65.475,4239.603,89.283
348.132,7.683,7.745,2.754,20.336,4200.25,89.104
26.412,0.744,7.138,0.847,72.245,4734.188,91.843
408.542,7.622,7.38,3.025,38.239,4073.609,87.64
412.473,0.458,6.843,1.26,88.793,4451.591,88.765
118.539,1.056,6.614,4.82,37.083,4293.114,87.877
161.831,4.405,6.178,2.994,23.766,4269.627,88.78
240.655,4.761,8.162,2.882,20.391,4428.771,90.512
298.331,8.161,7.526,4.875,89.922,3827.99,84.829
143.677,6.795,8.457,2.743,86.143,4287.525,89.052
296.243,1.533,8.126,3.545,43.161,4446.983,89.498
148.894,2.261,8.174,0.71,24.831,4809.219,93.522
27.745,2.857,7.495,3.688,29.17,4465.66,90.222
1.264,1.237,6.202,0.969,39.11,4682.607,91.806
50.576,2.876,8.283,4.011,5.39,4547.352,91.283
396.125,7.286,6.295,4.446,7.662,3907.205,86.181
480.716,2.414,7.293,1.92,92.819,4290.63,87.702
213.483,8.354,8.142,4.452,76.846,3990.943,86.647
256.342,4.695,7.181,2.672,81.584,4224.817,87.841
73.424,3.229,6.414,3.072,48.386,4339.257,88.878
275.516,4.124,6.933,2.349,37.133,4340.124,89.267
72.327,7.095,8.471,2.644,10.105,4471.531,91.743
305.607,5.168,8.499,4.587,56.25,4167.517,87.663
466.629,0.073,7.777,4.763,74.593,4215.287,86.429
97.849,9.223,8.22,2.506,20.395,4320.48,90.768
382.282,0.66,6.111,2.815,39.527,4326.396,88.067
11.751,9.386,6.69,1.023,92.804,4205.92,88.947
187.749,0.282,6.922,1.965,84.531,4518.697,89.426
55.374,7.71,6.03,2.81,80.031,4048.804,87.001
176.238,5.347,6.942,1.412,4.904,4487.814,91.433
86.768,5.057,6.233,3.094,17.392,4282.786,89.171
186.652,0.728,7.294,3.584,31.298,4478.663,89.692
208.761,2.387,6.011,3.425,31.061,4272.748,88.133
150.296,7.775,6.676,2.491,13.767,4227.026,89.465
328.311,8.913,8.166,3.962,29.655,4051.281,87.89
459.426,5.291,6.533,1.938,43.386,4178.434,87.938
200.298,3.533,6.162,2.612,5.881,4366.453,89.666
96.172,0.599,6.624,1.716,40.915,4630.976,91.08
135.361,6.822,8.069,3.216,50.157,4276.173,89.307
427,2.784,7.468,2.483,5.053,4435.65,90.141
285.82,0.55,7.465,1.477,67.746,4592.91,90.417
227.506,6.659,6.001,1.887,8.898,4246.985,89.378
74.818,4.857,7.18,1.758,65.145,4431.719,90.123
224.864,0.12,6.664,4.599,99.414,4189.252,85.934
139.246,1.109,6.841,2.849,7.002,4560.084,90.864
471.582,6.992,7.497,3.437,27.946,4064.693,87.465
442.035,0.637,8.186,4.706,13.804,4367.494,88.728
41.951,8.66,6.454,1.32,37.554,4284.351,90.066
258.327,3.113,7.921,4.716,83.691,4168.245,86.78
112.529,0.887,6.122,2.928,93.015,4332.76,87.663
205.389,7.598,6.817,4.353,84.132,3895.548,85.393
438.424,5.244,6.547,1.256,69.416,4208.873,87.968
263.757,3.066,8.289,1.728,72.005,4526.867,90.469
167.108,4.061,6.445,1.374,12.927,4494.665,91.036
103.944,0.214,7.447,3.44,25.622,4586.696,90.675
400.162,6.627,6.412,1.133,37.026,4222.371,88.842
312.259,3.658,7.184,4.066,5.964,4260.792,88.646
234.033,7.14,7.033,1.627,82.343,4201.932,88.338
108.742,6.282,6.103,1.65,26.312,4324.294,89.864
167.123,6.513,8.065,1.765,6.177,4508.42,91.976
479.922,7.929,7.95,3.859,8.235,4056.276,87.859
260.045,6.312,6.695,4.659,96.98,3864.006,84.564
200.35,4.187,7.535,4.584,91.286,4103.009,86.373
260.711,3.899,6.907,0.956,95.915,4377.953,88.99
389.494,1.196,7.923,1.681,95.714,4478.244,89.184
170.054,7.794,7.731,3.525,80.144,4085.602,87.393
89.353,7.611,6.226,3.283,28.321,4112.396,88.124
292.468,2.463,8.11,2.075,33.152,4567.846,91.086
332.602,8.627,6.449,4.383,40.798,3827.339,85.453
356.359,5.89,6.435,1.087,78.715,4204.706,88.027
440.994,4.787,7.834,3.376,92.751,4100.531,86.514
185.587,0.175,6.458,1.729,44.591,4582.202,90.429
37.677,3.827,6.306,2.872,30.846,4371.469,89.554
479.174,6.407,6.839,2.244,25.042,4149.52,88.167
217.506,0.897,8.097,4.909,26.39,4412.39,89.129
311.629,4.596,6.442,2.69,1.682,4286.23,89.224
333.153,9.934,6.848,4.892,24.179,3783.874,85.577
273.257,7.165,6.716,1.648,30.197,4251.513,89.363
102.629,5.469,6.89,3.956,77.783,4113.126,86.994
377.572,5.33,7.786,3.727,55.304,4139.981,87.446
401.876,0.438,7.014,4.314,33.779,4279.548,87.589
276.488,9.573,7.899,3.621,60.111,3990.649,87.177
244.281,9.282,7.601,3.571,79.043,3958.724,86.581
56.969,6.824,6.903,3.473,61.395,4150.48,87.938
41.976,0.99,7.081,4.933,7.954,4428.385,89.501
169.782,2.078,7.759,1.526,24.859,4684.735,92.222
155.423,1.839,7.337,0.636,29.301,4741.87,92.677
476.828,5.196,8.171,3.551,36.93,4189.934,88.089
391.811,2.078,8.333,1.276,3.438,4699.06,92.58
329.962,6.958,7.794,3.557,74.686,4061.451,86.955
258.824,5.452,8.473,1.939,47.566,4456.284,90.723
83.684,0.177,7.491,0.695,89.762,4749.432,91.65
489.228,7.441,6.1,3.964,52.251,3792.418,84.634
187.52,1.888,7.262,0.732,98.828,4567.14,90.25
53.463,8.249,6.575,1.509,70.369,4226.729,89.038
246.899,3.55,6.834,2.014,88.8,4303.472,88.212
436.999,3.386,7.225,1.097,97.355,4330.261,88.345
443.646,0.118,6.738,4.611,47.704,4189.517,86.454
5.483,9.877,6.774,3.298,63.678,4023.616,87.563
443.148,6.12,7.005,4.439,91.49,3846.02,84.381
135.742,4.227,6.716,3.569,57.955,4219.545,87.884
19.486,0.966,6.424,4.964,6.227,4375.493,88.983
423.895,6.991,7.914,2.863,70.002,4103.546,87.433
431.933,2.827,6.988,0.742,93.638,4380.002,88.712
298.116,9.883,8.079,1.224,78.336,4185.684,89.038
287.217,9.505,8.207,3.148,79.335,4028.333,87.342
406.56,7.353,7.877,2.065,8.846,4292.642,90.044
393.155,9.711,6.992,1.008,74.001,4068.251,87.856
445.053,1.056,7.803,1.572,4.193,4639.438,91.669
276.374,2.799,6.388,2.636,93.136,4210.832,87.017
483.824,2.532,7.653,2.832,91.516,4230.531,87.15
498.073,0.72,7.015,4.706,98.048,4049.808,84.734
58.272,9.722,7.639,0.908,31.016,4395.823,91.565
424.772,0.6,7.887,2.11,54.487,4526.337,89.898
249.911,8.567,7.407,2.777,58.297,4093.055,87.918
193.783,7.682,7.606,1.01,56.116,4366.445,90.408
306.536,3.759,6.534,3.595,41.805,4169.06,87.4
27.983,0.188,7.482,2.818,98.703,4545.611,89.526
253.231,0.061,7.151,2.568,88.783,4451.11,88.642
435.445,2.04,7.07,3.452,61.425,4219.208,87.19
106.731,4.939,7.026,1.795,65.126,4392.506,89.755
213.195,4.579,6.777,2.027,71.711,4296.06,88.617
469.74,5.853,6.763,1.232,60.766,4204.071,88.189
214.282,7.72,7.749,2.857,71.045,4154.04,88.146
179.184,3.774,7.394,2.176,81.833,4379.931,89.113
220.268,1.604,6.075,1.671,97.81,4354.403,88.047
259.726,8,6.121,1.061,85.058,4105.994,87.61
315.996,3.327,7.425,0.605,13.806,4630.123,92.161
400.346,2.869,8.116,1.37,55.094,4520.761,90.517
226.051,7.643,6.11,1.613,63.559,4127.353,87.931
408.74,9.341,7.268,2.684,27.308,4032.3,87.852
266.86,9.15,8.128,1.584,48.077,4267.271,89.937
169.24,1.374,6.011,4.179,93.337,4143.153,85.91
328.975,5.032,6.689,2.634,26.639,4236.245,88.606
358.861,0.929,8.3,3.307,32.411,4508.577,90.04
279.024,9.61,6.204,1.436,90.921,3974.954,86.723
28.307,2.152,7.517,2.373,10.342,4672.039,92.263
84.941,1.974,7.268,3.212,88.136,4388.137,88.592
142.649,8.889,6.379,1.9,31.078,4170.026,89.056
141.313,9.679,6.106,2.013,50.345,4054.061,87.941
336.71,6.976,7.256,4.133,64.642,3965.85,86.105
9.174,1.21,7.838,4.267,64.999,4461.964,89.333
377.841,4.859,6.443,2.898,98.018,4026.603,85.743
132.671,8.166,7.728,4.534,4.443,4135.922,88.765
155.011,5.725,7.366,3.815,70.678,4149.989,87.511
263.955,1.326,6.895,0.749,84.716,4546.869,90.019
107.963,1.719,7.661,3.018,59.245,4505.93,89.983
442.236,8.641,6.48,3.64,97.597,3735.605,83.973
42.684,5.27,7.142,2.934,42.349,4351.28,89.67
222.191,7.058,7.373,4.244,75.236,3998.45,86.35
424.711,3.731,7.147,1.854,68.95,4292.509,88.355
307.922,5.325,6.994,0.795,4.105,4491.496,91.471
146.165,9.771,7.852,3.351,55.726,4077.013,88.144
210.38,3.297,7.64,3.789,26.831,4361.461,89.335
353.347,6.748,7.599,3.944,53.346,4044.741,86.938
486.63,1.725,8.23,0.55,88.523,4561.358,90.246
446.569,1.217,8.484,3.53,63.383,4384.435,88.576
171.216,7.836,7.418,0.593,59.795,4385.455,90.608
499.099,8.441,6.871,3.987,67.572,3781.667,84.673
1.752,6.683,7.947,3.664,53.303,4286.683,89.339
13.815,1.582,6.355,3.053,45.331,4453.521,89.556
411.92,2.406,7.282,2.778,38.069,4347.989,88.821
99.731,9.112,7.311,3.718,70.307,4013.26,87.163
30.385,2.887,8.459,0.757,77.798,4754.99,92.638
118.574,8.189,8.478,4.245,42.901,4168.748,88.715
213.05,2.859,7.998,1.406,5.329,4699.1,92.796
365.283,9.395,7.183,2.65,54.772,3991.333,87.184
312.168,9.145,7.368,2.691,57.789,4038.858,87.554
118.811,0.433,6.799,3.997,48.421,4402.351,88.669
251.635,7.704,8.075,1.368,36.633,4386.325,90.808
463.107,1.695,7.866,1.849,89.696,4406.073,88.672
407.504,2.153,7.929,3.484,48.631,4335.809,88.518
161.595,4.598,6.347,2.357,80.098,4228.006,87.859
491.132,5.763,6.997,1.845,64.135,4153.174,87.619
354.31,3.258,7.343,3.296,78.919,4206.805,87.256
31.225,5.754,6.312,0.89,87.889,4363.125,89.479
17.58,1.707,6.922,4.054,25.091,4442.455,89.686
84.204,0.223,6.219,2.861,83.039,4416.373,88.4
363.928,5.712,8.397,1.427,72.389,4384.647,89.836
91.869,5.174,7.878,2.338,56.546,4436.249,90.349
255.743,6.897,7.552,1.09,54.951,4363.601,90.155
46.63,6.498,6.512,3.275,31.831,4211.865,88.75
460.443,8.975,6.835,3.512,54.523,3844.336,85.591
171.98,4.595,6.361,2.324,39.051,4309.917,89.087
454.066,0.084,7.34,2.029,88.992,4421.967,88.355
472.438,6.307,8.051,4.324,58.626,4003.93,86.345
3.064,6.751,6.048,3.092,30.604,4195.222,88.672
232.068,5.215,6.258,3.502,15.293,4168.3,88.095
12.328,6.893,6.573,1.074,69.705,4359.728,89.968
454.346,3.236,7.785,3.71,66.807,4184.941,87.152
259.204,1.488,8.235,2.501,36.645,4596.123,91.041
37.472,6.646,7.883,2.15,17.055,4488.129,91.704
55.138,2.452,7.312,4.682,71.902,4269.039,87.707
191.755,4.563,6.263,0.743,27.769,4472.434,90.816
470.117,4.916,7.887,1.38,86.339,4297.158,88.583
346.455,4.772,6.264,2.188,72.897,4150.021,87.203
433.809,5.984,6.869,1.958,89.347,4096.281,86.865
183.228,0.295,6.77,2.798,98.475,4393.9,88.043
21.607,9.897,6.898,2.304,34.76,4184.234,89.464
487.159,7.163,6.824,4.047,50.902,3874.113,85.381
8.586,4.254,7.923,3.956,40.974,4397.76,89.844
473.826,1.913,6.429,3.976,8.682,4195.421,87.441
184.339,0.802,8.115,2.162,41.092,4680.81,91.638
5.045,6.722,8.146,2.333,44.936,4452.76,91.095
344.579,3.17,7.227,3.742,18.166,4281.424,88.583
490.27,2.295,6.265,1.059,88.448,4283.878,87.643
482.813,3.8,7.439,4.334,29.951,4119.202,87.032
80.469,5.929,8.052,2.936,76.099,4322.772,89.245
90.624,6.717,6.724,4.318,8.551,4142.257,88.352
282.769,6.452,8.094,4.071,3.979,4230.388,89.2
318.652,8.633,7.692,2.185,99.553,4060.692,87.201
369.709,2.188,8.468,0.957,13.179,4730.519,92.83
90.525,6.367,8.062,4.644,76.82,4124.528,87.387
479.504,1.011,6.504,2.051,60.847,4333.299,88.028
319.37,5.479,7.123,2.182,45.842,4268.73,88.873
423.523,5.84,6.259,4.591,4.655,3953.754,86.243
270.033,2.162,6.174,4.628,33.534,4144.408,86.757
207.138,3.917,7.765,1.683,90.109,4428.572,89.56
488.591,8.272,8.282,0.9,90.61,4199.09,88.566
291.061,1.484,8.434,0.505,60.37,4752.42,92.366
433.437,4.345,6.676,2.472,57.893,4170.627,87.431
476.646,9.327,6.504,3.059,43.134,3853.627,85.903
337.677,5.041,7.401,1.717,77.781,4291.948,88.654
274.469,7.251,6.502,1.669,88.412,4106.703,87.358
1.755,8.269,6.74,2.106,73.023,4203.066,88.781
20.01,2.038,8.093,1.684,53.003,4723.02,92.311
100.426,2.182,8.026,4.363,63.825,4379.347,88.81
93.004,7.586,8.238,3.393,22.754,4313.183,90.18
127.379,7.533,7.206,4.23,99.132,3958.928,85.858
152.467,0.602,7.41,4.372,93.651,4310.179,87.346
180.033,3.225,7.926,2.458,95.707,4404.214,89.053
210.269,3.985,6.598,2.649,17.518,4355.47,89.575
49.433,8.29,8.058,4.9,65.625,4045.267,87.284
21.181,4.219,6.044,4.176,65.978,4133.334,86.939
336.972,9.259,7.994,4.091,36.155,3986.603,87.282
268.667,9.966,7.94,3.127,86.653,3975.363,86.877
222.072,7.807,6.754,2.575,78.452,4059.625,87.154
317.22,6.664,7.82,4.526,72.242,3993.116,86.208
413.84,3.919,6.535,4.121,3.86,4130.859,87.446
213.846,0.67,7.441,2.826,99.066,4422.929,88.44
320.56,5.731,7.751,1.717,72.119,4312.339,89.122
476.786,3.617,7.787,1.163,96.975,4349.204,88.607
419.812,3.509,8.457,2.987,9.591,4442.479,90.382
213,6.877,6.455,1.832,69.741,4172.452,88.09
322.358,4.636,7.202,1.689,74.736,4308.831,88.732
88.535,7.521,8.2,0.976,7.403,4587.303,93.055
280.261,3.982,7.404,0.655,7.384,4620.881,92.329
490.664,1.509,8.191,4.025,76.464,4242.896,87.117
259.158,4.613,7.085,0.986,79.97,4389.728,89.482
463.819,9.51,7.988,4.499,91.108,3759.332,84.535
203.667,8.015,8.175,1.462,77.432,4313.85,89.769
499.422,2.057,8.116,3.919,24.797,4317.576,88.545
289.61,3.913,8.178,4.203,96.902,4163.233,86.837
21.134,9.278,6.549,4.067,27.457,4018.862,87.697
293.377,1.237,7.097,4.428,72.994,4212.434,86.765
137.286,2.54,6.436,2.029,53.408,4438.334,89.611
16.241,2.622,6.451,4.936,13.109,4286.037,88.516
410.427,5.709,7.22,1.758,92.786,4169.888,87.484
137.865,4.107,8.4,4.704,59.205,4276.879,88.409
398.274,0.799,7.48,2.468,10.09,4541.878,90.557
144.109,6.292,8.135,0.756,38.952,4573.292,92.231
97.163,0.991,8.343,4.032,76.735,4479.494,89.325
486.968,6.064,6.216,4.043,62.224,3846.17,84.659
180.823,5.07,6.405,1.388,23.126,4411.564,90.405
300.688,4.937,6.727,4.206,57.373,4040.206,86.309
304.991,0.675,7.542,1.209,31.577,4683.885,91.726
280.237,6.392,6.154,1.181,53.2,4231.16,88.697
457.348,4.313,7.967,4.14,32.479,4173.358,87.703
337.221,4.111,6.159,1.806,50.132,4260.922,88.341
201.867,5.965,6.396,0.846,84.374,4287.106,88.817
431.19,6.062,6.954,4.804,21.99,3952.374,86.123
90.531,0.15,7.394,3.007,1.177,4683.625,91.87
272.118,1.252,8.204,2.516,16.345,4637.38,91.586
475.275,2.365,8.409,2.768,84.344,4339.499,88.261
312.699,6.78,8.212,3.517,42.091,4189.939,88.512
408.484,5.767,6.268,4.377,74.236,3847.926,84.467
326.78,7.576,7.578,3.527,4.045,4154.851,88.781
419.685,7.406,7.104,3.828,15.488,4016.518,87.232
472.244,8.532,6.314,1.311,57.326,4023.014,87.216
136.461,3.768,7.388,2.228,72.31,4414.678,89.554
84.831,3.451,6.892,3.132,79.001,4303.052,88.276
241.995,8.31,6.864,3.287,64.659,3991.892,86.765
350.931,2.376,6.236,1.718,75.912,4305.71,88.011
113.596,4.612,8.447,4.887,17.409,4333.768,89.547
2.051,1.943,7.815,1.032,66.159,4747.8,92.399
171.468,9.138,6.701,1.005,43.104,4240.696,89.717
484.43,4.078,8.294,1.531,91.572,4346.99,88.778
347.484,2.125,8.37,3.893,61.913,4343.949,88.458
200.663,6.92,8.026,0.664,54.625,4480.557,91.335
96.288,2.446,7.648,4.945,58.248,4283.327,87.985
178.045,9.435,6.941,4.945,83.301,3772.241,84.72
84.92,3.676,7.086,1.219,2.116,4656.228,92.644
53.153,6.646,7.138,2.305,86.167,4251.981,88.652
453.371,3.452,8.372,1.418,3.89,4588.341,91.88
498.825,8.072,7.9,2.336,58.683,4086.024,87.695
82.057,8.969,6.73,2.898,50.757,4092.212,88.105
27.261,7.879,7.562,4.202,37.665,4153.011,88.517
164.866,8.485,7.485,0.661,13.743,4448.193,91.89
230.83,1.019,8.03,4.941,13.283,4416.006,89.333
102.411,9.241,6.238,4.733,74.474,3788.389,84.911
150.712,6.243,7.753,3.067,12.236,4356.651,90.317
100.435,8.692,6.828,2.664,69.038,4093.486,87.852
387.13,6.844,6.324,2.978,99.04,3900.754,85.07
356.289,2.018,7.829,0.583,68.507,4608.563,91.006
317.476,6.096,6.829,3.82,8.446,4120.547,87.95
193.609,0.909,7.825,2.734,54.664,4557.529,90.301
454.52,6.957,6.406,1.787,83.609,4019.551,86.447
484.766,4.09,8.465,2.577,95.506,4250.891,87.781
86.82,1.517,8.009,1.817,73.038,4653.844,91.263
111.506,9.792,6.723,3.65,31.657,3998.628,87.607
262.816,9.011,7.851,3.265,25.865,4124.956,88.694
45.625,8.935,6.339,2.246,78.598,4082.527,87.72
218.224,7.888,7.634,1.914,76.271,4215.886,88.763
290.896,6.92,6.149,4.451,49.152,3880.05,85.385
261.037,6.551,6.833,3.57,9.594,4149.093,88.36
165.454,1.061,8.446,3.721,67.532,4501.676,89.66
271.223,9.006,6.302,3.284,59.454,3897.054,86.078
479.4,8.811,7.494,0.839,2.174,4280.89,90.431
103.009,7.479,6.177,0.767,64.6,4286.353,89.461
327.416,9.273,7.674,2.431,14.105,4168.647,89.327
21.698,5.531,6.697,4.687,82.757,4048.035,86.312
33.208,4.476,6.775,2.861,67.684,4315.582,88.822
275.914,9.679,6.845,4.441,6.118,3906.137,86.904
52.47,4.641,6.513,0.934,53.651,4492.24,90.778
11.173,6.413,8.354,3.759,80.734,4271.781,88.834
85.756,3.731,8.265,1.604,83.169,4570.309,90.991
282.425,6.363,8.175,2.86,9.453,4353.199,90.346
351.67,7.201,6.266,1.818,8.811,4191.289,88.985
101.239,6.247,6.584,3.706,77.725,4069.414,86.791
334.13,5.146,7.531,2.304,24.033,4350.245,89.806
91.238,3.001,8.426,2.58,59.809,4569.325,90.995
306.729,6.438,7.512,1.604,61.276,4292.961,89.248
205.98,9.084,6.818,1.767,63.351,4121.212,88.304
326.9,0.069,8.044,1.308,34.45,4737.782,92.054
497.526,1.339,6.339,2.992,4.95,4309.02,88.442
468.908,1.198,8.204,1.152,54.211,4602.425,90.841
2.141,9.232,8.437,1.707,51.986,4406.333,91.313
442.719,6.627,8.419,2.887,43.881,4212.71,88.677
33.245,9.518,6.369,1.737,28.674,4213.385,89.702
476.523,5.828,7.374,3.148,84.461,4023.986,86.144
140.913,4.617,7.462,0.564,37.64,4613.254,92.141
191.017,7.923,6.487,4.88,13.553,3941.993,86.661
45.819,1.609,7.367,3.785,76.054,4402.711,88.749
56.136,3.813,7.616,2.767,63.992,4438.195,89.886
363.37,4.663,6.822,4.644,31.606,4039.829,86.481
472.166,2.985,6.789,4.414,15.963,4120.287,86.939
305.374,3.713,6.151,2.149,44.527,4272.726,88.396
357.925,0.781,8.392,1.023,7.528,4803.878,93.198
380.985,1.98,8.009,1.635,23.053,4601.809,91.382
131.407,3.355,7.899,1.439,96.433,4519.635,90.239
22.615,7.959,6.054,3.875,15.899,4076.868,87.997
0.936,1.825,7.561,2.966,28.223,4611.265,91.378
175.325,3.466,6.452,4.325,14.758,4222.114,88.113
120.732,0.649,7.654,2.704,91.288,4519.661,89.478
31.159,5.571,7.553,3.964,92.559,4179.645,87.542
89.764,6.113,8.13,1.955,6.888,4553.158,92.296
62.249,8.655,6.639,3.21,89.924,3999.16,86.689
457.439,8.191,6.069,3.377,15.09,3900.678,86.313
70.134,2.854,8.285,3.917,40.332,4478.429,90.237
268.824,1.37,8.272,4.098,59.043,4396.414,88.785
296.553,1.561,7.14,1.744,46.779,4519.663,90.197
271.745,9.69,6.195,2.233,14.456,4046.979,88.232
49.528,6.732,7.245,1.432,79.366,4361.172,89.838
159.399,0.426,7.31,3.865,69.054,4405.385,88.491
25.635,1.368,8.054,1.718,94.179,4664.038,91.109
197.835,4.858,7.793,2.26,35.942,4439.616,90.494
94.299,2.078,6.177,4.114,43.609,4268.057,87.868
280.816,8.037,7.763,2.029,35.625,4259.935,89.654
346.404,5.732,6.339,1.812,7.236,4278.477,89.432
266.06,6.126,6.224,3.43,6.442,4127.106,88.045
217.118,4.628,6.997,4.889,76.371,4018.019,85.805
193.667,2.561,6.193,0.782,29.201,4557.893,91.055
420.846,5.894,8.073,4.257,49.226,4078.086,87.057
109.684,7.17,7.158,1.047,97.918,4301.897,89.191
367.109,3.709,7.468,2.052,2.748,4467.022,90.756
378.741,5.049,7.442,2.375,52.248,4260.355,88.596
209.6,8.397,8.445,3.734,52.304,4141.845,88.414
148.65,1.487,8.289,4.67,99.856,4313.612,87.584
235.271,5.452,8.123,0.959,83.599,4458.932,90.389
46.607,3.484,6.958,3.852,7.613,4397.917,89.948
22.965,7.028,6.363,1.95,16.554,4345.256,90.395
55.802,0.188,7.48,4.559,4.357,4546.087,90.474
93.573,6.705,7.101,1.752,20.487,4411.885,90.925
252.088,1.029,6.564,3.622,22.021,4372.609,88.815
424.568,0.648,6.244,1.241,9.899,4535.817,90.453
117.821,7.246,7.09,4.811,53.195,4000.335,86.645
467.581,6.403,7.627,0.519,97.526,4261.757,88.563
477.454,8.949,7.563,1.548,80.579,4054.212,87.421
479.452,5.197,7.935,3.542,21.134,4197.484,88.322
418.781,5.3,7.166,4.341,78.517,3951.116,85.316
181.913,7.07,6.804,4.971,98.242,3842.36,84.562
36.342,3.234,7.347,1.28,83.688,4559.462,90.728
284.409,0.369,8.438,1.882,47.399,4700.078,91.638
279.341,2.3,6.113,4.513,27.664,4149.917,86.913
424.988,2.38,7.322,0.646,75.041,4485.958,89.823
497.996,3.357,6.823,3.8,78.859,4027.777,85.496
254.079,9.435,6.263,2.404,30.387,4026.42,87.791
172.602,8.048,7.087,3.6,23.194,4113.589,88.318
92.951,9.36,7.603,2.862,67.539,4124.555,88.378
2.4,9.986,7.32,3.322,88.955,4021.427,87.321
254.557,4.338,6.073,3.5,3.051,4207.026,88.341
277.759,2.271,7.448,3.341,98.722,4260.858,87.303
412.469,5.6,6.58,3.491,19.993,4082.724,87.307
252.288,8.811,6.854,3.058,35.592,4041.716,87.705
458.234,4.657,6.781,3.713,6.24,4132.335,87.658
314.042,5.054,8.146,3.992,6.498,4292.7,89.378
420.168,1.344,6.119,4.046,28.002,4174.014,86.863
74.151,4.205,6.87,4.341,56.937,4191.741,87.609
427.668,3.87,6.987,1.924,90.207,4218.577,87.445
337.572,3.517,7.547,3.856,7.915,4308.651,89.062
85.117,8.873,7.972,4.76,55.044,4024.948,87.361
94.882,0.593,7.819,2.154,42.197,4705.07,91.807
463.25,9.721,7.882,3.999,98.937,3772.644,84.654
16.108,0.082,6.481,1.812,19.524,4715.714,91.987
231.267,9.456,8.279,1.29,37.582,4335.333,90.814
156.738,5.48,7.035,2.509,4.312,4391.628,90.517
332.539,7.024,6.028,4.129,91.51,3789.326,84.086
419.815,1.871,7.67,1.882,62.62,4450.106,89.436
180.189,6.542,7.51,1.827,59.196,4332.686,89.698
213.451,8.82,6.315,1.75,5.824,4197.183,89.559
490.959,1.395,8.4,1.482,10.801,4654.991,91.86
391.958,1.271,7.404,3.25,79.237,4297.397,87.563
448.602,3.04,7.173,1.595,55.398,4370.729,89.065
219.381,1.617,6.995,4.707,20.702,4296.867,88.247
117.038,1.106,6.525,2.057,55.432,4522.088,89.999
205.932,6.783,8.382,2.941,96.843,4208.311,88.15
358.046,2.138,7.755,2.341,11.266,4532.944,90.858
54.715,6.67,7.419,4.832,97.05,4003.713,86.068
135.235,8.619,7.578,2.408,77.734,4162.946,88.438
23.318,6.52,8.101,3.037,15.279,4438.213,91.185
216.174,1.194,7.589,3.935,81.653,4334.313,87.885
413.723,5.736,6.286,1.271,74.658,4158.598,87.56
12.332,3.936,7.743,0.647,57.818,4691.018,92.513
337.662,3.434,7.412,2.547,77.662,4290.664,88.16
466.248,3.185,8.416,2.978,14.983,4421.441,90.02
118.464,9.294,7.834,1.792,72.441,4235.423,89.418
346.817,7.425,6.86,2.581,64.452,4054.307,87.126
487.551,1.338,6.338,3.268,29.184,4237.96,87.489
481.139,4.76,7.206,4.88,69.347,3915.331,84.888
117.465,3.182,7.698,3.208,68.206,4394.783,89.22
50.166,9.779,6.443,2.52,24.665,4128.952,88.977
74.141,9.78,7.624,0.601,15.621,4444.896,92.227
351.018,3.195,8.064,1.898,36.865,4507.635,90.666
362.879,3.521,6.393,2.113,40.517,4289.414,88.545
337.118,5.994,7.764,2.646,82.591,4178.373,87.756
168.039,4.793,6.171,4.02,44.172,4103.071,87.027
84.888,2.131,6.02,3.991,73.923,4205.998,86.96
290.381,6.604,6.082,4.304,46.807,3908.769,85.601
241.84,3.341,7.579,1.805,7.646,4574.104,91.667
364.417,6.537,8.433,2.059,65.622,4297.124,89.276
220.68,3.837,7.928,1.176,89.643,4493.768,90.192
169.32,7.002,6.636,4.358,52.314,3988.373,86.461
146.739,6.678,6.179,3.435,70.504,4026.14,86.56
105.735,5.088,7.542,0.849,78.105,4505.782,90.803
132.873,7.047,6.008,1.866,47.271,4200.813,88.65
47.415,4.61,7.981,1.187,25.73,4673.769,92.863
173.429,1.161,6.608,4.862,86.147,4157.55,86.062
18.285,1.821,6.748,1.961,83.04,4512.457,89.84
93.207,2.46,6.86,2.734,86.089,4370.805,88.585
373.385,0.632,7.909,1.931,82.752,4514.02,89.502
162.734,7.114,6.664,2.634,14.178,4237.588,89.368
334.119,3.674,6.711,4.994,42.057,4036.87,86.05
358.442,0.935,7.352,1.793,19.962,4590.016,90.981
290.593,8.2,7.158,1.772,16.364,4250.567,89.802
479.349,6.837,8.389,2.171,78.368,4183.533,88.103
10.72,4.522,6.658,1.262,48.653,4510.879,90.979
369.326,2.474,6.23,3.825,9.979,4212.092,87.763
479.393,1.517,7.352,2.207,41.203,4416.567,89.209
431.136,4.584,6.461,3.114,99.337,3991.315,85.295
83.946,8.852,7.034,3.476,22.027,4127.171,88.707
163.41,1.884,6.468,0.659,40.319,4624.309,91.405
86.226,5.687,8.202,3.398,59.857,4333.286,89.44
300.654,9.617,6.819,2.897,20.759,4019.428,87.872
356.094,6.371,7.937,0.873,96.808,4316.212,89.105
158.537,4.4,8.372,1.06,63.855,4604.17,91.723
269.753,7.164,8.351,2.484,23.711,4346.292,90.375
345.46,8.246,7.312,2.058,45.214,4149.915,88.521
210.67,5.905,8.458,2.469,36.729,4424.89,90.653
427.008,8.718,7.64,3.36,13.109,4052.365,88.008
385.775,5.146,6.321,1.195,29.176,4304.096,89.293
32.333,8.3,8.221,3.481,55.818,4231.177,89.244
310.563,9.52,7.172,4.182,9.723,3948.279,87.242
117.663,5.012,6.382,0.513,5.782,4565.839,92.104
278.759,6.05,7.979,2.158,54.592,4330.982,89.579
478.444,6.095,7.561,1.738,43.973,4250.374,88.892
439.531,7.814,8.205,2.444,19.637,4226.373,89.412
202.258,8.23,8.068,3.269,71.562,4124.219,87.995
145.757,0.272,6.8,1.344,9.7,4739.729,92.382
117.203,7.334,6.641,1.103,27.769,4372.916,90.652
266.257,7.838,7.835,3.78,11.028,4158.387,88.825
57.124,7.004,7.433,3.586,73.033,4159.896,87.97
274.638,7.137,6.175,2.574,63.639,4038.643,86.891
0.667,0.414,6.454,2.756,19.657,4609.465,91.022
161.925,4.42,6.378,1.714,56.179,4352.06,89.285
109.967,8.182,7.474,1.981,69.951,4245.344,89.208
485.609,9.34,6.214,1.94,4.383,4008.83,87.846
363.621,2.295,6.519,3.769,66.659,4145.212,86.474
174.827,5.792,7.363,3,31.841,4295.612,89.375
46.423,8.043,6.333,3.783,14.389,4100.839,88.277
258.4,7.524,6.621,3.158,82.294,3976.253,86.197
106.724,6.189,8.267,2.955,61.007,4346.34,89.71
268.215,0.187,7.743,1.943,55.107,4626.351,90.769
417.681,7.239,6.767,2.28,83.81,4010.358,86.437
307.896,7.732,8.193,4.493,27.246,4074.948,87.797
316.894,7.228,6.626,3.092,2.399,4128.734,88.432
270.515,7.658,7.473,2.86,94.924,4053.256,86.881
463.633,4.309,6.921,0.739,27.014,4416.913,90.192
465.951,9.938,7.88,3.519,63.701,3878.883,86.133
256.362,7.708,6.929,3.587,97.726,3925.162,85.587
152.88,5.787,6.622,3.608,24.129,4187.383,88.369
229.794,9.342,7.519,0.91,99.28,4180.325,88.613
93.279,9.082,7.863,1.852,54.327,4291.738,90.099
318.172,8.146,7.341,2.171,95.938,4058.794,87.072
250.046,5.637,7.791,4.219,9.518,4231.242,88.908
51.65,5.271,7.055,4.913,53.571,4117.683,87.222
98.824,3.287,7.989,2.366,94.492,4459.475,89.636
239.816,2.509,7.463,2.994,16.397,4468.688,90.276
443.794,5.124,6.491,0.533,28.245,4361.193,89.867
283.195,5.778,8.227,0.54,22.035,4594.179,92.455
340.768,2.445,8.092,0.835,96.579,4539.876,90.167
169.514,9.226,8.41,3.738,27.09,4166.981,89.167
285.706,5.573,7.423,1.302,12.975,4464.652,91.189
223.69,5.265,7.689,3.91,79.884,4143.038,87.211
329.565,4.356,8.159,2.443,51.837,4385.275,89.641
25.288,0.581,6.131,4.325,59.4,4320.183,87.782
246.65,8.824,8.281,4.416,61.075,3999.734,87.034
147.996,3.17,6.678,4.459,61.688,4165.996,86.994
163.093,6.425,6.143,2.946,45.972,4124.963,87.717
480.459,6.074,6.594,4.048,97.581,3815.466,84.001
91.347,5.845,7.466,3.479,18.237,4324.339,89.814
155.623,5.257,6.12,1.34,95.828,4245.617,88.075
254.946,1.814,6.002,2.217,29.948,4400.42,89.249
431.513,2.806,7.598,4.831,19.802,4181.114,87.455
208.335,5.242,7.133,3.977,62.948,4123.536,87.178
371.933,7.893,8.111,1.683,89.293,4183.512,88.31
428.187,4.32,6.644,1.764,36.929,4284.002,88.767
155.008,2.039,6.702,1.644,8.467,4609.396,91.621
196.375,0.879,6.194,1.98,54.117,4471.026,89.433
178.278,6.63,7.346,4.677,98.532,3949.182,85.496
416.428,4.233,6.915,2.451,39.567,4247.365,88.348
22.173,1.254,6.849,2.139,2.975,4691.291,92.259
154.211,6.745,7.144,1.576,50.587,4341.264,89.93
339.704,2.076,8.124,4.516,38.991,4309.216,88.325
282.722,5.09,6.263,4.808,7.602,4034.405,86.795
218.145,3.062,7.309,1.956,87.608,4397.923,89.022
269.974,9.317,6.491,3.275,62.258,3896.267,86.135
98.792,2.283,6.531,4.813,16.267,4275.729,88.279
215.358,4.199,6.642,2.748,92.669,4186.441,87.197
250.851,9.595,7.149,2.609,58.048,4032.684,87.625
450.595,3.187,7.236,2.875,69.23,4213.017,87.394
130.418,6.446,8.179,0.649,58.758,4547.93,91.825
433.914,3.167,8.23,1.851,97.857,4366.94,88.641
322.121,1.107,7.467,3.645,89.173,4287.376,87.314
10.17,6.275,6.704,4.85,2.635,4161.193,88.468
362.316,9.16,8.046,3.059,2.445,4154.611,89.27
17.776,4.526,7.982,1.357,49.33,4628.676,92.151
498.691,6.262,7.995,2.421,32.092,4230.805,88.866
436.318,6.089,6.041,2.705,54.348,4002.278,86.306
148.672,4.151,7.885,1.185,34.497,4619.09,92.091
128.706,6.149,8.132,1.982,87.942,4367.317,89.638
190.721,2.593,7.513,2.503,17.81,4540.34,91.003
178.083,3.78,7.878,1.679,6.67,4628.553,92.353
186.169,4.423,7.94,2.092,34.949,4500.652,90.984
159.138,8.64,7.266,1.743,14.775,4311.213,90.556
310.567,3.483,8.034,3.258,59.56,4329.065,88.74
82.132,6.351,7.981,3.104,47.777,4333.514,89.763
422.991,2.134,8.29,2.983,71.088,4370.389,88.633
406.201,2.526,8.303,0.935,8.207,4691.014,92.586
238.242,6.484,7.324,1.326,75.684,4305.124,89.24
426.365,7.623,6.079,0.999,28.38,4156.904,88.572
123.573,4.621,6.048,0.785,67.472,4398.512,89.697
8.783,3.351,8.347,1.611,29.809,4742.098,93.128
309.604,9.103,6.843,1.375,83.545,4069.777,87.593
228.955,1.358,6.944,3.762,83.575,4268.604,87.258
283.582,7.207,7.175,3.631,31.325,4089.53,87.744
449.67,6.902,6.664,1.406,91.046,4073.835,86.898
484.963,6.902,7.476,1.245,32.783,4269.93,89.442
317.227,9.354,7.962,1.152,89.674,4175.281,88.662
382.028,7.282,6.643,1.94,20.121,4174.962,88.733
41.904,3.016,7.858,1.824,29.504,4672.639,92.336
80.358,3.534,7.68,0.628,88.535,4611.21,91.287
366.602,3.911,7.314,3.055,9.001,4328.995,89.373
215.683,0.308,6.814,4.541,70.477,4263.047,87.018
222.983,9.135,8.182,2.925,68.517,4120.427,88.26
154.304,0.736,7.007,0.787,97.244,4613.569,90.384
303.678,6.998,6.937,3.198,97.255,3977.621,85.903
92.583,7.302,7.603,2.682,48.569,4283.603,89.541
313.458,8.437,8.301,4.581,66.182,3961.014,86.479
86.899,5.534,7.27,2.134,16.423,4460.579,91.102
31.913,7.253,7.807,3.884,23.382,4266.929,89.611
165.179,3.027,7.142,0.673,56.285,4600.401,91.349
115.57,7.456,6.547,3.747,24.522,4100.41,87.996
444.496,3.434,6.31,0.687,22.47,4423.404,90.04
27.477,9.028,6.341,2.051,3.261,4257.28,90.249
88.307,1.634,6.053,4.766,8.261,4286.327,88.271
274.36,3.158,7.382,3.664,71.432,4233.862,87.572
240.534,4.988,6.328,4.663,2.419,4092.027,87.392
22.926,7.759,8.164,2.731,89.682,4264.538,89.076
3.626,7.488,8.457,3.228,8.787,4429.139,91.45
494.034,2.107,7.24,2.83,16.501,4355.603,89.023
329.417,1.442,7.124,2.655,34.694,4440.715,89.493
182.703,3.04,6.87,3.102,72.939,4287.6,88.059
235.216,4.838,7.595,0.675,70.371,4491.775,90.665
133.275,5.39,7.52,1.336,25.409,4531.49,91.678
172.437,4.291,6.858,1.466,33.372,4471.734,90.671
324.522,6.631,6.858,2.223,82.302,4105.1,87.217
441.406,4.276,7.612,2.455,50.181,4280.807,88.589
92.065,9.463,7.386,3.829,46.362,4043.842,87.814
420.181,2.61,7.796,1.245,63.714,4487.143,90.017
60.778,6.274,8.353,3.065,46.228,4392.366,90.343
107.496,6.114,7.949,1.725,43.966,4474.998,91.144
18.588,2.816,6.761,2.82,80.062,4383.838,88.882
70.406,4.117,7.898,3.32,93.211,4330.335,88.606
458.652,3.655,7.125,3.121,55.377,4177.586,87.319
229.719,1.725,7.944,1.469,29.644,4687.095,92.092
38.833,4.773,8.216,3.693,95.021,4304.283,88.525
479.863,3.867,6.625,3.442,70.492,4044.034,85.895
439.496,1.783,6.597,4.694,65.778,4049.797,85.375
377.341,4.499,7.082,3.354,61.06,4137.057,87.11
466.736,4.218,6.129,3.741,74.297,3945.853,84.981
110.065,1.314,7.714,4.15,77.786,4380.173,88.418
418.185,1.312,7.874,0.977,79.327,4556.383,90.164
344.996,6.475,6.864,3.634,97.604,3931.547,85.282
434.88,7.066,7.163,1.934,41.709,4168.812,88.391
398.456,9.412,7.476,4.204,25.021,3907.312,86.646
173.248,0.87,6.184,2.661,40.016,4442.16,89.282
387.199,1.179,7.778,3.113,76.913,4360.191,88.186
131.228,0.518,7.317,1.672,54.529,4663.942,91.25
164.296,5.322,7.561,3.428,86.604,4191.84,87.649
53.953,6.227,7.81,0.66,24.378,4627.81,92.903
467.538,4.035,7.689,3.869,73.966,4098.569,86.457
145.502,7.979,6.238,1.235,25.686,4277.273,89.91
260.311,6.867,7.956,1.524,80.112,4309.509,89.354
195.666,9.858,7.525,0.504,44.385,4322.579,90.739
479.964,1.379,7.787,1.909,98.952,4380.958,88.234
167.525,0.583,6.654,2.247,67.205,4493.334,89.436
389.273,2.748,6.554,1.553,74.431,4319.156,88.272
427.708,0.191,8.065,1.536,5.23,4719.09,92.196
217.803,9.326,6.976,4.518,70.604,3829.341,85.385
189.086,3.04,7.438,1.969,42.464,4515.487,90.642
373.873,5.524,7.379,3.75,32.99,4133.74,87.665
456.448,3.181,7.463,1.568,79.724,4342.762,88.585
377.466,2.458,6.174,4.141,23.635,4144.401,86.945
113.563,1.524,6.756,3.55,19,4449.67,89.764
444.154,3.204,6.166,3.903,36.176,4071.716,86.316
193.791,6.154,7.2,2.478,63.306,4241.033,88.624
288.115,9.716,8.255,4.458,26.474,3996.904,87.619
415.718,5.581,6.973,2.183,56.301,4179.481,87.906
94.197,5.327,7.956,3.204,39.1,4383.557,90.043
392.255,0.353,6.718,3.38,40.275,4339.471,88.098
298.081,8.401,8.141,4.785,21.109,4024.246,87.552
446.671,0.448,7.049,1.105,32.888,4582.808,90.634
85.985,9.062,6.888,1.11,28.111,4325.452,90.692
210.341,5.387,7.744,2.579,25.1,4391.739,90.282
416.422,1.685,7.282,4.63,8.997,4254.707,87.962
9.616,4.517,6.843,0.598,43.874,4606.162,91.978
56.101,9.95,6.145,1.743,25.224,4164.209,89.375
495.283,3.051,6.417,1.776,96.141,4171.582,86.67
140.197,2.695,7.931,1.872,60.569,4579.886,91.002
487.772,1.18,8.302,0.611,46.74,4672.698,91.614
91.266,5.971,6.422,4.215,34.461,4107.561,87.522
180.547,0.892,7.424,0.54,46.616,4760.232,92.404
376.435,7.66,6.085,2.65,34.805,4002.745,86.977
328.889,9.192,6.727,0.754,85.829,4101.636,87.916
290.561,9.319,7.122,4.094,26.328,3938.935,86.922
264.95,1.079,7.84,3.86,28.716,4454.14,89.578
421.72,5.583,6.11,3.747,71.252,3903.842,85.001
117.474,0.971,7.953,3.813,90.192,4426.313,88.653
221.235,5.72,6.507,4.731,68.331,3944.265,85.475
77.726,8.15,7.899,2.376,9.388,4387.188,91.223
297.971,5.378,7.564,4.377,89.999,4020.78,85.921
125.272,8.721,6.849,1.329,77.163,4199,88.835
166.921,8.017,7.809,2.531,24.732,4294.107,90.099
235.625,2.765,6.591,0.54,7.198,4634.588,92.104
13.385,6.301,6.549,1.779,72.03,4311.264,89.283
45.969,0.074,6.154,2.562,24.223,4584.127,90.621
342.965,3.96,6.983,4.592,52.857,4063.871,86.298
214.485,2.38,6.244,1.926,9.867,4485.843,90.474
432.395,9.371,7.049,3.526,57.248,3853.04,85.769
347.336,4.054,6.025,4.253,3.126,4094.552,87.13
4.05,6.541,6.388,1.969,53.865,4305.044,89.474
308.356,7.32,8.331,1.262,83.536,4319.7,89.558
46.862,7.732,7.989,3.16,58.494,4255.828,89.293
390.467,7.358,6.59,1.78,88.58,4040.787,86.729
495.754,2.892,7.796,3.436,55.339,4232.832,87.642
265.599,6.861,7.671,1.106,69.056,4342.56,89.793
341.39,5.49,6.442,1.182,37.261,4306.293,89.337
118.657,5.974,6.928,3.542,30.383,4219.818,88.686
218.799,0.008,8.284,4.881,34.246,4462.025,89.28
428.048,2.583,7.847,1.611,11.177,4558.07,91.244
83.711,9.307,7.901,3.713,26.185,4159.259,89.123
132.768,2.901,7.41,2.894,39.317,4461.498,90.092
222.717,4.38,7.664,4.297,34.813,4236.663,88.333
356.124,1.867,7.272,2.25,50.063,4430.66,89.366
187.942,1.386,7.852,4.873,49.338,4336.003,88.282
463.866,2.087,7.832,0.871,73.805,4512.226,90.01
47.229,5.536,6.078,4.931,40.179,4033.884,86.598
185.402,9.19,7.579,4.308,68.045,3938.831,86.465
354.477,3.262,7.575,4.399,89.172,4098.865,86.076
112.993,3.234,6.168,4.291,46.121,4177.305,87.282
328.207,5.641,7.026,4.378,55.789,4007.004,86.205
82.108,3.567,8.247,4.168,68.041,4352.372,88.914
27.99,9.104,8.384,4.548,49.917,4114.541,88.377
60.508,3.778,7.956,2.574,17.157,4584.701,91.809
464.992,4.904,6.379,4.727,30.064,3927.342,85.444
275.875,5.334,6.937,2.232,3.79,4358.233,90.145
398.173,7.821,6.456,3.778,68.676,3840.334,85.063
166.327,5.639,7.63,3.697,28.678,4270.903,89.114
296.329,2.392,7.933,4.194,82.538,4241.065,87.303
247.476,1.24,8.209,3.823,65.935,4421.067,88.923
472.869,9.378,8.152,0.659,73.877,4196.166,89.036
373.787,8.016,6.248,3.826,88.364,3777.781,84.299
365.271,0.23,6.314,0.605,43.144,4590.528,90.543
23.177,8.215,8.274,2.9,19.673,4375.766,91.026
274.835,5.906,8.109,4.275,93.616,4063.471,86.47
233.496,5.189,7.151,4.233,99.587,4016.417,85.725
463.921,0.122,7.075,4.286,22.579,4295.689,87.768
128.671,7.809,7.382,3.211,74.358,4113.631,87.735
134.917,1.981,7.492,1.327,8.155,4733.643,92.849
205.673,7.28,6.636,2.786,3.72,4210.698,89.254
121.685,0.159,7.009,2.823,67.838,4514.188,89.511
64.592,7.964,7.549,1.961,26.261,4375.783,90.884
428.707,0.23,6.516,2.408,86.917,4311.014,87.31
279.138,2.359,8.497,4.425,51.794,4346.125,88.651
430.681,2.683,6.707,2.831,78.422,4181.343,86.834
415.567,1.575,7.381,3.671,11.243,4361.944,88.98
141.021,4.811,7.385,2.731,87.572,4279.242,88.36
273.869,2.837,7.129,3.279,19.804,4366.623,89.319
41.609,9.933,6.604,0.917,57.254,4236.765,89.775
457.626,5.8,7.413,4.691,61.359,3930.698,85.433
202.131,5.665,6.228,2.462,7.529,4277.221,89.396
196.838,2.209,6.967,3.867,97.779,4205.584,86.741
151.378,4.087,6.561,3.502,30.922,4263.99,88.557
230.332,1.24,6.31,4.097,71.697,4200.822,86.663
125.88,7.625,8.314,0.657,63.533,4494.407,91.596
187.426,3.312,7.75,4.709,4.275,4336.234,89.313
399.974,7.52,6.422,4.234,86.374,3770.104,84.093
417.128,3.717,8.373,4.252,31.139,4255.467,88.358
152.091,9.888,6.54,2.602,25.657,4072.06,88.43
234.507,1.711,6.589,4.083,6.797,4334.15,88.787
436.91,0.015,6.333,3.088,25.783,4353.703,88.284
26.337,5.948,7.82,2.766,62.386,4370.045,89.861
444.572,9.53,7.427,4.032,20.886,3898.969,86.64
109.592,6.471,6.146,3.325,47.184,4109.362,87.563
339.27,0.857,6.063,0.847,80.17,4448.765,88.943
291.276,5.405,7.332,1.915,95.564,4234.63,88.012
276.47,9.095,7.629,3.299,70.349,3999.265,87.018
429.68,0.065,8.057,4.567,20.378,4390.16,88.717
50.786,1.669,7.196,4.699,38.931,4363.007,88.741
173.514,8.146,7.691,4.275,55.851,4035.883,87.244
269.126,8.939,7.834,1.644,87.269,4162.918,88.438
405.644,7.072,7.533,2.63,55.225,4123.39,87.803
108.222,9.916,6.881,2.45,49.638,4093.861,88.417
401.465,0.902,6.33,2.474,26.711,4386.303,88.867
199.819,5.457,7.619,0.724,50.461,4515.812,91.291
94.457,6.85,7.922,1.281,32.553,4509.205,91.822
379.493,7.026,6.475,1.19,56.882,4173.658,88.276
45.449,7.935,7.237,3.278,81.063,4114.353,87.713
257.384,9.176,6.993,2.353,94.627,3987.244,86.679
31.938,3.616,6.514,1.96,81.15,4396.361,89.237
178.209,0.43,6.613,2.498,83.002,4434.981,88.649
300.538,3.624,6.594,1.959,36.441,4359.15,89.314
278.058,6.716,7.047,3.909,69.855,3999.325,86.31
202.328,2.135,6.976,1.252,39.421,4585.713,91.103
214.524,8.1,7.385,0.753,3.399,4444.238,91.838
113.385,2.198,6.233,3.428,88.57,4236.771,87.141
227.941,0.101,7.453,1.538,6.177,4760.196,92.57
476.627,5.081,6.055,3.395,12.437,4048.724,86.887
425.226,7.265,6.643,0.763,2.821,4306.515,90.216
72.616,3.497,7.255,1.612,7.658,4637.888,92.351
14.89,7.489,7.717,1.192,6.842,4556.909,92.747
466.762,4.384,7.928,1.808,68.053,4323.323,88.868
263.375,1.717,6.089,1.98,85.496,4322.368,87.884
268.919,0.906,7.344,2.728,79.872,4422.05,88.693
390.359,7.106,6.886,2.841,63.002,4028.069,86.782
157.344,3.857,7.737,3.335,78.814,4311.026,88.479
240.954,9.128,6.709,1.992,46.2,4102.438,88.301
484.331,5.403,7.859,2.894,90.734,4102.76,86.741
336.074,3.484,7.506,4.956,46.531,4119.691,86.777
76.873,3.49,7.974,1.448,3.793,4732.113,93.33
66.613,1.314,8.461,1.187,70.545,4787.265,92.562
102.132,5.938,8.271,4.292,83.243,4183.546,87.784
383.356,5.822,7.483,2.347,23.233,4284.43,89.358
147.689,8,8.234,4.311,32.467,4153.569,88.611
10.694,2.012,6.383,2.411,69.801,4451.614,89.422
472.087,2.908,6.108,0.598,57.808,4353.946,88.834
84.857,0.972,7.333,2.187,89.107,4545.329,89.854
4.779,2.953,8.436,3.246,48.29,4572.394,91.127
118.566,4.281,7.774,2.514,67.573,4417.555,89.784
117.514,9.64,6.763,2.567,27.892,4123.026,88.843
211.003,6.531,7.672,4.992,93.014,3949.889,85.528
460.195,7.829,6.1,2.949,37.61,3918.365,86.156
439.592,3.255,7.177,3.636,54.414,4162.654,87.059
228.447,1.445,6.593,3.744,62.032,4274.333,87.557
205.45,2.567,6.123,0.501,26.173,4578.791,91.296
277.505,2.565,6.625,2.986,32.358,4332.169,88.768
121.727,5.831,7.806,4.834,50.74,4143.338,87.675
26.092,3.415,7.378,3.879,27.815,4410.514,89.851
469.612,8.574,6.059,2.032,13.885,4011.391,87.547
93.349,9.885,7.024,2.141,83.822,4079.786,87.925
99.2,3.433,7.88,1.866,33.148,4613.87,91.837
236.23,7.051,8.387,3.336,42.183,4250.047,89.194
245.807,6.575,8.186,0.938,55.169,4462.812,91.049
9.217,1.945,6.004,1.805,84.4,4449.241,89.232
73.977,9.18,6.547,2.742,14.892,4154.703,89.152
189.077,1.994,6.519,2.908,62.969,4340.888,88.378
341.865,7.37,7.033,3.233,35.757,4069.016,87.543
114.209,3.476,7.614,4.088,87.085,4247.608,87.648
211.507,3.671,6.383,1.235,66.458,4392.601,89.363
278.673,4.554,8.289,1.513,15.374,4579.854,92.011
444.296,8.645,7.943,4.425,30.397,3936.543,86.655
163.035,1.403,7.048,4.24,4.58,4420.008,89.575
66.779,0.546,7.46,4.197,77.286,4411.046,88.501
244.636,4.02,7.355,1.439,41.866,4484.503,90.632
373.361,0.556,7.456,0.762,5.819,4743.232,92.541
54.93,6.876,8.15,2.855,2.332,4453.562,91.575
212.342,7.603,6.5,4.415,95.599,3830.979,84.635
8.893,8.547,7.709,1.569,85.381,4311.481,89.825
16.78,7.438,6.268,4.569,34.11,4021.338,87.104
241.477,9.164,7.148,1.137,52.142,4217.903,89.407
149.099,7.483,7.59,1.841,58.015,4310.087,89.766
422.554,9.361,6.031,1.842,52.014,3935.554,86.644
301.077,1.931,6.27,1.18,31.492,4498.943,90.254
226.966,4.999,6.228,4.428,39.667,4037.319,86.476
203.968,9.939,6.937,2.357,18.936,4121.187,89.004
248.623,6.816,7.555,1.358,4.288,4446.029,91.462
20.219,8.786,8.49,1.163,16.318,4550.666,92.979
446.397,0.304,6.635,2.394,2.293,4481.128,89.88
499.152,8.718,6.34,0.578,43.874,4103.008,88.207
90.744,6.977,7.037,1.045,66.428,4372.13,90.15
60.191,1.708,6.365,0.517,18.913,4731.531,92.638
71.789,0.257,6.061,0.61,53.858,4688.712,91.426
330.514,2.599,7.41,4.988,33.172,4180.608,87.254
330.72,9.158,8.199,2.52,12.879,4218.887,89.807
423.962,6.681,8.152,3.78,13.631,4163.886,88.507
375.913,9.195,6.252,3.817,62.193,3771.433,84.851
224.845,4.462,6.369,4.462,12.653,4129.882,87.511
306.428,9.366,7.228,0.967,55.773,4193.022,89.182
344.142,4.63,6.919,2.866,19.872,4262.082,88.811
256.368,2.043,7.758,1.948,86.747,4477.189,89.517
237.825,1.514,7.237,2.968,5.948,4520.413,90.599
322.549,9.938,6.05,1.995,39.322,3968.752,87.276
278.737,3.339,6.711,1.326,76.389,4379.416,89.032
321.971,1.601,8.254,3.528,75.166,4381.256,88.541
306.427,0.084,7.279,0.673,15.333,4772.5,92.597
359.598,2.856,7.995,4.529,20.476,4283.028,88.482
321.402,8.891,7.006,1.158,55.086,4169.323,88.81
259.871,5.34,7.692,3.268,68.741,4208.003,87.995
340.898,6.324,6.423,3.894,75.476,3915.24,85.295
224.741,9.224,7.841,0.828,62.434,4302.881,90.172
120.836,5.128,7.966,4.565,78.529,4166.268,87.416
0.709,8.383,6.225,2.103,44.548,4203.665,89.106
279.982,3.238,6.458,4.985,56.5,4032.393,85.73
295.328,9.771,7.157,0.81,43.89,4210.776,89.6
486.024,0.788,7.594,3.725,76.334,4251.725,86.99
180.739,7.248,7.594,1.223,18.306,4447.654,91.468
197.067,6.606,7.671,2.312,25.988,4355.046,90.272
100.9,1.917,7.786,2.494,83.846,4515.18,89.888
35.267,3.888,7.264,2.328,71.725,4438.167,89.831
386.402,3.128,7.437,2.019,73.782,4344.627,88.647
124.841,0.945,6.021,3.952,10.814,4375.564,88.931
304.452,5.848,6.417,4.19,48.956,3980.167,86.066
343.887,9.937,7.246,2.01,56.87,4041.097,87.823
235.618,5.596,7.864,2.672,78.212,4265.181,88.548
438.176,5.453,8.022,2.398,42.801,4285.12,89.059
221.897,0.403,7.822,3.171,54.53,4524.987,89.826
142.454,1.392,7.216,1.176,24.595,4713.954,92.311
448.008,5.132,6.703,4.126,83.38,3910.387,84.81
430.782,9.852,7.112,4.087,91.475,3711.593,84.157
82.02,8.766,6.023,3.157,46.952,4013.42,87.295
12.981,3.402,7.495,3.858,44.288,4398.555,89.563
44.993,5.43,6.186,4.948,33.498,4062.819,86.922
143.274,5.527,6.363,4.651,27.416,4068.4,87.068
486.13,6.854,7.565,3.252,55.784,4034.028,86.839
279.258,6.878,6.033,2.801,17.708,4104.27,87.929
186.631,7.898,7.434,2.905,59.342,4145.955,88.236
444.358,0.25,7.596,2.6,56.57,4451.813,89.027
226.568,9.437,7.971,2.661,69.713,4106.418,88.198
157.619,0.701,6.17,3.794,23.349,4377.053,88.747
470.61,4.762,6.007,4.965,70.494,3789.905,83.623
424.759,9.196,7.917,0.704,2.675,4343.803,91.17
421.834,4.877,6.725,1.536,53.908,4256.361,88.488
256.142,0.636,8.218,1.446,84.563,4648.192,90.827
394.719,2.292,6.462,4.248,73.053,4063.372,85.591
89.677,5.787,7.464,2.389,85.232,4302.864,88.912
286.611,0.879,6.274,2.863,15.686,4422.434,89.331
491.923,4.237,7.007,2.611,72.17,4137.413,86.923
145.479,3.291,8.205,4.342,47.439,4354.196,89.055
397.176,8.152,7.521,2.749,32.993,4105.034,88.166
245.239,1.101,7.724,3.505,36.221,4471.747,89.686
19.903,6.828,6.565,0.588,11.092,4524.19,92.179
381.51,4.066,8.307,3.436,69.998,4253.037,88.05
84.285,5.878,7.559,1.584,63.558,4434.309,90.471
315.737,2.055,6.265,4.401,16.109,4193.527,87.391
42.832,6.097,6.039,3.882,54.878,4079.665,87.077
473.434,6.74,6.04,0.992,13.837,4203.421,88.918
145.862,0.702,6.128,0.966,32.021,4644.151,91.332
113.232,8.243,8.279,1.818,5.368,4466.53,92.085
64.568,8.613,6.896,1.066,62.486,4295.118,89.91
473.001,0.636,6.746,3.831,2.231,4318.671,88.355
355.952,6.032,7.041,4.941,26.813,3976.874,86.31
370.83,5.94,7.024,3.449,27.403,4120.301,87.711
249.702,0.125,6.596,1.621,75.087,4516.298,89.449
237.364,3.423,6.23,3.039,45.612,4237.955,87.95
55.011,9.689,6.272,4.125,57.748,3887.15,86.201
279.921,5.555,7.498,4.83,25.66,4097.798,87.388
123.458,9.332,6.992,0.523,55.215,4308.161,90.329
488.573,6.756,8.256,2.857,15.771,4226.302,89.132
398.29,0.284,7.159,2.539,99.244,4350.16,87.594
206.496,0.777,7.259,2.365,52.18,4542.886,90.14
75.671,7.222,8.321,2.767,88.059,4280.292,89.089
392.666,5.546,7.254,2.316,11.463,4297.289,89.522
61.027,1.272,7.255,2.048,59.452,4607.696,90.864
94.667,6.141,6.908,1.017,67.434,4399.895,90.167
105.76,8.103,7.776,2.749,79.106,4186.436,88.504
278.445,7.53,6.981,4.195,49.106,3964.658,86.414
393.528,2.462,7.471,0.971,4.572,4620.962,91.902
157.157,2.582,7.118,3.823,26.858,4368.136,89.187
42.335,9.678,7.322,1.705,28.781,4299.044,90.606
232.269,8.874,8.068,2.216,32.525,4260.31,89.94
374.055,3.183,7.034,4.946,10.128,4142.343,87.277
110.832,8.241,6.575,3.538,1.063,4134.106,88.803
109.962,1.617,7.426,3.736,52.449,4428.231,89.243
473.614,1.968,8.344,3.211,73.941,4330.191,88.153
477.077,1.812,7.733,1.951,23.78,4501.542,90.321
495.233,0.877,6.771,3.538,69.687,4192.438,86.491
403.83,8.547,8.407,2.558,73.381,4108.962,87.92
94.092,5.788,6.857,4.244,41.713,4141.367,87.733
105.991,2.59,8.458,3.07,52.98,4550.405,90.751
170.113,8.487,6.48,3.971,32.086,3977.386,86.999
159.066,8.026,8.499,4.318,38.147,4160.933,88.636
478.264,1.01,6.19,4.195,59.321,4091.222,85.622
394.537,6.441,7.783,2.309,36.83,4254.364,89.108
362.004,7.218,7.851,2.159,50.608,4226.035,88.92
92.982,7.158,7.699,4.411,74.633,4075.143,87.153
454.763,7.231,7.944,1.144,96.496,4198.062,88.185
413.935,1.695,7.18,1.757,89.215,4372.101,88.337
81.821,3.151,6.135,1.045,91.535,4427.55,89.305
435.585,8.442,6.894,0.689,91.211,4098.194,87.602
136.124,8.984,7.606,3.271,24.912,4166.36,89.11
40.435,2.792,7.616,4.554,94.695,4257.009,87.461
328.411,0.23,6.488,1.082,23.014,4618.818,91.027
326.902,8.598,6.633,4.081,86.557,3788.733,84.601
47.466,3.771,7.217,2.207,58.527,4471.638,90.262
159.426,3.295,7.822,3.282,84.031,4341.484,88.563
496.407,3.47,8.132,3.937,98.24,4101.332,86.072
339.213,4.157,6.216,3.695,87.695,3999.241,85.363
365.038,3.783,8.314,1.115,81.834,4484.568,90.162
106.459,5.664,8.319,1.019,21.444,4650.677,92.992
39.391,0.789,6.02,4.659,86.131,4204.669,86.422
138.451,9.715,7.266,0.858,17.41,4351.025,91.251
124.449,9.365,7.468,1.483,51.759,4264.538,89.937
117.272,9.344,7.384,2.473,50.732,4163.868,88.935
96.377,8.793,7.539,4.195,52.355,4041.95,87.534
287.378,6.603,7.258,3.212,72.591,4085.621,87.111
164.052,2.211,6.735,3.07,40.207,4393.424,89.195
410.173,0.495,6.239,3.614,46.208,4240.303,87.089
91.974,0.993,6.521,4.11,66.243,4312.99,87.765
232.314,3.24,7.851,1.546,68.555,4515.166,90.438
6.829,5.039,6.603,0.585,44.316,4557.773,91.646
240.841,9.933,8.074,1.072,6.162,4370.817,91.626
27.919,4.354,7.009,1.243,26.65,4591.568,91.956
488.862,5.246,7.036,0.68,94.458,4239.94,88.029
395.296,6.952,8.171,3.864,92.814,3999.888,86.156
245.056,1.807,6.536,4.482,65.315,4161.831,86.507
43.294,9.328,6.474,3.698,19.338,4050.875,88.114
296.223,5.29,8.464,1.349,10.475,4577.892,92.261
379.382,2.763,7.352,3.229,95.003,4194.426,86.823
95.359,9.351,6.476,2.843,87.444,3973.237,86.663
284.104,6.255,6.415,4.19,40.395,3986.901,86.341
407.105,4.837,8.154,4.74,63.331,4069.323,86.511
384.124,5.802,7.5,3.843,91.501,4000.499,85.83
401.496,7.483,6.288,2.806,14.677,4043.864,87.537
439.662,1.545,8.217,2.8,63.99,4416.675,88.99
468.841,8.648,7.11,4.135,92.029,3746.578,84.14
202.761,9.595,8.473,1.051,83.816,4293.442,89.975
284.385,5.67,6.704,1.19,29.426,4366.905,90.076
395.33,6.823,7.322,2.046,95.253,4098.318,87.077
348.57,8.598,6.433,3.862,21.113,3910.635,86.475
497.76,3.748,7.099,0.797,21.649,4450.654,90.414
6.839,9.928,6.441,2.049,10.564,4218.225,90.055
177.567,6.805,6.768,1.933,12.694,4329.043,90.205
140.514,4.24,6.675,2.686,76.404,4263.821,88.146
131.158,6.773,6.708,2.587,28.31,4251.232,89.261
111.265,5.217,8.425,3.715,87.044,4280.414,88.499
354.562,1.116,6.096,3.315,85.903,4173.202,86.208
42.38,7.959,7.242,4.562,12.532,4123.783,88.5
370.804,5.644,7.573,1.313,53.703,4351.021,89.666
346.713,7.958,7.652,2.444,74.207,4101.062,87.656
125.402,1.549,7.886,2.3,68.582,4581.273,90.592
126.417,5.384,7.902,1.006,11.263,4634.694,92.849
314.43,7.666,8.389,1.242,32.853,4408.471,91.056
381.086,9.883,7.889,2.015,61.586,4079.567,88.145
438.243,8.844,8.059,3.807,58.849,3946.243,86.527
426.07,8.643,7.331,1.176,81.589,4107.119,87.848
482.441,2.475,7.644,1.694,6.552,4516.971,90.847
290.692,8.38,7.195,3.544,48.555,4003.693,87.065
454.328,1.693,6.691,3.185,85.046,4168.714,86.345
404.257,1.981,6.783,0.97,99.372,4381.442,88.415
447.334,1.101,6.901,4.747,13.721,4209.299,87.286
5.813,8.576,6.852,1.166,64.945,4306.953,89.993
482.951,1.083,7.333,0.776,1.132,4657.79,91.891
236.765,1.381,6.619,1.869,35.603,4516.349,90.222
399.091,2.459,7.292,0.619,45.03,4554.7,90.834
63.602,5.727,8.291,0.638,35.241,4676.621,93.132
197.971,8.802,7.015,3.104,62.826,4026.333,87.276
135.73,4.182,6.557,4.518,2.523,4221.809,88.448
145.829,5.463,6.867,2.311,90.917,4227.676,88.006
61.628,1.665,8.192,1.86,32.534,4754.131,92.715
402.882,2.659,8.354,4.616,15.886,4307.657,88.716
4.621,1.339,8.217,0.777,43.886,4886.969,93.833
156.253,4.099,6.718,2.63,51.885,4321.991,88.931
87.205,5.903,6.97,1.637,6.15,4482.22,91.532
294.519,2.84,8.437,2.218,80.109,4472.476,89.776
127.126,8.46,6.81,2.349,74.007,4111.531,87.913
129.499,9.812,6.345,2.953,51.668,3980.449,87.232
244.169,1.202,6.705,2.54,19.41,4495.578,90.122
326.345,0.179,8.41,4.946,92.732,4288.807,87.014
60.652,7.898,7.04,0.615,79.623,4358.028,90.153
87.756,1.906,8.335,3.909,24.138,4555.05,90.881
123.587,3.531,6.26,0.729,73.863,4466.98,89.991
486.874,3.942,7.915,2.44,11.035,4384.909,89.921
198.576,9.166,6.233,1.408,12.726,4199.465,89.617
299.495,6.588,6.494,4.754,45.014,3904.793,85.574
120.771,0.406,7.54,3.751,70.471,4457.273,88.99
245.23,0.148,7.086,2.583,91.813,4436.693,88.493
37.06,1.996,7.667,4.785,97.128,4275.59,87.383
17.371,3.182,8.434,3.746,69.499,4462,89.88
234.367,4.845,6.132,4.784,78.537,3918.286,84.851
199.33,8.378,6.479,3.671,51.534,3959.195,86.59
68.44,3.148,7.601,0.85,6.536,4770.386,93.583
343.801,3.765,8.241,3.273,13.404,4409.817,90.094
496.452,3.293,7.994,4.912,97.108,4001.144,85.028
197.823,0.09,7.164,1.464,39.907,4686.805,91.496
312.279,9.552,7.864,4.067,77.415,3891.065,86.002
481.488,1.39,6.52,1.331,22.826,4463.045,89.819
415.767,2.877,6.034,2.535,53.758,4190.692,87.232
231.776,1.293,7.425,0.881,16.116,4741.633,92.643
368.745,4.905,8.033,2.033,81.064,4308.275,88.744
64.068,9.322,7.084,3.993,17.638,4075.665,88.377
256.052,1.007,7.423,0.704,70.888,4651.79,91.111
139.53,4.409,7.055,1.941,15.94,4489.363,91.057
80.582,0.224,7.285,3.334,82.048,4479.547,89.042
213.14,7.709,8.211,4.769,50.789,4050.639,87.311
65.507,6.412,7.195,1.604,41.83,4422.099,90.726
349.493,6.997,6.019,1.279,34.341,4180.673,88.562
228.12,4.723,8,1.417,69.085,4469.912,90.425
265.572,9.076,7.544,1.566,9.717,4291.828,90.544
73.188,4.096,7.826,3.372,85.764,4332.454,88.696
69.886,5.141,8.253,4.994,76.363,4181.159,87.59
291.708,6.953,6.716,2.856,37.922,4116.595,87.873
492.505,5.206,7.258,1.721,97.786,4151.519,87.099
48.125,1.893,7.506,3.861,83.374,4379.01,88.524
142.866,3.171,6.863,1.212,27.811,4579.544,91.469
434.73,0.923,8.115,0.635,88.886,4606.727,90.455
36.136,4.326,7.744,3.224,10.798,4496.051,91.15
437.943,6.094,7.834,1.446,69.268,4276.516,88.901
262.143,1.185,8.02,2.297,14.003,4654.003,91.756
204.133,6.306,6.645,1.54,97.617,4197.916,87.895
154.84,8.929,7.864,4.631,5.92,4087.586,88.495
148.559,3.377,7.935,2.021,24.043,4600.129,91.774
152.901,2.22,8.106,2.521,53.483,4564.082,90.772
442.402,8.93,7.221,1.557,58.812,4081.127,87.902
361.898,6.919,7.26,0.882,51.779,4307.386,89.632
334.862,1.054,6.245,2.807,74.27,4275.227,87.326
399.375,4.081,8.13,4.409,1.154,4266.054,88.873
128.557,6.741,7.334,2.083,56.818,4310.156,89.556
309.021,5.744,7.486,4.014,61.881,4081.709,86.921
230.033,6.185,6.304,0.647,21.698,4397.998,90.619
391.221,5.671,7.505,1.56,66.255,4282.79,88.867
154.628,7.981,6.105,1.092,65.744,4193.491,88.672
321.589,3.204,8.308,2.313,53.485,4471.526,90.142
441.106,7.085,8.159,4.524,26.67,4035.311,87.212
201.075,9.911,6.486,2.181,42.24,4049.942,88.05
33.311,3.9,7.485,3.215,27.972,4459.375,90.484
258.025,7.91,7.507,4.542,77.203,3917.568,85.777
172.986,2.461,8.009,2.119,62.241,4554.924,90.665
336.113,2.819,7.892,2.146,15.97,4533.695,91.023
475.516,9.349,8.483,0.896,57.193,4239.141,89.624
242.804,0.259,6.877,2.071,90.423,4465.421,88.828
233.095,2.174,6.312,3.858,83.447,4153.231,86.35
327.292,4.829,7.434,4.301,89.229,4029.72,85.854
51.749,4.018,7.91,3.752,91.784,4305.394,88.342
126.753,6.292,6.714,0.531,19.633,4501.105,91.702
459.49,1.927,6.591,1.026,72.244,4385.819,88.714
334.971,0.705,8.006,3.789,64.792,4389.329,88.457
6.722,3.693,7.884,4.741,4.306,4417.713,90.242
102.313,5.244,6.508,3.629,78.042,4118.517,86.978
341.419,5.62,8.173,1.517,21.512,4470.837,91.179
382.2,6.015,6.337,0.984,91.784,4159.867,87.485
419.93,5.487,6.273,4.447,83.693,3830.972,84.119
146.088,2.458,6.878,0.946,77.12,4543.052,90.397
465.514,7.645,8.216,1.18,69.982,4248.671,89.081
276.473,0.878,7.739,3.185,47.538,4478.145,89.569
348.27,1.984,6.987,1.355,79.987,4429.896,89.094
298.369,7.394,6.393,1.524,82.104,4103.814,87.435
61.37,2.797,7.784,1.14,10.75,4772.306,93.455
481.557,4.935,7.498,4.749,33.775,4019.775,86.34
61.438,3.272,8.469,1.062,32.349,4781.69,93.475
127.441,5.07,7.914,4.691,13.337,4278.405,89.172
406.814,3.467,6.255,1.968,97.603,4156.801,86.632
309.298,9.942,7.821,4.197,58.776,3893.047,86.325
419.075,3.575,6.644,4.775,59.39,3979.807,85.277
257.868,6.27,8.405,2.837,38.863,4336.623,89.859
188.497,8.883,6.048,3.966,77.1,3815.621,85.05
460.923,6.379,6.596,1.697,48.089,4144.275,87.876
18.126,5.659,7.247,2.223,74.482,4361.459,89.567
428.065,5.692,6.198,2.988,87.924,3946.429,85.293
115.409,4.965,6.86,4.327,66.036,4115.302,86.982
424.368,8.076,7.243,3.293,62.689,3953.623,86.332
69.598,0.504,7.117,0.599,78.905,4733.968,91.702
290.109,8.851,7.151,1.872,50.798,4138.777,88.535
444.054,5.863,8.198,4.392,81.353,4002.64,85.972
236.77,8.489,7.263,1.581,10.157,4305.08,90.496
373.283,0.104,8.353,2.156,24.951,4677.954,91.561
402.336,8.693,6.369,2.253,92.535,3890.73,85.59
368.247,1.201,6.701,1.195,17.948,4570.472,90.886
462.665,7.212,7.641,2.074,45.853,4173.065,88.436
223.417,4.165,6.708,4.178,48.591,4135.789,87.122
86.563,6.811,6.868,4.321,42.334,4086.241,87.482
23.906,6.282,8.253,3.114,86.824,4314.158,89.158
123.23,1.634,7.346,3.554,75.224,4385.446,88.592
71.599,5.146,6.837,2.906,81.21,4237.58,88.108
278.974,2.772,7.942,0.699,99.138,4547.876,90.319
92.473,5.604,6.177,3.635,97.507,4032.689,86.033
19.467,7.38,7.409,4.984,89.318,3985.096,86.172
17.995,0.813,6.249,1.525,56.998,4608.775,90.762
415.785,5.158,6.442,4.92,30.829,3924.813,85.487
295.725,6.176,6.156,4.99,72.647,3814.642,84.273
179.043,2.954,8.254,1.137,94.978,4584.577,90.782
447.114,9.53,6.121,4.668,99.033,3547.166,82.34
35.098,5.203,7.291,3.54,61.709,4273.995,88.684
490.161,1.825,6.562,2.599,70.379,4219.279,87.037
308.146,1.078,6.959,2.051,28.594,4525.645,90.294
91.732,5.417,7.234,3.334,20.956,4331.396,89.729
339.535,3.752,7.125,4.293,64.245,4097.384,86.457
381.691,1.925,7.87,0.653,23.289,4687.979,92.225
214.671,0.307,8.28,2.91,40.139,4634.049,91.031
430.816,5.666,6.751,3.426,49.765,4034.211,86.544
75.366,5.986,6.061,0.615,93.337,4320.957,89.072
139.419,1.418,8.235,4.501,97.778,4337.234,87.82
46.746,6.017,8.447,4.783,25.463,4291.222,89.463
105.439,9.52,7.083,3.256,14.066,4125.878,88.974
119.364,9.783,7.139,1.027,23.263,4315.94,90.862
458.817,8.885,6.36,4.696,52.37,3688.059,84.022
39.055,8.071,7.189,4.123,78.509,4026.544,86.902
213.708,2.094,6.758,0.628,52.677,4596.099,91.062
266.199,1.564,8.486,3.106,93.38,4439.896,88.934
449.347,4.449,6.462,1.015,64.104,4269.315,88.387
498.848,6.196,6.946,1.135,48.882,4224.163,88.612
376.694,8.507,7.541,1.366,77.259,4149.292,88.272
485.395,2.32,6.863,2.283,95.416,4208.484,86.827
393.551,4.796,7.186,4.444,33.983,4069.669,86.796
481.601,6.474,8.434,0.64,28.225,4458.416,91.244
353.635,4.456,7.27,3.601,22.122,4223.014,88.346
39.882,4.542,8.276,4.84,54.029,4288.437,88.707
200.96,2.251,6.108,3.386,47.355,4264.467,87.846
323.299,9.867,6.3,4.17,25.474,3807.004,85.775
175.359,4.752,8.361,4.558,72.445,4210.164,87.803
136.692,5.327,6.322,3.717,30.457,4164.892,87.943
288.7,2.186,7.841,3.469,75.895,4331.788,88.215
466.751,5.141,7.115,0.581,84.05,4294.872,88.651
17.491,2.553,7.017,2.835,86.751,4408.265,88.981
384.616,2.023,7.648,2.612,15.5,4479.177,90.244
361.364,2.757,7.819,2.852,31.288,4415.564,89.67
481.977,0.028,8.33,2.446,52.892,4540.224,89.882
465.356,5.702,6.642,4.58,84.713,3819.091,84.054
381.116,3.875,7.745,4.501,40.705,4158.749,87.343
260.204,8.987,6.856,1.066,66.327,4166.907,88.702
102.134,0.407,7.794,2.898,46.001,4626.179,90.924
272.618,0.432,6.355,4.818,3.932,4287.955,87.97
382.676,8.859,7.144,3.194,32.318,3996.075,87.295
447.835,1.266,6.459,4.108,75.915,4096.086,85.582
394.856,0.022,6.841,2.18,73.299,4420.993,88.483
97.633,1.789,7.789,2.198,88.483,4543.906,90.091
299.843,8.239,6.583,1.966,59.696,4080.527,87.68
166.087,8.027,7.712,0.598,76.878,4373.235,90.372
4.603,3.401,7.24,4.662,42.101,4301.232,88.612
100.11,6.68,6.23,2.073,35.62,4260.359,89.251
56.61,5.072,6.967,2.152,34.644,4430.266,90.478
421.36,9.047,8.173,3.918,16.745,4028.967,87.836
129.253,0.564,8.473,2.871,44.341,4678.701,91.513
142.349,8.132,6.922,2.129,81.26,4139.026,88.017
479.968,1.706,6.137,4.476,2.203,4136.402,86.854
189.543,3.916,6.325,4.214,57.914,4104.716,86.643
4.793,1.92,7.97,4.896,18.116,4472.87,90.123
141.923,7.026,7.639,3.385,74.674,4153.871,87.9
59.65,6.783,6.713,3.605,14.881,4211.959,89.006
51.404,5.479,6.978,1.96,17.24,4467.668,91.148
38.744,6.982,8.028,0.948,5.219,4629.086,93.333
296.63,6.396,7.033,0.977,44.824,4347.869,89.949
94.674,7.764,7.889,3.407,65.108,4182.497,88.503
180.621,2.394,6.738,1.01,29.59,4603.635,91.459
431.009,4.289,7.812,4.58,5.096,4183.068,88.066
212.169,1.516,7.166,3.667,93.332,4281.297,87.335
457.846,4.296,7.363,1.518,86.191,4268.443,88.111
248.969,7.017,7.497,1.756,46.818,4305.071,89.688
199.418,6.914,7.126,3.695,82.504,4032.742,86.577
375.194,7.094,7.165,4.209,80.315,3892.738,85.253
36.588,3.088,6.664,4.277,56.6,4252.805,87.888
44.739,6.622,8.464,3.205,53.155,4366.192,90.117
325.987,3.675,8.265,1.199,65.451,4528.97,90.738
243.47,9.445,7.318,4.183,72.491,3874.621,85.855
395.208,3.434,6.087,4.062,82.26,3968.611,84.894
458.135,6.03,6.421,4.259,57.875,3869.87,84.929
194.183,7.501,8.135,1.209,74.879,4370.613,90.208
298.205,9.064,8.327,3.58,19.377,4133.682,88.862
250.348,4.379,6.403,4.821,74.866,3964.343,85.209
490.805,3.605,7.836,1.652,6.756,4479.245,90.806
415.542,4.3,7.558,3.725,66.187,4128.068,86.909
455.869,3.237,6.758,1.665,71.538,4276.475,88.02
127.17,6.539,7.09,1.882,96.787,4236.708,88.361
386.263,9.327,7.693,2.684,42.756,4055.944,87.93
132.737,1.261,6.253,4.527,12.291,4318.609,88.441
104.371,5.609,6.473,0.674,34.129,4478.958,91.131
472.133,8.976,6.083,4.953,42.5,3643.099,83.699
9.652,1.001,8.256,3.974,77.229,4518.775,89.716
482.694,4.939,7.435,2.119,19.438,4304.418,89.331
74.631,8.652,7.309,2.094,17.811,4315.933,90.577
409.719,9.005,7.766,2.673,22.759,4108.615,88.56
137.961,5.144,8.471,4.44,23.863,4329.24,89.597
175.351,0.25,6.431,0.581,92.455,4599.935,90.15
108.379,1.056,6.333,2.967,16.876,4495.803,90.106
292.757,5.867,6.737,0.752,41.887,4374.949,90.091
174.048,1.239,8.26,1.02,40.926,4793.161,92.894
328.697,1.494,7.029,3.608,13.63,4375.748,89.069
7.824,7.721,7.984,1.554,11.788,4529.389,92.492
32.187,7.507,6.507,0.687,91.069,4308.436,89.426
49.831,8.428,7.234,1.239,83.801,4285.591,89.546
209.497,1.057,6.319,1.439,93.39,4443.585,88.819
407.398,1.981,7.032,3.964,32.395,4239.261,87.663
444.089,8.33,6.656,3.312,53.124,3889.582,85.863
122.405,7.211,7.374,3.808,26.322,4182.162,88.722
287.185,8.06,7.951,2.164,39.798,4252.514,89.545
384.182,9.897,8.346,1.009,79.621,4187.476,89.048
144.415,8.644,6.71,4.124,48.151,3957.855,86.69
204.504,5.205,7.858,1.132,11.85,4586.416,92.307
261.987,3.108,8.214,2.222,1.316,4610.182,92.021
67.437,5.697,6.312,1.68,24.378,4395.875,90.424
12.991,6.386,7.465,1.834,19.138,4498.978,91.714
76.403,3.353,7.53,3.208,79.615,4367.04,88.88
313.427,7.709,6.681,1.24,66.996,4167.963,88.322
36.809,0.928,6.056,2.506,83.992,4422.219,88.661
94.848,7.794,6.642,3.374,42.458,4104.73,87.961
168.927,0.32,7.462,4.41,58.78,4387.15,88.38
38.935,4.98,6.491,2.171,42.319,4378.97,89.86
95.85,8.614,6.718,1.934,22.899,4253.984,89.895
455.635,0.865,7.77,2.155,63.463,4463.458,89.259
9.65,5.177,6.996,2.754,39.471,4381.584,89.974
326.716,1.594,6.164,1.909,25.684,4431.043,89.532
192.204,8.948,6.998,1.627,93.909,4105.761,87.803
336.324,8.323,8.499,2.189,11.674,4323.374,90.614
294.346,9.339,6.653,4,77.903,3795.302,84.976
111.749,8.75,6.663,1.638,55.404,4198.374,89.055
423.605,7.366,6.425,4.301,76.541,3779.228,84.237
245.97,1.849,6.679,1.783,9.897,4554.387,91
411.268,3.025,7.437,3.214,39.651,4286.117,88.372
203.006,4.969,8.412,4.869,79.808,4144.665,87.139
492.343,5.889,7.519,4.783,81.693,3869.612,84.646
385.245,7.822,7.025,2.456,79.102,4014.959,86.705
482.975,2.27,6.974,0.804,74.691,4412.678,89.061
257.163,1.283,6.061,4.562,38.283,4180.587,86.808
236.846,4.826,6.006,1.071,71.903,4289.989,88.629
377.727,1.578,7.993,4.656,11.834,4342.249,88.778
440.146,6.937,7.225,3.797,17.098,4041.719,87.327
482.073,5.756,6.083,4.704,54.452,3800.139,84.184
162.276,7.411,6.715,3.494,55.411,4059.567,87.265
399.352,0.634,6.892,4.978,47.706,4164.562,86.359
105.323,9.647,7.958,2.602,73.765,4153.131,88.688
272.787,0,7.086,1.983,56.818,4560.235,90.034
89.924,3.254,7.973,2.27,7.504,4647.643,92.378
173.699,6.796,7.584,2.076,88.833,4246.471,88.615
465.679,0.451,6.083,2.304,63.175,4296.164,87.465
73.045,0.833,8.422,4.483,89.649,4436.336,88.717
316.2,0.767,6.454,3.164,43.521,4345.447,88.249
296.477,5.815,6.689,3.766,1.182,4150.984,88.243
60.369,8.959,8.023,1.795,76.506,4291.621,89.839
162.99,5.554,6.475,4.954,57.035,3978.734,85.883
281.491,6.036,7.003,1.763,2.946,4375.518,90.536
93.589,3.46,8.162,1.216,57.689,4659.514,92.056
400.312,0.187,7.593,4.002,93.177,4263.249,86.757
486.078,0.216,6.755,4.276,21.665,4250.76,87.356
107.38,8.883,7.61,2.272,28.893,4278.173,90.158
93.456,1.026,8.032,2.935,65.302,4581.056,90.465
227.468,9.998,7.01,2.364,82.271,3986.445,87.041
373.883,1.644,7.429,1.823,64.532,4462.438,89.472
140.8,6.746,8.47,4.16,67.499,4188.248,88.231
9.94,9.49,8.411,3.907,33.343,4204.34,89.557
270.61,3.623,7.273,2.684,1.993,4438.426,90.451
478.3,7.344,6.24,2.55,84.146,3894.378,85.306
195.638,3.509,7.752,1.311,99.529,4471.791,89.775
210.067,3.049,6.672,3.368,86.775,4199.328,87.04
484.451,2.018,7.674,4.657,40.353,4177.881,86.981
347.304,8.209,6.879,3.735,35.83,3958.679,86.691
359.586,2.574,7.797,2.778,96.027,4301.328,87.825
281.351,2.832,6.918,0.674,98.851,4444.478,89.306
487.305,9.99,8.353,4.686,61.611,3800.312,85.384
344.433,3.273,6.342,1.886,51.932,4305.812,88.521
447.516,4.228,6.171,1.85,52.118,4192.741,87.675
349.689,9.901,7.953,2.613,20.979,4122.151,88.982
367.558,3.693,7.003,2.431,73.092,4242.594,87.803
145.205,3.662,7.164,4.831,17.936,4241.786,88.337
151.739,8.277,8.335,1.243,21.752,4475.969,92.025
391.492,3.119,7.475,3.601,67.742,4200.18,87.26
148.353,2.338,7.65,0.98,87.059,4601.812,90.849
281.385,4.232,6.049,1.746,66.927,4244.112,88.041
124.676,7.006,7.676,3.75,48.018,4183.973,88.461
408.492,0.432,6.971,4.118,69.829,4219.744,86.629
55.251,3.739,7.151,2.61,46.043,4447.367,90.135
414.723,3.462,8.02,4.052,65.767,4184.79,87.229
301.365,2.448,7.309,4.708,78.256,4130.538,86.257
93.455,6.543,8.467,4.711,2.454,4296.834,89.907
271.018,2.9,7.992,2.041,22.68,4569.226,91.335
141.249,6.067,7.821,1.905,70.607,4376.481,89.879
161.734,5.043,7.472,3.769,40.738,4255.76,88.663
175.764,2.172,7.031,3.443,52.692,4356.895,88.694
31.66,2.666,6.132,2.265,68.815,4399.955,89.111
492.981,1.706,6.046,1.529,53.126,4313.68,88.117
15.767,0.566,6.117,3.283,83.857,4379.484,88.126
331.248,6.192,8.397,2.436,38.537,4343.809,89.91
185.614,6.728,6.808,1.095,69.486,4303.179,89.355
323.005,1.66,7.752,3.377,43.114,4406.76,89.134
178.124,6.154,7.486,3.64,53.401,4181.064,88.123
336.875,9.821,7.429,2.139,12.26,4145.012,89.274
364.618,0.744,7.448,4.244,83.316,4234.288,86.733
345.276,4.904,6.756,0.832,32.674,4409.249,90.237
56.981,7.33,8.216,2.732,30.819,4391.825,90.809
328.447,0.46,8.298,4.804,9.788,4442.647,89.467
139.994,7.783,7.611,1.357,51.133,4364.024,90.464
14.401,9.795,8.16,1.275,42.373,4406.74,91.582
207.415,0.885,6.15,2.204,10.795,4525.04,90.408
216.772,8.222,6.251,1.706,75.406,4084.148,87.554
233.587,3.786,7.398,1.497,7.575,4568.843,91.748
352.412,1.441,8.116,4.774,15.359,4355.216,88.831
154.422,4.932,6.789,2.052,46.609,4356.65,89.58
157.64,0.715,7.37,0.769,36.418,4772.672,92.577
30.276,5.221,6.025,4.549,28.276,4114.848,87.432
343.411,0.194,8.467,2.517,56.829,4599.906,90.489
283.913,7.286,7.917,3.812,52.905,4098.5,87.642
174.713,4.88,6.904,2.153,43.809,4356.089,89.587
352.594,4.589,8.458,4.708,77.842,4113.476,86.733
268.679,1.962,6.231,1.795,50.318,4410.525,89.191
234.622,3.613,7.16,3.482,97.901,4174.055,86.845
255.662,1.819,6.147,4.21,80.379,4114.233,85.884
318.174,7.354,6.837,1.571,11.538,4276.812,89.859
330.001,1.99,6.548,4.107,28.123,4223.401,87.55
144.479,6.168,6.791,4.065,54.052,4083.894,87.149
70.372,2.796,8.369,4.839,47.42,4383.122,89.196
78.317,6.57,7.068,4.653,5.651,4162.579,88.54
319.695,5.405,6.812,2.249,53.287,4219.692,88.285
436.437,4.234,7.602,3.157,60.93,4192.65,87.588
204.748,6.73,7.708,4.664,46.873,4071.839,87.269
84.76,4.157,8.459,0.52,86.747,4670.238,92.082
378.301,8.214,7.365,3.323,56.102,3992.166,86.825
416.245,7.296,7.881,1.469,78.859,4210.587,88.506
440.291,5.406,6.955,3.824,59.096,4004.44,86.075
303.416,8.771,6.428,4.084,91.021,3762.066,84.342
430.364,8.289,7.075,3.708,22.205,3962.605,86.891
7.707,5.318,7.047,4.982,83.336,4070.013,86.462
53.618,0.684,7.052,2.657,45.351,4587.752,90.629
46.288,5.66,7.739,3.026,70.06,4324.988,89.247
356.302,3.553,7.015,2.34,57.045,4297.57,88.471
34.791,5.401,8.385,4.883,11.777,4339.243,89.895
248.182,6.471,8.457,4.652,44.222,4144.347,87.943
236.353,6.448,7.308,4.94,67.714,3960.83,85.866
155.352,6.735,7.396,4.932,89.942,3952.088,85.642
435.203,6.793,7.019,4.53,22.627,3946.46,86.276
85.217,1.093,6.889,4.689,36.163,4350.428,88.47
176.231,1.917,8.463,1.039,36.7,4785.013,93.058
387.086,6.305,6.102,1.281,52.912,4167.439,88.037
15.211,4.082,7.025,4.483,86.438,4169.62,87.056
336.475,7.629,6.378,3.771,40.157,3930.797,86.195
408.199,1.249,7.816,4.437,15.534,4340.203,88.621
466.134,1.915,6.486,3.965,51.149,4120.97,86.273
438.148,5.585,8.212,1.128,4.729,4500.584,91.634
159.692,5.007,6.936,4.625,35.101,4130.742,87.459
293.182,2.664,8.293,3.971,51.909,4348.627,88.766
38.647,4.083,8.466,3.069,52.25,4511.782,90.82
128.935,0.35,7.928,2.896,82.132,4557.007,89.854
47.111,0.37,7.558,3.082,80.311,4544.884,89.757
157.594,0.949,6.375,2.257,28.981,4527.566,90.271
437.594,5.768,8.333,4.114,30.803,4153.016,87.953
173.583,8.637,7.942,4.591,98.185,3920.139,85.811
280.949,2.602,6.72,1.638,39.757,4458.099,89.964
216.69,0.339,7.171,0.671,15.14,4794.41,92.895
229.458,7.086,6.169,1.413,66.037,4174.482,88.21
484.786,8.554,7.648,3.908,25.108,3953.663,86.852
148.077,1.382,6.313,4.408,60.735,4225.94,87.067
313.662,3.857,7.629,2.069,82.307,4341.71,88.751
210.031,1.587,7.679,1.186,18.192,4728.546,92.58
30.573,1.064,6.812,4.363,45.712,4384.928,88.711
244.665,6.482,8.372,1.466,38.912,4466.336,91.219
406.672,9.675,7.947,1.588,99.939,4048.915,87.392
49.376,6.782,7.242,0.917,71.452,4425.833,90.578
34.796,9.848,8.296,4.596,9.154,4141.882,89.282
76.816,4.344,8.14,1.97,23.631,4614.068,92.208
382.2,8.979,7.731,1.273,16.569,4272.554,90.253
361.998,2.051,6.382,4.791,2.507,4170.546,87.296
282.509,1.179,7.243,2.01,32.269,4558.539,90.616
234.113,7.025,8.161,3.864,33.121,4195.178,88.728
444.163,3.714,7.522,1.537,24.264,4442.231,90.294
383.349,3.177,7.364,3.771,55.757,4197.274,87.368
405.971,6.713,8.388,1.545,22.627,4400.454,90.792
406.631,3.335,6.041,3.37,94.165,4008.765,85.146
321.359,5.726,6.03,2.484,73.514,4060.637,86.589
229.007,2.995,8.232,4.094,13.019,4423.514,90.003
432.339,7.838,6.096,3.786,27.617,3867.729,85.752
463.004,3.124,6.831,4.71,98.261,3927.949,84.234
11.903,5.35,8.31,2.195,20.818,4596.441,92.361
25.777,0.232,7.728,3.895,12.579,4633.703,91.281
479.372,7.917,7.62,4.86,23.999,3892.51,86.06
138.58,6.203,7.642,2.013,71.672,4340.108,89.545
436.685,1.922,6.794,1.805,52.269,4379.909,88.853
194.398,2.154,7.326,3.961,7.689,4416.297,89.732
59.55,2.625,7.575,2.505,36.817,4572.354,91.143
40.222,5.765,6.764,2.294,9.575,4419.509,90.829
78.254,5.483,7.988,2.955,29.778,4430.475,90.652
124.947,2.739,6.804,4.71,17.925,4274.193,88.384
244.259,6.941,6.179,0.877,22.837,4315.294,90.007
350.749,8.89,6.504,2.596,78.038,3914.834,86.035
493.199,0.435,7.021,0.996,78.566,4477.049,89.115
220.753,4.172,8.27,4.476,73.509,4213.407,87.651
259.092,5.935,7.039,1.115,69.137,4327.845,89.368
260.908,5.864,6.225,0.904,25.271,4357.87,90.085
269.717,0.195,6.491,4.837,44.633,4231.533,86.928
258.87,2.106,7.361,3.035,46.545,4404.805,89.214
4.387,0.618,6.444,4.217,53.951,4381.751,88.463
0.862,5.69,6.16,2.616,85.778,4197.903,87.828
48.833,6.454,7.787,2.46,88.974,4307.609,89.123
50.778,1.597,7.961,4.602,22.389,4485.824,90.114
352.448,3.33,8.127,4.954,43.767,4186.951,87.431
102.458,3.298,8.11,3.283,15.654,4535.204,91.185
447.357,8.198,6.948,4.632,65.169,3767.712,84.485
464.303,1.947,7.836,4.382,57.635,4200.643,87.014
487.947,5.483,7.459,2.948,85.232,4062.486,86.417
469.541,7.829,6.058,4.735,52.37,3701.366,83.839
135.944,8.296,7.004,1.445,78.328,4216.457,88.87
254.888,6.666,6.132,4.482,32.491,3939.33,86.068
87.727,2.995,6.208,1.892,69.731,4398.539,89.187
403.105,8.23,6.14,0.637,4.976,4227.241,89.692
444.216,7.422,8.402,4.042,16.001,4110.854,88.175
425.644,7.045,8.111,4.685,45.25,3986.986,86.531
216.683,0.673,7.098,1.476,88.803,4542.61,89.74
379.337,0.433,6.62,2.903,88.626,4283.107,87.075
48.79,6.954,6.181,3.872,60.278,4038.273,86.866
20.122,9.448,7.078,1.992,13.859,4298.392,90.68
376.618,7.737,7.501,1.161,68.416,4221.973,88.857
212.678,8.315,7.993,2.265,18.511,4313.666,90.446
497.775,5.45,6.129,2.555,35.696,4064.663,86.925
48.627,3.046,7.045,3.84,32.105,4379.652,89.389
427.814,6.777,8.442,1.394,88.562,4274.907,88.897
239.992,7.12,6.302,4.168,69.663,3898.072,85.42
413.575,6.754,7.001,2.76,8.035,4163.558,88.581
408.564,9.467,6.688,4.568,84.495,3665.386,83.649
457.996,3.672,6.335,3.046,43.61,4129.099,86.956
148.925,0.397,8.097,2.511,75.722,4612.917,90.491
474.9,9.084,7.743,1.791,77.891,4047.767,87.424
75.833,1.605,7.029,0.978,99.869,4587.175,90.355
40.984,6.973,6.923,2.173,35.347,4335.154,90.09
215.808,8.732,8.069,2.361,86.58,4153.141,88.285
414.161,3.101,6.227,3.057,29.393,4196.03,87.597
236.711,8.304,6.367,4.369,99.558,3767.095,84.167
414.643,3.321,8.266,2.587,41.615,4411.34,89.693
364.843,7.943,8.043,1.914,66.358,4200.607,88.725
104.714,0.698,7.937,4.43,99.456,4364.568,87.861
474.441,6.552,7.56,3.803,20.841,4069.206,87.449
30.391,6.771,6.731,1.882,62.776,4305.633,89.46
449.14,4.914,8.337,1.251,99.839,4338.61,88.862
152.222,6.871,7.23,1.81,94.452,4233.444,88.451
250.074,9.232,6.702,1.056,22.853,4232.182,89.863
211.176,7.339,6.914,4.565,10.774,4040.793,87.502
85.917,9.613,6.042,3.253,43.181,3968.964,87.142
179.073,4.486,6.638,4.386,76.572,4058.222,86.162
96.467,5.283,6.47,4.192,79.181,4057.085,86.364
101.943,2.637,6.339,1.19,61.135,4509.821,90.278
93.528,9.856,6.08,2.494,61.874,3995.372,87.292
244.509,0.551,6.567,4.874,12.945,4293.577,87.972
398.966,3.586,6.259,1.552,44.68,4302.52,88.654
284.485,2.977,6.113,0.726,58.041,4431.505,89.628
446.603,3.865,6.343,2.057,68.676,4174.716,87.22
318.272,9.177,6.506,2.799,10.086,4032.509,87.977
344.67,3.68,7.04,0.751,69.374,4433.743,89.748
333.804,9.17,7.459,2.42,94.186,3990.159,86.711
224.73,4.233,6.806,1.64,78.837,4334.822,88.83
344.669,8.548,6.353,1.455,62.764,4064.615,87.583
34.854,5.218,8.351,1.688,10.616,4666.788,93.127
429.926,3.114,7.287,0.974,79.641,4401.362,89.151
388.906,4.493,7.855,0.845,66.633,4448.585,90.168
122.615,4.244,7.736,3.181,55.321,4371.339,89.433
384.016,2.599,6.712,4.765,80.412,4011.911,85.095
6.321,2.896,7.4,4.121,67.776,4344.301,88.634
108.623,1.865,7.505,4.253,47.5,4382.748,88.912
32.569,3.36,6.879,3.808,24.223,4374.431,89.51
390.113,6.244,7.677,4.802,50.93,3978.38,86.148
377.937,3.866,7.977,4.777,16.253,4205.168,88.049
406.818,7.123,6.911,4.002,6.959,4017.327,87.241
2.241,9.87,6.037,3.722,24.162,3988.62,87.606
250.616,3.771,6.873,1.874,37.343,4411.413,89.872
352.418,4.626,6.292,0.91,65.034,4300.583,88.743
77.701,1.641,6.389,0.918,50.438,4625.33,91.241
324.895,3.922,6.915,3.813,73.779,4104.056,86.479
42.055,7.268,6.519,0.628,74.01,4356.673,90.007
90.663,2.174,8.337,4.174,70.901,4420.501,89.148
237.898,1.821,7.632,2.149,55.2,4527.91,90.273
326.783,3.764,7.296,1.364,66.64,4408.295,89.546
72.935,8.186,6.024,2.334,97.765,4027.694,86.755
92.612,6.237,6.259,3.665,70.872,4059.553,86.758
102.223,9.576,7.971,1.738,74.506,4244.407,89.572
119.35,9.045,6.974,1.281,29.828,4297.706,90.392
113.277,1.511,6.114,3.82,48.321,4300.477,87.975
197.575,0.426,8.064,4.463,44.085,4451.849,89.205
326.895,3.991,6.757,3.135,35.994,4227.184,88.109
219.016,5.221,6.966,2.857,46.497,4247.298,88.574
387.987,5.156,8.436,3.897,60.204,4181.711,87.762
359.634,1.341,6.039,3.797,62.796,4151.725,86.292
63.263,1.248,7.803,0.528,84.118,4765.23,92.186
24.421,0.469,8.372,1.768,65.976,4792.798,92.409
438.971,8.509,6.16,4.694,87.068,3627.508,82.957
39.916,9.477,8.165,4.821,66.005,4008.589,87.269
74.17,1.157,7.041,2.796,35.658,4558.188,90.572
11.067,2.131,8.195,3.02,63.456,4578.452,90.789
314.168,0.899,6.771,0.503,73.173,4578.412,90.322
291.185,8.775,8.457,3.526,68.88,4071.009,87.654
493.452,9.587,7.618,1.456,85.141,4019.803,87.223
443.466,2.618,7.568,1.076,90.652,4415.276,89.032
205.422,3.036,8.015,1.871,34.186,4591.493,91.484
185.793,3.627,7.091,3.492,8.813,4368.088,89.681
148.426,5.025,6.647,2.464,65.985,4260.903,88.457
76.203,6.825,6.657,2.071,11.916,4355.492,90.483
69.042,5.044,6.827,3.771,88.514,4141.843,87.046
66.142,9.51,7.543,4.162,82.394,3964.804,86.677
57.057,0.999,8.096,4.411,71.639,4446.702,89.05
120.256,7.986,7.249,2.501,92.691,4129.942,87.768
153.334,3.345,7.009,3.73,88.831,4206.269,87.178
480.789,3.775,7.985,4.483,92.37,4036.206,85.571
289.237,7.088,6.724,4.59,73.809,3866.758,85.056
493.798,9.294,7.723,2.715,37.477,4014.262,87.556
186.233,7.162,6.265,2.099,5.727,4253.884,89.63
228.813,7.759,6.283,4.551,7.094,3956.7,86.824
162.289,7.508,7.61,1.676,79.521,4277.793,89.235
91.444,3.21,6.207,4.086,19.947,4266.002,88.423
71.582,7.569,6.388,4.589,31.996,4001.619,86.967
472.54,7.845,7.561,3.829,59.025,3926.64,86.03
493.405,5.334,7.096,3.559,13.978,4112.255,87.583
22.455,5.368,7.403,0.728,98.547,4490.819,90.533
75.173,7.597,8.442,1.416,81.893,4421.44,90.675
211.762,8.17,7.58,3.5,58.886,4075.865,87.621
93.167,3.372,7.477,4.033,90.937,4247.319,87.575
181.94,8.016,6.95,0.785,49.864,4325.03,90.156
64.548,8.142,7.577,0.586,89.798,4380.169,90.346
228.256,2.341,6.032,1.902,82.772,4316.334,88.038
135.847,7.17,7.393,3.402,2.394,4267.913,89.806
175.953,1.865,6.172,2.804,79.877,4295.808,87.719
47.156,0.93,6.55,0.538,78.609,4673.961,91.233
214.064,5.745,7.408,1.182,32.421,4463.41,91.034
491.629,9.087,7.67,3.885,49.811,3878.734,86.015
164.417,0.355,6.962,1.839,14.681,4682.951,91.789
438.215,8.265,7.047,1.027,66.992,4135.669,88.166
421.6,5.065,7.245,0.729,67.765,4352.052,89.362
476.029,8.609,7.898,4.327,98.164,3792.278,84.524
395.055,8.435,6.044,2.622,72.553,3877.786,85.583
329.798,8.753,7.118,2.767,45.287,4041.994,87.593
428.292,7.689,6.036,0.776,18.847,4189.688,89.015
37.822,8.43,6.798,2.699,78.984,4111.55,87.855
231.415,1.76,7.3,3.406,36.026,4413.592,89.304
494.628,3.039,6.2,1.053,94.429,4226.622,87.233
384.8,2.425,7.213,4.561,28.432,4194.665,87.39
481.038,7.424,8.311,4.025,20.464,4075.976,87.782
389.817,1.536,7.713,4.108,62.423,4263.911,87.476
437.441,1.822,7.956,2.914,91.647,4310.994,87.74
353.265,8.79,7.451,2.003,14.966,4198.793,89.475
380.251,7.059,8.241,3.382,5.093,4232.634,89.393
261.589,8.754,6.367,1.514,96.771,4023.274,86.891
462.119,1.394,7.124,1.116,14.536,4571.04,90.983
412.519,3.99,7.493,2.922,61.144,4228.971,87.875
421.942,2.832,8.184,2.654,20.711,4459.019,90.233
336.505,0.097,6.77,1.176,17.601,4651.082,91.364
152.29,2.845,6.003,2.887,16.448,4360.297,89.292
17.815,3.796,8.436,2.959,71.287,4506.42,90.49
467.828,0.922,6.065,4.422,76.203,4031.884,84.833
293.06,5.665,6.381,3.916,12.86,4090.953,87.48
149.071,3.832,7.055,1.479,14.52,4562.444,91.629
74.568,0.465,7.241,4.181,93.499,4358.511,87.79
414.762,7.04,8.086,4.861,59.297,3944.596,85.965
418.26,7.293,7.12,3.725,78.348,3909.009,85.494
407.254,8.345,7.369,4.042,8.975,3993.893,87.353
322.541,4.855,6.5,1.699,6.189,4363.688,90.032
183.008,9.687,7.423,4.964,40.224,3889.653,86.4
152.035,9.141,6.871,1.294,55.97,4212.728,89.31
4.277,5.514,6.247,3.879,37.877,4183.227,88.108
416.804,4.45,8.366,2.278,71.63,4334.63,88.965
43.716,0.03,6.204,2.106,67.279,4551.897,89.855
315.377,7.11,7.695,1.783,45.239,4287.485,89.555
252.037,5.65,8.27,2.485,8.862,4452.35,91.13
263.345,9.375,6.448,4.059,59.957,3818.549,85.399
463.356,5.942,6.593,4.734,24.946,3907.155,85.605
15.808,9.929,7.067,2.373,39.198,4186.642,89.453
386.696,8.538,6.736,3.433,2.425,4005.267,87.59
26.026,9.536,7.898,4.047,52.59,4090.066,88.236
19.077,3.277,6.845,0.949,70.2,4575.887,91.04
214.909,1.493,8.465,4.822,58.172,4365.747,88.524
31.538,7.969,8.147,1.452,75.406,4404.445,90.681
394.572,7.862,8.238,4.618,99.942,3871.782,85.077
264.782,2.114,6.159,4.94,63.624,4056.581,85.564
14.519,7.647,6.441,0.952,22.887,4413.489,91.2
20.25,5.82,6.423,4.517,57.657,4074.18,86.911
306.334,1.095,7.68,3.384,25.262,4471.128,89.787
403.056,5.018,6.03,4.181,33.69,3965.111,85.82
218.9,9.311,8.016,0.991,35.852,4355.789,90.993
277.29,5.065,7.368,4.254,52.479,4114.513,87.14
399.915,7.887,7.416,3.317,52.849,4009.857,86.936
305.253,0.289,7.343,2.798,67.065,4453.345,88.95
112.38,7.281,7.338,3.02,44.335,4222.922,88.97
306.526,9.468,6.495,3.85,19.582,3898.616,86.631
314.14,4.995,6.708,1.839,49.608,4280.809,88.811
367.053,3.377,7.219,4.746,79.85,4035.257,85.567
310.437,6.467,7.695,1.884,70.58,4261.321,88.847
484.621,9.163,6.68,4.447,12.412,3798.036,85.605
98.644,1.768,8.015,0.555,94.885,4718.606,91.768
475.545,4.037,8.026,4.624,31.277,4138.058,87.279
269.17,1.563,6.685,4.332,59.059,4204.411,86.922
335.978,4.967,7.4,1.059,4.175,4509.469,91.543
49.731,5.404,6.872,3.816,91.038,4128.463,86.996
190.288,9.442,6.477,2.184,68.674,4024.727,87.393
384.69,4.125,8.015,2.659,28.329,4380.338,89.758
353.456,5.67,8.479,0.809,68.65,4469.497,90.709
20.07,8.853,7.414,1.457,29.962,4383.181,91.188
273.297,3.214,8.285,4.791,26.713,4298.569,88.683
44.139,6.742,7.605,2.381,45.251,4372.81,90.298
497.928,7.572,7.414,0.617,60.406,4231.359,88.981
448.648,3.305,7.2,2.818,21.725,4305.212,88.826
10.54,1.643,6.589,4.976,74.548,4224.778,86.995
429.325,5.029,6.211,1.998,58.227,4138.723,87.314
459.715,3.568,7.106,1.135,1.739,4485.303,90.906
176.774,2.665,7.403,3.396,55.388,4368.334,88.929
359.751,9.734,7.274,4.639,42.671,3811.514,85.609
221.052,5.022,7.739,4.366,67.267,4141.14,87.245
327.616,8.565,6.48,3.456,89.88,3830.573,84.976
170.159,1.953,6.886,1.329,27.002,4618.942,91.505
161.28,9.394,7.039,4.03,67.694,3915.18,86.293
212.217,7.944,6.466,4.204,16.015,3990.826,87.131
72.784,8.087,8.266,4.323,9.474,4234.634,89.678
415.569,3.898,7.704,2.318,93.251,4249.435,87.731
174.349,4.856,6.23,2.34,86.367,4186.253,87.456
200.075,5.934,7.782,1.198,50.639,4460.386,90.878
447.027,7.898,7.369,3.977,14.694,3991.454,87.137
248.312,8.491,7.31,3.818,27.069,4046.411,87.741
272.127,0.78,8.474,0.949,57.171,4763.132,92.294
478.249,9.041,7.546,0.591,65.533,4173.268,88.79
443.363,9.375,8.242,4.783,69.37,3816.738,85.286
84.733,5.929,8.284,0.578,75.034,4581.739,91.846
236.608,1.868,6.254,3.329,21.777,4337.252,88.715
485.648,8.184,6.021,2.541,30.329,3935.262,86.505
186.183,5.486,7.088,3.998,2.25,4237.096,88.994
185.787,8.172,7.923,0.895,8.325,4484.703,92.215
97.515,8.148,8.06,3.571,31.64,4229.54,89.423
57.162,0.867,7.969,3.267,19.392,4659.42,91.66
370.152,6.07,7.118,4.341,49.762,3989.595,86.219
385.015,4.831,7.875,2.833,85.017,4200.031,87.6
484.506,9.461,7.797,3.777,72.576,3841.498,85.528
386.709,2.966,6.785,2.469,75.704,4238.46,87.517
121.676,2.06,6.422,4.928,60.425,4164.701,86.661
20.058,8.971,7.554,3.017,70.343,4154.361,88.531
492.719,1.487,7.693,3.891,18.82,4321.821,88.476
170.225,6.865,7.42,0.918,55.694,4410.412,90.607
155.986,3,6.533,2.582,57.489,4352.075,88.846
452.978,5.678,6.692,0.79,63.242,4253.275,88.604
292.55,6.162,7.771,1.048,78.149,4361.669,89.684
107.436,4.174,8.407,2.778,94.456,4411.58,89.423
444.548,9.75,8.362,2.085,71.46,4074.995,87.96
496.68,1.318,7.299,2.569,92.334,4274.069,87.213
43.339,3.914,8.216,2.733,55.442,4520.122,90.821
431.126,4.304,6.074,1.219,29.645,4295.425,88.949
195.258,6.31,8.153,2.146,66.195,4355.122,89.782
262.036,4.073,7.19,4.373,98.113,4050.895,85.75
457.408,0.97,7.954,4.355,71.261,4240.162,86.98
486.69,9.474,6.014,2.708,96.932,3719.694,84.07
131.082,4.161,8.171,3.871,3.217,4450.01,90.716
106.425,3.427,7.487,3.891,26.578,4381.941,89.582
40.258,4.467,6.601,0.698,28.087,4590.546,91.965
280.899,2.166,6.869,3.249,43.253,4326.716,88.484
6.802,1.002,6.502,4.12,4.048,4476.521,90.025
205.949,1.486,7.061,3.173,91.511,4328.528,87.816
36.692,1.667,6.825,2.937,71.001,4445.128,89.241
202.613,1.977,7.336,2.89,9.311,4525.814,90.758
19.966,4.2,8.037,2.786,18.295,4568.566,91.763
417.609,6.239,8.456,4.002,60.708,4103.161,87.296
104.869,6.289,6.629,3.391,90.942,4075.008,86.727
164.154,0.001,6.266,1.47,9.674,4678.177,91.685
435.024,9.21,6.989,2.45,43.897,3988.125,87.205
373.133,8.228,6.359,2.879,20.801,4008.414,87.345
109.519,9.639,8.086,2.385,18.854,4295.596,90.659
35.95,3.6,7.253,1.569,73.279,4523.844,90.586
357.837,6.648,7.55,1.061,82.823,4271.894,88.885
195.351,1.68,6.377,1.028,92.193,4468.79,89.27
383.04,8.17,7.874,1.833,68.715,4166.607,88.43
222.647,1.614,8.434,2.312,7.499,4705.195,92.461
173.001,3.26,7.206,3.573,36.35,4341.109,89.026
225.603,4.908,8.406,4.932,44.714,4199.755,88.023
374.279,5.945,6.087,4.538,28.313,3913.837,85.639
451.11,5.596,6.089,4.162,54.447,3878.501,84.919
24.884,1.021,8.4,4.162,24.031,4612.271,91.189
262.056,4.217,7.751,3.182,90.043,4234.884,87.713
16.418,9.229,6.472,1.637,15.206,4283.356,90.45
234.205,8.724,6.91,2.624,43.179,4088.951,88.075
442.641,5.908,7.269,1.141,13.36,4369.356,90.332
180.795,5.723,7.757,3.049,36.467,4321.272,89.565
466.225,1.117,8.105,0.604,48.994,4663.218,91.477
315.304,2.003,6.207,1.353,55.836,4415.951,89.202
467.078,2.526,7.641,3.705,33.817,4266.118,88.081
378.583,4.882,7.192,1.746,81.154,4248.879,88.142
51.718,7.314,7.494,2.39,52.026,4314.834,89.822
115.576,4.607,7.271,4.244,99.249,4116.056,86.55
197.085,1.261,7.127,0.701,13.229,4754.591,92.792
85.053,4.393,6.514,0.602,19.171,4590.605,92.032
247.456,1.626,7.181,1.53,80.378,4499.24,89.677
235.684,7.511,6.474,3.58,55.872,3984.254,86.537
478.13,1.665,6.112,1.563,36.642,4359.299,88.726
216.864,4.825,6.935,4.387,41.635,4121.824,87.249
392.813,6.934,6.062,2.083,56.815,4041.164,86.924
470.955,2.282,7.406,1.776,9.492,4494.495,90.535
438.494,0.76,6.181,1.548,76.748,4352.53,87.986
104.334,5.633,7.094,3.083,45.465,4276.356,88.999
248.015,0.542,8.45,4.353,41.839,4474.909,89.493
173.87,5.878,6.025,2.327,77.546,4133.831,87.326
199.929,7.535,6.917,1.636,57.35,4236.667,89.054
180.403,3.293,7.683,2.394,75.661,4422.744,89.459
413.18,4.883,6.397,4.572,92.935,3845.939,83.995
226.07,9.288,7.402,2.005,94.638,4072.95,87.569
261.847,4.711,6.645,3.451,43.498,4165.988,87.638
491.224,9.966,6.557,1.984,7.882,3997.657,87.887
29.99,1.57,8.237,3.536,2.237,4672.136,92.17
243.979,7.089,6.508,4.465,70.818,3886.273,85.281
387.031,6.526,6.941,3.194,9.073,4136.816,88.235
75.581,8.723,6.424,4.763,39.629,3912.849,86.349
305.766,0.924,6.71,3.207,66.564,4318.056,87.792
119.732,2.802,6.733,4.887,99.84,4084.933,85.692
433.702,1.322,6.817,3.757,23.084,4276.907,87.935
163.55,9.331,7.603,3.438,1.961,4164.267,89.422
164.531,4.266,7.856,4.234,5.084,4356.472,89.794
299.097,9.101,7.277,0.55,23.107,4321.88,90.718
91.781,2.944,7.526,1.658,99.308,4495.147,89.842
142.444,1.264,8.033,1.472,8.635,4804.4,93.337
208.316,2.965,8.499,0.999,75.177,4647.205,91.61
176.819,5.972,7.141,4.72,15.843,4123.44,87.867
262.439,8.452,8.341,1.09,21.173,4428.977,91.614
299.82,3.854,7.226,1.683,9.507,4492.697,90.988
283.334,9.148,7.955,2.008,23.583,4248.439,89.993
327.084,2.442,7.433,3.311,12.437,4401.691,89.625
153.875,6.935,8.21,3.954,2.724,4296.495,90.018
63.213,7.357,7.122,3.221,80.066,4130.477,87.711
380.404,2.74,7.74,3.87,19.859,4320.023,88.824
425.39,0.27,7.166,2.31,12.742,4533.959,90.293
128.503,3.652,8.143,4.981,27.948,4313.391,88.95
203.546,0.452,8.486,1.265,75.624,4746.432,91.844
249.285,9.008,6.608,2.299,23.254,4109.409,88.564
266.663,9.535,7.186,4.245,54.649,3874.711,86.061
329.745,7.354,6.203,1.61,22.486,4181.737,88.799
20.802,7.267,6.352,3.879,39.322,4094.982,87.737
360.739,2.409,8.323,2.139,52.612,4512.321,90.32
30.986,0.739,7.359,1.299,76.024,4701.481,91.476
234.144,8.021,6.988,2.315,28.887,4191.376,89.031
413.836,5.592,7.679,4.032,45.201,4087.814,87.104
225.608,6.816,7.4,1.004,64.648,4356.747,89.966
74.545,7.796,6.722,2.822,28.249,4206.343,89.12
492.517,4.094,6.567,3.836,22.784,4076.5,86.765
444.643,1.445,7.476,3.882,57.322,4250.114,87.362
385.657,7.95,6.471,2.253,95.287,3940.831,85.841
205.756,4.538,6.348,2.599,91.098,4162.94,87.08
91.923,8.269,6.796,4.355,60.436,3963.757,86.514
470.706,4.377,8.153,1.438,42.777,4431.808,90.203
266.176,2.17,6.092,4.967,57.015,4056.911,85.65
426.178,1.71,8.083,2.387,80.398,4410.273,88.812
171.048,7.439,7.552,1.74,10.192,4403.422,91.164
167.644,5.749,6.101,0.512,78.338,4330.982,89.251
492.77,4.046,7.505,1.063,66.144,4363.275,89.185
260.917,4.921,7.065,3.904,27.635,4184.289,88.043
70.348,5.496,8.103,3.422,87.728,4282.679,88.598
109.837,2.394,8.268,1.609,8.914,4773.417,93.363
240.972,3.782,6.716,4.672,91.95,4011.004,85.325
21.235,2.924,7.96,4.261,39.404,4434.351,89.827
231.267,3.884,6.775,1.712,81.221,4333.989,88.693
209.47,5.006,6.739,1.985,16.291,4387.771,90.216
389.668,1.734,6.482,1.331,57.186,4419.136,89.14
177.471,3.935,7.696,3.392,4.311,4436.355,90.501
491.274,3.855,6.654,3.655,28.594,4104.336,86.914
90.385,2.86,7.162,2.281,83.136,4433.602,89.363
295.493,9.985,8.03,3.817,45.981,3982.354,87.359
44.85,0.736,7.98,4.962,66.291,4409.953,88.658
366.932,6.43,8.139,3.254,80.915,4121.713,87.337
497.377,1.744,6.403,3.422,53.503,4155.175,86.54
409.569,8.395,7.467,2.182,58.997,4085.954,87.788
277.852,9.142,8.287,0.548,76.868,4324.186,90.216
242.371,4.015,6.105,4.793,12.924,4083.476,86.91
417.515,8.235,7.986,3.976,8.084,4064.413,88.034
467.987,2.499,6.616,3.63,62.57,4114.465,86.269
494.603,1.401,7.674,0.634,97.531,4491.6,89.361
198.27,3.159,7.794,3.916,64.83,4301.061,88.31
495.459,3.417,8.314,3.515,70.805,4219.683,87.514
77.963,3.974,7.272,3.06,66.197,4351.139,89.041
126.775,3.73,8.121,3.306,60.964,4409.643,89.606
44.508,4.111,6.113,4.633,20.565,4179.109,87.819
135.869,7.1,7.051,0.53,84.187,4360.799,89.896
383.969,2.456,7.099,1.206,58.065,4458.338,89.739
426.462,0.186,7.346,4.526,97.858,4163.694,85.714
389.446,4.897,7.203,0.537,7.839,4511.399,91.505
315.533,4.483,8.42,4.566,30.55,4242.342,88.463
256.983,0.601,6.196,0.633,10.837,4676.103,91.833
354.352,1.338,6.663,4.007,86.057,4149.362,86.034
195.417,5.099,8.422,4.509,81.969,4174.635,87.456
420.654,2.348,7.113,3.256,77.533,4202.921,86.958
338.595,8.776,7.428,3.386,68.182,3959.68,86.548
348.902,1.733,6.203,0.728,11.553,4563.299,91.037
267.968,0.201,6.71,1.449,41.189,4599.688,90.645
442.614,4.476,6.099,4.548,70.746,3868.569,84.321
126.007,9.862,6.344,4.207,36.723,3884.172,86.433
190.574,6.339,7.583,0.768,72.066,4425.176,90.433
388.821,3.54,7.909,4.158,29.254,4245.129,88.221
246.374,0.169,8.175,2.406,54.81,4635.711,90.86
444.607,4.849,6.629,3.023,36.099,4123.566,87.33
173.2,2.065,6.832,0.988,92.229,4510.144,89.799
184.665,6.478,7.423,2.294,44.797,4307.157,89.567
444.368,5.83,6.209,2.457,29.381,4102.762,87.483
232.185,2.652,8.017,3.513,6.644,4488.422,90.613
258.062,0.689,7.208,3.459,15.4,4480.66,89.859
166.382,7.55,8.414,2.97,56.926,4269.831,89.394
138.335,5.855,6.293,0.642,70.413,4362.452,89.677
327.974,8.421,6.333,1.227,95.482,4034.632,86.918
59.92,2.598,6.871,1.221,60.084,4584.996,91.029
439.636,6.529,6.517,4.495,68.396,3819.17,84.466
389.602,1.187,7.741,4.558,62.361,4239.515,87.128
95.374,2.918,8.367,4.129,90.345,4349.496,88.467
347.01,6.565,6.225,1.287,30.942,4230.123,88.961
301.316,8.256,6.606,4.281,60.719,3847.604,85.346
92.268,3.209,6.595,1.344,96.019,4426.423,89.267
136.602,7.989,7.273,2.996,1.706,4256.545,89.945
204.493,6.778,7.13,3.802,27.827,4135.985,88.115
349.621,3.487,7.817,0.732,76.12,4507.127,90.356
319.362,8.764,7.832,3.191,47.522,4071.167,87.866
266.117,5.092,7.432,1.63,17.67,4457.166,90.923
384.205,6.482,7.478,2.74,57.593,4142.307,87.792
378.969,4.956,8.106,2.228,51.992,4346.539,89.432
308.93,4.527,6.992,3.59,45.958,4167.533,87.574
393.495,8.48,6.031,2.701,34.833,3942.548,86.621
167.132,2.947,6.533,1.857,6.201,4524.204,91.064
440.625,0.366,6.088,4.597,60.808,4088.936,85.391
307.455,8.798,6.984,4.816,52.208,3818.764,85.305
411.182,8.25,6.895,4.109,58.951,3842.596,85.312
273.14,3.666,6.247,3.113,1.242,4290.991,88.997
109.219,1.855,7.888,4.48,9.186,4475.07,90.215
271.205,6.755,7.383,3.208,17.602,4208.939,88.94
185.556,0.788,6.564,1.17,45.395,4616.503,90.947
348.75,4.238,7.898,0.578,80.982,4483.723,90.299
237.897,0.859,7.67,3.767,25.339,4477.764,89.782
418.056,5.979,6.479,3.886,81.026,3889.246,84.876
339.036,0.272,8.457,4.666,24.29,4447.398,89.313
342.272,6.292,6.444,4.209,75.155,3887.384,85.01
108.578,6.732,7.929,3.378,87.549,4189.124,88.035
492.125,4.871,8.421,1.356,81.83,4353.141,89.175
420.838,1.75,7.814,3.173,74.1,4317.931,87.963
394.502,1.014,7.664,2.456,4.806,4563.276,90.889
165.108,3.133,8.258,1.544,33.685,4664.811,92.251
267.816,4.652,6.673,4.096,20.455,4150.254,87.694
68.552,6.422,6.693,1.173,47.984,4400.64,90.453
269.238,0.013,7.603,3.337,36.075,4519.244,89.835
72.945,7.111,8.205,3.248,62.162,4279.366,89.305
276.519,7.127,7.543,1.866,57.009,4259.085,89.159
324.361,4.445,8.443,2.432,43.655,4429.346,90.191
195.098,3.434,6.557,1.025,76.974,4430.069,89.561
249.272,8.423,8.065,0.615,2.466,4494.258,92.445
437.827,7.846,8.318,0.559,86.71,4291.33,89.4
54.282,9.833,7.068,1.284,1.292,4356.942,91.506
395.866,3.719,8.405,4.401,45.75,4224.96,87.908
85.377,9.068,6.505,2.852,88.253,3992.751,86.765
18.354,0.874,8.382,1.027,42.382,4897.865,93.817
92.787,4.115,8.257,4.575,75.811,4264.48,88.121
382.522,4.654,6.165,3.06,40.89,4104.809,87.035
202.563,4.409,7.303,0.625,85.242,4475.583,90.226
436.26,6.251,7.322,3.932,99.924,3908.455,84.961
262.354,1.702,6.142,2.63,89.931,4255.055,87.162
11.125,8.665,6.099,2.898,6.519,4168.267,89.217
358.357,5.518,6.013,3.26,15.677,4088.907,87.388
55.116,9.042,7.311,0.925,54.644,4349.674,90.663
394.69,0.026,7.16,4.765,96.199,4148.413,85.53
84.051,6.3,8.351,1.649,41.226,4530.717,91.785
172.723,4.125,6.856,3.298,28.427,4306.307,89.016
380.636,5.051,7.646,4.35,96.533,3993.62,85.486
477.116,7.438,6.019,1.994,71.17,3949.728,86.017
185.717,2.272,7.659,3.324,77.273,4372.505,88.634
414.7,2.049,8.284,4.95,11.963,4299.644,88.492
95.396,7.03,6.887,4.333,26.994,4102.193,87.861
403.59,5.214,6.785,4.007,50.859,4013.641,86.192
328.747,2.336,7.565,2.477,73.907,4379.815,88.76
96.372,4.84,6.821,2.531,35.381,4368.109,89.779
151.252,4.596,7.006,2.685,21.223,4384.261,90.009
65.885,6.914,6.683,3.607,44.278,4140.363,88.035
191.484,0.027,6.862,1.15,43.005,4688.187,91.46
101.824,5.868,7.699,4.375,87.424,4113.25,87.019
321.999,6.057,8.306,0.581,93.443,4421.734,90.1
497.253,7.455,7.458,1.265,17.713,4262.475,89.684
6.005,8.892,6.025,2.668,28.67,4130.735,88.688
270.46,4.402,6.66,1.635,78.816,4289.563,88.428
286.833,3.425,8.381,2.145,25.26,4558.351,91.358
457.104,1.023,8.276,1.997,27.2,4593.806,90.973
253.003,3.368,6.289,1.71,67.987,4326.984,88.6
271.851,0.685,8.271,2.211,51.573,4632.667,91.016
235.826,8.028,8.411,2.774,70.657,4203.115,88.733
134.452,8.07,6.811,2.644,8.186,4229.681,89.636
28.015,4.172,7.753,4.154,50.916,4335.428,89.097
204.329,2.596,7.4,1.887,67.612,4484.122,89.944
26.296,1.18,6.843,1.769,47.967,4639.312,91.268
275.246,8.512,6.383,2.77,13.654,4070.783,88.125
153.647,8.775,6.917,0.716,14.255,4376.079,91.251
266.801,2.663,8.319,1.003,59.212,4646.665,91.673
67.148,6.218,8.028,4.114,15.26,4316.447,89.877
466.315,2.587,6.827,2.722,31.073,4285.87,88.324
447.261,2.251,7.369,0.799,44.677,4531.431,90.543
94.998,0.212,7.015,2.482,59.738,4575.738,90.224
171.722,5.772,7.166,2.292,27.266,4358.368,90.043
306.746,1.499,7.903,1.608,41.119,4618.959,91.228
47.843,0.124,7.358,2.174,37.415,4713.369,91.797
177.284,1.049,6.453,1.348,10.61,4648.214,91.691
125.556,3.138,6.673,2.521,80.572,4334.375,88.479
457.758,6.692,7.419,2.338,74.496,4095.658,87.219
426.255,2.026,7.732,3.234,78.629,4278.133,87.603
289.916,8.876,7.27,4.739,15.585,3933.159,86.839
260.173,2.885,7.551,1.335,52.237,4542.79,90.771
465.363,3.312,7.973,2.378,33.696,4393.81,89.595
466.214,2.18,7.363,3.03,35.501,4320.251,88.501
484.665,2.538,8.443,2.961,7.515,4463.887,90.325
62.689,0.741,6.589,3.476,94.638,4353.601,87.812
80.279,2.948,8.299,1.706,94.03,4583.768,90.782
338.368,8.596,6.619,3.355,41.423,3944.527,86.61
270.717,6.884,7.329,1.405,85.589,4241.637,88.626
9.233,8.753,7.14,1.065,33.681,4397.91,91.268
30.988,1.049,6.932,4.242,56.382,4388.293,88.634
444.04,4.556,8.407,2.632,74.716,4278.24,88.402
434.435,2.293,6.681,2.288,52.783,4301.889,88.179
178.635,7.212,7.687,4.678,17.217,4116.526,88.157
445.525,9.702,8.01,3.694,38.525,3946.696,86.992
296.838,8.154,6.493,3.547,76.191,3886.064,85.545
402.953,0.353,8.433,1.374,78.305,4630.145,90.624
213.716,3.167,7.367,1.442,34.453,4558.4,91.189
56.699,0.286,8.286,2.674,54.507,4709.573,91.636
216.864,0.402,7.66,3.435,21.505,4550.909,90.415
228.65,0.795,7.624,2.279,25.857,4628.687,91.267
275.472,2.763,6.864,0.789,15.336,4600.941,91.685
52.791,3.042,7.926,3.574,44.354,4468.079,90.15
495.701,4.005,6.074,3.982,72.269,3916.644,84.645
122.068,4.049,7.39,4.749,88.039,4124.44,86.579
99.276,7.714,6.08,2.339,54.925,4128.896,88.054
263.401,1.414,6.767,1.661,65.551,4477.091,89.54
268.604,1.577,6.241,4.666,27.415,4189.457,87.094
219.91,6.266,8.279,3.718,21.004,4290.827,89.578
385.946,5.717,7.571,0.788,40.175,4419.078,90.504
258.327,1.54,7.671,3.11,56.332,4437.285,89.272
304.848,8.523,8.128,0.628,4.323,4462.744,92.141
361.873,3.291,7.833,1.519,10.118,4565.62,91.542
12.513,3.67,6.31,0.819,63.446,4532.488,90.791
285.322,4.205,7.544,1.422,20.732,4517.829,91.232
442.097,3.227,8.445,2.705,45.882,4399.913,89.508
8.694,5.575,6.535,1.845,93.715,4298.534,88.721
202.591,3.886,7.549,0.896,86.398,4496.908,90.271
463.114,2.594,7.409,2.669,7.307,4398.089,89.686
176.577,9.045,6.979,3.688,6.812,4074.942,88.395
229.364,3.084,8.387,0.739,15.38,4765.136,93.423
490.771,6.985,6.891,4.471,12.524,3922.341,86.194
99.662,3.472,6.234,3.439,26.128,4303.839,88.819
32.628,4.352,8.406,2.837,37.835,4547.294,91.4
429.711,2.359,7.823,2.283,9.211,4502.712,90.643
434.233,7.523,6.856,2.27,46.592,4072.169,87.513
236.039,7.372,6.701,2.01,53.453,4175.6,88.433
257.104,0.222,8.32,1.021,66.498,4757.261,91.974
417.903,0.602,6.684,0.857,41.228,4561.225,90.381
369.28,9.224,7.343,1.89,30.294,4138.901,88.853
132.575,8.888,6.537,3.502,64.675,3963.51,86.655
8.447,5.061,8.488,1.798,91.208,4529.342,90.9
239.85,4.934,7.924,4.155,40.253,4229.749,88.375
429.456,8.124,7.419,2.211,30.05,4139.737,88.534
447.917,1.385,7.865,3.34,72.054,4315.127,87.846
478.113,6.537,8.291,2.444,87.85,4143.125,87.514
439.782,4.76,8.408,2.74,96.02,4216.836,87.636
290.022,7.433,7.965,1.626,22.794,4371.667,90.719
222.303,0.301,8.123,2.812,30.974,4642.874,91.209
387.425,5.927,6.994,0.998,90.68,4228.219,88.154
369.911,5.567,6.98,2.24,27.729,4255.133,88.944
269.072,8.408,8.021,2.517,35.214,4224.95,89.42
43.664,6.768,7.899,3.668,64.307,4234.245,88.73
463.041,8.802,8.252,2.301,57.246,4109.054,88.159
227.801,8.873,6.333,3.494,87.907,3850.454,85.287
181.667,4.082,7.727,1.286,61.573,4526.065,90.869
314.784,1.374,7.619,0.614,49.399,4675.653,91.675
336.919,6.303,7.996,2.777,8.321,4321.711,90.025
105.344,8.737,6.061,2.632,97.528,3958.296,86.229
418.469,0.75,8.066,3.514,42.809,4422.845,89.025
144.969,5.579,6.816,1.911,57.685,4323.695,89.334
93.342,1.15,7.718,0.634,50.701,4802.769,92.866
203.2,0.27,7.541,3.756,74.059,4415.318,88.494
365.28,6.796,7.1,4.74,64.999,3883.599,85.225
482.729,6.818,7.865,2.274,34.924,4206.95,88.766
404.641,6.007,8.403,3.25,52.484,4207.679,88.354
470.174,8.592,6.809,2.951,82.778,3855.506,85.305
70.303,0.809,7.871,3.047,63.712,4579.394,90.399
35.588,1.053,6.786,4.403,95.504,4276.882,87.13
278.852,8.645,8.114,3.814,75.64,4007.087,86.908
145.149,5.033,7.093,3.964,49.034,4190.634,87.926
414.027,2.731,7.123,0.905,80.894,4416.471,89.175
335.994,7.382,7.93,1.16,44.777,4350.323,90.27
485.364,8.944,7.24,3.485,22.106,3941.46,86.877
127.396,6.896,6.667,2.932,63.341,4138.273,87.818
242.892,7.919,8.489,3.984,36.036,4160.976,88.625
250.62,2.825,7.551,0.919,3.461,4689.692,92.71
119.588,2.888,7.613,3.049,22.193,4507.8,90.722
295.047,8.641,7.616,2.687,17.541,4178.247,89.199
221.643,6.149,8.208,4.346,79.692,4108.594,87.134
223.361,2.342,6.46,1.342,72.945,4437.1,89.344
181.368,5.242,6.148,2.069,61.838,4231.426,88.268
8.465,6.859,6.967,1.177,93.499,4344.803,89.571
261.048,2.185,7.412,2.533,18.633,4510.883,90.578
167.624,6.549,6.714,4.466,17.156,4079.217,87.585
0.66,0.421,7.723,3.517,90.999,4517.251,89.389
153.972,3.037,6.185,3.849,65.042,4174.629,87.007
139.314,6.74,7.977,0.92,56.203,4486.628,91.326
196.724,1.493,7.795,2.534,74.249,4504.574,89.751
65.926,2.222,6.535,4.274,28.885,4324.251,88.62
253.842,8.791,6.746,4.269,59.894,3861.493,85.653
346.22,6.743,8.018,4.946,43.263,4010.345,86.694
315.093,4.989,7.933,2.867,31.39,4336.83,89.551
401.877,2.109,8.034,0.509,87.755,4570.614,90.461
226.004,3.414,6.806,4.546,16.906,4208.466,87.94
259.546,5.743,8.424,4.803,2.771,4239.624,89.092
405.201,1.553,7.788,4.675,36.551,4257.989,87.68
213.851,4.817,6.163,3.974,20.642,4129.859,87.537
350.8,4.09,7.194,1.454,81.292,4331.601,88.73
217.301,4.767,7.661,1.126,13.537,4579.493,92.09
208.868,1.056,6.422,3.654,93.811,4231.927,86.698
380.103,1.065,8.254,1.132,17.586,4733.779,92.481
87.418,9.641,7.885,4.79,89.037,3905.697,86.059
169.293,9.794,6.204,2.506,17.669,4060.066,88.362
112.086,4.262,8.283,0.639,5.746,4783.815,94.059
179.555,7.89,7.011,1.178,49.297,4300.456,89.879
115.187,6.558,7.131,1.807,36.28,4374.35,90.348
289.703,1.169,7.958,3.667,60.186,4405.406,88.803
399.085,2.967,7.61,3.818,64.431,4202.473,87.27
393.307,3.137,7.094,1.459,93.504,4323.035,88.236
182.25,5.958,6.649,3.418,95.319,4043.406,86.268
494.38,5.8,7.292,0.643,50.003,4327.718,89.517
296.927,9.235,7.448,0.963,21.658,4294.977,90.504
199.7,7.9,7.577,2.908,25.48,4221.151,89.327
417.77,8.568,7.513,3.667,10.87,4025.497,87.717
364.937,8.912,7.543,4.615,28.707,3907.363,86.46
374.638,8.013,7.189,2.47,91.227,4001.534,86.507
98.07,3.329,7.405,1.04,37.096,4646.826,92.096
234.162,2.15,6.722,4.68,63.323,4152.887,86.541
430.914,5.718,6.396,2.468,98.143,3995.12,85.685
252.019,6.896,7.517,2.739,11.567,4283.944,89.792
341.726,3.866,6.117,4.345,77.762,3957.584,84.958
293.967,8.483,6.163,3.136,70.269,3891.009,85.752
421.178,9.606,6.618,1.857,82.085,3921.134,86.272
142.28,5.694,6.486,2.934,14.58,4270.233,89.265
287.738,4.566,6.935,3.312,50.676,4188.823,87.751
61.617,8.429,6.928,4.504,63.568,3963.024,86.523
345.105,0.243,6.292,1.557,76.248,4436.354,88.674
365.984,1.29,6.616,3.017,71.551,4269.306,87.365
21.419,8.457,6.011,4.642,57.526,3888.328,85.845
337.895,7.32,6.877,0.705,47.448,4287.421,89.596
207.345,4.161,7.991,1.376,94.23,4461.353,89.92
62.048,8.889,6.665,2.058,18.996,4247.255,89.949
209.954,3.515,7.608,3.553,21.23,4382.361,89.666
97.116,6.338,6.246,4.288,11.996,4106.259,87.844
207.78,6.343,6.031,1.396,12.155,4318.078,89.962
192.17,1.843,7.246,1.61,87.475,4500.381,89.682
369.196,2.849,7.154,4.205,61.046,4145.777,86.702
387.108,9.16,6.479,1.168,93.574,3992.42,86.736
303.514,1.834,6.716,1.675,88.8,4383.053,88.493
11.343,1.736,6.077,3.797,30.751,4373.995,88.953
465.511,4.796,7.994,1.248,64.491,4373.134,89.525
343.117,0.922,6.753,4.226,38.564,4257.92,87.47
17.098,8.946,6.549,2.707,87.741,4052.787,87.334
409.416,1.001,8.012,2.514,73.691,4447.592,89.039
100.133,6.166,6.098,1.109,13.225,4414.159,90.859
289.611,3.398,6.711,3.558,26.076,4248.438,88.243
233.317,8.043,6.657,4.478,66.1,3866.892,85.421
209.919,5.898,6.657,3.614,25.367,4153.695,88.053
444.857,3.883,6.029,1.926,53.87,4185.955,87.486
218.681,9.839,8.337,3.645,25.181,4117.569,88.876
37.672,0.662,8.16,2.795,68.57,4647.47,90.988
473.319,5.778,7.036,4.342,8.427,4027.039,86.919
460.268,9.896,7.114,2.568,72.401,3884.797,86.093
342.216,6.91,7.31,1.568,34.364,4288.94,89.619
233.946,7.398,7.196,0.956,45.899,4345.359,90.214
46.43,0.321,7.948,1.765,48.874,4781.295,92.42
395.374,0.214,7.221,3.036,20.243,4469.657,89.558
37.739,0.361,6.472,1.265,94.274,4595.215,90.118
34.3,9.917,6.292,0.679,1.016,4346.306,91.428
268.692,9.795,8.296,2.52,37.902,4177.679,89.336
80.064,3.345,6.121,2.063,13.725,4471.016,90.576
3.865,2.91,8.244,2.392,36.633,4664.526,92.152
211.557,1.46,7.726,2.544,11.291,4616.921,91.494
68.609,3.291,7.012,3.947,38.492,4330.586,88.908
80.258,3.701,6.468,4.824,20.194,4198.786,87.896
38.455,7.483,6.776,1.68,55.825,4304.574,89.732
102.547,8.663,7.325,4.741,2.184,4069.601,88.273
357.742,7.467,7.642,1.528,51.104,4256.998,89.299
404.464,6.465,7.729,3.897,28.993,4099.686,87.646
226.267,7.659,7.118,3.566,32.824,4093.485,87.904
253.277,7.385,6.935,0.735,36.113,4351.88,90.373
16.328,4.757,7.921,3.762,65.619,4338.587,89.157
34.658,3.359,8.314,4.555,76.019,4338.554,88.633
128.784,2.828,8.286,4.686,33.641,4386.952,89.381
271.949,6.794,7.379,3.583,92.574,4018.767,86.3
369.776,9.593,6.198,4.04,74.877,3701.496,84.144
302.502,5.811,6.183,0.822,40.98,4312.391,89.457
196.064,9.125,7.007,1.226,10.683,4302.465,90.655
59.162,0.142,7.832,1.681,56.474,4765.454,92.132
390.387,7.945,7.243,2.891,61.763,4019.28,86.959
181.893,8.536,7.568,2.238,14.494,4286.294,90.279
368.027,6.31,8.108,3.457,85.35,4094.908,86.989
256.489,9.341,6.101,2.506,38.761,3986.726,87.282
369.331,5.899,8.31,3.988,16.085,4220.403,88.813
453.645,2.405,6.827,3.711,52.567,4159.385,86.79
460.515,2.157,6.117,3.863,42.782,4101.74,86.237
267.553,5.558,8.089,4.23,64.574,4145.033,87.472
255.754,9.065,8.335,4.254,18.085,4090.85,88.447
132.839,0.724,7.922,4.008,3.056,4582.642,91.013
467.9,6.044,8.011,0.797,48.17,4388.977,90.221
228.96,7.698,8.178,3.304,16.563,4254.879,89.693
63.796,1.154,7.306,0.589,16.488,4849.11,93.672
216.352,1.168,7.701,3.847,68.115,4382.634,88.496
63.527,3.661,6.716,0.775,26.618,4626.073,92.093
251.266,2.739,6.624,4.924,84.159,4039.087,85.371
280.638,1.983,7.522,3.263,51.959,4382.506,88.9
168.878,1.987,7.837,1.319,61.2,4645.567,91.44
35.825,1.307,6.993,2.607,32.77,4589.773,90.962
471.752,6.109,7.001,4.22,23.158,3990.45,86.505
386.677,6.881,8.386,1.31,16.738,4436.683,91.264
419.441,7.029,7.296,2.915,71.001,4034.876,86.748
183.434,5.324,8.466,0.516,69.224,4598.618,91.891
380.416,9.529,8.157,4.048,49.775,3944.708,86.808
242.686,8.805,7.599,1.376,78.35,4204.032,88.898
100.542,9.576,6.023,2.242,80.457,3988.054,86.949
62.212,3.888,6.74,2.886,44.776,4370.316,89.422
172.525,8.778,7.044,1.152,65.464,4233.14,89.31
68.776,7.629,7.632,4.67,91.298,3997.78,86.353
499.134,3.4,6.989,2.61,9.064,4300.237,88.932
24.594,1.066,8.07,1.543,2.201,4882.658,94.124
220.572,6.826,7.657,3.808,47.863,4137.59,87.945
226.047,1.365,6.868,4.524,33.842,4285.46,87.926
150.316,2.938,7.961,4.607,9.614,4394.133,89.727
285.676,5.004,6.758,2.44,15.827,4307.088,89.414
74.989,6.799,6.157,2.118,26.492,4273.519,89.51
391.956,9.262,6.431,4.682,10.84,3794.201,85.612
166.224,5.932,6.007,0.738,32.589,4381.998,90.274
295.671,6.714,8.081,3.877,14.147,4208.508,88.958
357.82,3.1,7.568,1.299,62.845,4467.292,89.975
444.521,6.873,7.426,2.595,69.966,4077.328,87.136
417.894,4.378,7.655,4.792,77.774,4002.962,85.565
304.155,8.569,7.634,3.115,87.107,3997.126,86.671
194.197,3.925,7.414,2.855,1.307,4459.89,90.763
251.602,4.683,8.106,0.778,18.464,4635.928,92.579
384.367,4.326,7.102,1.748,81.651,4263.654,88.118
438.773,8.111,8.012,0.514,4.018,4416.845,91.562
51.891,9.537,7.967,4.438,66.879,4016.353,87.356
192.428,3.273,6.499,3.402,18.895,4312.05,88.913
388.058,4.75,7.134,1.031,51.136,4376.513,89.679
215.826,7.059,8.087,2.136,96.268,4241.758,88.573
166.114,8.954,8.077,4.151,65.221,4031.387,87.348
205.661,4.937,6.06,1.131,37.454,4368.276,89.789
301.422,1.089,6.558,1.536,69.211,4458.562,89.22
499.903,3.687,7.06,2.936,1.551,4274.947,88.84
246.496,5.504,6.118,1.152,95.099,4207.935,87.779
104.247,4.175,6.652,2.222,35.1,4411.852,90.02
81.423,1.866,6.646,4.92,98.032,4142.565,86.005
21.175,0.37,6.536,2.947,67.965,4493.897,89.37
279.409,6.874,6.992,3.657,29.448,4091.173,87.679
272.286,9.927,8.033,3.485,61.911,3998.442,87.344
102.617,9.192,6.61,1.453,38.645,4227.555,89.647
347.665,6.833,7.455,4.308,64.637,3970.024,86.104
370.554,8.415,7.394,1.049,79.275,4169.879,88.431
129.549,2.557,8.045,4.647,47.609,4351.907,88.81
172.05,6.224,6.985,1.472,22.99,4408.046,90.718
495.236,0.606,6.559,4.796,98.164,4002.009,84.22
187.132,7.072,8.229,4.091,41.852,4182.934,88.532
380.401,9.699,8.082,1.269,18.462,4269.233,90.417
226.363,8.608,7.554,1.222,74.182,4241.25,89.253
396.672,5.344,6.233,0.88,65.873,4237.97,88.324
384.512,7.887,6.04,1.613,81.843,3992.408,86.472
333.878,9.439,6.457,3.466,1.166,3957.838,87.398
427.389,2.16,6.492,2.841,35.384,4272.552,88.02
469.609,7.933,6.341,3.26,32.138,3912.343,86.182
289.992,2.698,6.655,0.64,92.46,4436.693,89.252
118.734,8.769,6.845,0.86,35.617,4329.41,90.569
199.314,0.984,7.886,3.614,53.196,4471.995,89.483
379.153,1.782,7.774,4.316,1.349,4364.438,89.166
325.442,7.206,6.261,2.117,81.007,4029.313,86.645
88.899,1.748,8.443,1.249,12.284,4862.954,94.031
25.62,1.581,7.88,1.888,88.351,4630.736,90.898
341.481,5.555,6.409,2.354,73.776,4109.419,87.023
125.54,8.35,6.311,3.336,56.083,4005.134,86.995
249.835,2.685,6.219,2.343,75.16,4278.153,87.835
373.373,8.411,7.829,4.537,79.496,3863.031,85.359
281.333,8.08,6.591,2.305,75.422,4033.038,87
41.651,5.791,6.182,1.316,66.429,4343.388,89.507
92.79,6.466,7.055,1.618,88.188,4297.649,89.034
109.664,0.404,7.772,2.593,42.879,4657.039,91.263
128.932,3.671,6.761,4.021,57.051,4211.896,87.65
282.702,2.634,7.207,4.412,96.969,4112.443,85.945
251.983,1.5,6.482,1.334,37.852,4538.09,90.452
101.58,3.897,7.073,0.516,75.341,4559.424,91.01
33.777,3.549,6.897,4.412,39.789,4274.583,88.413
85.716,7.289,7.085,1.527,47.547,4353.393,90.245
492.191,5.981,7.164,4.197,34.228,3983.081,86.283
234.273,9.131,6.231,2.978,16.155,4019.242,87.77
433.673,1.454,6.233,2.319,97.248,4207.454,86.538
424.376,0.597,6.652,1.16,45.283,4516.483,89.891
255.76,5.346,6.289,3.524,28.655,4124.028,87.558
353.344,0.01,6.632,4.182,64.982,4237.876,86.732
96.376,7.877,6.061,2.575,11.982,4182.632,89.07
344.198,5.06,6.877,2.509,54.797,4202.145,87.991
136.192,4.881,6.534,3.899,57.838,4135.673,87.243
416.031,3.625,8.23,2.751,20.4,4417.921,90.063
41.862,3.75,8.145,4.035,96.002,4310.592,88.271
386.569,4.311,6.751,0.744,59.873,4372.154,89.416
49.968,0.16,7.189,4.359,23.039,4503.859,89.856
440.595,0.835,8.389,1.679,83.511,4541.925,89.835
152.102,5.05,7.31,1.261,31.397,4513.518,91.336
327.197,1.501,8.121,0.645,73.261,4662.395,91.342
243.751,7.788,8.066,4.253,63.209,4043.586,87.14
183.152,2.745,8.353,0.771,16.809,4795.835,93.614
322.721,0.979,6.764,4.795,10.353,4265.915,87.849
473.761,2.352,6.109,3.042,61.144,4129.909,86.393
20.635,3.571,6.26,3.644,67.162,4238.391,87.784
459.426,0.353,7.428,3.764,13.975,4391.114,88.877
304.541,1.417,7.326,1.817,18.099,4591.555,91.16
403.657,3.238,6.746,4.129,5.959,4186.037,87.772
191.937,3.105,6.622,4.758,14.315,4206.53,87.854
235.921,8.004,7.773,2.164,59.22,4224.319,89.052
434.425,8.433,6.851,4.259,20.863,3878.652,86.108
207.424,1.934,7.51,3.974,29.577,4393.994,89.224
267.33,1.239,7.781,3.153,55.97,4455.181,89.364
10.097,6.342,7.076,2.154,42,4386.059,90.343
79.299,8.046,6.484,2.368,84.677,4100.203,87.569
320.843,9.637,8.152,1.884,57.535,4169.418,89.01
358.488,0.068,6.234,2.418,14.074,4470.77,89.587
291.3,4.137,8.074,4.953,39.048,4181.451,87.665
71.655,7.34,8.092,2.135,26.618,4439.577,91.332
222.703,8.286,7.427,3.495,26.639,4114.361,88.363
177.547,0.623,7.574,1.938,26.39,4690.849,91.831
247.831,6.806,6.895,2.6,42.419,4180.451,88.422
435.165,2.889,8.104,0.877,14.074,4632.497,92.051
387.931,0.746,6.659,3.935,25.987,4289.233,87.856
41.995,4.891,7.399,3.475,70.445,4286.044,88.623
445.155,1.582,6.004,2.064,82.917,4226.593,86.911
235.884,7.37,8.35,2.862,2.362,4357.612,90.764
371.931,7.413,8.371,4.425,9.262,4119.454,88.326
70.02,8.421,7.776,0.7,85.65,4380.266,90.472
335.36,3.776,7.058,4.686,22.251,4136.247,87.273
118.163,0.133,6.447,2.619,31.905,4553.246,90.253
219.19,2.597,7.231,4.368,34.372,4278.064,88.216
8.431,4.678,7.979,4.377,86.722,4248.62,88.022
75.805,6.94,7.513,0.764,17.113,4555.764,92.469
46.04,3.82,7.319,4.017,81.441,4253.233,87.864
119.872,5.36,8.124,3.798,47.301,4310.008,89.235
50.009,5.243,6.783,0.694,78.534,4464.643,90.434
345.955,1.65,8.15,4.732,69.117,4248.046,87.284
14.52,6.23,7.099,3.355,73.478,4208.576,88.22
308.87,4.393,6.006,1.254,12.271,4376.611,89.961
70.354,8.079,7.83,1.054,31.569,4475.317,91.861
472.581,6.906,8.195,3.029,23.489,4187.999,88.717
466.547,1.115,7.211,0.765,13.466,4628.674,91.486
112.752,4.888,7.137,1.24,64.284,4460.379,90.427
307.211,7.025,8.014,4.768,69.818,3980.07,86.21
14.003,0.87,8.212,3.851,15.007,4655.54,91.666
465.894,7.925,8.436,3.261,77.082,4034.175,86.948
261.494,2.22,6.864,1.44,29.396,4541.903,90.791
21.612,5.031,7.487,1.483,38.303,4561.386,91.74
171.25,9.406,8.057,2.506,99.332,4100.536,87.834
38.425,5.713,7.33,3.893,20.007,4298.746,89.501
196.472,4.241,7.155,0.518,12.694,4628.044,92.426
334.963,0.068,7.43,0.699,27.582,4747.015,92.215
234.945,1.334,6.892,4.416,93.249,4176.99,86.238
191.861,5.787,6.48,4.163,12.885,4120.657,87.814
59.579,4.938,6.167,3.626,61.978,4153.393,87.396
122.47,3.638,7.525,2.748,79.515,4375.526,89.052
50.072,9.232,6.948,1.153,92.315,4208.203,88.929
403.749,3.325,8.207,0.96,48.325,4559.967,91.114
67.62,5.372,6.557,4.574,46.311,4103.312,87.181
297.687,5.687,6.777,2.221,82.933,4156.477,87.442
171.37,5.275,8.426,3.631,20.388,4389.356,90.272
112.989,4.776,7.391,2.553,46.754,4394.989,89.915
319.734,3.371,6.867,3.789,64.136,4151.1,86.881
228.501,9.088,8.152,1.37,70.309,4268.984,89.713
200.073,4.508,7.858,2.681,12.073,4468.205,90.914
296.426,5.284,7.433,2.196,86.849,4237.56,88.092
245.634,6.565,8.223,1.603,82.007,4346.932,89.619
151.742,0.677,6.235,3.19,32.388,4430.046,89.18
279.531,7.813,6.986,2.916,48.162,4080.253,87.665
334.749,5.125,8.026,2.731,39.02,4327.908,89.426
13.347,6.572,6.965,3.16,98.129,4148.97,87.48
232.936,7.72,8.317,1.141,58.815,4397.441,90.702
28.842,8.741,6.381,2.167,27.776,4214.361,89.488
93.203,3.922,6.842,1.961,74.849,4395.647,89.385
280.254,8.114,7.064,3.961,82.342,3899.78,85.609
433.094,2.588,7.717,0.661,72.887,4513.925,90.187
441.403,6.603,6.488,1.769,9.269,4202.562,88.914
34.972,1.027,6.025,4.632,29.486,4311.422,88.127
209.553,0.2,8.441,1.852,36.881,4770.416,92.395
291.503,0.958,8.247,1.184,22.471,4767.76,92.74
73.535,3.194,6.751,3.908,48.653,4290.484,88.376
382.716,0.311,7.209,0.715,32.63,4677.174,91.539
372.118,6.305,7.222,2.418,4.61,4269.862,89.544
451.671,3.165,8.173,4.349,65.553,4167.182,86.966
4.243,7.364,7.493,4.793,44.161,4111.291,87.88
108.342,0.459,8.066,1.621,3.783,4859.855,93.698
413.593,2.167,8.28,1.833,93.357,4442.846,89.145
335.29,4.08,7.415,3.053,65.453,4233.673,87.906
447.195,3.827,6.714,1.519,8.321,4387.858,89.943
28.59,1.31,7.247,1.178,89.05,4648.947,90.992
298.482,9.941,8.127,2.417,42.665,4139.386,88.95
284.523,2.844,7.459,0.825,24.721,4629.47,91.901
17.837,7.21,8.239,4.524,5.555,4290.987,90.017
256.761,2.2,8.239,2.004,74.737,4535.602,90.269
304.76,8.779,6.933,2.013,96.963,4006.781,86.732
95.647,3.878,7.12,4.061,19.346,4325.516,89.225
136.665,9.009,7.695,2.037,42.275,4262.449,89.904
320.174,3.418,6.278,3.924,24.513,4155.327,87.334
234.15,0.086,7.164,1.316,57.675,4648.084,90.93
429.007,5.17,6.373,2.88,87.258,4001.771,85.696
171.191,5.248,8.12,3.958,13.939,4340.291,89.838
133.33,1.198,8.357,2.525,30.523,4695.614,92.01
492.433,2.35,6.354,0.823,17.301,4454.77,90.08
455.568,7.835,7.668,3.816,23.639,4018.42,87.298
14.496,0.368,7.591,2.723,13.863,4733.458,92.306
385.364,4.895,7.9,1.924,63.829,4332.529,89.156
55.167,5.304,7.739,4.968,5.307,4273.786,89.276
13.743,6.887,6.543,4.442,73.169,4012.484,86.459
136.848,0.375,6.728,0.67,15.07,4788.49,92.847
134.673,5.856,6.413,3.171,27.401,4209.202,88.575
409.659,0.031,8.303,2.096,35.183,4643.986,91.097
355.334,2.652,7.305,0.668,38.724,4575.919,91.167
490.805,4.997,8.44,0.551,18.119,4557.473,91.893
355.756,9.113,7.123,3.127,49.392,3967.336,86.913
209.128,1.266,7.382,1.941,89.582,4497.1,89.455
349.464,1.693,7.973,3.665,46.414,4378.627,88.83
499.73,6.693,7.993,2.545,3.757,4252.812,89.498
355.071,3.749,6.578,3.949,36.977,4123.944,86.994
380.841,6.234,6.721,4.159,40.911,3972.238,86.184
469.183,9.975,6.245,3.458,29.051,3787.275,85.575
56.826,9.869,8.014,2.381,30.301,4280.827,90.466
352.392,3.537,7.985,4.948,20.694,4209.21,87.946
425.403,5.039,6.203,1.88,95.711,4076.22,86.317
477.189,9.047,6.644,2.816,53.415,3885.028,86.03
105.485,0.922,7.125,2.842,54.139,4521.18,89.947
251.965,4.523,7.354,2.428,43.135,4354.289,89.468
340.277,3.776,7.306,1.046,62.075,4442.922,89.941
123.734,2.949,8.458,2.093,42.903,4641.38,91.869
300.236,9.942,7.91,1.468,69.207,4158.561,88.876
128.789,7.335,6.283,4.549,9.733,4022.726,87.331
166.729,3.887,6.734,3.449,3.938,4342.842,89.555
220.759,8.29,6.864,1.795,56.68,4168.589,88.606
264.595,4.897,6.788,3.046,73.675,4149.726,87.23
224.683,8.728,7.965,4.339,67.232,3979.325,86.739
246.598,2.664,6.901,4.705,40.466,4182.225,87.217
149.294,2.236,7.231,0.838,1.318,4750.256,93.16
79.483,2.473,7.334,4.041,12.96,4439.95,90.012
23.675,5.385,6.676,4.848,39.811,4122.067,87.438
97.989,2.913,6.807,2.603,66.771,4392.219,89.128
290.972,1.471,7.95,4.98,31.892,4314.178,88.264
393.058,9.946,8.167,4.807,53.628,3834.886,85.796
84.624,9.004,6.093,3.456,18.377,4034.386,87.861
54.278,6.35,7.513,4.314,17.787,4239.645,89.124
374.645,8.915,7.584,1.835,74.535,4092.742,87.857
152.579,9.355,7.843,4.629,44.401,3988.645,87.249
475.75,6.761,7.735,3.164,94.955,3991.274,85.992
357.159,5.187,8.194,2.793,21.919,4358.249,89.919
163.378,8.82,6.196,4.26,45.328,3880.223,85.995
144.771,5.678,6.971,4.503,19.64,4151.256,88.02
261.849,1.268,7.955,3.656,26.34,4482.956,89.947
39.572,3.669,8.116,0.613,64.366,4718.433,92.641
58.838,4.459,6.662,3.187,91.053,4212.963,87.557
87.929,9.354,7.463,4.197,13.714,4087.498,88.544
387.362,6.592,6.452,2.954,13.829,4098.889,87.828
256.929,8.753,8.127,4.707,95.294,3885.346,85.526
5.284,7.576,7.826,4.538,73.891,4099.594,87.53
336.758,3.099,6.555,2.884,31.97,4279.913,88.409
211.845,7.187,7.559,2.317,41.286,4276.37,89.507
255.426,1.953,7.273,0.748,79.101,4568.981,90.485
107.058,4.081,6.647,3.347,70.183,4232.069,87.843
275.891,8.061,8.233,1.697,61.342,4289.921,89.704
489.577,6.119,6.37,3.508,86.607,3862.189,84.592
36.722,8.254,7.169,4.094,31.929,4112.498,88.282
141.959,2.547,7.457,2.339,21.914,4569.628,91.241
121.499,7.497,8.059,0.57,41.569,4530.112,92.135
124.275,2.023,6.375,4.394,1.739,4331.403,88.904
189.353,5.453,7.523,2.971,51.221,4285.469,88.978
409.055,4.335,6.016,1.917,37.158,4214.373,88.073
456.429,5.565,8.056,3.352,14.061,4235.862,88.887
101.108,1.355,6.587,3.535,87.673,4311.539,87.645
271.475,3.612,7.802,1.164,20.247,4607.023,91.951
318.449,6.669,7.505,3.409,70.89,4075.131,87.043
260.914,5.585,6.125,1.79,70.867,4182.067,87.788
217.038,5.49,6.458,4.116,5.216,4140.74,88.002
95.988,5.108,6.669,4.737,43.337,4103.173,87.131
244.11,9.439,8.217,0.962,48.161,4335.162,90.702
200.607,9.346,7.202,4.628,81.935,3825.932,85.244
397.782,3.601,8.284,4.566,62.82,4167.222,87.124
381.802,3.519,6.119,2.043,7.269,4326.167,89.245
66.999,5.549,6.016,0.63,45.428,4436.86,90.579
44.26,0.956,8.371,3.485,30.785,4657.108,91.55
454.077,3.03,7.81,2.051,17.924,4461.47,90.344
267.754,2.309,7.958,1.362,28.328,4653.62,91.946
428.9,2.234,8.29,0.989,84.182,4535.588,90.184
29.076,6.385,8.461,1.382,62.38,4549.373,91.785
263.258,3.844,6.244,1.569,44.107,4355.55,89.267
269.713,1.712,6.396,4.081,72.328,4166.356,86.454
430.351,8.876,6.471,4.027,96.854,3691.755,83.612
48.805,8.741,8.046,2.725,92.789,4185.062,88.545
120.223,8.625,6.889,2.99,10.589,4177.371,89.255
203.269,3.907,7.483,4.63,33.896,4220.502,88.038
432.921,0.57,8.138,4.586,32,4346.237,88.313
469.442,1.067,7.708,4.229,55.831,4248.133,87.243
496.362,2.76,6.164,2.184,9.951,4291.824,88.647
479.597,2.2,7.114,2.149,92.25,4262.186,87.359
2.971,8.74,6.169,4.495,78.47,3871.909,85.556
23.854,9.864,7.197,4.669,13.154,4021.366,88.041
73.803,8.167,6.548,4.093,26.173,4047.937,87.668
174.431,7.298,6.003,3.907,15.163,4027.149,87.309
414.959,5.886,8.033,3.012,48.288,4203.747,88.32
446.328,7.699,8.423,2.023,89.122,4153.733,87.956
93.417,9.47,8.41,1.583,64.818,4332.887,90.522
309.832,6.013,6.748,1.132,60.947,4284.161,89.036
458.681,1.546,8.072,3.777,8.375,4406.106,89.441
231.866,1.639,7.697,3.996,90.723,4290.745,87.492
51.772,5.839,8,2.114,28.795,4513.222,91.596
228.907,3.335,8.116,0.527,90.113,4597.427,91.074
187.897,9.102,8.451,4.724,45.949,4031.732,87.589
288.829,6.116,6.379,2.467,53.349,4134.308,87.645
219.329,6.765,7.924,4.886,60.895,4034.17,86.762
8.673,0.058,7.835,3.548,29.562,4662.355,91.345
496.999,4.988,6.719,1.058,83.72,4200.764,87.667
271.77,4.312,6.981,1.971,95.877,4257.798,87.913
236.815,7.059,6.442,3.457,29.066,4069.041,87.517
477.309,3.826,8.283,3.422,1.014,4354.153,89.679
77.93,9.766,8.198,1.544,53.036,4332.117,90.721
94.619,6.702,7.535,1.296,59.692,4422.128,90.635
404.007,6.599,7.279,1.746,7.286,4306.818,89.975
130.416,9.193,6.582,4.041,67.617,3894.009,86.022
399.614,9.952,7.974,1.588,29.915,4181.321,89.5
135.767,1.978,6.021,3.658,95.908,4177.64,86.411
16.594,8.105,7.157,4.415,78.36,4003.913,86.687
258.507,1.623,8.151,2.262,8.186,4662.123,92.026
98.343,4.57,7.546,0.531,95.483,4532.816,90.744
378.923,1.002,7.588,1.139,23.496,4658.354,91.649
320.6,6.234,6.177,1.904,80.034,4095.269,87.022
461.801,4.685,6.717,1.355,64.685,4241.668,88.175
391.494,6.287,7.685,1.803,54.094,4269.901,89.044
90.388,6.78,6.124,2.948,93.334,4046.744,86.568
400.079,6.194,6.827,0.595,60.982,4291.528,89.164
320.869,2.94,6.885,0.789,86.014,4430.083,89.323
334.476,8.37,7.247,4.351,82.942,3837.995,85.061
416.131,5.517,6.906,2.85,67.545,4086.55,86.845
286.912,4.899,7.135,4.71,49.546,4055.066,86.525
233.002,9.871,7.367,0.515,10.717,4353.808,91.392
318.321,2.835,6.321,0.501,16.245,4548.614,91.174
148.979,5.28,6.451,3.828,53.748,4116.3,87.21
91.299,6.823,8.081,2.643,33.888,4389.226,90.6
308.294,1.252,7.149,4.612,21.577,4293.819,88.098
116.924,3.542,6.888,4.04,96.742,4155.76,86.653
39.958,8.017,7.085,2.768,86.003,4138.859,87.934
0.277,2.368,6.437,2.653,43.598,4472.655,90.001
304.16,4.933,6.6,4.15,87.238,3971.73,85.325
181.074,6.306,7.289,4.117,6.887,4197.587,88.799
376.155,6.712,6.897,1.746,10.824,4269.801,89.603
187.588,7.283,7.189,3.536,94.856,4017.617,86.413
243.002,8.66,6.374,3.394,69.191,3905.113,85.957
203.542,3.929,6.391,4.352,76.667,4052.345,85.935
325.287,7.066,6.96,4.409,83.456,3872.253,85.008
178.07,7.322,6.947,1.707,6.269,4356.328,90.697
481.884,3.003,8.208,4.459,72.064,4139.742,86.578
468.073,9.682,6.084,4.661,36.323,3651.544,84.057
424.014,8.652,8.482,0.993,81.982,4240.297,89.179
460.15,2.899,8.391,3.082,39.381,4377.177,89.248
224.57,6.751,7.356,2.464,76.994,4185.347,88.109
268.215,7.178,7.797,2.309,90.228,4175.333,88.004
371.046,4.315,8.338,3.672,34.59,4296.196,88.911
348.073,8.637,6.628,1.083,47.467,4153.65,88.653
445.339,6.902,6.789,4.19,54.205,3883.738,85.366
358.166,6.582,6.277,0.62,69.096,4219.409,88.478
498.942,2.208,7.41,3.102,84.566,4201.702,86.834
174.253,4.078,6.399,1.514,21.829,4453.745,90.543
416.499,4.339,8.327,3.504,94.618,4167.909,87.035
348.817,7.337,7.079,2.864,78.773,4022.663,86.64
345.693,6.184,8.299,4.999,14.814,4118.361,87.891
162.918,0.859,6.513,4.38,34.248,4320.344,88.119
392.801,3.077,7.735,2.015,25.885,4470.005,90.364
450.188,4.73,7.619,2.878,16.743,4278.977,89.041
109.274,7.367,6.999,1.93,64.829,4254.243,89.104
312.748,7.436,8.246,3.78,7.514,4203.443,89.19
196.067,4.905,7.087,2.401,60.278,4304.753,88.916
494.774,1.169,6.496,1.019,82.944,4375.92,88.281
239.416,2.929,8.442,3.474,36.828,4457.07,90.081
114.16,2.547,7.104,0.55,49.478,4672.009,91.989
190.929,7.81,6.52,1.838,15.27,4251.72,89.708
326.919,1.8,6.909,4.582,72.321,4134.6,86.163
38.045,4.649,7.534,0.924,90.966,4527.584,90.761
301.801,6.707,7.28,2.77,73.543,4117.668,87.453
465.612,9.648,7.588,4.078,13.176,3909.438,86.857
425.181,9.992,7.655,4.57,35.201,3825.826,85.904
33.837,9.529,6.308,3.019,18.147,4099.245,88.67
496.695,7.182,6.787,1.189,59.354,4133.613,87.897
349.363,7.464,7.872,4.734,72.528,3920.831,85.722
81.14,7.592,7.626,3.872,97.556,4060.138,86.903
6.208,8.626,6.221,2.281,50.789,4158.051,88.66
85.641,9.518,6.788,1.746,64.09,4157.251,88.787
419.088,4.457,8.328,0.715,11.551,4605.859,92.28
10.82,4.165,8.155,1.361,16.37,4732.954,93.415
116.574,4.605,7.677,4,23.938,4331.311,89.455
378.653,6.598,6.182,0.989,6.379,4287.341,89.789
293.055,7.754,7.518,1.082,41.409,4326.459,90.177
391.368,8.705,6.03,1.382,95.168,3943.585,86.096
373.075,4.562,7.653,2.279,65.639,4291.457,88.627
25.301,3.634,7.828,1.351,44.167,4665.05,92.299
446.256,9.834,7.243,4.569,49.894,3752.782,84.979
113.516,2.319,6.01,1.659,15.516,4531.273,90.853
276.696,2.22,7.667,4.638,10.577,4332.378,88.884
322.144,7.154,8.049,4.932,26.644,4039.647,87.276
84.314,1.797,7.465,3.897,31.343,4462.134,89.847
488.116,3.994,7.773,0.533,13.162,4553.867,91.605
244.078,2.924,6.226,1.58,69.449,4357.44,88.757
28.821,1.687,7.788,1.703,92.394,4624.976,90.832
468.631,5.797,7.535,2.942,18.264,4198.611,88.543
293.134,3.735,6.828,1.213,83.975,4360.205,88.883
349.597,4.622,7.713,0.847,30.534,4519.603,91.277
262.588,1.959,7.614,1.294,61.083,4580.643,90.783
417.369,7.679,7.499,1.973,9.781,4240.376,89.61
16.567,3.147,6.457,0.721,24.691,4658.571,92.283
134.189,3.427,6.741,1.379,16.65,4564.388,91.506
234.824,2.522,8.478,1.254,16.967,4745.04,93.037
38.302,4.344,7.083,3.976,93.413,4187.537,87.244
352.953,4.636,6.149,1.263,37.02,4306.242,89.083
196.832,5.297,8.248,4.062,20.412,4314.485,89.53
136.334,9.676,6.432,2.787,17.958,4076.684,88.49
1.689,9.047,7.009,3.91,67.62,4021.415,87.252
359.915,6.094,6.695,2.527,72.13,4087.925,86.986
416.905,0.389,8.41,4.555,97.996,4261.598,86.753
197.52,6.123,6.945,1.744,62.982,4289.237,89.099
282.109,0.897,7.772,3.951,46.422,4403.384,88.839
113.843,7.103,7.496,1.235,23.191,4467.582,91.575
311.099,3.901,6.107,4.472,4.894,4103.177,87.153
6.069,8.377,6.961,0.628,88.198,4335.002,89.981
244.322,9.425,6.975,2.558,79.097,3990.04,86.937
322.103,4.171,8.475,2.396,79.821,4378.645,89.24
459.096,4.606,8.03,3.307,32.883,4246.684,88.52
190.668,5.901,8.142,2.484,36.402,4402.533,90.432
382.595,1.971,6.784,3.15,78.581,4216.314,86.969
298.844,9.273,6.823,4.378,69.069,3793.271,85.024
463.506,4.33,7.289,1.139,65.311,4336.113,89.007
199.189,1.668,7.578,1.599,55.915,4603.053,90.972
159.548,7.627,7.821,4.113,37.468,4134.729,88.261
443.571,2.192,8.052,1.526,74.385,4472.441,89.638
24.622,1.435,8.183,4.575,36.73,4503.221,90.095
68.193,5.629,6.062,2.934,73.736,4149.788,87.449
41.202,6.715,7.99,0.868,19.852,4616.132,92.977
421.555,5.696,7.527,0.593,59.455,4378.943,89.904
5.304,6.565,7.33,3.933,36.375,4236.057,88.966
430.829,1.155,7.571,4.354,83.029,4182.524,86.342
225.634,4.76,8.205,1.579,52.351,4507.018,90.975
2.013,3.57,7.363,1.584,62.777,4572.901,91.172
200.823,9.734,6.405,4.793,9.242,3855.621,86.384
93.4,0.496,7.092,3.453,50.029,4492.34,89.572
312.2,2.983,8.311,1.254,78.292,4543.856,90.551
339.679,9.419,8.036,2.519,86.139,4038.709,87.351
243.764,9.835,6.508,4.597,72.396,3732.644,84.553
20.26,8.249,7.785,3.295,42.439,4241.549,89.466
328.064,0.76,6.641,2.334,26.49,4475.684,89.72
421.019,5.614,6.871,1.18,39.526,4298.93,89.278
360.162,4.001,7.172,3.767,56.598,4147.189,87.106
414.979,8.065,7.102,1.744,1.574,4221.99,89.624
100.255,0.55,6.073,3.047,91.289,4342.443,87.677
444.444,1.971,7.935,3.201,35.028,4382.597,89.067
161.097,4.892,8.116,3,79.884,4326.731,88.936
6.702,1.576,7.327,1.609,53.913,4681.813,91.752
421.696,6.927,6.432,3.687,66.557,3884.195,85.255
470.911,8.208,6.62,3.047,76.19,3859.043,85.291
327.779,7.045,6.316,2.317,29.503,4124.771,88.066
115.718,4.403,6.424,0.735,61.002,4468.912,90.4
125.872,8.784,8.191,1.991,75.413,4267.075,89.552
233.296,1.377,7.2,2.086,77.322,4471.305,89.353
448.916,2.603,6.278,4.06,42.184,4082.734,86.187
74.799,4.895,6.637,2.811,73.123,4254.22,88.28
412.987,0.613,8.374,4.695,30.888,4368.983,88.565
145.651,0.957,7.273,3.878,13.302,4492.215,90.076
404.293,3.974,7.289,2.921,12.179,4311.58,89.186
460.136,9.439,7.314,1.26,51.065,4101.273,88.334
213.747,9.084,6.279,1.495,38.943,4139.473,88.731
182.525,4.66,8.426,1.22,24.012,4648.268,92.64
401.111,1.422,6.211,2.493,39.727,4320.751,88.237
264.741,1.781,7.75,3.751,41.772,4394.904,89.066
342.225,3.775,6.144,3.917,55.804,4051.252,86.087
311.415,2.101,7.109,0.933,6.734,4643.417,91.997
76.444,0.83,8.249,2.732,90.894,4590.262,90.243
422.395,6.738,7.921,2.666,37.848,4201.681,88.66
97.888,5.814,6.837,2.475,61.923,4272.657,88.852
466.141,2.913,7.378,1.855,31.334,4410.904,89.67
125.286,7.789,6.413,2.641,76.406,4072.276,87.296
366.94,7.759,8.39,2.825,46.411,4192.29,88.787
142.328,4.91,7.772,3.199,32.858,4374.926,89.894
158.893,0.965,6.936,2.198,96.417,4453.212,88.858
155.001,9.185,6.795,4.753,86.655,3794.142,84.83
373.946,6.687,6.597,2.025,18.853,4198.174,88.799
278.408,2.471,7.966,4.528,70.363,4240.401,87.442
441.476,6.105,7.087,4.106,75.678,3920.769,85.282
153.686,4.05,6.826,2.594,4.421,4434.986,90.521
345.996,6.353,8.263,2.733,96.135,4170.021,87.645
376.474,4.739,6.376,4.414,24.064,4022.816,86.409
75.741,4.855,6.66,2.717,90.929,4231.768,87.865
200.295,7.359,6.862,3.557,65.753,4030.876,86.859
241.409,6.137,6.65,4.142,51.699,4019.812,86.522
177.844,0.8,7.464,4.585,78.798,4301.31,87.465
161.056,0.654,7.503,1.482,67.828,4653.214,91.05
343.21,3.05,6.137,4.889,74.285,3952.094,84.693
107.933,4.302,6.361,4.844,85.933,4010.777,85.539
354.695,2.752,6.496,1.838,47.647,4355.569,88.905
467.522,6.515,6.176,3.262,43.147,3945.619,85.979
282.599,1.951,6.312,0.711,90.078,4441.068,89.095
305.717,7.041,6.599,1.255,79.988,4169.486,88.007
34.466,7.732,6.864,3.127,2.905,4264.068,89.931
432.238,1.243,7.978,3.425,65.728,4345.545,88.171
142.724,6.508,6.545,2.906,90.487,4086.167,86.909
307.526,9.614,7.675,3.671,68.675,3928.551,86.483
489.556,1.928,6.145,4.068,55.791,4054.898,85.57
297.751,9.093,7.646,1.258,18.413,4298.401,90.528
362.355,6.06,7.987,3.468,95.107,4077.436,86.641
222.66,5.909,7.512,3.032,63.009,4215.213,88.295
30.183,0.519,6.503,1.029,11.002,4784.378,92.89
398.8,7.483,6.826,1.529,92.837,4070.506,87.022
17.499,4.783,8.013,2.389,52.144,4510.27,91.016
350.329,7.212,7.08,4.387,16.565,4000.419,87.002
11.461,8.092,6.638,1.477,23.427,4358.972,90.783
431.153,5.238,8.332,1.323,96.813,4329.756,88.901
78.818,2.636,7.593,3.744,44.227,4425.226,89.601
257.136,1.416,8.014,4.891,42.548,4327.872,88.278
298.575,1.605,6.061,2.513,49.131,4327.027,88.26
228.773,8.669,6.848,2.076,70.352,4088.716,87.784
170.382,1.236,7.147,1.643,37.137,4629.197,91.291
233.907,3.847,7.469,0.724,42.683,4579.805,91.525
155.708,3.343,6.475,1.303,74.866,4422.484,89.479
219.061,8.655,7.245,0.92,46.658,4296.876,90.099
179.456,4.777,7.714,2.723,71.644,4327.198,88.989
283.102,9.964,6.865,4.902,96.26,3663.987,83.667
118.962,7.371,7.729,4.043,96.29,4047.941,86.728
494.328,8.509,6.974,3.208,45.254,3913.52,86.235
250.435,0.987,7.174,2.69,24.188,4525.449,90.309
97.081,2.531,6.336,3.277,25.872,4379.006,89.291
238.533,1.354,7.628,2.192,82.103,4492.411,89.509
433.208,4.636,6.561,1.303,8.892,4359.596,89.898
10.903,7.183,8.072,3.154,5.001,4417.217,91.277
339.777,1.691,7.384,2.876,68.46,4359.373,88.416
273.984,1.302,7.401,4.75,91.101,4180.744,86.287
84.779,6.146,8.281,3.424,23.85,4388.301,90.488
408.738,2.303,6.419,3.98,6.403,4211.475,87.742
184.442,4.793,7.326,0.917,89.633,4429.692,89.839
146.901,0.511,6.956,3.924,36.062,4431.997,89.113
414.063,6.806,8.416,4.923,55.422,3991.117,86.399
319.263,5.413,7.982,3.459,83.788,4154.439,87.33
449.13,6.474,7.894,3.839,25.75,4105.661,87.741
314.942,2.754,6.51,4.908,60.521,4044.03,85.661
370.409,2.786,6.593,2.261,99.159,4210.432,86.949
418.223,8.014,6.073,4.209,74.39,3727.844,83.939
27.37,7.186,7.596,2.299,40.337,4376.133,90.514
388.024,5.797,6.927,2.417,77.034,4113.101,87.1
306.853,6.281,6.78,3.462,3.156,4157.992,88.433
34.754,0.94,7.593,1.654,22.319,4784.833,92.907
254.289,8.562,8.072,4.968,74.723,3905.744,85.879
41.229,7.699,6.333,1.982,26.961,4275.612,89.796
367.974,5.905,8.297,1.053,13.485,4518.18,91.818
273.251,9.186,6.086,1.951,30.037,4057.421,88.03
476.787,1.686,6.238,4.352,17.962,4129.955,86.626
91.568,6.867,8.095,1.913,42.644,4443.864,91.072
303.017,9.63,7.232,3.251,13.33,4038.408,88.14
105.791,3.1,8.348,4.709,83.933,4288.154,87.972
307.032,0.153,7.154,1.67,78.218,4530.831,89.572
361.325,7.349,8.315,1.091,31.39,4411.54,91.006
361.152,0.07,6.599,0.936,52.473,4577.314,90.269
407.537,8.725,7.541,2.482,85.648,3994.615,86.707
426.775,0.563,8.486,0.969,92.973,4624.203,90.481
38.636,6.528,6.94,2.542,10.018,4374.066,90.599
171.634,3.772,6.004,4.382,72.48,4042.772,85.834
343.561,2.033,6.16,3.999,14.41,4213.873,87.605
249.293,8.983,8.148,3.118,2.983,4223.257,89.898
95.338,7.462,7.23,4.327,8.816,4151.858,88.669
276.355,3.404,7.342,0.951,58.012,4514.636,90.588
203.718,2.842,7.999,3.242,38.334,4455.014,90.019
195.019,7.36,8.029,1.02,12.749,4509.843,92.179
404.877,8.366,7.194,2.67,47.958,4035.752,87.388
203.799,7.159,8.145,2.586,51.315,4293.503,89.569
13.227,6.4,7.171,1.693,78.952,4363.274,89.763
29.032,2.279,7.688,4.234,66.703,4383.437,88.851
428.122,8.528,6.083,1.527,47.131,4020.914,87.296
480.3,7.497,6.345,2.984,33.109,3954.948,86.467
344.205,5.173,8.129,2.67,1.199,4412.7,90.667
182.184,5.116,6.783,2.442,83.372,4220.406,87.905
469.3,5.692,6.837,0.651,27.432,4344.492,89.878
331.402,8.283,7.657,3.635,22.109,4078.161,88.045
422.167,7.423,7.481,0.557,73.725,4262.762,89.117
382.926,8.562,6.205,4.192,8.093,3865.529,86.143
189.57,5.073,7.914,1.699,26.999,4519.139,91.443
239.351,6.246,7.543,1.04,44.071,4430.162,90.735
93.066,8.546,8.138,2.377,44.717,4312.912,90.246
146.007,2.323,7.339,3.017,16.627,4509.745,90.628
389.063,4.44,7.036,1.897,4.972,4387.432,90.157
446.989,6.207,6.928,1.048,47.583,4259.046,88.977
362.23,9.151,6.011,0.582,36.389,4131.391,88.695
232.587,0.158,6.099,3.667,29.2,4360.618,88.362
43.255,2.126,6.328,4.489,27.792,4300.408,88.364
28.474,2.345,8.324,0.952,50.914,4803.861,93.233
187.163,3.266,8.202,1.538,3.145,4703.2,92.98
231.911,2.818,7.243,0.591,11.502,4685.343,92.584
304.56,5.901,6.45,4.483,33.195,3983.029,86.269
3.245,8.856,6.365,2.501,48.502,4144.96,88.621
494.861,6.37,6.64,4.663,69.689,3792.397,84.138
181.969,2.415,8.272,2.606,30.018,4594.753,91.372
424.047,8.638,7.304,4.38,67.037,3814.41,85.065
267.483,6.32,8.01,4.783,39.328,4094.3,87.446
65.22,2.19,7.267,2.008,77.697,4528.385,90.164
398.783,3.617,7.524,3.383,48.581,4236.655,87.966
354.914,7.9,7.525,3.499,54.598,4021.002,87.034
263.718,7.389,6.078,0.596,44.072,4258.732,89.363
257.277,5.766,7.113,2.472,14.156,4318.872,89.777
43.74,1.448,8.16,4.349,17.946,4550.97,90.765
327.924,8.033,7.223,4.758,40.649,3899.541,85.999
455.623,3.075,7.088,4.546,10.783,4151.036,87.325
46.622,7.716,7.316,4.878,14.879,4104.964,88.216
131.756,6.476,6.952,3.439,62.75,4136.162,87.677
451.154,2.642,7.288,1.548,63.691,4389.046,89.046
142.172,2.124,6.338,3.089,13.616,4420.411,89.705
326.972,1.309,8.42,2.395,85.528,4502.475,89.562
267.409,2.419,6.085,1.664,85.816,4315.829,88.026
298.164,1.578,7.208,3.978,38.593,4317.865,88.266
207.894,6.171,6.525,3.331,50.298,4106.29,87.411
149.996,5.988,6.146,4.055,80.353,3973.947,85.732
24.267,5.862,7.629,1.713,76.508,4433.42,90.328
372.14,6.419,8.463,4.567,36.912,4108.708,87.644
373.047,8.148,7.874,1.574,32.393,4271.279,89.833
335.363,9.136,6.635,3.209,66.77,3884.643,85.919
321.817,2.304,7.233,0.756,36.988,4597.672,91.298
121.859,5.878,6.124,2.934,69.256,4125.684,87.328
11.172,0.783,7.329,0.944,13.833,4866.072,93.757
404.358,1.201,6.249,1.995,67.532,4328.055,87.966
245.569,6.543,7.987,4.373,78.729,4053.929,86.715
153.419,4.866,6.142,4.521,90.556,3960.978,85.164
50.966,7.583,6.023,3.953,46.162,4010.083,86.914
31.361,4.257,8.154,2.155,56.47,4558.463,91.297
174.433,1.276,8.356,3.104,29.602,4614.99,91.237
402.369,8.721,6.216,1.508,15.899,4101.839,88.476
459.362,0.829,6.697,3.553,18.138,4307.071,88.138
448.376,1.89,7.854,2.063,84.613,4391.197,88.633
460,2.77,7.349,1.494,54.606,4407.763,89.363
453.863,9.953,8.373,3.132,38.255,4022.992,87.833
263.612,4.169,6.973,1.003,86.531,4383.686,89.222
109.708,5.017,6.008,3.59,12.266,4211.576,88.498
399.023,7.697,6.049,1.342,59.829,4066.766,87.378
106.856,6.364,7.412,2.991,79.284,4211.954,88.236
133.604,8.414,7.88,2.266,13.367,4347.152,90.862
116.627,4.864,7.977,3.048,12.934,4465.445,90.984
257.491,9.722,8.279,1.607,4.304,4343.754,91.311
160.914,7.968,6.573,1.897,94.254,4100.222,87.45
77.078,4.014,7.846,1.131,69.526,4593.183,91.441
226.587,3.813,8.068,3.996,8.073,4387.066,89.934
436.954,9.295,8.091,0.816,67.455,4209.387,89.208
285.276,6.844,7.029,2.194,31.058,4236.529,89.108
439.168,6.214,7.565,2.521,11.824,4250.453,89.251
97.936,7.578,7.379,1.378,99.23,4273.706,89.018
83.487,5.608,7.494,2.232,18.808,4466.425,91.159
287.789,1.592,6.705,2.381,80.055,4348.78,88.165
231.664,3.192,7.708,1.509,88.259,4467.902,89.754
330.086,5.579,7.775,3.377,53.502,4188.819,88.027
397.313,0.182,6.49,0.639,97.624,4482.114,88.899
375.654,4.374,7.109,1.389,12.867,4439.768,90.581
471.131,7.558,7.055,3.308,96.126,3868.974,84.996
199.128,1.642,7.872,3.324,7.995,4557.179,90.985
103.193,0.646,7.666,1.694,48.257,4716.868,91.88
275.456,8.36,7.19,3.574,85.648,3934.639,85.998
55.372,6.173,7.631,2.614,55.766,4353.873,89.833
144.426,1.766,6.657,2.873,58.763,4400.427,88.946
103.944,8.063,6.581,1.997,16.937,4269.413,89.944
198.282,6.581,6.6,4.929,98.45,3841.951,84.409
55.608,3.341,6.074,3.818,23.881,4282.924,88.593
15.921,3.762,7.728,1.618,86.034,4542.849,90.697
328.397,1.559,8.465,1.565,95.699,4556.468,90.075
305.124,8.353,6.773,3.984,28.797,3951.096,86.729
354.179,5.09,8.325,2.246,73.321,4329.619,89.09
330.193,5.57,7.516,0.912,8.957,4498.935,91.571
57.147,8.835,6.562,0.66,74.403,4271.088,89.617
145.539,0.158,6.03,2.363,48.949,4488.102,89.439
64.763,0.669,7.809,2.366,12.676,4753.12,92.605
421.486,1.616,7.741,3.681,89.57,4235.386,86.943
373.452,0.3,6.573,3.086,68.207,4310.507,87.513
100.764,6.582,6.832,3.966,17.69,4171.781,88.515
170.655,6.339,8.245,1.93,53.748,4421.76,90.582
483.307,2.108,6.393,3.309,33.261,4194.818,87.248
297.08,1.494,8.089,4.486,71.346,4294.36,87.678
400.578,1.457,6.423,0.812,63.119,4461.758,89.423
132.296,9.532,7.204,3.688,19.765,4069.33,88.355
105.026,6.935,7.247,3.721,24.969,4203.39,88.865
391.958,5.854,7.18,4.073,70.75,3980.515,85.854
342.936,3.225,6.72,1.711,67.841,4332.517,88.614
340.489,4.33,6.633,2.374,31.912,4275.316,88.733
276.317,0.894,7.833,1.579,48.346,4645.867,91.243
281.789,9.982,6.689,1.889,47.252,4045.582,87.978
367.849,7.551,7.525,4.858,13.32,3978.543,86.917
135.001,6.215,8.117,2.505,62.485,4357.919,89.819
176.384,5.878,8.093,4.318,27.179,4240.976,88.901
435.818,5.043,6.418,4.077,46.53,3970.966,85.757
154.433,2.574,7.637,2.5,8.104,4591.509,91.606
273.155,2.264,7.506,4.965,61.79,4180.736,86.869
351.32,5.495,6.705,4.284,84.12,3923.478,85.042
499.962,0.702,6.979,2.672,57.39,4330.79,87.945
217.646,0.745,6.713,1.894,60.084,4515.684,89.779
214.046,5.608,7.343,0.839,67.657,4427.639,90.282
421.294,9.198,8.009,2.592,20.437,4130.319,88.858
402.752,9.143,8.194,2.12,7.81,4233.239,89.997
365.538,0.108,7.807,3.701,85.546,4351.311,87.69
231.615,1.074,7.209,0.589,84.814,4622.874,90.703
161.97,5.831,8.395,4.242,54.92,4233.009,88.53
304.365,8.485,7.41,2.375,20.51,4186.047,89.201
438.112,9.544,7.196,2.614,81.907,3898.162,86.026
441.889,8.606,8.142,1.323,22.804,4285.094,90.205
54.249,6.776,6.462,4.719,86.231,3935.896,85.529
214.175,2.005,6.395,2.293,42.953,4416.939,89.341
232.361,0.726,7.956,4.292,6.691,4500.535,90.156
488.808,0.475,8.176,1.569,81.871,4528.886,89.613
338.999,6.121,6.182,0.935,56.502,4236.156,88.633
203.623,0.362,7.91,3.361,32.517,4569.988,90.483
13.029,7.392,7.061,4.93,45.84,4045.313,87.212
282.693,7.125,7.759,3.411,88.734,4059.759,86.848
48.038,0.796,6.337,3.239,21.112,4503.772,90.065
417.225,9.066,8.433,2.49,11.275,4209.775,89.705
376.259,5.219,8.203,1.777,78.694,4336.127,89.14
230.255,9.044,7.015,2.439,62.547,4065.178,87.74
214.605,9.016,8.233,1.17,87.127,4273.947,89.573
448.669,1.97,8.237,1.679,32.027,4568.967,90.96
144.229,3.806,7.153,2.693,56.564,4370.459,89.281
124.51,1.346,8.367,1.152,5.2,4881.596,94.168
469.599,7.75,8.442,4.062,84.821,3946.094,85.938
404.623,5.041,6.543,0.552,19.927,4404.872,90.362
410.313,9.288,6.167,1.947,12.347,4027.695,87.94
97.597,2.082,6.828,2.825,48.971,4449.447,89.629
71.648,6.884,7.222,4.68,74.746,4024.682,86.564
13.015,9.892,6.232,3.081,21.767,4070.456,88.455
118.521,6.654,6.352,1.827,24.114,4312.28,89.878
387.095,0.688,8.429,2.085,32.244,4642.017,91.304
120.019,5.884,7.843,2.026,81.298,4364.886,89.601
364.552,1.798,8.187,1.312,74.988,4565.395,90.444
125.954,0.305,8.428,1.152,27.716,4893.947,93.754
197.646,3.35,6.945,2.663,26.258,4409.43,89.837
491.581,2.661,7.72,1.716,90.737,4340.031,88.291
122.406,7.888,6.46,0.913,61.867,4275.354,89.501
188.185,3.737,7.379,1.474,23.273,4563.022,91.519
150.544,7.33,6.525,2.843,14.898,4196.596,89.016
54.812,0.162,6.401,1.656,7.549,4723.881,92.212
244.947,0.148,6.246,1.57,25.389,4586.97,90.66
189.345,0.293,7.449,3.293,72.283,4461.743,88.983
347.444,2.194,8.375,3.602,37.794,4418.237,89.463
408.797,3.74,6.306,1.586,96.538,4187.527,87.032
272.125,6.078,7.256,2.625,33.101,4256.927,89.062
16.098,9.859,7.718,3.941,15.87,4144.966,89.249
309.461,3.544,7.24,3.605,18.483,4294.608,88.824
27.695,0.557,8.279,0.812,49.357,4906.372,93.737
308.178,1.949,6.416,2.12,93.808,4290.386,87.55
342.515,8.979,6.06,3.755,90.128,3730.128,84.094
98.884,6.994,6.958,1.307,19.148,4427.605,91.183
409.673,7.902,7.389,1.382,75.694,4149.38,88.107
455.543,1.242,6.636,3.336,75.486,4189.223,86.51
406.543,1.35,6.421,1.777,17.365,4458.925,89.821
152.555,1.122,8.012,1.957,30.521,4712.079,92.152
293.322,8.572,6.471,2.853,8.528,4069.576,88.182
457.408,2.1,7.107,3.878,8.411,4272.4,88.27
160.332,6.432,8.386,2.742,44.768,4373.111,90.213
410.014,5.162,7.532,4.52,48.918,4040.207,86.461
4.738,5.444,7.244,0.98,4.242,4643.395,93.025
1.823,1.954,6.901,3.894,96.657,4308.753,87.707
379.856,6.352,7.301,2.946,49.145,4129.619,87.71
380.724,0.431,7.836,4.175,78.996,4296.163,87.301
394.489,9.935,8.056,1.924,63.858,4091.553,88.257
465.013,0.268,7.625,2.669,62.312,4425.006,88.707
58.953,0.502,7.976,4.206,31.01,4560.385,90.444
115.992,3.246,6.221,4.243,88.824,4099.835,86.084
451.862,8.316,6.036,2.192,30.674,3981.306,87.001
88.618,2.572,7.836,4.2,95.199,4300.312,87.823
341.115,4.719,6.654,3.571,4.902,4192.018,88.287
265.232,0.18,8.194,2.342,12.355,4718.861,92.119
41.597,0.789,7.34,4.864,72.93,4341.497,87.922
142.632,6.08,7.196,0.639,61.261,4457.907,90.79
260.186,1.944,7.932,2.222,71.989,4499.755,89.861
426.175,6.943,7.853,1.881,64.52,4207.891,88.516
353.769,7.854,7.761,4.711,53.193,3929.01,86.114
310.942,8.503,7.725,0.948,4.088,4388.908,91.399
248.016,1.338,7.288,3.326,81.082,4343.165,88.022
149.342,4.555,8.316,3.725,51.505,4353.702,89.388
59.622,9.471,8.227,1.329,11.476,4463.478,92.361
204.538,7.721,6.824,1.175,20.056,4336.451,90.48
14.259,1.17,8.012,0.715,66.538,4830.963,92.995
105.528,5.025,8.228,1.215,8.624,4680.021,93.221
216.242,9.224,7.546,4.137,87.079,3897.398,85.87
209.303,4.4,7.389,4.748,79.283,4080.878,86.336
22.148,8.374,7.68,4.556,31.326,4119.898,88.398
294.53,4.958,6.408,2.144,88.468,4154.256,87.145
274.842,1.068,6.218,3.766,88.632,4177.1,86.205
39.052,1.479,8.05,4.222,83.946,4421.522,88.819
471.582,0.467,7.433,4.156,31.458,4305.669,87.882
49.691,1.953,6.306,0.782,65.93,4598.053,90.907
427.417,8.936,7.041,1.467,45.691,4105.509,88.279
0.155,6.502,6.746,4.725,54.349,4068.158,87.089
441.141,7.389,8.189,3.83,41.559,4062.794,87.429
9.86,6.217,7.268,4.255,1.395,4282.796,89.679
378.906,3.865,7.444,2.814,1.988,4376.325,89.903
180.845,2.169,6.588,2.269,77.512,4378.07,88.656
369.108,9.256,7.998,3.431,94.692,3919.97,86.03
200.873,5.148,8.325,2.628,23.731,4464.427,90.951
35.454,4.811,7.981,2.182,54.888,4511.878,91.013
383.753,9.961,7.232,2.065,31.298,4064.146,88.317
35.626,3.839,8.088,1.211,48.277,4681.382,92.483
461.06,8.541,6.47,2.882,12.697,3975.767,87.193
25.487,8.623,6.284,2.839,72.815,4054.876,87.408
239.663,2.327,7.096,3.158,52.109,4353.324,88.71
361.517,0.948,6.454,1.023,31.564,4551.777,90.487
196.623,9.756,6.648,4.617,66.693,3783.567,85.096
108.617,4.259,7.463,3.839,51.613,4291.871,88.68
379.545,0.022,7.01,1.089,41.024,4619.111,90.788
392.147,4.99,8.165,0.857,53.786,4477.609,90.735
461.347,6.193,6.564,3.393,95.414,3885.937,84.763
188.083,7.761,8.492,2.037,7.859,4447.718,91.727
253.126,9.429,6.898,1.936,92.474,4013.295,87.037
181.564,9.152,7.289,4.28,13.507,4025.473,87.865
128.541,9.401,6.331,2.053,21.431,4150.569,89.112
375.516,0.321,7.448,3.345,97.939,4310.644,87.223
169.826,7.118,8.403,2.917,81.195,4245.449,88.778
214.075,2.259,7.873,1.683,35.82,4627.408,91.593
201.837,1.876,6.61,1.992,41.067,4484.946,90.001
356.331,8.003,7.107,4.744,30.612,3896.667,86.061
458.898,4.171,7.064,1.991,23.292,4322.643,89.245
333.378,9.166,6.245,4.028,7.027,3882.643,86.506
235.791,0.424,8.215,4.376,4.333,4536.109,90.445
389.603,8.022,6.954,0.82,50.658,4216.189,89.062
320.486,1.368,7.236,3.484,53.48,4339.547,88.271
30.305,1.766,6.728,3.872,76.395,4329.414,88.06
47.832,4.774,6.381,2.453,10.418,4409.362,90.422
18.958,3.956,8.255,3.062,51.957,4508.144,90.749
228.408,4.862,6.093,1.228,92.522,4244.203,87.975
412.927,9.4,7,1.933,85.413,3959.343,86.559
156.542,6.574,7.827,3.685,53.922,4199.414,88.427
192.08,2.903,6.772,3.212,14.23,4386.403,89.593
454.739,1.729,7.115,1.114,16.449,4553.412,90.888
418.452,4.2,7.411,4.946,48.256,4030.736,86.085
332.524,4.516,8.488,4.72,62.118,4160.447,87.338
133.402,6.013,7.896,1.509,97.883,4375.608,89.581
58.521,2.66,8.418,4.438,83.298,4369.117,88.656
8.029,7.675,7.733,1.702,42.022,4431.246,91.195
53.505,0.985,6.673,3.037,35.667,4516.265,90.101
146.298,5.605,6.719,4.019,2.335,4211.903,88.777
275.895,6.235,8.056,2.048,1.764,4447.539,91.328
32,2.068,7.069,2.998,47.969,4491.757,90.058
68.114,8.26,6.926,2.527,7.859,4277.116,90.171
90.54,6.154,8.363,3.921,16.48,4358.238,90.264
315.991,6.457,6.033,2.654,98.057,3960.933,85.566
307.895,4.977,7.312,3.051,72.007,4179.298,87.566
275.383,9.096,7.938,4.305,45.773,3979.234,87.063
125.251,6.939,7.84,3.644,85.93,4138.202,87.604
185.56,3.818,6.919,2.874,18.564,4383.691,89.797
48.345,2.386,7.339,2.576,39.542,4553.771,90.858
113.23,0.711,6.014,1.07,30.18,4641.843,91.33
448.853,1.654,7.337,0.754,99.551,4452.134,89.022
489.846,9.927,7.476,4.787,90.209,3647.168,83.548
323.83,4.068,8.187,1.339,53.082,4513.298,90.822
458.412,8.987,6.527,1.746,42.98,4013.583,87.402
321.371,1.706,8.063,3.249,99.813,4335.764,87.871
16.598,4.254,7.795,4.226,21.427,4393.117,89.993
498.381,9.605,7.665,4.249,41.381,3829.383,85.762
49.476,0.911,6.986,4.233,71.465,4362.021,88.179
341.321,5.94,6.919,4.901,70.68,3892.707,85.002
126.418,9.192,7.758,0.751,57.85,4362.254,90.802
195.991,9.497,8.476,2.299,95.237,4154.313,88.44
322.967,8.46,7.013,4.611,25.43,3904.877,86.332
218.244,8.559,8.296,2.603,57.294,4217.67,89.172
125.273,6.522,7.466,4.421,81.237,4053.35,86.678
167.223,2.204,8.17,0.579,24.014,4817.245,93.594
170.774,7.307,6.543,2.77,87.244,4052.118,86.841
479.662,9.784,7.906,4.651,64.274,3767.884,84.971
399.307,5.259,8.087,1.676,38.726,4401.087,90.201
229.274,2.607,8.08,4.683,65.122,4264.467,87.776
99.91,5.735,7.962,0.538,92.878,4519.916,90.991
405.508,6.906,6.76,0.855,98.829,4144.814,87.532
78.591,2.083,7.305,2.646,28.862,4564.757,90.984
105.231,7.192,6.749,0.979,90.998,4282.848,89.076
183.007,5.874,6.857,1.515,4.82,4439.363,91.108
440.174,6.123,6.753,1.839,1.72,4261.716,89.437
65.893,3.06,6.711,2.667,60.56,4397.323,89.286
61.117,1.553,7.734,2.257,48.683,4642.066,91.4
246.987,6.234,7.626,4.65,47.449,4067.483,87.071
138.205,5.862,6.511,4.487,24.173,4091.795,87.435
284.364,3.38,7.729,3.866,60.149,4254.762,87.96
225.818,2.959,6.728,3.467,2.677,4359.868,89.46
217.48,3.472,6.504,1.42,43.947,4438.219,89.984
55.986,4.899,7.868,3.208,37.327,4418.403,90.28
70.525,9.748,6.907,1.162,20.112,4311.642,90.84
410.539,7.636,7.423,2.537,51.564,4098.435,87.759
442.941,8.517,6.5,2.577,69.336,3906.333,85.925
117.342,5.056,7.534,3.604,81.484,4218.591,87.888
56.73,5.261,6.52,4.258,46.763,4141.239,87.523
26.708,2.043,6.417,1.942,24.749,4582.479,91.19
304.149,7.21,6.966,0.685,21.78,4371.944,90.665
357.677,4.216,7.975,0.711,58.339,4520.07,90.882
186.405,7.424,6.441,4.437,39.536,3956.965,86.402
339.838,4.091,6.293,2.688,32.438,4221.087,88.114
356.479,1.085,6.079,1.616,52.775,4408.259,88.88
467.671,1.731,7.04,0.645,56.086,4506.928,90.028
32.437,8.116,6.705,2.879,24.149,4212.261,89.316
96.146,2.586,6.73,1.117,38.452,4607.049,91.462
34.263,2.644,8.455,2.377,71.062,4616.389,91.246
433.997,9.294,6.485,2.822,39.352,3905.908,86.454
396.294,6.576,7.146,1.531,44.966,4244.57,88.969
287.321,1.143,8.466,1.395,64.363,4677.576,91.475
41.832,1.436,6.077,0.589,19.89,4716.253,92.394
136.656,2.724,7.742,3.135,86.813,4382.543,88.774
148.86,5.94,6.928,1.402,34.502,4412.141,90.558
280.372,7.528,8.265,4.452,69.078,4026.567,86.833
129.022,2.745,8.28,3.217,30.424,4543.679,90.956
36.48,8.706,6.968,3.004,65.166,4112.523,88.085
365.381,1.092,6.554,2.771,28.457,4384.063,88.884
149.54,2.076,7.07,1.469,75.057,4531.428,90.187
226.187,9.705,8.413,4.862,11.381,4034.005,88.138
63.833,1.347,6.703,4.852,31.441,4323.008,88.32
401.274,8.881,8.453,1.946,57.183,4191.698,89.009
282.766,7.039,8.048,3.993,63.686,4084.829,87.323
450.793,0.731,6.669,1.037,14.679,4571.905,90.792
247.736,4.837,7.978,4.012,32.634,4265.54,88.78
470.713,5.19,6.124,1.788,11.077,4216.6,88.612
445.934,9.321,7.37,1.801,83.6,4000.668,86.967
288.23,4.211,6.893,2.783,98.382,4159.65,86.876
466.947,4.468,7.067,2.265,29.096,4265.138,88.701
161.544,1.125,7.182,1.03,48.828,4680.519,91.654
182.821,6.392,7.257,3.169,51.146,4195.504,88.361
22.739,2.109,7.641,1.462,17.281,4766.494,93.125
294.6,0.775,7.742,2.5,67.094,4503.924,89.601
360.962,9.969,8.439,1.54,52.161,4206.708,89.536
386.76,2.696,7.907,4.359,51.871,4222.844,87.519
74.908,1.411,7.719,2.021,6.8,4748.26,92.838
222.08,6.995,6.981,4.494,8.912,4070.135,87.711
88.432,8.217,6.295,1.967,96.465,4084.722,87.348
331.064,0.641,6.147,1.308,94.031,4398.29,88.235
78.973,1.054,7.194,3.095,2.805,4612.143,91.41
452.082,0.902,7.671,2.998,54.505,4387.113,88.597
115.317,0.47,7.625,3.285,7.42,4638.05,91.447
145.701,6.595,8.382,1.86,79.522,4390.631,90.089
425.453,5.883,6.956,1.94,5.876,4282.986,89.536
229.234,6.628,7.569,1.568,55.382,4343.318,89.868
11.998,5.057,8.22,4.678,62.308,4270.74,88.601
247.293,8.175,7.01,3.573,10.51,4090.27,88.25
42.272,5.467,7.194,3.903,59.843,4214.965,88.191
492.672,9.187,8.307,1.374,94.226,4099.208,87.806
294.056,4.856,7.376,3.477,10.637,4278.724,89.138
128.266,7.907,7.999,3.932,68.782,4109.677,87.781
281.859,4.074,8.339,2.041,27.854,4529.483,91.238
38.434,4.352,7.428,1.21,28.088,4628.798,92.313
399.946,8.49,6.273,3.637,54.868,3829.439,85.293
462.664,1.077,8.054,3.25,92.856,4309.536,87.49
437.222,5.649,8.044,3.09,23.842,4246.664,88.923
170.879,7.263,6.287,1.322,99.34,4149.304,87.679
162.884,7.504,7.37,1.681,10.054,4392.148,91.072
17.544,5.915,7.218,3.312,94.078,4197.899,87.813
325.7,4.481,8.118,3.261,2.767,4393.261,90.249
267.452,2.608,6.687,2.996,17.055,4370.803,89.32
229.673,9.094,7.066,3.957,97.662,3846.033,85.212
453.815,3.698,7.512,4.166,27.346,4168.109,87.517
83.939,7.99,7.293,1.744,1.703,4410.008,91.48
4.833,0.317,8.388,1.209,88.622,4822.343,92.432
36.658,2.322,8.402,1.405,91.483,4682.258,91.604
111.686,3.456,6.204,1.766,74.697,4365.775,88.948
16.643,6.716,6.745,4.765,94.016,3965.834,85.733
251.422,3.193,6.019,1.117,27.301,4450.181,90.187
157.045,0.414,7.045,4.454,64.885,4330.048,87.776
90.242,1.739,7.655,1.415,74.493,4642.975,91.206
375.042,2.592,7.178,2.068,97.387,4299.143,87.795
102.226,1.76,6.168,1.066,89.916,4491.184,89.541
343.803,2.037,6.49,0.965,6.847,4565.019,91.193
174.632,7.69,6.433,0.928,34.566,4309.582,90.057
255.914,4.12,7.278,2.042,61.897,4365.773,89.275
466.934,4.052,7.694,2.857,85.683,4176.336,87.122
18.676,9.666,6.791,1.404,28.686,4288.704,90.5
250.132,4.467,6.326,4.697,1.797,4110.9,87.431
427.211,9.277,7.996,3.139,19.509,4069.308,88.281
293.987,2.991,8.146,4.483,43.109,4283.569,88.302
138.435,4.006,6.691,1.17,7.054,4568.516,91.816
198.841,3.963,7.052,1.146,5.19,4582.672,91.964
340.133,5.461,6.205,4.31,40.76,3964.818,85.879
445.406,5.842,6.569,3.056,65.14,4006.227,86.164
20.533,2.481,7.918,4.724,71.34,4342.377,88.455
35.769,7.936,6.913,1.161,53.747,4353.024,90.374
162.526,4.965,7.512,0.617,44.151,4571.636,91.764
116.39,0.07,8.365,4.625,2.866,4606.645,91.059
132.465,5.913,7.809,3.645,26.996,4300.537,89.509
110.635,7.981,7.134,4.132,67.318,4011.155,86.833
97.913,2.505,6.917,1.832,45.506,4543.312,90.729
65.312,0.379,6.476,0.514,27.148,4790.364,92.746
466.977,8.072,7.89,2.673,23.712,4137.237,88.557
72.095,9.763,6.281,4.955,2.709,3902.998,86.932
102.202,0.766,6.153,4.584,82.681,4202.211,86.425
123.133,9.38,6.262,0.824,87.927,4137.358,88.308
466.507,3.593,6.607,1.345,37.201,4338.93,89.095
377.857,9.414,7.568,1.901,70.425,4066.231,87.782
394.85,6.488,8.153,4.237,7.431,4154.945,88.422
52.379,8.902,8.482,4.211,88.985,4077.753,87.558
418.155,7.858,7.829,1.333,90.772,4166.082,88.111
204.097,0.28,6.365,2.899,16.527,4497.506,89.894
131.412,0.654,6.694,2.758,78.28,4438.631,88.8
287.875,5.257,6.33,2.364,47.851,4194.058,88.039
411.091,1.296,6.289,2.912,68.421,4230.527,87.01
389.326,4.61,7.419,1.818,47.994,4339.01,89.293
444.999,9.546,8.267,2.892,8.788,4120.094,88.977
464.066,2.948,7.711,3.585,84.164,4164.818,86.691
119.061,4.889,8.002,0.781,9.488,4699.073,93.363
211.929,3.843,7.27,4.853,36.655,4170.332,87.49
7.314,6.298,7.188,1.244,98.61,4378.653,89.69
439.661,1.938,8.344,2.121,43.242,4519,90.339
77.286,2.599,7.805,2.618,82.209,4485.679,89.815
430.737,8.588,7.148,0.684,17.723,4266.193,90.061
164.694,8.113,6.831,2.968,83.176,4032.015,86.922
184.067,7.892,6.233,4.415,46.66,3901.845,85.919
19.566,7.709,8.052,4.555,51.483,4151.578,88.314
163.439,4.594,6.423,1.968,96.897,4240.313,87.812
444.182,7.289,7.288,3.015,88.728,3963.304,85.932
12.774,3.872,7.593,3.996,35.429,4388.913,89.696
203.164,1.007,7.86,1.638,94.991,4580.32,90.155
15.7,3.934,6.208,2.878,11.209,4406.068,90.129
185.462,1.587,6.027,2.15,3.592,4508.4,90.524
86.32,3.909,7.765,2.202,53.731,4510.275,90.738
126.109,2.974,7.136,0.924,77.22,4555.029,90.67
438.799,5.992,6.453,2.331,22.873,4147.457,88.043
218.025,3.615,8.455,1.224,8.949,4715.43,93.149
136.899,7.056,7.978,1.856,84.705,4321.612,89.486
294.669,5.121,7.446,1.986,98.645,4245.303,88.003
71.053,9.195,7.755,2.438,69.737,4197.009,89.031
129.696,0.91,6.388,4.626,97.551,4170.682,86.004
273.124,6.877,8.406,3.339,83.435,4159.321,87.822
118.762,6.724,8.491,4.885,25.933,4213.138,88.889
339.564,9.506,7.621,3.158,11.868,4077.486,88.508
245.746,3.716,7.671,4.125,81.083,4183.792,87.142
385.995,3.054,7.761,4.254,66.3,4172.43,86.978
474.122,1.724,7.664,3.826,81.476,4197.685,86.679
57.902,2.653,7.096,3.515,72.118,4352.341,88.598
167.333,5.019,7.352,2.381,51.011,4360.474,89.6
159.775,8.377,6.707,3.053,94.142,3978.38,86.356
75.591,2.843,7.117,1.372,75.602,4543.396,90.531
405.152,1.577,7.09,3.282,1.844,4395.68,89.412
379.939,2.721,6.72,2.814,70.722,4223.124,87.34
242.213,1.009,7.967,4.119,54.87,4403.42,88.788
268.885,9.267,7.024,4.561,14.692,3919.1,86.824
29.772,8.726,7.379,1.098,44.078,4388.818,91.065
277.754,3.085,6.39,3.609,52.893,4179.206,87.189
395.671,2.47,7.187,4.775,47.377,4125.138,86.519
286.914,9.054,7.904,4.63,44.003,3943.155,86.708
132.653,0.018,7.111,4.255,63.487,4391.453,88.285
333.774,6.006,7.394,0.718,66.201,4368.103,89.821
180.744,9.16,7.754,1.636,70.055,4223.325,89.281
272.437,5.086,6.972,1.167,76.382,4337.252,89.134
243.783,0.03,6.883,4.671,83.482,4230.862,86.483
190.588,2.189,6.214,3.87,57.843,4214.02,87.218
359.439,9.224,7.456,2.893,8.22,4098.885,88.674
441.938,0.17,7.767,4.907,37.111,4282.307,87.503
2.606,3.948,7.453,1.376,1.375,4706.246,93.233
466.808,7.897,6.709,3.387,59.926,3884.046,85.61
255.758,8.381,6.656,3.242,97.531,3899.377,85.533
350.366,4.776,6.399,2.032,82.881,4156.918,87.173
427.812,2.325,6.117,2.684,49.137,4214.904,87.355
233.552,5.997,7.067,1.559,71.111,4291.945,89.007
417.487,2.638,6.401,3.547,74.446,4095.904,86.006
88.81,2.553,7.727,2.382,59.889,4542.676,90.594
79.584,8.076,8.404,0.606,88.673,4458.898,91.125
328.736,1.543,6.184,4.779,32.862,4133.292,86.467
435.072,0.055,8.232,2.756,67.665,4491.974,89.26
446.213,3.368,7.644,3.675,7.4,4290.599,88.842
321.87,4.91,8.151,1.386,14.687,4540.656,91.733
262.745,7.051,6.387,1.073,93.907,4159.759,87.774
165.697,7.811,8.266,4.561,54.764,4087.596,87.672
490,6.635,8.395,3.159,75.684,4095.421,87.188
159.848,6.265,8.267,2.72,87.059,4287.373,88.883
372.093,6.657,7.964,2.845,93.479,4105.978,87.122
265.991,2.715,6.226,1.563,9.885,4477.755,90.493
304.256,3.824,6.552,4.607,70.481,4010.203,85.544
196.74,6.164,8.283,1.464,63.355,4448.578,90.702
482.412,0.656,6.574,1.211,60.413,4441.435,89.007
285.841,2.953,6.869,4.685,15.398,4197.029,87.702
468.894,4.064,6.126,1.659,77.546,4153.962,86.983
3.796,5.334,7.57,4.381,32.242,4285.802,89.136
286.335,4.865,7.408,3.976,22.998,4210.79,88.337
358.593,7.181,8.404,2.219,71.02,4238.166,88.826
372.54,4.734,8.231,1.643,22.32,4491.161,91.109
452.488,9.041,7.265,3.915,50.375,3855.883,85.767
2.201,3.803,7.523,3.189,32.435,4477.286,90.589
0.165,5.254,7.033,1.643,82.524,4411.164,89.863
236.132,0.032,6.331,4.509,95.483,4171.582,85.771
14.647,3.105,8.169,3.744,82.637,4414.668,89.252
487.266,8.666,7.374,4.592,40.291,3820.707,85.404
111.033,3.336,7.063,2.469,17.116,4502.949,90.859
236.332,2.532,6.171,1.077,70.139,4424.39,89.302
30.569,5.435,7.663,4.658,90.466,4132.527,87.051
261.024,0.787,6.999,3.206,40.745,4427.907,89.108
189.978,5.316,6.634,3.227,5.037,4269.832,89.243
22.33,3.037,8.192,3.129,13.311,4616.649,91.944
167.562,3.831,6.459,2.626,38.884,4330.231,89.063
195.718,7.914,7.288,1.648,50.428,4269.587,89.566
494.961,6.62,7.989,3.259,29.766,4135.085,88.039
103.943,4.461,8.123,3.734,49.262,4365.348,89.499
272.39,5.775,8.047,4.624,95.921,4025.436,86.028
493.658,7.669,8.242,0.825,8.627,4394.177,91.156
396.01,7.458,6.356,1.646,80.547,4038.978,86.822
496.684,1.853,8.351,3.995,46.077,4302.448,88.12
484.149,3.009,6.027,3.988,65.716,3979.918,85.045
244.77,3.482,6.64,1.454,96.968,4328.121,88.356
348.188,1.875,6.21,1.331,46.496,4427.03,89.368
55.222,0.122,8.364,2.152,10.507,4866.464,93.596
220.574,1.74,7.06,0.783,82.963,4564.475,90.337
404.509,8.082,6.788,3.787,27.207,3939.365,86.546
252.668,5.459,6.418,3.514,90.616,4009.832,85.83
351.35,3.417,6.39,4.364,9.112,4137.8,87.312
372.876,6.083,7.535,2.435,23.57,4272.21,89.311
126.735,7.398,6.118,3.365,96.839,3948.278,85.734
437.85,3.544,7.486,4.793,88.146,3996.875,85.151
229.911,4.661,7.937,4.815,22.664,4218.881,88.36
105.093,0.642,7.503,0.82,77.87,4727.876,91.693
432.708,5.971,8.066,0.508,9.543,4521.812,91.914
208.909,3.564,6.663,4.82,16.628,4168.408,87.587
375.156,4.335,6.193,2.909,19.046,4185.969,87.97
274.017,4.226,7.802,3.652,5.275,4356.208,89.777
190.936,6.324,8.07,4.607,48.974,4136.744,87.775
404.938,5.725,7.254,2.449,39.674,4212.449,88.445
292.235,4.221,8.052,2.483,59.37,4380.951,89.482
195.281,0.17,7.145,1.251,69.183,4644.853,90.808
54.799,6.21,6.496,4.576,59.939,4034.251,86.606
447.723,8.796,7.186,3.415,28.569,3956.358,86.917
17.735,7.696,6.54,1.311,9.181,4410.861,91.325
431.594,9.816,7.18,3.019,73.47,3862.557,85.836
179.981,1.391,6.369,1.977,31.603,4516.481,90.266
319.669,2.225,6.464,1.162,25.459,4508.147,90.494
461.1,5.393,8.207,1.318,69.36,4349.983,89.424
75.853,2.359,6.29,3.017,44.746,4381.94,89.08
283.475,0.345,6.561,3.04,21.248,4450.588,89.397
382.216,4.023,8.489,4.055,76.888,4197.378,87.412
378.792,2.876,7.44,1.616,80.832,4387.53,88.93
262.816,2.638,7.465,4.621,98.543,4123.955,86.045
312.37,9.532,8.112,2.834,47.331,4100.434,88.391
378.763,2.385,7.311,1.419,4.631,4571.332,91.382
420.514,1.294,6.554,2.36,52.208,4340.079,88.267
380.907,1.253,7.056,4.655,3.302,4280.388,88.147
177.002,8.063,7.888,2.652,94.811,4142.295,87.894
498.363,7.148,8.181,4.436,18.306,4031.272,87.274
217.251,1.295,6.683,1.219,92.614,4487.779,89.34
12.232,2.198,6.655,4.613,95.052,4198.116,86.69
181.308,7.473,6.819,2.438,77.77,4118.257,87.647
63.891,2.746,7.491,4.713,9.643,4389.255,89.62
60.721,9.815,6.696,4.397,56.278,3896.204,86.344
140.768,5.406,8.233,3.47,36.072,4363.486,89.896
26.688,1.92,8.445,3.528,82.201,4517.971,89.934
344.256,8.588,7.698,1.452,30.919,4261.231,89.88
36.994,3.195,8.426,3.213,45.674,4551.718,91.019
101.645,2.888,6.72,2.973,57.795,4363.873,88.927
46.45,3.274,8.038,2.004,4.497,4707.487,93.012
31.584,7.682,7.696,2.775,61.279,4269.632,89.388
133.876,1.732,6.658,4.681,35.082,4273.975,87.909
285.949,3.818,6.796,0.524,53.389,4486.57,90.477
482.343,0.308,7.222,2.377,13.358,4501.147,89.97
437.778,8.266,7.979,2.001,34.246,4197.078,89.108
437.967,3.407,8.181,4.826,58.598,4128.963,86.726
88.034,2.482,7.585,4.883,57.586,4286.958,88.038
132.454,5.799,7.804,3.135,16.638,4377.397,90.347
38.197,7.05,6.66,2.975,42.055,4212.755,88.822
389.234,8.129,7.853,4.564,52.431,3922.896,86.143
34.908,3.478,7.512,0.529,9.041,4788.872,93.842
278.348,8.123,6.557,3.03,60.338,3986.704,86.701
123.938,4.649,8.375,0.611,23.94,4734.172,93.497
121.723,1.011,7.282,4.857,92.101,4246.908,86.852
495.363,8.463,7.986,1.941,27.586,4178.537,89.048
378.39,5.476,7.314,2.844,78.949,4126.133,87.115
418.47,6.025,8.332,2.379,58.634,4267.591,88.897
285.991,9.375,6.353,4.521,68.849,3733.749,84.461
435.507,5.592,7.365,4.999,90.274,3858.742,84.362
322.745,0.056,6.063,0.808,84.934,4491.483,89.082
473.087,8.706,6.493,3.794,13.647,3870.79,86.183
140.669,2.848,6.703,2.156,93.441,4355.066,88.471
297.66,5.018,7.182,1.126,14.729,4476.399,91.122
345.066,2.049,8.05,2.324,32.323,4532.975,90.621
196.469,2.97,7.167,4.992,52.79,4165.191,87.015
439.854,6.866,7.403,2.109,93.402,4079.337,86.919
489.902,4.296,8.31,1.748,63.091,4370.264,89.36
246.885,6.271,7.891,4.308,87.62,4046.108,86.466
195.32,8.236,6.126,4.406,94.23,3774.07,84.269
235.969,3.408,6.441,2.025,75.1,4303.029,88.302
426.368,5.683,6.096,1.844,48.709,4130.38,87.522
322.734,7.776,6.173,3.413,39.413,3947,86.409
22.386,7.151,6.847,1.423,28.242,4417.145,91.034
271.085,5.398,7.82,2.677,51.153,4306.537,89.173
8.65,3.834,6.611,1.136,5.756,4639.956,92.492
389.268,4.075,6.981,1.871,23.587,4365.374,89.64
164.156,4.331,6.985,1.839,36.475,4443.007,90.365
236.004,3.488,7.476,3.627,85.485,4221.478,87.406
399.339,6.991,8.232,1.77,38.234,4320.531,89.92
23.224,1.254,8.458,4.543,24.713,4567.738,90.806
79.271,9.675,7.512,4.924,78.487,3878.446,85.902
198.98,7.79,7.263,0.865,94.373,4262.062,89.014
114.963,2.982,7.705,2.289,77.704,4479.557,89.913
168.951,0.425,7.67,1.858,13.451,4748.528,92.478
499.087,7.113,7.31,2.084,32.713,4151.97,88.326
412.707,7.344,7.842,1.694,60.686,4219.924,88.795
441.951,9.636,7.228,2.222,20.406,4057.021,88.257
468.527,2.537,8.491,1.136,64.021,4546.319,90.584
170.468,0.827,6.122,1.759,24.367,4561.001,90.615
148.538,9.151,7.108,3.865,54.728,3982.992,87.028
117.031,2.586,6.993,2.048,70.969,4464.656,89.713
415.058,7.215,7.926,1.435,78.894,4222.966,88.605
339.776,0.607,6.477,0.988,80.255,4488.178,89.261
118.086,7.606,7.085,2.066,77.701,4207.18,88.577
188.497,1.27,7.745,3.395,14.573,4548.045,90.716
253.356,6.956,7.508,1.64,98.943,4214.454,88.242
264.07,5.323,7.363,2.401,77.443,4243.087,88.253
444.364,9.555,7.087,4.786,11.309,3807.615,85.83
190.283,0.369,7.88,2.986,70.059,4535.72,89.767
454.262,2.92,7.616,2.894,47.53,4304.018,88.441
220.684,0.695,8.187,2.345,43.369,4652.37,91.299
373.186,8.792,7.832,3.006,67.985,4020.51,87.163
465.127,5.939,6.351,4.931,17.622,3877.289,85.378
453.788,5.35,7.549,1.642,99.943,4196.406,87.57
28.476,1.315,6.111,4.739,54.904,4247.492,87.32
102.852,4.89,6.968,1.171,59.869,4464.081,90.509
238.453,3.987,7.03,1,43.094,4498.221,90.747
215.777,3.158,8.137,3.446,60.986,4381.383,89.151
320.446,7.722,6.451,1.63,66.737,4102.271,87.672
472.355,0.613,7.609,2.5,35.204,4473.685,89.569
56.202,6.467,6.481,3.783,46.746,4124.815,87.721
225.929,8.23,8.372,2.907,26.304,4269.42,89.9
96.206,9.073,7.324,0.562,77.423,4319.584,90.144
447.054,7.459,7.771,1.876,74,4144.939,87.947
482.29,2.825,7.616,0.791,81.282,4437.59,89.41
239.351,6.005,6.759,4.668,70.58,3948.068,85.576
52.005,1.414,8.253,4.076,2.99,4615.023,91.545
392.647,1.171,7.568,4.927,19.924,4269.382,87.846
348.571,6.386,7.276,4.483,39.473,4006.737,86.589
177.335,8.511,7.321,2.639,24.184,4205.601,89.367
443.704,0.672,8.227,4.472,53.638,4312.751,87.793
487.916,1.06,6.148,3.526,89.914,4085.395,85.273
278.927,5.656,6.973,2.861,74.067,4140.794,87.364
282.864,2.182,8.104,2.168,27.388,4588.302,91.264
148.757,6.118,6.094,3.564,40.359,4091.938,87.351
292.253,2.145,7.598,3.156,6.143,4478.55,90.368
219.821,1.165,7.008,3.264,1.618,4503.046,90.364
151.096,5.456,6.511,2.299,43.088,4286.71,89.073
33.593,8.622,7.529,3.827,73.066,4076.134,87.617
126.354,6.851,8.078,0.866,86.22,4442.983,90.623
98.927,8.187,7.168,3.768,43.716,4093.805,87.957
271.021,2.663,6.367,3.788,18.845,4251.473,88.125
300.835,8.86,6.765,2.822,26.876,4047.204,87.861
304.286,3.77,8.453,1.685,45.102,4545.994,91.14
194.091,8.524,6.278,2.837,65.309,3990.211,86.806
210.615,4.712,6.402,1.054,54.74,4384.414,89.71
417.119,2.679,8.475,1.783,84.221,4458.3,89.544
238.116,2.603,8.205,2.396,2.834,4626.086,92.013
493.887,5.677,7.768,3.53,99.221,3994.609,85.657
219.809,0.79,6.377,1.342,92.991,4468.106,88.988
324.79,9.301,6.601,1.212,15.814,4179.909,89.431
25.181,2.715,6.45,3.235,5.769,4461.678,90.373
326.67,3.356,7.577,3.558,62.148,4246.5,87.85
425.713,2.333,6.997,0.876,72.419,4437.727,89.353
471.229,0.03,6.119,0.649,48.052,4513.798,89.666
498.66,6.926,6.728,1.162,28.548,4203.904,88.831
141.089,5.906,8.152,4.555,64.276,4165.328,87.782
287.685,8.096,7.99,3.527,63.948,4069.763,87.487
225.359,0.41,7.608,4.645,15.685,4431.737,89.284
281.909,9.287,6.214,3.491,80.149,3806.684,85.051
78.726,3.309,8.207,4.844,75.202,4281.131,88.052
428.075,9.131,7.336,2.475,9.398,4096.754,88.613
454.784,1.071,7.236,3.196,46.784,4329.524,88.149
224.831,7.439,8.335,3.205,39.948,4248.711,89.319
140.215,5.794,6.022,0.514,46.785,4397.442,90.245
70.417,3.582,7.39,0.624,46.668,4668.98,92.298
341.882,0.791,7.978,1.154,52.881,4666.168,91.37
156.116,6.047,6.159,2.8,28.443,4198.602,88.516
454.769,0.264,6.893,2.437,47.494,4409.964,88.704
335.506,5.013,8.444,2.929,10.85,4411.39,90.509
322.843,6.042,6.529,4.102,18.492,4042.216,87.05
279.701,7.325,7.328,4.2,9.715,4087.244,87.973
22.888,9.913,7.865,4.897,19.431,4050.887,88.289
465.961,2.601,6.976,3.009,1.429,4330.812,89.074
313.969,3.224,7.02,2.062,4.745,4468.052,90.6
497.031,3.411,6.158,1.886,79.867,4148.383,86.709
268.678,7.316,6.475,2.033,20.714,4202.632,89.014
355.055,9.318,8.202,1.957,52.479,4176.034,89.031
28.105,9.743,8.046,2.268,37.667,4301.218,90.558
315.868,9.458,6.762,0.837,33.574,4194.476,89.446
382.325,8.794,6.954,3.35,85.853,3857.823,85.358
389.257,9.91,7.101,3.056,49.137,3916.094,86.643
385.056,3.759,6.865,2.579,52.164,4243.775,88.044
113.141,9.483,7.635,0.865,46.452,4353.346,90.914
487.699,7.61,6.032,0.919,27.625,4131.654,88.323
497.591,1.685,8.2,2.953,68.642,4354.435,88.363
37.798,0.455,6.752,0.665,5.671,4855.728,93.637
468.223,2.145,8.181,3.762,28.866,4342.853,88.783
144.725,7.788,7.136,4.972,66.49,3921.678,85.888
344.642,6.317,7.941,3.188,4.308,4278.464,89.637
169.055,2.244,8.064,3.755,3.545,4527.105,90.909
483.877,7.419,6.753,2.475,37.904,4039.094,87.238
50.752,1.413,7.601,3.503,25.867,4561.975,90.785
248.873,8.218,7.519,3.433,70.395,4032.405,87.086
214.024,7.942,7.19,4.208,75.838,3942.393,86.048
163.012,9.726,7.174,3.701,4.588,4070.32,88.575
322.767,1.503,6.763,3.871,44.203,4264.299,87.652
65.528,9.066,6.775,3.005,94.378,4002.234,86.798
358.331,3.411,7.37,2.68,31.983,4355.323,89.257
490.296,4.161,6.081,2.564,20.499,4157.47,87.618
402.279,4.684,8.334,2.264,52.608,4366.432,89.544
430.008,6.269,7.625,1.697,45.641,4273.045,89.155
179.818,9.948,7.109,0.65,22.731,4313.117,90.888
162.443,6,6.155,3.52,23.45,4135.357,87.919
258.524,9.267,7.575,4.554,68.984,3871.483,85.805
22.863,2.55,6.044,4.687,32.969,4230.835,87.744
472.679,3.984,7.7,3.113,98.617,4125.935,86.468
71.893,5.045,6.181,0.924,29.69,4478.193,90.999
451.507,3.229,7.64,4.454,55.241,4120.94,86.626
41.791,9.769,7.015,3.865,8.239,4089.179,88.74
411.312,7.257,7.657,1.631,54.344,4225.337,88.887
75.981,4.789,6.346,4.116,46.6,4152.397,87.495
19.066,7.513,6.293,2.624,35.585,4210.586,89.004
359.745,4.674,6.619,4.494,43.533,4011.78,86.085
140.133,0.172,7.029,1.614,18.668,4725.438,92.119
357.248,5.432,6.633,4.104,82.203,3938.224,85.19
277.543,6.252,6.205,3.704,92.257,3914.265,85.096
54.404,9.812,6.813,0.565,83.912,4239.129,89.496
466.065,0.408,7.764,3.035,80.682,4358.146,87.897
226.157,5.121,7.458,3.72,55.29,4194.074,87.924
367.224,0.982,8.408,1.204,34.031,4719.695,92.151
250.51,1.49,7.09,2.894,18.022,4483.829,90.105
302.181,6.105,6.832,1.868,82.155,4175.734,87.767
151.387,2.316,7.734,3.633,5.303,4508.023,90.722
100.18,7.492,7.03,2.931,18.92,4247.409,89.532
271.285,5.142,7.546,3.297,40.771,4250.636,88.641
220.109,2.182,8.366,0.826,20.268,4794.232,93.394
195.057,4.938,7.248,1.12,58.716,4450.932,90.404
336.284,0.009,7.245,2.984,72.693,4412.136,88.397
345.253,8.627,7.938,1.315,91,4176.267,88.441
22.96,0.127,7.89,2.744,21.834,4753.121,92.351
169.372,0.07,7.291,3.605,28.682,4522.99,89.964
205.882,6.115,6.162,4.144,71.956,3949.177,85.607
48.446,9.735,8.452,1.144,22.487,4474.885,92.445
117.95,8.559,6.943,3.838,38.998,4045.546,87.633
25.821,2.52,6.792,2.134,75.593,4475.637,89.757
498.121,1.967,8.454,3.555,38.208,4366.056,88.868
368.279,6.261,8.18,1.154,15.485,4474.49,91.468
43.725,8.226,6.826,2.818,27.676,4212.191,89.313
10.125,3.621,6.771,4.269,9.005,4346.062,89.457
359.644,4.324,7.802,0.979,67.743,4450.86,90.128
219.596,1.155,6.836,4.225,5.537,4382.506,89.116
393.398,1.528,6.629,2.537,57.831,4320.337,88.084
461.738,5.684,8.449,4.205,95.055,4019.291,85.947
299.65,1.027,7.414,4.813,86.127,4186.745,86.314
93.554,2.02,7.906,1.218,8.221,4804.538,93.569
391.097,2.347,7.783,3.536,71.734,4268.353,87.67
477.906,4.439,7.889,1.558,69.32,4333.534,88.974
290.116,0.456,8.258,1.11,30.54,4785.904,92.69
340.999,4.998,7.252,3.326,11.823,4248.524,88.866
168.737,9.287,7.883,0.986,85.553,4269.939,89.63
190.764,0.245,7.992,2.593,55.876,4620.51,90.72
367.327,6.31,8.366,3.362,70.143,4160.975,87.801
463.886,8.358,7.783,2.748,46.323,4060.931,87.654
314.494,3.125,8.232,3.637,23.013,4399.968,89.707
394.924,1.315,6.238,4.106,26.774,4196.354,87.09
85.818,0.433,6.315,4.425,53.948,4316.539,87.756
105.98,6.439,6.396,3.019,24.22,4214.263,88.832
266.017,5.522,6.362,1.745,40.469,4271.656,88.969
88.277,2.293,6.219,2.793,8.366,4467.014,90.274
317.498,8.316,6.306,2.245,99.555,3932.516,85.824
145.827,7.355,8.49,1.517,62.052,4432.541,90.911
395.766,2.764,6.68,2.881,15.46,4312.949,88.804
404.055,7.534,7.195,0.602,13.881,4352.847,90.65
231.894,2.45,8.054,3.225,48.845,4446.765,89.714
90.405,6.753,6.296,4.197,3.452,4120.114,88.192
323.387,1.185,6.793,4.997,41.792,4175.046,86.688
496.394,6.922,6.398,4.648,94.547,3691.656,83.048
311.295,2.388,6.156,0.904,82.513,4385.162,88.743
17.887,5.725,8.402,1.231,93.066,4535.785,91.145
8.647,1.725,8.146,1.124,12,4887.644,94.274
160.181,7.26,8.198,3.013,37.71,4300.072,89.802
97.892,0.609,8.172,0.707,55.945,4855.224,93.175
406.526,1.654,6.386,4.716,72.307,4036.41,85.137
422.403,1.841,7.962,0.778,39.853,4635.447,91.508
129.309,0.413,7.82,2.261,32.576,4705.426,91.853
162.822,7.45,8.314,4.523,31.201,4162.747,88.55
118.123,9.81,6.548,4.768,79.156,3770.21,84.853
454.191,7.784,7.035,2.594,38.8,4050.235,87.45
251.325,8.606,6.737,2.698,2.615,4142.73,88.983
328.069,0.06,6.645,3.363,77.251,4306.659,87.312
207.741,1.179,7.631,2.334,16.972,4632.908,91.513
315.507,5.59,6.41,1.961,63.193,4181.239,87.858
192.928,9.779,7.162,3.827,3.917,4040.227,88.297
169.839,6.607,7.617,3.179,39.312,4249.85,89.088
317.24,3.741,6.326,2.668,46.137,4227.861,87.94
295.531,1.461,6.642,0.954,97.335,4453.38,88.999
146.764,1.528,8.418,0.81,9.729,4891.596,94.277
74.674,3.628,7.989,2.799,75.4,4449.477,89.829
184.288,7.138,7.692,3.287,96.51,4098.424,87.161
207.599,0.318,8.14,3.459,28.414,4591.575,90.727
314.342,8.522,6.035,4.527,23.34,3820.853,85.532
457.264,9.416,6.015,4.173,95.255,3594.3,82.815
18.092,8.888,6.385,1.133,49.466,4272.762,89.899
121.831,9.13,7.238,4.075,82.436,3934.019,86.255
96.858,0.153,7.425,3.543,79.668,4472.722,88.977
251.147,9.778,6.284,4.226,33.274,3824.791,85.849
214.85,3.664,6.181,4.295,19.56,4158.838,87.492
364.519,8.693,8.071,2.055,70.586,4143.522,88.337
121.208,1.868,7.161,1.685,50.629,4592.38,90.978
297.249,4.465,8.481,2.987,49.559,4378.432,89.628
441.929,0.442,6.573,1.844,55.074,4419.768,88.779
455.339,0.401,7.618,2.074,3.54,4599.655,91.081
479.392,9.433,8.011,0.811,1.502,4305.637,90.871
386.631,8.106,8.182,4.961,32.098,3959.232,86.703
452.994,5.298,6.766,1.892,33.045,4229.896,88.558
117.265,5.255,6.483,4.01,72.154,4081.616,86.671
98.79,7.488,6.565,4.969,33.241,3969.348,86.607
3.244,3.417,7.667,4.861,36.596,4334.931,89.008
353.422,7.619,7.306,3.352,55.405,4026.879,87
468.734,4.85,7.497,2.924,59.569,4161.341,87.473
93.468,6.379,6.051,1.892,33.996,4282.273,89.397
318.472,9.648,6.977,4.377,56.252,3805.91,85.391
373.23,4.713,6.775,2.021,62.164,4228.838,88.081
463.807,4.184,8.159,0.98,26.863,4523.087,91.217
323.43,9.057,7.941,1.823,24.339,4248.453,89.958
485.147,9.026,7.074,1.918,89.153,3943.43,86.251
172.337,9.924,7.576,3.733,65.098,3971.741,87.044
174.964,5.509,6.119,1.263,31.796,4359.12,89.926
271.506,3.443,7.593,1.926,55.526,4447.788,89.955
191.751,2.404,6.243,0.845,71.033,4481.7,89.828
0.713,0.341,7.785,4.318,3.24,4622.839,91.298
365.886,7.267,7.435,3.761,92.063,3936.877,85.628
375.859,2.335,6.751,2.469,72.006,4279.575,87.776
373.487,6.066,6.927,2.435,39.833,4179.473,88.216
172.51,9.166,6.225,1.249,93.294,4066.516,87.482
261.145,9.502,6.807,2.23,6.529,4138.947,89.175
179.987,0.044,8.417,4.581,75.664,4440.113,88.658
8.018,3.171,7.215,1.124,53.102,4640.399,91.824
281.224,8.374,7.186,3.943,66.814,3931.368,86.158
61.88,5.364,7.573,0.712,47.668,4591.58,92.048
40.021,8.075,7.211,1.903,15.576,4375.939,91.026
377.75,8.533,6.889,4.311,26.818,3888.582,86.178
4.753,4.426,6.349,2.502,46.841,4367.265,89.532
479.504,3.59,7.576,3.662,91.965,4088.193,86.039
257.628,4.554,7.872,0.966,7.764,4618.578,92.474
491.508,6.528,8.308,3.575,11.366,4178.35,88.628
28.999,3.672,6.008,4.186,16.118,4251.879,88.459
291.765,7.75,6.167,4.124,63.58,3843.768,85.127
174.664,9.04,8.249,2.475,37.264,4263.503,89.974
421.741,2.823,7.578,4.569,15.775,4217.349,87.863
180.611,9.65,8.395,3.087,13.075,4231.789,90.082
130.244,6.227,7.077,4.18,67.742,4077.701,86.968
428.777,8.782,7.042,1.461,46.796,4111.049,88.277
187.327,1.039,6.861,1.446,87.403,4521.03,89.648
8.417,2.515,6.357,3.895,40.999,4334.287,88.687
195.145,3.21,6.947,3.41,65.918,4263.754,87.941
327.261,3.028,6.037,3.543,79.789,4074.704,85.858
127.18,1.719,7.273,1.565,95.414,4530.523,89.867
215.994,8.682,8.118,2.298,87.06,4165.754,88.392
28.358,4.186,6.803,1.663,77.755,4435.033,89.829
294.046,9.631,6.237,0.807,41.876,4130.663,88.777
378.147,5.835,8.434,1.418,98.298,4324.262,89.01
206.656,1.384,6.322,4.978,27.207,4207.481,87.218
210.116,5.459,7.322,1.553,66.468,4365.908,89.632
44.141,9.935,8.023,1.217,13.931,4433.909,92.18
100.97,5.652,6.631,3.636,60.987,4144.447,87.53
77.338,0.019,8.104,3.21,69.299,4611.206,90.425
240.844,9.331,7.393,3.857,9.939,4046.71,88.167
264.628,2.349,6.83,3.442,30.2,4328.67,88.689
474.47,6.885,8.164,1.503,64.511,4255.554,88.976
36.616,5.151,7.555,2.754,60.611,4383.022,89.769
299.934,3.254,7.538,1.295,67.153,4477.367,90.078
263.249,2.826,7.26,1.641,13.32,4562.326,91.338
258.117,9.288,6.687,4.941,52.016,3777.102,85.037
436.58,9.119,6.762,3.779,92.833,3738.39,84.191
102.769,5.131,6.22,4.023,95.423,4020.938,85.795
20.387,2.585,6.609,0.635,13.546,4730.871,92.949
336.136,1.023,6.695,2.22,89.545,4349.166,87.903
172.579,1.566,6.147,2.999,58.071,4334.093,88.23
8.795,5.223,6.276,1.174,75.539,4393.624,89.748
125.687,3.078,6.676,4.318,15.914,4287.131,88.636
154.663,0.421,7.693,1.128,74.049,4710.03,91.486
308.419,4.552,6.461,3.364,8.037,4211.765,88.403
86.293,7.462,7.305,2.989,63.669,4187.95,88.481
206.527,8.917,7.27,4.322,67.139,3911.396,86.118
241.238,5.853,8.085,1.903,66.808,4371.317,89.801
229.619,7.233,7.523,1.778,6.807,4384.384,90.946
486.97,3.641,8.292,4.309,39.035,4194.774,87.65
22.752,4.962,7.57,1.496,74.695,4498.507,90.727
475.484,7.296,6.064,3.857,79.885,3758.335,83.973
290.969,7.277,6.954,1.36,42.135,4265.773,89.419
397.864,4.245,7.748,4.441,17.04,4185.425,87.957
215.196,5.437,7.188,4.276,50.445,4110.88,87.235
226.919,9.239,7.048,4.044,65.376,3894.352,86.061
439.663,6.32,7.679,2.712,92.12,4076.654,86.741
447.967,6.426,6.714,0.652,68.453,4224.028,88.483
119.344,7.846,8.272,1.096,82.443,4400.766,90.537
99.621,1.152,7.033,2.555,27.21,4585.972,90.933
248.118,5.229,7.578,0.696,83.491,4435.681,90.091
450.139,9.594,8.456,0.786,61.585,4239.065,89.653
161.178,3.617,7.964,1.065,55.35,4617.774,91.709
326.007,2.949,7.329,1.674,27.419,4500.219,90.613
354.076,6.012,8.148,3.872,21.186,4207.638,88.668
389.337,2.211,7.401,0.716,54.844,4553.601,90.651
281.962,5.559,7.104,4.926,89.252,3920.317,84.978
201.228,1.557,8.184,1.732,24.302,4718.095,92.405
483.508,5.798,6.068,1.941,28.591,4123.868,87.692
305.665,6.024,7.019,1.615,94.844,4196.608,87.825
364.283,4.184,6.857,3.211,3.634,4266.063,88.879
172.491,3.827,7.785,0.587,49.054,4644.054,92.098
334.975,2.455,6.031,0.921,53.348,4414.128,89.344
128.899,3.309,7.652,0.944,67.897,4605.059,91.364
122.548,4.983,6.866,3.49,20.205,4286.694,89.16
357.361,2.477,6.245,1.983,57.57,4308.539,88.253
260.697,7.828,8.451,2.469,11.837,4352.77,90.758
341.638,7.09,6.531,4.775,27.434,3895.365,85.806
134.719,2.693,6.873,1.4,2.496,4640.259,92.186
299.362,0.974,6.518,0.816,45.888,4579.999,90.633
221.967,0.002,7.655,2.486,18.336,4669.112,91.508
298.48,5.967,7.956,1.238,10.579,4503.039,91.715
145.44,2.114,8.152,1.151,35.087,4751.489,92.798
357.725,0.126,6.777,2.346,8.843,4540.351,90.353
402.965,3.591,7.311,3.513,66.777,4165.217,87.062
129.958,9.62,7.658,1.593,20.886,4318.781,90.865
150.31,6.899,7.574,4.442,71.317,4050.436,86.861
330.577,8.578,7.79,2.131,84.146,4103.443,87.766
347.793,1.447,7.924,4.703,74.389,4227.067,86.961
352.05,0.733,6.244,2.716,76.522,4287.077,87.325
341.349,0.115,6.421,3.77,64.733,4259.141,86.979
196.404,9.557,7.836,4.321,38.254,3998.982,87.474
197.427,3.002,7.192,2.884,35.506,4410.968,89.655
127.409,4.595,7.068,4.326,57.325,4166.005,87.465
78.417,3.945,7.139,2.201,25.557,4506.184,90.99
346.289,7.305,6.93,2.135,35.12,4170.862,88.549
46.594,3.1,7.478,4.073,16.375,4429.409,90.06
468.896,5.355,6.808,1.586,78.234,4163.618,87.46
413.343,9.956,7.592,3.727,73.827,3834.42,85.593
428.753,4.441,6.507,0.847,50.822,4327.917,89.103
453.334,5.513,7.894,3.36,37.588,4175.913,88.037
204.302,5.025,7.954,4.739,69.971,4128.184,87.09
423.35,8.032,7.446,2.554,9.383,4157.186,88.888
79.031,2.668,6.923,2.372,5.727,4570.757,91.451
10.821,1.704,6.036,2.932,70.277,4379.172,88.6
392.446,7.541,6.304,3.738,55.456,3872.397,85.432
37.398,4.156,6.199,2.115,73.591,4334.756,88.859
494.262,9.137,6.026,0.501,28.678,4091.143,88.366
337.398,6.442,7.806,2.759,11.721,4290.395,89.719
376.725,5.643,8.39,2.387,43.566,4342.675,89.684
122.902,0.705,6.028,2.897,43.243,4429.911,89.078
336.933,7.304,6.282,3.719,76.146,3870.318,85.133
21.61,6.86,8.152,1.775,13.091,4557.635,92.504
418.913,6.401,7.721,2.774,94.661,4075.943,86.733
84.812,2.679,7.012,1.64,6.544,4647.705,92.215
348.679,9.467,8.482,2.567,31.981,4179.823,89.319
112.24,3.217,7.434,2.05,70.597,4480.22,90.061
34.227,1.522,7.674,2.161,72.029,4614.045,90.877
240.747,9.872,7.633,3.107,57.139,4024.33,87.634
84.643,7.462,6.557,3.603,8.024,4163.858,88.797
364.722,4.148,7.22,0.557,85.78,4405.021,89.437
118.783,9.359,6.541,4.445,63.838,3854.588,85.715
171.236,0.911,7.274,2.14,76.124,4529.991,89.812
283.72,0.877,6.077,3.396,39.237,4303.907,87.91
142.484,6.825,6.955,1.051,25.094,4427.758,91.074
188.994,1.78,6.931,3.072,72.289,4357.836,88.389
407.811,9.171,6.729,3.553,81.736,3791.653,84.851
89.605,8.404,6.198,1.208,81.44,4171.099,88.418
41.101,3.064,7.927,4.605,72,4314.537,88.344
164.179,8.888,7.051,3.909,14.756,4058.233,88.101
212.188,0.429,8.035,2.903,22.957,4639.777,91.297
271.33,5.486,8.089,1.247,50.543,4473.132,90.872
186.212,9.356,6.534,4.395,51.228,3850.559,85.8
394.956,8.554,7.053,0.809,49.365,4200.551,89.078
19.66,3.561,7.802,1.018,82.778,4624.994,91.49
215.884,1.829,7.249,3.642,13.413,4434.493,89.759
191.128,2.105,8.138,1.642,79.434,4589.827,90.736
323.789,5.145,7.429,2.567,3.211,4360.629,90.118
483.138,5.968,7.574,2.925,32.984,4158.962,88.05
255.188,0.328,7.968,2.562,20.454,4655.642,91.45
493.438,4.136,6.306,0.878,53.138,4283.033,88.54
151.125,8.304,7.461,3.819,52.865,4067.712,87.64
15.434,4.443,6.214,1.58,51.148,4431.185,90.133
82.832,1.692,6.651,3.823,29.593,4397.609,89.188
197.562,9.549,6.531,4.394,52.658,3832.234,85.66
158.167,2.663,7.418,2.914,70.872,4396.435,89.054
48.527,7.984,8.11,3.679,39.983,4239.662,89.392
216.33,1.938,6.332,0.666,92.936,4475.647,89.408
169.058,4.232,7.921,0.665,7.778,4713.89,93.331
61.31,4.904,6.358,1.387,98.723,4323.731,88.721
148.059,5.006,6.474,2.113,76.377,4259.044,88.329
443.218,5.165,8.292,1.323,59.725,4397.687,89.929
151.024,2.249,6.024,3.357,21.131,4336.452,88.828
356.978,5.159,6.493,1.746,63.103,4212.033,88.037
306.024,4.817,6.539,4.306,80.406,3968.62,85.327
213.591,2.087,6.705,3.023,26.111,4404.822,89.413
119.513,9.882,6.909,2.201,4.95,4206.966,89.985
184.507,8.656,6.258,4.519,44.833,3859.209,85.74
296.054,8.876,7.171,4.228,31.139,3940.257,86.754
175.377,6.856,6.998,4.19,29.329,4091.691,87.68
107.448,1.599,7.562,3.778,72.756,4399.291,88.745
58.231,5.681,8.169,3.264,15.655,4446.011,91.008
439.883,8.214,6.744,2.151,65.442,3997.813,86.788
220.156,0.387,7.366,2.402,7.066,4652.874,91.574
312.604,4.958,6.928,3.412,92.069,4063.277,86.2
245.205,3.961,6.101,1.278,59.023,4343.561,89.034
436.283,2.121,8.053,4.225,93.167,4172.214,86.427
273.467,3.783,7.586,4.724,86.92,4086.454,86.13
240.391,9.835,6.005,0.941,87.113,4020.277,87.282
462.3,7.232,6.624,0.601,12.855,4283.805,89.879
359.845,2.995,6.772,1.142,69.892,4393.557,89.135
55.775,6.054,8.029,3.92,40.639,4299.084,89.401
88.852,2.467,7.902,0.985,46.452,4730.999,92.585
393.561,6.108,6.99,2.175,28.631,4222.059,88.767
417.926,8.962,6.393,0.784,14.844,4174.195,89.282
272.595,5.569,6.965,2.447,31.325,4274.47,89.102
277.228,7.333,8.025,3.217,55.403,4164.71,88.293
315.966,4.533,7.131,3.328,41.593,4212.43,88.068
219.558,5.241,6.29,2.835,70.685,4132.244,87.188
340.1,6.951,6.096,4.721,84.064,3751.773,83.762
54.241,8.124,6.833,2.89,21.861,4217.278,89.391
480.64,6.595,6.371,4.367,6.572,3917.243,86.085
375.077,9.775,7.863,4.969,99.093,3714.927,84.091
315.587,8.198,6.697,1.534,88.382,4071.835,87.294
158.161,7.772,8.194,1.695,27.247,4427.718,91.336
80.478,8.451,7.543,2.848,17.099,4272.508,90.089
204.671,2.812,6.984,1.321,95.153,4433.099,89.223
330.788,4.32,7.525,3.039,24.011,4319.218,89.248
316.855,5.645,6.738,3.58,22.967,4129.225,87.756
191.321,4.624,6.353,0.772,11.874,4507.55,91.344
306.643,8.475,8.41,3.566,29.502,4148.362,88.731
406.874,0.271,7.408,1.218,84.26,4533.54,89.574
13.142,2.092,6.018,1.847,57.413,4491.154,89.965
225.311,8.817,6.776,3.825,10.107,4021.393,87.758
379.278,0.591,6.399,1.236,96.774,4403.531,88.245
273.072,2.27,6.645,2.893,54.41,4316.437,88.301
325.738,3.513,6.139,3.151,42.253,4175.799,87.389
258.338,7.507,6.613,1.24,78.64,4175.49,88.221
495.937,5.602,7.708,1.737,56.475,4256.094,88.677
27.311,9.546,8.052,3.229,89.681,4111.924,88.086
245.522,2.279,6.868,2.575,70.533,4351.544,88.494
45.708,8.721,7.306,3.47,67.155,4090.4,87.849
79.893,2.829,6.104,4.346,34.437,4225.548,87.76
191.519,2.455,6.227,1.108,98.992,4395.443,88.701
77.77,4.984,7.38,0.818,65.54,4537.043,91.21
481.844,0.712,8.101,3.5,44.746,4394.101,88.707
473.395,3.843,6.22,3.968,15.603,4065.15,86.648
168.055,3.557,7.046,2.522,56.008,4378.566,89.293
319.874,1.601,8.426,2.273,66.959,4541.442,90.225
266.877,8.608,7.847,3.185,37.775,4126.765,88.472
407.793,3.859,6.494,2.982,7.395,4239.616,88.48
313.723,9.819,6.713,2.706,80.043,3892.81,86.073
0.126,8.997,8.37,4.184,65.744,4137.157,88.413
381.587,1.948,6.552,1.281,68.772,4401.429,88.911
373.424,5.051,7.102,3.565,25.26,4163.89,87.902
254.861,6.018,6.889,3.836,13.939,4149.088,88.157
451.459,8.19,7.225,4.556,45.756,3840.202,85.401
454.223,8.856,6.591,4.753,24.888,3764.142,85.049
261.956,6.24,7.671,2.785,78.317,4188.928,87.978
303.994,0.351,6.586,2.451,53.664,4436.618,88.935
498.261,4.813,7.505,2.768,14.072,4255.854,88.862
149.41,8.848,6.894,3.797,20.429,4051.816,87.968
162.309,7.141,6.629,0.577,88.798,4289.346,89.148
91.387,8.701,7.738,1.284,63.53,4337.561,90.351
447.933,6.741,8.413,4.584,40.655,4040.543,87.021
372.244,0.44,8.173,1.379,72.357,4626.545,90.674
52.821,9.68,6.217,1.528,81.078,4096.32,88.056
490.884,9.18,7.136,4.728,12.328,3811.738,85.748
365.481,1.266,7.737,1.824,84.356,4476.526,89.301
425.261,1.127,7.407,1.807,94.708,4401.563,88.407
24.075,5.391,7.816,4.657,9.911,4314.521,89.663
252.48,7.571,8.438,2.188,33.083,4354.061,90.481
349.299,3.822,6.856,2.723,17.626,4312.307,89.093
271.473,1.364,7.927,3.022,43.565,4499.477,89.968
333.324,5.106,6.235,4.407,22.792,4015.267,86.456
408.937,3.376,8.174,0.849,36.877,4585.524,91.499
187.169,3.518,7.946,1.674,24.954,4607.844,91.884
424.334,6.45,7.302,3.142,1.356,4178.716,88.709
81.458,8.856,8.053,2.456,2.886,4370.377,91.332
135.443,5.586,7.667,1.752,51.976,4440.461,90.561
21.673,6.876,7.381,2.343,51.845,4345.391,89.998
182.213,6.599,8.365,4.848,4.571,4221.468,89.149
189.955,5.511,6.326,0.595,70.247,4362.057,89.572
402.635,3.108,8.482,1.161,3.661,4668.084,92.576
326.565,3.778,6.386,0.584,49.17,4429.693,89.939
218.361,3.157,7.2,3.17,40.126,4355.731,89.103
326.057,9.175,6.579,0.558,88.417,4103.42,87.903
26.392,8.266,6.68,2.543,58.07,4171.026,88.609
90.136,5.793,7.58,4.366,82.42,4121.739,87.131
313.474,9.122,6.087,0.937,99.835,4002.406,86.762
320.683,8.864,8.352,2.143,18.563,4280.187,90.275
387.067,9.277,6.699,2.201,7.212,4078.001,88.491
201.5,2.218,6.681,2.13,77.673,4388.136,88.77
361.277,7.175,8.159,3.774,63.528,4072.087,87.238
341.99,6.092,7.912,0.52,63.78,4436.057,90.55
481.697,7.338,7.679,4.01,32.309,3994.564,86.824
107.565,2.634,6.366,4.276,11.142,4301.265,88.691
275.84,6.948,7.924,2.442,72.4,4218.122,88.542
300.882,4.098,6.902,4.492,54.79,4076.035,86.442
499.324,8.341,8.485,2.215,50.648,4159,88.586
100.592,7.954,7.678,3.626,73.861,4109.485,87.742
261.609,2.114,8.09,2.25,98.873,4449.773,89.143
173.093,1.839,7.834,0.67,74.282,4689.378,91.703
262.946,7.177,7.486,0.875,93.524,4283.63,89.054
116.064,5.505,7.791,2.489,40.455,4415.978,90.407
23.806,5.572,7.494,4.955,89.91,4083.502,86.608
286.283,7.525,6.128,1.299,73.007,4117.485,87.702
167.927,8.55,6.864,4.53,37.796,3946.328,86.65
90.971,2.39,6.791,4.637,51.384,4247.642,87.679
161.968,5.555,7.785,2.343,21.037,4443.323,90.889
24.64,8.29,7.44,2.578,9.053,4341.319,90.81
475.221,8.728,7.526,2.763,47.276,4007.793,87.224
290.574,2.874,8.117,3.967,99.328,4227.414,87.143
407.384,1.042,7.313,1.057,87.174,4495.533,89.396
211.559,2.328,6.546,1.979,2.645,4529.202,90.964
451.657,9.455,6.031,1.268,97.014,3883.687,85.703
241.659,4.625,6.399,4.453,47.425,4047.669,86.39
286.973,4.186,6.076,0.817,18.713,4435.713,90.426
245.897,0.131,6.593,3.865,91.573,4260.162,86.725
366.639,0.51,7.587,2.479,92.561,4416.918,88.397
283.328,6.687,6.379,3.716,84.845,3920.581,85.363
135.799,5.898,6.205,4.505,62.507,3982.201,85.966
72.77,5.755,8.427,2.028,24.422,4566.872,92.151
303.062,1.103,8.492,1.522,24.855,4740.673,92.489
244.59,3.521,7.593,3.426,96.592,4225.148,87.342
47.988,8.124,6.271,4.989,28.602,3940.878,86.56
197.809,1.749,8.054,3.783,42.827,4455.088,89.647
257.388,8.827,7.348,4.08,75.53,3905.676,85.95
413.447,1.215,6.455,3.334,82.526,4179.568,86.335
38.051,1.691,7.439,2.157,41.727,4641.186,91.502
174.248,4.777,6.098,3.446,40.167,4158.922,87.621
411.328,9.453,8.431,1.078,36.342,4284.273,90.315
324.212,3.295,8.065,2.7,39.449,4430.745,89.902
144.979,6.582,6.652,3.079,76.072,4103.575,87.25
422.668,5.887,7.047,4.58,7.132,4026.756,86.962
246.647,1.496,6.988,4.639,80.216,4176.381,86.411
249.176,2.482,8.154,0.771,22.267,4745.111,92.973
488.294,9.302,6.887,3.343,16.986,3911.118,86.732
473.558,1.848,6.12,4.084,12.956,4148.512,86.91
179.266,6.95,6.537,2.914,24.322,4176.489,88.607
70.29,9.647,6.539,0.931,83.553,4176.243,88.821
162.833,1.195,8.373,1.547,54.259,4732.894,92.145
15.242,3.992,8.31,1.911,27.628,4677.407,92.695
10.384,2.239,6.751,3.483,19.409,4470.913,90.187
197.761,2.216,6.007,0.795,77.184,4457.152,89.464
470.51,1.19,7.292,2.973,51.044,4335.084,88.197
435.679,6.496,7.993,0.99,12.908,4431.859,91.138
255.721,7.463,6.672,2.278,38.145,4162.024,88.478
282.613,6.768,7.098,2.415,45.052,4198.454,88.564
2.967,9.247,6.432,2.533,36.041,4153.976,88.953
107.751,1.457,6.818,3.699,27.253,4430.736,89.472
12.387,3.198,7.897,0.865,33.575,4769.909,93.323
377.27,3.446,7.071,1.707,74.158,4327.124,88.563
72.823,2.321,7.118,3.385,95.352,4330.154,88.044
434.524,1.422,7.974,4.746,3.559,4327.302,88.664
321.662,4.867,7.907,3.294,63.055,4231.091,88.14
114.709,8.344,6.468,4.475,8.206,4008.287,87.504
78.86,9.545,7.038,4.858,21.015,3959.305,87.247
313.812,1.293,8.122,4.478,54.896,4333.089,88.17
450.418,8.232,7.142,4.875,79.599,3730.706,83.981
359.18,8.246,7.654,3.997,44.122,3985.647,86.889
174.273,3.89,6.765,4.492,88.068,4069.509,85.981
293.692,1.1,6.149,2.712,71.861,4298.154,87.593
155.381,9.9,6.412,2.054,20.181,4122.722,88.995
499.575,6.556,7.004,4.999,68.935,3785.107,84.128
374.42,9.822,6.884,0.94,32.52,4151.026,89.132
307.191,4.837,8.239,4.812,76.904,4093.489,86.617
211.63,3.952,7.364,2.439,23.83,4441.441,90.362
309.076,2.472,7.568,0.601,15.305,4687.975,92.468
170.808,9.836,7.722,4.114,64.137,3955.349,86.863
14.432,2.533,7.329,2.499,62.045,4525.073,90.39
197.544,0.238,7.924,4.094,57.778,4456.794,89.061
465.24,5.125,7.958,0.702,25.076,4486.601,91.153
313.151,3.771,6.878,4.884,21.392,4111.596,87.033
41.978,2.614,6.212,3.52,91.332,4234.886,87.22
442.497,6.346,8.466,0.716,53.733,4428.971,90.656
134.437,3.643,7.607,0.521,41.247,4676.717,92.448
121.885,4.023,7.772,3.173,82.127,4333.607,88.722
148.545,0.23,7.892,4.894,6.027,4501.899,90.028
288.601,5.891,7.532,2.858,67.924,4192.758,88.016
272.344,1.221,7.177,2.093,15.595,4580.076,91.011
245.707,2.138,8.462,4.725,23.387,4397.121,89.379
358.768,7.171,7.819,4.928,64.307,3922.578,85.734
158.269,3.132,8.115,4.03,28.689,4415.31,89.806
391.032,1.632,7.099,3.731,78.025,4203.686,86.746
87.661,5.774,8.262,0.509,52.339,4638.045,92.589
391.31,2.149,7.83,1.912,32.975,4522.823,90.543
331.905,2.71,7.865,4.663,86.599,4145.564,86.403
341.604,6.213,6.217,2.157,63.255,4098.091,87.212
240.777,7.399,7.544,2.006,42.705,4278.074,89.573
333.501,7.397,6.838,2.917,45.888,4063.716,87.397
39.899,4.822,7.673,2.515,27.589,4499.498,91.166
425.776,4.543,7.421,4.365,11.739,4142.08,87.666
27.774,7.876,6.278,0.868,30.956,4371.413,90.768
74.371,1.93,7.325,3.464,27.167,4498.023,90.288
288.395,1.522,7.128,3.637,34.234,4360.312,88.717
369.706,6.647,7.941,4.461,47.448,4035.965,86.879
38.126,4.095,7.257,2.371,7.24,4550.259,91.659
460.382,7.1,7.203,1.828,11.494,4229.36,89.309
486.804,2.566,7.799,3.32,73.214,4229.791,87.336
302.975,3.249,7.671,3.762,19.156,4338.694,89.17
240.622,8.967,8.48,1.269,34.558,4383.257,91.177
370.697,4.217,6.88,1.212,64.058,4342.522,89.05
164.179,5.91,7.721,1.686,97.718,4330.467,89.1
246.632,1.067,6.418,1.616,14.166,4575.262,90.931
458.076,1.788,8.011,3.878,75.98,4242.934,87.206
477.828,0.359,7.965,2.888,49.637,4451.592,89.127
463.535,4.244,7.815,2.965,10.283,4320.431,89.375
131.224,9.889,6.298,0.566,17.729,4277.616,90.566
116.235,8.739,8.469,4.974,69.731,4014.955,87.074
148.832,6.329,8.357,4.234,88.067,4145.243,87.47
220.656,8.611,6.925,2.496,2.2,4197.597,89.537
157.084,5.942,7.443,0.801,23.061,4542.484,91.977
187.106,3.688,8.222,3.624,36.438,4408.978,89.832
310.318,1.735,7.237,2.908,98.891,4293.176,87.463
381.263,6.53,7.498,3.549,65.568,4046.608,86.77
367.779,1.931,7.508,3.549,36.721,4342.043,88.632
407.212,4.174,7.623,1.196,20.967,4488.43,90.927
16.092,8.258,7.439,1.98,23.451,4378.062,91.024
23.867,1.292,7.015,0.58,5.899,4855.148,93.88
394.691,1.29,7.349,4.92,99.471,4082.052,85.213
266.539,2.244,8.179,4.129,98.241,4262.997,87.321
289.07,5.519,8.16,4.68,2.108,4223.353,88.868
26.293,2.517,7.931,0.699,27.809,4828.651,93.764
127.657,5.032,7.035,2.752,3.024,4406.895,90.548
319.177,3.02,7.965,3.863,30.872,4337.824,88.975
429.591,5.062,6.97,0.967,90.224,4251.932,88.136
458.492,2.776,7.66,3.997,87.603,4123.061,86.187
250.21,9.8,7.419,3.414,68.81,3947.751,86.729
272.737,4.927,6.75,4.932,98.727,3901.595,84.507
416.525,7.436,7.132,1.134,74.855,4170.036,88.183
268.812,7.005,8.076,3.332,24.9,4239.935,89.252
258.429,4.906,8.282,4.762,83.659,4110.165,86.737
452.542,2.389,6.513,3.847,51.285,4118.4,86.388
394.966,5.107,7.141,2.013,50.893,4258.16,88.605
454.536,6.81,7.084,1.037,83.46,4170.04,87.909
109.124,4.599,7.223,4.837,53.9,4146.238,87.303
262.188,0.819,8.442,0.824,33.4,4822.944,93.141
421.236,0.18,7.297,4.888,92.946,4135.359,85.478
55.574,3.279,8.075,1.866,8.283,4712.647,93.027
397.331,1.502,7.66,4.371,66.12,4222.827,87.018
91.487,9.062,6.268,2.994,78.758,3971.003,86.641
404.059,1.758,7.739,4.607,6.073,4311.157,88.578
306,3.943,7.618,2.42,24.203,4421.239,90.153
96.618,7.121,7.896,4.324,23.101,4206.656,88.972
236.677,8.154,6.186,1.573,89.038,4057.214,87.128
340.953,4.777,6.603,2.6,65.381,4160.199,87.381
316.926,1.811,7.923,4.308,22.478,4367.5,88.994
213.624,2.709,6.927,1.033,91.068,4464.995,89.552
449.683,4.19,8.277,3.779,25.126,4265.242,88.658
259.632,3.646,7.294,2.466,66.54,4337.632,88.805
252.934,3.487,6.003,2.809,45.79,4226.927,87.857
31.125,1.319,7.747,3.106,10.664,4661.328,91.902
461.06,9.133,7.284,1.74,75.572,4015.991,87.144
88.558,0.298,6.793,0.934,33.441,4759.866,92.354
264.172,4.4,6.051,0.584,36.641,4421.344,90.167
401.784,9.803,6.497,2.439,22.242,3970.234,87.421
107.727,6.597,6.404,1.71,80.623,4224.436,88.417
263.687,3.554,7.457,3.348,16.842,4367.662,89.574
120.342,1.461,7.924,3.722,22.604,4541.789,90.63
379.847,9.639,6.587,2.767,41.262,3927.583,86.755
282.171,0.14,7.744,3.285,15.734,4566.353,90.548
427.988,6.814,8.25,3.023,12.168,4243.597,89.358
447.279,8.801,7.554,0.521,52.647,4234.333,89.457
324.367,0.252,7.939,4.288,95.402,4299.578,87.117
362.696,7.252,6.511,0.768,80.376,4169.567,88.067
274.61,9.988,6.187,2.347,18.534,4010.29,87.914
192.214,6.396,6.913,1,59.172,4357.116,89.898
324.059,4.147,7.773,3.48,79.563,4200.716,87.456
454.144,8.744,7.715,1.965,15.349,4180.04,89.27
208.34,5.542,8.388,0.82,9.11,4657.272,93.144
157.205,7.494,7.575,0.704,89.219,4355.324,89.909
194.218,5.878,7.028,1.567,25.259,4404.59,90.557
217.699,0.383,7.993,3.503,50.29,4520.439,89.816
36.781,2.131,6.383,3.732,21.666,4396.773,89.391
249.221,0.788,8.033,1.078,5.718,4820.034,93.379
247.157,1.067,6.915,1.126,51.808,4598.344,90.785
294.222,0.154,6.385,3.17,44.073,4378.591,88.391
181.41,4.212,6.405,4.808,72.922,4012.634,85.661
306.554,1.787,8.459,2.988,85.884,4432.718,89.004
439.108,8.557,7.558,3.703,15.021,4008.078,87.498
477.735,7.5,6.436,3.089,17.993,3984.756,86.918
291.806,5.732,6.671,0.972,95.075,4247.323,88.242
21.295,4.89,6.93,4.759,42.377,4177.199,87.815
484.618,2.559,6.14,0.824,95.318,4270.703,87.521
352.931,4.75,6.271,3.919,34.504,4052.212,86.602
167.982,6.412,7.904,4.907,35.422,4124.28,87.812
73.579,7.822,7.967,1.935,70.991,4333.283,89.97
71.709,0.817,8.471,1.272,10.6,4921.93,94.358
83.872,7.085,6.169,3.048,41.884,4132.185,88.028
22.786,7.427,8.223,4.078,38.668,4254.423,89.386
451.077,5.59,6.793,4.773,4.499,3988.018,86.512
270.384,2.143,6.82,3.622,31.949,4313.559,88.459
349.98,5.392,6.318,2.011,40.452,4205.191,88.265
414.054,5.027,8.466,2.725,6.741,4402.257,90.463
395.771,4.757,8.452,3.925,2.994,4310.979,89.507
441.303,4.606,8.162,4.046,60.387,4139.893,87.177
483.627,1.108,6.227,0.835,21.378,4499.216,90.111
219.535,1.829,8.104,3.262,36.895,4509.226,90.272
475.168,0.973,7.587,4.853,8.926,4269.235,87.895
361.645,2.425,6.322,4.034,10.989,4204.789,87.665
35.334,2.635,6.654,0.533,16.289,4730.16,92.929
340.892,2.451,7.723,1.512,3.951,4620.196,91.898
343.358,2.109,8.009,2.503,76.476,4420.511,89.073
452.93,7.354,8.12,3.678,90.709,3968.605,85.985
186.466,8.186,7.36,2.999,52.692,4128.197,88.211
292.456,3.271,7.337,0.848,81.827,4475.422,89.917
6.094,3.051,7.711,3.822,14.42,4504.381,90.815
166.038,8.44,7.944,4.274,45.478,4071.018,87.787
31.122,6.239,6.426,1.426,15.156,4442.22,91.142
260.936,2.934,7.85,0.803,99.533,4528.364,90.169
408.724,7.136,6.854,4.059,6.755,4004.813,87.121
103.221,3.446,6.959,3.382,44.955,4343.921,89.023
263.721,5.866,6.194,4.116,12.113,4058.488,87.223
102.004,9.926,7.471,3.05,7.798,4179.222,89.692
60.344,3.016,6.234,2.428,73.763,4352.018,88.687
255.498,9.305,8.283,4.834,8.933,4034.021,88.042
39.574,3.207,7.552,4.01,3.371,4467.404,90.602
293.677,5.403,8.476,2.354,95.015,4305.196,88.723
15.669,4.6,6.614,4.584,19.292,4226.62,88.453
53.357,7.832,7.699,4.971,84.599,3985.368,86.357
274.999,0.611,8.411,1.887,95.345,4593.665,90.166
295.704,6.271,6.746,4.516,75.445,3910.726,85.234
14.493,7.607,6.241,0.704,11.277,4443.517,91.604
286.688,4.721,7.585,1.465,17.877,4496.867,91.206
419.251,1.053,6.915,1.224,18.734,4569.374,90.822
361.158,2.448,6.683,2.105,65.74,4323.335,88.31
65.593,6.797,8.484,3.032,18.777,4435.03,91.202
296.237,8.954,7.885,3.74,3.968,4110.764,88.754
336.126,4.216,7.213,4.563,46.397,4093.425,86.735
18.616,5.604,6.125,1.213,59.319,4383.003,89.918
427.674,2.284,6.479,3.102,46.58,4216.486,87.384
453.134,4.122,6.747,2.996,49.425,4143.558,87.178
425.226,3.368,7.218,2.563,46.226,4292.027,88.468
412.316,6.555,7.243,3.626,27.278,4073.273,87.427
372.483,9.847,6.062,2.81,95.634,3755.313,84.551
316.716,8.133,8.358,2.976,83.97,4105.302,87.653
339.314,1.922,7.357,4.565,32.962,4247.539,87.722
403.198,5.777,6.049,4.371,4.928,3967.516,86.359
331.249,0.664,7.753,3.098,85.942,4394.82,88.288
163.863,2.469,6.178,1.203,74.481,4443.193,89.428
187.981,1.722,7.803,4.814,9.044,4400.691,89.433
448.529,3.355,7.754,3.302,70.103,4212.914,87.435
8.561,6.788,8.462,4.134,45.809,4297.562,89.554
349.41,4.994,6.855,0.748,13.905,4458.538,90.945
477.389,9.329,6.361,4.536,72.747,3631.868,83.39
353.114,2.127,6.23,3.621,36.214,4205.534,87.331
496.956,3.642,6.179,3.584,91.133,3946.641,84.648
343.772,3.299,8.026,0.996,5.246,4655.729,92.494
17.182,2.36,7.796,3.708,93.795,4394.685,88.717
413.505,9.932,8.44,0.845,9.71,4336.734,91.25
142.315,3.872,6.773,0.751,4.579,4628.247,92.398
223.029,9.405,8.008,1.964,58.598,4205.405,89.29
156.046,3.905,6.233,0.604,61.445,4466.677,90.224
134.277,2.041,8.26,1.218,20.567,4793.82,93.345
215.703,1.192,6.13,3.768,87.723,4193.3,86.413
189.376,8.556,7.97,4.257,80.401,3987.984,86.643
316.669,0.321,6.768,1.308,28.975,4613.72,90.944
406.576,9.644,6.453,4.205,44.864,3749.6,84.941
148.544,4.182,7.761,2.662,78.548,4369.426,89.163
106.861,2.474,8.24,4.811,83.503,4298.794,87.895
333.448,6.174,7.91,1.127,79.831,4343.234,89.486
335.16,1.329,6.783,0.741,27.524,4615.086,91.274
450.566,0.721,6.884,4.303,76.766,4143.218,85.881
7.973,8.278,6.473,2.129,63.628,4189.299,88.74
426.52,4.247,8.06,2.557,53.097,4318.499,88.928
260.501,5.183,6.268,2.803,96.395,4064.299,86.234
310.651,1.767,8.258,4.213,60.205,4340.395,88.332
45.686,0.614,7.503,0.842,87.005,4738.518,91.699
216.307,3.678,7.472,2.98,75.481,4306.203,88.411
113.651,5.061,8.095,2.438,5.463,4544.874,91.913
127.113,7.654,7.669,2.031,27.426,4362.633,90.648
252.048,5.011,6.761,2.067,61.307,4270.237,88.592
406.228,7.825,6.874,4.687,44.391,3835.575,85.259
371.89,1.154,6.433,1.707,95.594,4337.764,87.768
295.5,0.64,7.16,2.546,58.778,4464.149,89.246
269.709,1.589,6.275,2.718,92.979,4255.534,87.102
213.653,7.72,7.633,3.739,21.383,4153.722,88.639
486.355,7.593,6.423,2.835,89.878,3856.164,84.941
280.096,1.414,8.16,3.296,54.177,4467.342,89.556
126.983,0.31,7.751,2.295,22.193,4722.269,92.094
115.045,6.853,8.229,3.734,39.633,4270.071,89.36
305.677,8.553,6.218,2.596,96.914,3887.817,85.475
261.414,7.541,7.996,1.502,95.988,4249.669,88.799
3.849,2.028,8.202,4.176,3.176,4592.907,91.506
415.033,5.838,6.111,3.945,31.434,3954.422,85.981
352.061,7.574,8.498,3.324,90.034,4082.617,87.198
330.915,2.558,6.752,2.849,4.219,4388.474,89.61
34.39,5.277,6.529,1.438,95.737,4336.578,88.992
181.028,3.145,7.037,4.408,39.41,4236.402,87.913
467.691,2.256,6.022,0.937,12.366,4437.057,89.924
431.295,9.696,8.215,2.224,30.813,4136.976,88.97
142.771,9.126,6.671,4.337,81.008,3843.777,85.365
78.529,4.457,7.304,3.18,99.846,4250.603,87.845
224.544,1.368,7.559,2.474,14.247,4599.356,91.261
177.915,7.279,7.978,4.061,64.119,4110.512,87.648
341.113,2.557,6.626,4.953,92.606,3983.652,84.678
483.217,1.685,7.793,1.35,90.071,4438.31,88.988
181.501,3.815,6.294,0.728,38.952,4497.166,90.727
31.112,5.298,7.761,2.583,86.712,4363.81,89.361
448.807,0.974,8.298,1.793,19.967,4637.438,91.467
18.975,5.717,6.213,3.5,63.58,4148.698,87.566
476.383,0.153,6.292,2.724,60.202,4290.49,87.349
332.29,8.919,7.393,2.746,78.506,3995.665,86.847
470.845,9.207,6.116,2.097,23.671,3958.724,87.113
99.83,7.331,6.468,1.448,63.256,4259.082,89.157
20.35,4.665,6.475,1.461,61.432,4435.18,90.137
244.105,2.549,7.203,2.241,9.338,4527.998,90.951
225.312,7.441,6.621,3.568,33.729,4053.127,87.426
165.746,9.318,7.189,2.017,21.536,4225.319,89.833
478.828,1.585,7.303,1.967,99.96,4314.986,87.626
411.292,4.658,7.827,2.413,99.069,4204.715,87.454
330.791,3.153,8.365,4.959,25.991,4265.602,88.342
81.429,3.567,7.259,0.911,81.044,4553.708,90.797
367.162,4.058,6.888,1.826,81.83,4256.038,87.959
363.506,9.518,6.647,1.814,93.654,3938.315,86.302
212.534,2.586,7.587,4.885,13.788,4306.977,88.708
462.393,4.927,8.357,2.332,67.092,4290.781,88.715
83.489,9.515,7.912,3.051,21.383,4225.773,89.898
133.669,4.761,6.515,1.392,66.108,4375.287,89.52
31.612,8.636,8.233,0.557,87.346,4445.31,91.17
397.725,0.588,7.839,2.027,9.043,4634.876,91.435
310.88,9.53,6.32,3.376,64.062,3834.341,85.562
157.47,1.875,7.782,3.612,54.223,4436.061,89.381
81.907,9.799,6.723,3.892,18.384,4015.406,87.91
20.074,1.756,7.228,4.373,24.518,4438.689,89.668
83.373,4.444,6.751,1.02,52.53,4504.099,90.849
226.642,3.086,6.21,0.873,86.189,4393.752,89.001
123.588,4.332,7.921,4.045,67.843,4273.592,88.357
129.491,2.505,8.072,2.461,3.717,4663.64,92.351
437.788,9.653,6.58,4.762,13.493,3753.253,85.294
257.569,3.057,6.599,4.746,88.384,4026.927,85.303
364.626,6.533,7.075,1.137,65.611,4253.574,88.839
17.855,1.374,8.029,3.611,2.788,4658.588,91.97
182.582,8.244,6.193,0.802,60.018,4215.597,89.029
239.585,5.425,8.022,2.315,17.689,4444.219,90.893
93.208,9.794,8.307,4.288,92.073,3981.438,86.832
60.096,4.234,7.404,2.574,13.12,4514.956,91.289
435.152,1.954,6.151,0.651,8.621,4517.431,90.674
469.716,3.46,6.674,1.581,64.836,4271.701,88.107
39.403,7.37,6.278,0.889,79.482,4291.832,89.334
174.509,6.591,6.648,2.337,28.107,4258.093,89.277
479.143,7.783,8.029,3.635,30.833,4049.02,87.517
41.581,0.735,6.139,3.472,36.322,4436.586,89.223
321.821,5.804,6.71,3.735,76.815,3992.708,85.9
486.111,9.322,7.292,2.227,26.937,4043.507,87.962
489.112,1.079,8.185,1.694,9.727,4631.174,91.538
235.612,0.943,6.625,0.756,31.608,4658.687,91.554
81.375,7.166,7.946,4.737,96.637,4028.609,86.47
101.042,3.152,7.459,1.032,44.019,4646.515,91.971
444.801,6.586,7.691,1.302,56.438,4274.317,89.155
455.842,5.454,8.154,0.613,76.468,4400.643,89.878
303.94,9.861,6.066,1.927,56.294,3956.286,86.958
383.088,8.891,7.324,4.185,66.028,3845.824,85.465
369.966,6.781,7.868,1.995,88.155,4186.964,88.022
330.911,2.617,8.212,3.497,37.923,4399.319,89.399
413.638,2.619,6.332,4.845,12.036,4086.832,86.534
342.703,8.822,6.854,4.516,10.352,3900.547,86.549
267.001,5.853,6.196,1.31,78.482,4205.516,88.026
118.478,7.893,8.087,2.116,65.837,4311.536,89.825
371.944,4.499,8.143,3.88,57.081,4201.262,87.791
236.719,1.031,7.209,4.899,93.07,4174.914,86.128
147.396,3.327,6.052,3.722,63.058,4166.872,87.036
400.973,1.611,6.255,1.635,5.72,4469.552,90.122
348.357,7.818,7.561,1.098,47.397,4286.431,89.736
468.67,7.005,8.457,2.728,22.274,4243.694,89.316
82.721,0.884,8.097,1.368,62.509,4762.304,92.263
324.595,6.214,7.995,1.524,19.582,4434.901,91.017
122.12,8.741,7.045,3.355,64.854,4041.163,87.385
451.791,6.974,8.463,2.817,88.45,4113.15,87.339
49.75,5.111,8.062,1.043,8.64,4704.221,93.489
328.081,3.119,6.839,1.192,26.639,4491.509,90.584
395.543,8.871,7.871,0.587,67.676,4251.706,89.502
177.459,4.228,7.081,1.488,71.41,4416.331,89.718
477.069,8.554,7.651,4.493,59.093,3831.406,85.289
425.365,7.83,8.425,4.069,14.77,4101.925,88.221
147.309,8.162,6.616,2.367,25.021,4193.151,89.13
3.771,9.898,7.988,3.839,90.828,4036.441,87.426
148.329,7.488,7.476,2.331,82.104,4201.706,88.442
140.655,0.34,8.375,4.064,95.052,4453.593,88.688
444.982,2.054,6.336,1.319,41.498,4393.535,89.137
483.561,0.352,7.799,1.186,44.516,4612.884,90.789
35.22,1.899,6.093,0.851,26.628,4658.393,91.887
235.647,0.614,6.616,1.588,52.929,4548.425,90.139
274.166,5.016,6.802,1.158,83.155,4310.169,88.775
46.456,0.282,7.081,4.094,25.52,4510.303,89.932
188.749,4.726,8.413,1.58,14.923,4622.828,92.497
158.541,8.988,6.169,2.823,75.303,3955.311,86.497
268.028,7.486,6.422,3.903,69.646,3904.362,85.593
330.595,9.44,6.508,3.547,83.093,3792.617,84.927
351.743,2.266,7.06,1.421,75.402,4423.935,89.165
68.378,5.311,6.152,0.847,42.51,4445.74,90.626
406.474,3.186,8.414,4.603,16.523,4285.49,88.645
339.271,4.938,7.4,3.299,71.738,4150.045,87.265
444.537,5.571,8.033,3.68,87.962,4058.638,86.378
224.668,0.362,7.931,2.237,16.128,4706.735,92.015
446.945,2.333,7.652,1.587,52.348,4461.687,89.793
432.887,7.048,8.261,2.888,33.557,4201.381,88.793
219.205,7.729,8.256,0.85,52.427,4439.629,91.191
190.572,5.695,6.319,4.1,4.101,4133.739,88.005
466.406,2.708,8.255,3.445,35.999,4340.34,88.856
357.582,4.051,7.31,3.927,48.938,4159.027,87.316
464.123,0.96,6.67,3.062,15.936,4348.898,88.618
398.487,9.532,7.521,3.101,41.341,3983.55,87.282
304.649,8.687,6.702,3.202,18.426,4026.541,87.687
57.926,0.656,7.198,4.029,22.35,4510.416,90.077
145.74,1.665,8.041,1.514,97.789,4600.993,90.532
484.421,5.811,6.08,3.567,60.579,3897.444,85.112
159.711,2.324,6.458,2.987,39.552,4371.88,89.021
46.627,9.344,8.391,2.728,52.606,4270.62,89.983
353.777,7.556,7.113,2.934,38.924,4085.336,87.731
367.002,2.733,6.758,1.725,60.582,4362.03,88.834
142.729,0.061,8.308,0.667,1.047,4987.624,94.884
148.836,7.994,8.278,3.916,24.376,4213.286,89.287
234.446,4.241,6.111,4.623,98.903,3921.708,84.5
10.894,6.424,6.906,2.663,12.122,4373.396,90.54
394.662,2.87,8.282,4.271,8.814,4342.703,89.2
158.544,1.429,6.449,2.999,49.823,4394.722,88.878
426.882,6.753,7.446,4.686,29.792,3965.236,86.38
401.315,4.503,6.802,2.788,53.845,4167.897,87.491
330.701,2.352,7.841,1.422,96.112,4466.799,89.412
162.437,1.376,6.396,4.416,13.491,4321,88.488
258.158,5.805,7.49,4.101,44.558,4130.457,87.6
222.415,7.255,6,2.291,76.122,4044.67,86.862
169.441,2.839,6.631,4.289,16.913,4273.79,88.42
424.068,7.351,6.405,0.541,71.498,4163.867,88.129
241.754,1.831,6.525,4.099,40.62,4248.894,87.632
416.362,3.384,8.151,3.596,62.46,4253.18,87.922
52.609,7.449,8.287,2.209,53.036,4403.027,90.735
70.512,6.601,7.888,4.062,45.605,4226.006,88.784
488.66,2.705,7.475,1.07,48.424,4464.088,89.968
293.884,1.221,6.577,1.415,15.577,4577.056,90.981
254.885,0.425,6.687,2.901,43.984,4441.922,89.107
261.578,8.379,6.775,4.465,75.554,3830.156,85.06
107.634,0.751,7.943,1.085,89.769,4714.779,91.476
359.352,1.148,6.632,3.039,63.042,4296.118,87.675
42.39,2.377,8.433,3.889,82.903,4448.581,89.37
286.662,4.457,7.991,3.845,51.248,4245.944,88.284
285.384,7.898,8.499,3.326,22.4,4234.961,89.495
457.094,2.475,7.148,4.734,72.671,4043.751,85.453
263.091,5.435,7.473,2.67,70.483,4236.104,88.287
68.531,0.904,6.701,4.461,1.72,4441.099,89.665
286.377,4.645,7.509,3.288,48.47,4249.74,88.406
45.664,1.776,8.435,3.819,93.737,4462.489,89.22
101.897,2.112,6.076,2.592,98.451,4294.973,87.599
15.554,3.668,6.723,1.254,46.235,4563.232,91.27
256.647,7.613,6.703,0.991,72.457,4217.319,88.733
42.266,7.44,8.456,3.57,2.747,4389.924,91.104
234.697,4.15,6.332,2.194,27.54,4333.832,89.308
466.473,1.187,8.031,3.054,72.455,4360.241,88.234
359.881,2.807,6.686,3.857,65.647,4131.337,86.499
38.706,5.054,8.152,4.039,66.396,4306.411,88.916
112.105,8.694,7.219,2.793,69.953,4111.926,88.028
336.831,9.683,6.606,1.915,43.505,4029.486,87.765
447.351,6.375,7.774,3.991,93.851,3948.173,85.456
16.459,3.507,8.104,2.369,37.248,4615.42,91.834
406.226,6.935,7.175,4.715,90.307,3815.553,84.333
280.907,3.362,7.785,4.211,6.969,4334.933,89.288
273.046,6.255,6.454,3.861,85.07,3939.884,85.425
478.907,2.438,8.344,1.586,31.025,4552.456,90.946
373.822,2.67,6.241,2.132,66.316,4257.831,87.716
425.059,0.752,6.555,4.32,6.443,4260.418,87.765
176.998,4.201,6.721,0.604,8.925,4595.258,92.124
277.182,6.182,6.382,4.017,6.642,4075.565,87.544
307.703,7.888,7.017,2.319,49.005,4123.543,88.112
160.792,8.103,7.144,4.097,42.203,4034.751,87.357
285.124,9.924,7.296,2.986,32.596,4027.094,87.922
118.328,0.878,6.102,2.871,45.15,4429.796,89.11
71.688,4.931,6.548,3.657,32.044,4242.559,88.585
186.985,5.214,8.019,4.129,87.277,4160.357,87.295
369.645,8.045,8.027,3.621,56.718,4040.072,87.247
458.094,2.664,6.825,2.528,31.712,4304.03,88.522
228.857,0.694,7.153,1.944,46.014,4579.775,90.546
321.412,3.138,6.459,4.305,86.848,4024.048,85.313
51.519,9.839,8.055,2.843,41.503,4220.456,89.741
452.232,8.994,8.392,4.026,43.29,3974.197,87.007
284.302,3.952,6.728,4.981,34.432,4066.127,86.503
390.169,8.763,7.955,3.397,26.786,4068.942,88.05
397.221,0.328,6.881,1.753,47.704,4502.447,89.646
128.24,3.142,6.007,4.395,73.922,4092.091,86.124
264.587,7.268,7.499,1.732,37.43,4306.22,89.868
480.24,2.215,7.026,1.672,23.452,4437.67,89.807
44.817,1.984,7.896,0.833,66.34,4752.053,92.452
341.525,8.618,7.872,0.854,81.047,4238.077,89.156
481.132,6.16,8.365,4.38,3.159,4143.602,88.252
150.289,9.89,7.095,1.538,63.609,4158.752,88.918
430.724,1.347,7.206,0.989,90.192,4458.638,89.088
466.829,3.561,7.001,2.087,9.752,4360.453,89.575
373.543,3.112,6.742,3.711,90.027,4080.709,85.84
115.664,8.801,7.595,2.028,12.658,4333.412,90.848
167,2.553,8.07,1.892,99.686,4507.312,89.842
17.905,3.535,6.395,2.696,51.664,4380.813,89.352
415.727,1.428,8.455,0.595,73.268,4660.104,91.297
424.806,7.754,7.71,2.71,7.215,4185.435,89.108
316.355,2.377,7.95,4.955,11.145,4300.2,88.604
176.264,0.683,8.497,4.097,96.367,4424.981,88.491
38.406,4.351,7.26,0.817,98.865,4509.799,90.415
376.529,3.915,6.178,3.447,28.437,4132.286,87.213
363.263,1.776,7.976,2.575,34.85,4499.936,90.184
456.301,1.336,8.177,4.218,1.988,4396.955,89.35
365.266,8.966,6.406,0.943,95.646,4024.06,86.974
414.347,0.678,6.06,1.547,91.847,4326.517,87.55
372.977,0.993,6.34,4.06,12.479,4266.839,87.842
315.344,2.45,6.81,4.321,37.141,4194.374,87.307
213.483,9.528,8.311,2.882,96.699,4066.319,87.555
451.059,0.854,6.006,0.589,13.453,4546.626,90.588
325.484,8.16,8.009,4.522,87.499,3903.029,85.603
199.178,8.921,8.137,2.222,20.968,4303.919,90.506
41.735,3.779,8.028,0.679,7.765,4809.577,94.152
145.352,2.939,6.206,4.185,15.076,4252.313,88.254
271.863,6.774,7.698,2.381,71.277,4214.492,88.464
137.818,7.026,8.385,1.355,14.593,4553.568,92.498
110.618,7.8,6.301,4.107,1.37,4071.343,88.04
263.697,8.306,6.079,2.56,77.794,3949.229,86.206
84.91,2.684,8.184,3.235,65.895,4486.458,90.011
400.205,6.87,7.612,4.204,87.937,3921.37,85.395
242.184,1.349,7.616,2.851,58.191,4471.593,89.539
286.931,5.107,8.411,0.997,5.512,4631.538,92.792
73.692,6.129,7.924,4.837,3.137,4259.186,89.399
162.288,1.617,6.994,1.789,78.745,4500.917,89.707
205.045,0.765,7.09,4.974,89.103,4192.567,86.264
404.106,1.947,6.362,0.527,80.229,4423.579,89.018
385.08,4.206,6.76,2.677,38.03,4229.414,88.176
111.489,8.878,7.114,3.672,66.545,4011.376,87.112
308.09,5.319,6.653,4.578,8.702,4070.03,87.209
121.728,7.485,8.29,4.012,72.105,4148.495,88.009
494.124,1.741,6.03,1.65,25.709,4352.365,88.789
476.062,1.06,7.468,1.595,93.496,4409.256,88.476
281.632,2.396,7.929,2.105,34.433,4552.947,90.904
349.451,3.139,7.83,0.997,34.59,4582.439,91.42
400.715,5.481,7.609,3.513,29.346,4176.524,88.116
360.499,8.812,7.026,4.736,63.718,3780.711,84.814
349.914,4.261,8.296,3.389,10.59,4381.488,89.987
479.277,5.188,6.822,2.9,6.296,4180.588,88.299
298.228,0.046,7.875,2.765,69.916,4519.773,89.512
318.151,0.333,8.317,3.167,94.615,4450.024,88.654
424.634,0.838,6.321,3.698,74.629,4158.861,86.094
334.945,6.99,8.368,4.077,25.736,4160.579,88.445
366.466,4.862,7.94,3.642,36.853,4229.728,88.387
117.084,1.93,7.541,3.673,21.134,4489.592,90.263
185.633,5.926,6.933,4.783,68.725,3988.502,85.976
73.651,5.446,8.261,4.547,24.497,4313.236,89.521
252.883,0.888,6.11,4.208,57.559,4204.287,86.734
227.864,6.404,7.08,0.695,84.107,4336.092,89.441
498.581,7.672,7.892,3.51,52.125,4001.051,86.791
305.604,2.866,8.028,2.547,59.755,4432.454,89.587
393.222,6.875,6.506,3.279,96.845,3888.604,84.98
167.007,1.997,6.119,3.588,32.601,4304.509,88.318
415.773,7.567,8.007,3.716,79.945,3982.979,86.301
307.542,9.118,7.055,4.412,68.994,3816.585,85.211
348.496,4.419,6.359,4.595,12.203,4056.796,86.772
147.215,2.446,6.214,3.231,98.986,4204.429,86.788
274.319,3.992,7.602,4.524,69.268,4132.501,86.83
317.018,2.501,7.457,3.941,2.38,4363.317,89.36
294.547,0.012,8.135,1.412,72.513,4679.353,91.072
457.597,6.505,6.079,0.659,14.255,4259.464,89.403
449.136,0.425,8.171,0.544,30.038,4756.75,92.395
485.492,2.104,8.218,3.14,35.489,4388.911,89.165
333.714,7.224,7.116,2.847,31.667,4135.442,88.205
485.957,6.657,6.192,3.634,74.7,3830.559,84.556
416.239,0.733,8.367,4.293,75.573,4311.483,87.579
135.416,6.601,6.18,1.24,53.318,4289.636,89.343
213.718,9.306,7.477,4.354,57.135,3925.858,86.479
119.196,0.745,7.233,0.941,32.047,4768.208,92.585
2.099,4.157,8.088,4.475,3.297,4445.824,90.672
94.024,7.294,7.257,4.327,35.82,4109.563,87.926
2.03,6.677,7.173,3.636,1.933,4314.908,90.133
359.919,2.265,8.202,1.85,86.614,4468.706,89.5
212.767,1.631,8.41,0.92,64.437,4732.176,92.167
156.287,7.842,7.373,4.001,97.948,3971.015,86.083
380.86,9.562,7.137,1.48,19.109,4158.865,89.266
416.243,7.676,8.078,2.484,66.125,4135.189,87.993
487.65,9.632,8.078,2.889,19.604,4054.251,88.236
321.007,6.05,6.798,3.584,64.259,4029.877,86.471
230.764,9.291,7.441,2.693,49.686,4095.404,88.244
152.632,6.904,6.385,3.625,66.803,4020.849,86.612
111.159,9.089,7.589,4.163,72.807,3986.933,86.868
106.463,1.616,8.085,3.709,52.76,4498.073,89.938
204.595,8.156,6.469,1.848,49.882,4152.26,88.47
495.893,1.967,6.808,4.524,7.901,4166.212,87.173
0.427,0.274,7.122,2.978,37.011,4626.527,90.977
98.603,5.176,8.113,2.594,30.894,4481.969,91.064
94.196,3.183,7.828,3.088,62.932,4441.982,89.745
358.56,0.435,6.792,2.674,28.321,4454.081,89.388
176.242,9.803,6.608,3.898,24.004,3944.677,87.148
228.63,6.665,7.739,2.393,85.019,4217.04,88.32
74.312,9.018,7.2,3.995,83.017,3966.351,86.539
202.499,9.991,7.484,3.921,33.526,3988.476,87.547
51.6,3.92,7.622,1.746,9.486,4646.827,92.549
266.522,2.547,7.397,0.932,50.261,4585.346,91.115
48.969,1.839,7.533,4.329,45.674,4412.562,89.221
395.254,5.152,8.219,1.26,87.114,4366.413,89.339
283.301,6.061,8.17,0.64,55.147,4498.033,91.247
361.984,4.724,6.373,2.31,94.334,4100.34,86.477
209.258,3.873,7.466,1.644,48.851,4486.299,90.536
190.746,1.683,7.098,1.492,67.062,4547.03,90.305
49.104,4.419,6.714,1.275,48.491,4501.375,90.854
261.928,0.852,7.578,3.871,32.79,4431.482,89.243
257.251,8.65,7.277,4.025,3.718,4056.595,88.124
234.051,0.469,7.937,0.709,79.54,4723.295,91.578
370.259,3.806,6.234,2.961,90.411,4071.018,85.948
416.252,1.001,6.757,1.108,73.626,4459.409,89.158
375.395,7.75,6.064,2.748,27.964,4000.531,87.051
71.933,3.127,7.865,2.066,81.878,4523.83,90.358
311.03,1.131,8.281,1.408,61.673,4651.883,91.241
40.162,5.315,7.468,4.766,68.611,4147.169,87.38
347.311,9.163,7.542,4.805,7.561,3926.794,86.941
190.92,9.086,6.116,3.038,58.602,3940.834,86.548
66.249,2.497,7.259,1.346,56.554,4620.265,91.386
431.025,7.197,7.317,3.125,66.505,4010.896,86.603
307.004,0.303,6.097,4.678,77.392,4118.492,85.502
177.362,1.319,7.956,2.2,41.059,4638.88,91.374
15.364,4.995,6.696,1.12,16.342,4567.496,92.01
268.655,2.288,7.809,3.622,92.463,4285.069,87.612
461.613,7.983,7.007,3.453,77.88,3869.712,85.313
298.19,9.311,8.489,0.506,54.497,4374.663,90.995
485.825,0.043,6.531,4.341,36.098,4201.653,86.669
68.226,2.329,6.146,3.473,98.413,4219.826,86.913
284.153,4.396,8.45,1.381,10.252,4624.555,92.462
399.063,5.631,6.61,0.515,93.527,4241.378,88.168
262.77,9.159,7.588,4.875,41.011,3899.94,86.337
45.533,8.919,6.936,3.896,10.586,4114.157,88.711
291.443,6.372,7.599,2.143,38.538,4304.251,89.569
305.869,2.574,7.49,2.448,75.216,4372.2,88.742
364.355,7.833,7.768,2.925,43.053,4124.405,88.163
380.606,2.027,6.046,3.734,49.811,4139.978,86.51
385.386,9.652,8.09,1.278,82.522,4140.905,88.479
331.722,0.058,7.197,1.381,61.937,4588.934,90.287
107.906,5.698,7.297,0.717,67.14,4484.874,90.887
202.118,0.884,7.028,4.936,16.248,4331.396,88.417
388.065,4.076,8.473,4.44,25.993,4253.52,88.498
476.713,6.349,8.004,2.988,41.714,4162.309,88.111
39.473,6.896,6.778,2.436,11.873,4345.943,90.409
267.768,7.856,7.958,1.568,28.632,4354.987,90.62
156.261,5.933,7.092,3.177,83.516,4149.681,87.442
112.697,2.513,8.175,3.607,3.192,4568.382,91.406
252.905,8.893,6.077,3.601,6.042,3964.416,87.251
303.045,8.111,6.889,0.529,69.018,4240.844,89.152
4.886,1.601,7.075,3.659,39.228,4480.612,89.894
390.103,8.265,7.861,4.399,77.53,3882.828,85.533
409.941,9.726,6.456,1.017,93.252,3966.065,86.646
482.755,6.372,6.716,3.899,27.406,3966.851,86.306
90.322,2.818,7.81,4.205,4.662,4465.126,90.45
297.276,6.066,6.192,1.743,46.136,4200.727,88.366
213.313,3.425,6.503,3.704,96.458,4108.993,86.153
167.414,6.759,7.883,0.935,54.997,4463.127,91.109
282.817,5.448,8.189,3.421,38.367,4286.194,89.113
391.192,9.295,7.822,2.796,55.648,4030.921,87.541
11.526,6.179,7.318,4.324,17.371,4249.891,89.179
484.7,2.14,6.248,2.534,75.383,4171.273,86.601
404.941,7.251,8.068,2.426,68.365,4162.408,88.116
375.577,3.009,6.31,4.702,72.688,3977.203,84.948
380.194,2.724,6.963,4.704,30.927,4137.703,86.885
194.53,3.918,6.126,0.661,81.538,4390.325,89.263
375.81,0.12,7.774,2.685,89.406,4436.199,88.504
193.385,9.691,7.259,1.224,95.598,4130.985,88.261
449.353,5.323,8.269,1.732,64.216,4334.459,89.299
88.611,7.735,6.347,3.498,35.469,4082.931,87.795
146.174,2.579,8.048,1.082,39.363,4715.873,92.539
275.669,7.466,7.277,0.551,56.997,4347.457,90.144
159.606,5.672,6.915,3.772,57.971,4134.988,87.472
212.119,4.241,7.609,3.386,79.448,4245.259,87.931
246.211,9.707,7.976,4.562,9.408,4014.149,87.959
428.177,4.938,7.101,2.94,57.093,4140.836,87.319
261.596,6.575,6.582,4.754,35.508,3952.26,86.14
181.23,0.153,8.289,3.242,83.561,4539.349,89.604
123.868,3.015,6.782,2.242,35.855,4469.661,90.242
204.338,8.887,8.496,3.238,47.315,4184.607,89.039
257.868,7.59,7.918,3.871,23.538,4149.211,88.534
373.057,5.368,7.72,2.064,30.277,4350.101,89.808
60.524,9.002,6.031,2.176,56.005,4093.111,88.072
110.805,4.862,7.121,3.335,43.165,4293.819,88.965
189.827,5.665,7.256,2.55,20.949,4350.534,89.995
180.199,3.822,6.941,2.871,47.914,4329.953,88.967
195.874,6.2,6.375,4.919,17.369,4002.862,86.715
396.761,3.19,6.919,0.697,88.291,4387.7,88.951
162.077,3.855,6.187,3.416,92.496,4118.412,86.416
250.949,9.663,6.727,4.653,23.417,3851.961,86.184
311.954,1.113,6.209,1.563,6.179,4540.635,90.678
116.089,1.053,7.881,1.454,92.776,4646.469,90.853
359.348,0.433,7.678,2.133,31.884,4589.341,90.705
273.556,3.2,8.35,0.833,19.608,4715.632,92.92
223.391,3.982,6.95,3.021,92.012,4198.019,87.255
404.892,0.945,7.966,3.405,88.38,4329.629,87.696
121.748,5.491,7.469,4.189,6.263,4279.987,89.385
441.588,5.833,7.615,0.798,21.557,4426.187,90.796
280.524,7.51,7.369,2.463,81.444,4111.918,87.558
304.587,9.76,7.948,4.029,27.453,3996.714,87.621
437.529,6.194,6.105,3.957,67.176,3851.97,84.706
408.791,1.117,6.201,0.831,4.965,4566.834,90.954
300.781,0.885,6.24,0.551,84.322,4505.556,89.478
376.594,7.775,6.722,4.025,42.8,3907.004,85.975
216.66,6.503,7.478,1.121,47.536,4407.123,90.547
273.689,1.619,7.614,3.1,81.018,4371.561,88.391
31.035,2.534,7.782,0.924,45.963,4751.616,92.817
44.929,7.502,6.702,1.83,11.308,4367.011,90.808
414.713,5.662,7.626,1.211,50.932,4349.139,89.681
29.836,5.85,6.294,3.814,46.218,4148.19,87.775
84.7,2.1,6.025,3.527,45.553,4311.309,88.288
397.916,6.291,7.737,1.109,20.082,4409.131,90.778
0.573,7.706,7.789,0.767,17.235,4582.134,92.961
141.202,8.853,7.555,2.599,78.009,4126.439,88.14
292.019,7.367,6.647,1.38,62.298,4187.756,88.465
297.725,5.764,8.319,0.537,1.629,4637.895,93.092
388.576,6.733,8.189,1.689,83.694,4251.69,88.7
252.963,4.851,7.289,1.469,13.017,4486.955,91.195
254.701,2.269,8.473,3.582,74.03,4400.193,88.942
362.655,8.822,6.747,4.374,10.51,3893.815,86.48
249.312,5.326,7.228,1.569,97.166,4280.546,88.432
304.246,5.943,8.32,1.504,90.151,4352.026,89.402
448.887,9.901,7.155,2.245,19.119,4033.3,88.112
200.726,9.85,7.178,1.277,1.834,4293.562,90.872
192.563,5.863,6.198,4.761,6.906,4040.534,87.095
1.774,0.34,6.528,1.596,81.065,4613.253,90.424
306.713,3.961,6.395,0.92,8.601,4478.835,90.891
14.886,9.373,7.413,3.006,78.036,4108.554,88.117
252.074,2.883,6.796,2.919,82.16,4253.183,87.575
402.117,9.993,6.193,3.344,31.384,3821.435,85.898
274.961,0.843,7.275,4.85,73.777,4215.284,86.668
134.818,5.681,7.673,1.956,82.21,4355.849,89.441
393.084,5.154,7.841,2.118,78.282,4261.494,88.378
134.859,2.554,8.094,2.017,19.965,4672.676,92.293
366.516,9.486,7.205,3.329,45.48,3939.085,86.782
305.129,6.192,6.977,3.218,7.756,4198.159,88.762
84.998,2.302,7.71,2.88,53.007,4519.44,90.355
452.567,3.84,6.033,2.139,44.79,4181.507,87.519
100.322,7.212,7.584,2.424,90.359,4224.445,88.505
494.794,2.977,7.014,4.066,2.79,4192.966,87.795
3.655,8.796,7.132,3.242,53.494,4140.439,88.508
131.742,1.657,6.741,3.723,73.498,4306.024,87.822
99.93,2.645,6.318,1.745,46.931,4481.21,90.136
6.997,1.449,7.004,4.602,24.571,4415.096,89.34
366.184,1.042,6.771,0.658,61.375,4553.297,90.232
346.713,3.003,8.4,3.181,98.723,4301.005,87.924
396.175,9.992,8.359,4.156,5.059,4012.532,88.072
128.349,0.943,7.61,4.398,20.408,4468.995,89.769
222.168,2.13,8.259,1.938,49.57,4615.402,91.297
329.557,2.716,7.878,2.569,60.162,4410.019,89.313
219.884,6.191,6.865,0.657,62.791,4375.684,89.986
348.663,7.453,7.51,4.054,6.961,4084.655,88.013
316.987,7.519,6.551,1.061,13.169,4288.225,90.006
57.324,0.086,7.718,2.426,94.523,4607.139,90.152
390.522,6.519,6.112,4.959,8.459,3877.233,85.643
360.338,6.307,8.078,4.63,42.492,4064.332,87.111
327.917,5.177,7.458,1.985,58.148,4308.215,89.054
77.547,3.792,6.146,1.507,32.102,4471.282,90.529
133.998,7.974,8.179,1.633,26.312,4436.333,91.493
196.589,3.439,8.194,3.582,29.731,4431.576,90.05
139.965,2.3,8.132,3.766,28.978,4493.65,90.337
113.905,3.101,7.936,1.474,38.56,4657.033,92.115
402.679,4.396,7.695,1.58,12.492,4465.339,90.847
319.116,2.141,6.992,1.955,85.5,4366.116,88.448
282.736,6.076,6.341,2.449,76.181,4091.639,86.977
112.976,8.842,6.722,4.629,4.376,4001.987,87.629
459.038,5.955,6.868,0.619,76.365,4244.862,88.471
95.592,4.467,6.895,3.372,82.977,4215.246,87.663
397.475,7.969,7.414,4.378,92.28,3821.876,84.687
483.336,7.48,6.521,3.755,61.682,3837.531,85.003
363.546,3.671,6.474,1.475,85.431,4263.717,87.884
496.429,6.042,7.792,2.645,76.151,4112.111,87.172
325.526,7.298,6.019,4.596,3.516,3907.533,86.23
108.73,2.455,6.374,1.021,81.291,4495.627,89.88
101.91,3.663,7.087,4.944,58.521,4163.226,87.146
162.282,1.058,6.373,1.146,65.405,4557.801,90.241
3.565,9.877,8.4,1.141,88.608,4353.026,90.607
340.849,0.859,7.675,4.158,2.032,4434.312,89.58
134.334,1.686,7.082,4.228,11.681,4410.604,89.495
407.592,4.798,6.281,0.671,57.806,4301.677,88.878
179.586,8.653,6.963,1.257,41.555,4265.021,89.83
239.978,3.559,7.627,4.768,42.386,4203.111,87.675
482.844,7.686,8.422,1.757,31.908,4276.961,89.756
121.086,6.76,7.182,0.555,82.036,4400.033,90.208
360.627,6.387,7.731,1.643,11.252,4386.634,90.67
377.559,8.45,6.488,3.809,53.764,3849.079,85.488
110.499,0.142,7.559,4.624,46.364,4438.442,88.963
250.498,9.292,6.598,1.198,55.58,4138.958,88.621
175.101,8.292,6.495,1.51,6.005,4284.373,90.271
385.953,9.379,7.273,2.487,67.702,3981.301,86.95
311.242,7.936,6.529,3.867,2.339,4009.088,87.448
237.992,8.786,7.803,3.464,53.255,4069.116,87.794
389.682,2.031,8.343,1.974,27.286,4585.993,91.196
117.578,3.192,6.984,0.799,31.992,4636.155,91.999
376.811,3.152,6.806,1.638,74.102,4322.563,88.43
432.687,1.092,6.44,1.488,98.603,4327.035,87.612
439.311,7.296,6.976,0.595,48.06,4257.561,89.284
391.837,1.362,7.399,4.888,67.282,4152.573,86.261
204.007,0.525,6.932,1.649,25.597,4648.872,91.39
490.904,7.754,7.558,4.264,55.847,3884.46,85.612
189.797,9.047,7.656,2.682,10.899,4228.39,89.889
319.313,7.641,6.245,4.875,85.173,3724.862,83.689
80.537,8.254,7.744,1.173,46.116,4411.969,91.135
490.224,5.956,8.251,0.998,36.785,4408.783,90.507
351.993,8.877,6.066,0.511,51.826,4131.933,88.464
376.689,4.967,7.378,3.733,91.382,4045.077,86.027
32.888,9.883,7.51,1.879,77.869,4196.756,89.154
381.709,1.034,7.775,4.417,16.12,4360.993,88.759
387.362,8.092,6.964,3.352,77.032,3908.895,85.746
335.886,6.414,8.047,3.098,39.893,4226.409,88.789
145.955,5.806,7.35,2.691,40.106,4322.36,89.564
244.845,7.258,7.022,1.662,76.023,4198.682,88.404
55.217,8.403,7.798,0.791,46.508,4459.933,91.655
235.794,8.629,8.318,2.496,8.175,4316.55,90.672
121.912,1.754,8.03,0.946,25.43,4808.89,93.361
174.548,1.97,8.327,4.576,89.567,4310.16,87.797
81.3,0.162,6.665,4.232,59.603,4375.346,88.206
115.027,1.318,6.296,3.289,86.359,4304.582,87.578
38.284,2.639,7.336,2.536,31.21,4566.486,91.144
459.951,7.21,6.111,2.544,69.206,3927.813,85.749
265.205,4.758,7.686,2.59,78.744,4281.641,88.456
198.371,7.579,6.6,3.855,19.106,4058.192,87.665
267.515,4.865,7.136,1.068,3.309,4523.153,91.658
314.147,5.556,7.639,2.891,63.808,4212.32,88.152
460.939,1.111,7.208,4.157,58.112,4202.848,86.781
89.346,7.766,6.59,2.796,4.943,4236.62,89.646
147.776,7.581,8.201,0.562,41.668,4527.621,92.134
487.895,3.076,7.911,1.601,56.778,4419.738,89.552
185.596,3.286,7.503,3.509,21.996,4398.327,89.749
11.281,2.197,7.746,4.704,10.557,4467.649,90.23
73.822,8.138,7.038,4.522,80.328,3947.157,86.11
13.169,7.47,6.94,4.202,92.577,4008.514,86.4
494.962,6.091,6.4,4.776,45.302,3819.796,84.572
139.435,2.388,8.009,1.76,14.263,4707.28,92.647
461.771,1.719,6.953,0.556,42.708,4537.453,90.463
497.943,0.503,7.731,2.095,28.633,4532.239,90.187
299.921,0.456,6.75,3.097,49.56,4393.445,88.576
16.598,1.871,7.99,1.924,1.893,4800.934,93.552
40.796,1.005,6.263,0.699,86.829,4612.096,90.554
240.795,5.561,7.563,2.782,6.752,4366.064,90.261
203.086,3.581,8.019,1.399,43.557,4594.334,91.582
303.089,4.449,7.651,3.774,66.453,4180.733,87.478
219.424,5.941,7.74,0.901,65.464,4446.216,90.59
467.038,6.591,7.315,4.812,30.522,3926.226,85.934
267.37,6.482,7.398,4.445,50.458,4036.551,86.806
346.863,2.609,6.165,4.432,50.194,4068.992,85.971
448.243,8.096,6.627,4.055,13.995,3900.325,86.292
73.436,9.177,7.805,3.351,37.869,4174.057,89.115
114.867,3.159,8.364,0.74,12.809,4821.292,94.033
53.659,0.171,7.354,3.481,6.652,4638.687,91.372
69.819,8.992,7.814,3.861,6.509,4197.776,89.61
256.292,9.235,7.709,1.089,44.063,4283.979,90.17
160.59,0.509,8.498,3.271,73.231,4570.525,90.126
211.586,0.05,7.988,2.655,98.47,4528.049,89.311
491.245,8.164,7.569,2.626,57.551,4025.387,87.128
78.352,3.015,6.288,1.398,30.635,4537.854,90.977
270.406,9.146,6.907,3.827,21.503,3972.418,87.253
49.436,2.167,6.627,4.663,69.788,4223.703,87.189
159.248,8.612,8.134,4.045,6.126,4186.455,89.387
263.763,0.686,7.115,2.161,26.967,4575.34,90.69
473.316,2.606,7.338,4.929,69.166,4035.636,85.447
195.614,9.731,8.412,2.139,45.057,4252.843,89.997
32.453,2.312,8.092,1.555,50.521,4720.813,92.397
194.081,1.33,7.975,4.856,97.573,4253.125,86.955
72.871,8.571,6.356,4.054,41.058,3983.06,86.991
114.995,1.178,6.057,3.926,59.918,4276.898,87.523
309.045,0.975,6.314,0.848,99.863,4443.567,88.729
33.712,3.234,7.851,1.364,68.951,4632.191,91.603
232.362,6.353,7.027,0.583,51.931,4406.638,90.453
304.731,7.107,6.294,3.995,33.065,3956.006,86.362
210.929,8.812,7.848,1.752,97.669,4168.123,88.348
9.563,5.409,6.486,1.095,30.089,4503.73,91.359
492.76,3.934,7.473,1.319,12.467,4447.388,90.529
183.558,3.588,7.854,3.385,92.66,4290.361,88.054
389.289,8.469,7.52,2.449,32.581,4123.885,88.454
162.823,7.238,8.484,4.736,59.3,4112.862,87.707
237.508,9.054,7.085,2.147,64.944,4092.532,87.992
194.232,9.64,6.78,4.252,26.83,3919.915,86.823
171.27,3.001,6.503,2.959,42.917,4332.896,88.8
10.926,5.297,7.259,3.674,16.393,4355.453,89.98
180.01,6.318,8.131,1.259,88.57,4404.167,90.051
444.745,1.638,8.367,3.87,58.868,4327.652,88.179
345.197,0.533,8.43,0.885,89.137,4676.924,91.038
72.711,8.678,7.328,3.61,26.455,4148.692,88.826
295.578,5.355,7.513,2.595,63.765,4248.751,88.456
446.115,5.708,7.454,1.528,22.578,4338.947,89.876
350.017,5.549,7.165,2.662,29.616,4238.622,88.755
74.342,7.55,6.381,4.351,36.754,4014.846,87.046
433.916,1.455,6.164,1.196,55.393,4396.246,88.845
150.772,6.14,7.092,1.263,56.022,4388.373,90.166
227.038,4.695,6.465,2.903,20.833,4266.319,88.863
263.071,8.97,8.217,3.314,5.561,4199.162,89.627
425.253,5.196,7.904,2.391,77.438,4224.023,88.025
465.804,9.429,7.546,1.699,53.079,4074.197,88.04
464.826,3.533,6.119,0.802,32.012,4358.553,89.325
3.977,9.669,7.556,0.724,6.223,4485.272,92.691
460.944,8.752,7.553,0.684,11.355,4296.137,90.473
27.193,5.843,7.098,4.556,42.934,4162.629,87.95
132.887,3.537,7.644,1.091,48.899,4614.23,91.714
257.494,3.759,8.145,1.828,38.37,4538.225,91.126
239.963,7.728,7.895,4.937,57.085,3975.319,86.501
302.355,5.806,7.184,4.674,81.592,3946.318,85.389
239.723,4.016,6.656,0.693,68.036,4439.557,89.92
467.188,6.361,7.195,2.981,86.835,3996.099,86.001
120.274,7.332,8.365,3.351,61.965,4250.734,89.087
137.012,0.229,8.05,0.744,11.398,4927.892,94.234
460.369,0.899,6.068,3.777,15.845,4222.298,87.334
38.37,0.945,7.957,4.945,39.661,4455.449,89.441
304.78,2.319,6.426,2.432,29.106,4372.85,89.133
340.868,4.27,7.428,2.522,65.572,4275.466,88.38
252.771,8.036,8.016,3.467,62.957,4100.798,87.789
347.116,3.511,7.403,3.814,46.797,4216.177,87.747
86.377,0.175,7.01,4.054,64.72,4414.2,88.547
426.316,4.834,6.803,0.849,91.205,4258.156,88.12
70.013,9.966,6.763,4.103,49.68,3933.285,86.826
200.406,3.49,8.094,4.388,35.38,4325.051,88.944
37.629,9.613,8.063,0.704,48.148,4440.174,91.804
272.606,1.013,8.058,0.676,15.366,4820.527,93.356
334.873,1.731,6.707,2.979,10.641,4397.514,89.388
470.611,7.241,7.997,2.736,41.643,4145.514,88.211
369.668,5.012,6.092,4.91,92.417,3797.842,83.558
270.551,7.651,6.516,1.825,86.428,4078.441,87.216
466.309,8.636,7.286,3.156,68.149,3911.804,86.027
239.218,2.511,7.017,2.78,72.171,4334.19,88.373
280.603,6.828,6.28,2.911,86.195,3982.786,86.014
298.049,6.076,6.104,3.469,91.628,3927.497,85.181
204.99,8.615,7.528,2.919,66.284,4095.045,87.872
419.241,4.301,6.784,0.531,39.21,4422.154,90.12
92.588,0.519,6.04,4.297,15.6,4370.891,88.709
277.421,5.742,7.077,1.405,1.685,4438.03,91.086
361.117,9.589,6.767,1.54,65.145,4032.386,87.549
451.988,0.146,7.442,3.416,40.384,4388.487,88.525
441.959,2.403,8.325,2.65,8.888,4508.58,90.718
254.37,3.161,6.77,3.085,28.588,4326.056,88.923
321.581,7.658,8.493,2.739,47.405,4236.89,89.192
197.119,3.233,6.215,2.38,78.576,4266.124,87.845
234.089,2.391,6.221,2.675,32.164,4353.668,88.932
453.133,6.486,7.782,1.135,65.967,4281.971,89.106
465.352,0.464,7.872,4.862,5.275,4334.543,88.432
447.707,1.706,7.057,3.086,96.276,4195.376,86.503
69.185,4.08,6.715,1.791,97.197,4359.443,88.847
425.042,3.556,7.985,3.708,53.304,4230.794,87.842
474.182,3.472,8.391,4.46,66.098,4150.143,86.882
180.625,1.086,8.475,1.834,76.692,4666.09,91.22
259.323,3.608,7.586,1.96,97.068,4358.366,88.696
389.548,7.98,7.85,2.473,54.917,4134.077,88.186
281.039,4.138,8.056,1.478,75.78,4458.779,90.072
496.742,5.862,7.997,4.144,20.044,4103.768,87.596
227.857,1.636,8.483,3.129,16.25,4607.25,91.401
356.971,0.697,8.026,0.757,71.539,4670.518,91.199
396.296,8.8,7.656,4.985,92.47,3744.061,84.156
247.05,3.314,6.941,3.087,57.195,4281.716,88.239
428.492,3.503,7.495,4.505,53.916,4101.779,86.53
273.077,8.777,8.201,2.757,57.542,4153.896,88.597
205.825,7.078,6.764,3.121,88.074,4031.321,86.556
53.912,7.563,6.077,2.545,80.205,4087.653,87.343
196.707,6.82,6.818,2.402,80.365,4141.467,87.657
366.968,1.058,8.401,1.482,11.544,4732.353,92.525
460.643,9.58,7.985,4.83,76.215,3753.812,84.65
125.84,9.091,6.468,1.318,77.062,4143.377,88.391
177.618,2.362,6.03,2.869,14.083,4381.032,89.378
76.98,8.04,7.673,0.892,47.677,4442.244,91.358
345.361,4.094,7.448,4.97,10.69,4148.974,87.611
480.094,6.838,6.207,3.001,40.305,3958.15,86.23
320.476,1.656,8.415,4.166,64.46,4352.978,88.382
308.538,5.386,7.544,3.033,22.611,4282.361,89.213
276.745,1.266,7.629,4.122,14.086,4420.784,89.447
44.228,5.362,8.134,2.905,64.191,4404.336,90.01
364.752,2.436,6.843,2.502,82.848,4264.158,87.544
301.025,4.525,7.396,2.552,16.276,4375.108,89.946
330.738,6.68,7.44,0.511,90.52,4312.598,89.225
449.406,8.771,8.418,2.168,73.966,4113.873,88.03
391.98,1.653,6.329,4.784,68.126,4039.609,85.211
390.458,8.933,7.897,3.54,12.976,4067.904,88.229
463.592,3.9,7.438,4.637,93.045,3967.19,84.912
494.967,8.438,8.113,1.401,47.873,4206.098,89.114
290.641,5.125,8.08,2.71,54.025,4327.322,89.271
54.441,8.622,6.03,0.655,51.751,4275.665,89.826
229.565,6.628,6.641,3.547,53.576,4056.094,87.014
393.801,5.087,6.452,4.028,82.464,3926.211,84.964
13.863,3.125,7.154,3.865,10.782,4444.152,90.271
28.444,9.689,8.263,0.89,48.896,4440.806,91.826
33.579,8.009,6.013,1.614,61.778,4199.069,88.776
365.518,3.812,7.22,3.451,12.657,4278.258,88.8
250.583,1.667,8.212,3.915,58.521,4403.958,88.955
184.449,7.795,8.316,1.734,51.407,4373.353,90.558
52.809,9.899,7.643,2.328,23.049,4264.042,90.38
366.12,2.79,8.074,2.081,26.48,4523.861,90.811
160.51,9.159,6.81,0.521,9.534,4371.708,91.369
132.662,1.254,6.715,3.094,70.836,4391.37,88.581
326.16,9.522,6.123,3.511,15.686,3890.625,86.606
279.505,7.453,7.258,1.744,79.107,4180.769,88.253
181.205,3.466,7.14,3.595,89.078,4212.399,87.273
320.744,3.046,6.93,1.592,24.87,4471.315,90.378
135.611,6.434,6.283,3.72,26.773,4113.276,87.795
397.415,5.935,6.577,2.557,13.187,4180.12,88.45
114.659,9.189,6.509,4.424,54.547,3882.656,86.038
79.419,7.662,8.36,2.951,96.457,4225.117,88.585
391.22,5.404,8.416,1.331,25.129,4492.471,91.295
353.946,9.276,6.009,4.199,16.822,3806.55,85.68
91.319,5.927,6.426,4,61.008,4078.641,86.955
58.123,8.497,8.222,0.879,85.797,4408.795,90.779
419.2,8.409,6.096,0.716,87.154,4033.587,86.987
388.299,9.192,8.359,1.113,35.197,4300.391,90.41
163.629,0.676,6.95,4.304,78.894,4291.221,87.326
329.099,5.838,7.347,1.942,59.641,4264.758,88.803
62.08,4.684,7.91,2.771,73.557,4401.466,89.684
253.524,4.905,6.61,3.213,68.009,4131.589,87.107
9.365,4.599,6.252,3.846,13.639,4278.686,89.03
195.801,8.375,8.025,4.235,36.392,4089.589,88.044
37.421,3.184,8.462,2.821,76.547,4532.995,90.52
237.574,4.628,7.647,2.371,76.231,4324.978,88.876
210.841,2.007,8.063,1.382,13.086,4736.198,92.833
222.193,2.517,8.353,3.234,46.746,4481.497,90.103
22.666,6.604,6.571,2.974,87.029,4144.099,87.552
180.808,1.169,6.876,1.81,79.366,4498.975,89.547
378.242,1.878,6.548,2.508,58.512,4303.91,88.017
184.457,5.28,6.154,3.828,21.437,4133.483,87.705
357.586,0.438,7.831,3.322,33.129,4483.945,89.639
184.739,1.269,6.364,2.668,65.713,4382.372,88.547
211.62,8.634,6.232,1.725,78.36,4056.43,87.371
281.946,8.461,6.894,3.506,61.751,3951.259,86.434
475.341,3.478,6.151,3.324,40.142,4090.849,86.55
54.43,3.48,6.449,2.562,58.086,4371.302,89.176
16.457,9.365,6.175,1.573,1.378,4280.906,90.605
303.979,0.258,8.193,1.287,73.826,4678.062,91.12
474.549,5.803,7.949,2.027,84.553,4195.676,87.852
494.862,5.974,8.149,4.589,5.563,4098.706,87.724
242.082,7.879,8.171,3.892,40.546,4131.756,88.276
234.041,9.518,8.361,4.51,85.027,3922.196,86.227
322.482,3.558,6.467,4.292,60.116,4058.107,86.047
277.817,4.378,8.25,2.565,48.856,4412.968,89.955
317.044,6.713,7.313,2.887,9.619,4229.152,89.209
437,9.673,6.416,1.263,73.983,3965.142,86.813
373.153,8.908,7.639,3.744,69.238,3919.103,86.171
248.439,6.671,6.818,2.399,59.384,4165.359,88.061
230.932,8.567,6.116,1.226,6.984,4231.25,89.813
319.801,0.852,6.197,0.929,64.632,4494.986,89.559
227.853,3.771,7.059,3.633,6.116,4327.947,89.35
228.89,0.131,8.066,2.67,82.393,4553.852,89.754
8.153,1.775,6.778,0.54,87.058,4656.779,91.23
87.032,6.305,7.915,4.21,53.558,4204.622,88.402
244.257,8.856,6.139,3.288,84.995,3850.279,85.31
411.327,6.328,6.984,0.673,40.677,4327.755,89.769
139.364,6.641,6.319,1.871,29.714,4283.573,89.531
261.322,1.038,8.159,3.751,48.926,4460.38,89.426
172.481,6.649,8.42,0.766,56.319,4534.112,91.773
52.402,4.543,6.814,3.813,76.879,4192.958,87.524
479.149,6.514,8.472,2.772,60.605,4183.509,88.183
427.337,3.262,7.881,4.023,85.729,4137.577,86.497
39.246,5.815,6.003,4.349,93.647,3967.793,85.486
359.894,4.241,7.213,3.955,52.678,4128.49,87.03
173.79,5.586,8.085,0.851,72.05,4513.078,91.086
497.425,1.471,7.335,2.572,48.67,4356.703,88.522
151.199,3.958,7.375,1.934,90.7,4389.147,89.172
119.369,3.743,7.119,2.788,4.023,4478.234,90.865
283.945,7.364,6.988,4.846,72.142,3859.694,85.085
417.563,7.064,6.068,1.06,50.138,4138.609,88.004
96.259,9.089,7.554,4.395,7.052,4099.251,88.649
354.701,6.321,7.917,4.959,74.823,3952.773,85.676
30.703,3.145,7.975,4.955,39.889,4349.63,89.041
459.467,7.832,7.562,4.085,53.194,3919.914,86.017
40.537,4.97,6.853,2.595,71.568,4313.905,88.914
457.116,1.935,6.057,1.301,25.955,4398.338,89.304
245.404,7.474,8.239,3.237,29.544,4244.753,89.394
224.046,1.325,7.073,3.247,36.31,4431.686,89.351
486.654,1.782,7.503,1.924,75.014,4375.467,88.539
495.192,7.588,6.486,3.276,98.2,3797.695,84.271
325.089,7.701,6.355,1.024,36.933,4211.559,89.057
63.56,7.908,6.217,3.353,61.469,4036.292,87.121
253.085,2.933,7.997,4.535,33.081,4306.799,88.617
264.582,8.666,7.616,2.624,87.802,4057.998,87.302
257.223,7.227,7.553,3.941,93.615,3984.06,86.072
284.746,8.34,8.298,3.36,19.773,4194.909,89.253
9.362,7.086,6.397,0.514,65.755,4397.804,90.446
355.614,5.796,6.426,1.049,90.689,4188.685,87.719
356.197,1.094,6.474,3.987,48.024,4219.848,87.046
57.735,7.109,7.058,0.682,34.199,4484.905,91.64
285.12,6.905,8.186,4.803,90.66,3969.135,85.856
284.181,3.125,8.204,4.523,26.529,4316.64,88.839
341.225,7.358,7.476,2.131,21.503,4253.05,89.523
42.699,5.505,7.645,1.897,88.173,4401.94,89.789
313.252,5.594,8.244,3.258,63.727,4234.838,88.389
140.376,3.676,7.561,3.253,19.319,4438.12,90.291
253.501,1.168,6.574,0.901,64.644,4552.954,90.233
386.662,2.169,7.762,1.469,87.745,4452.02,89.294
352.823,7.688,7.925,3.364,9.841,4175.553,88.964
59.452,2.714,7.588,4.103,26.412,4430.218,89.852
295.592,0.023,6.684,1.364,60.817,4561.435,90.013
484.558,9.97,7,3.659,12.384,3868.554,86.553
78.385,2.107,7.176,4.417,90.64,4250.122,87.227
426.454,6.554,6.363,1.03,59.702,4172.989,88.099
351.274,9.269,7.131,2.476,58.914,4008.534,87.277
387.002,5.997,6.403,4.327,6.533,4001.125,86.745
140.979,7.99,7.249,2.168,42.71,4252.656,89.497
143.944,9.764,6.127,1.713,20.297,4140.694,89.133
453.01,8.604,8.371,3.855,81.044,3932.831,86.099
179.916,5.579,6.616,2.304,34.277,4293.773,89.269
31.508,3.637,7.168,3.678,40.9,4369.508,89.377
300.298,4.825,6.082,1.069,64.425,4281.081,88.614
62.409,8.418,6.482,2.991,72.025,4052.933,87.335
398.298,8.534,7.733,2.208,79.208,4068.312,87.451
320.873,8.459,6.28,4.988,18.311,3809.176,85.446
437.363,5.972,7.57,3.161,26.993,4169.632,88.218
392.419,4.77,6.005,3.57,10.146,4088.563,87.215
56.057,3.113,7.163,1.09,85.788,4552.013,90.596
190.535,0.034,7.803,4.964,32.228,4422.545,88.913
387.28,7.645,8.316,0.731,13.489,4455.581,91.714
208.671,2.77,7.232,0.819,31.824,4634.85,91.861
486.183,3.297,8.101,0.841,6.659,4604.804,91.97
367.87,8.435,8.006,4.418,83.822,3885.558,85.548
7.75,0.523,6.739,3.779,29.417,4507.244,89.935
439.993,9.276,8.187,4.879,35.657,3875.689,86.183
50.402,0.014,7.601,0.8,94.094,4766.049,91.724
70.262,9.392,6.26,3.613,19.744,4020.589,87.826
367.246,4.548,8.348,2.9,21.194,4391.416,90.066
432.484,1.021,6.442,3.376,56.486,4226.282,87.004
268.175,6.742,7.176,2.808,97.255,4071.099,86.761
144.525,8.959,7.166,3.539,90.217,3962.061,86.406
175.658,4.381,7.563,4.582,59.696,4171.876,87.436
171.445,6.914,7.662,3.144,81.411,4157.653,87.836
163.339,9.794,6.582,4.534,49.275,3834.94,85.795
121.455,2.407,6.881,4.02,44.028,4317.003,88.452
304.434,8.204,6.361,4.392,40.646,3853.198,85.587
450.203,2.952,6.315,3.467,45.998,4120.124,86.627
153.541,4.263,8.063,2.834,70.986,4390.983,89.479
93.347,2.818,7.877,0.813,82.325,4654.174,91.564
419.289,4.46,7.107,4.257,58.024,4036.266,86.12
370.892,0.051,6.24,1.589,87.026,4403.031,88.175
465.419,3.034,7.125,0.665,64.232,4433.09,89.599
82.76,4.453,6.736,2.836,80.471,4265.063,88.182
72.126,6.322,7.945,3.346,69.271,4269.122,88.895
270.715,6.374,6.242,3.478,77.605,3967.088,85.807
307.217,5.838,7.128,3.514,2.886,4210.196,88.824
240.087,2.93,7.478,3.442,86.855,4263.403,87.645
299.483,9.474,8.464,4.137,88.708,3931.886,86.274
90.19,3.92,6.224,3.962,84.29,4116.53,86.498
239.807,2.169,6.285,4.158,73.285,4137.793,86.296
329.046,5.545,8.47,2.571,78.965,4290.185,88.776
216.353,7.489,7.014,0.783,18.941,4402.614,91.084
339.724,0.122,7.859,3.378,5.715,4560.711,90.587
225.596,2.763,7.959,1.446,29.685,4640.933,91.942
166.8,8.25,6.786,4.368,44.802,3956.362,86.591
151.803,5.07,6.536,3.747,27.807,4193.8,88.181
205.451,4.085,6.69,3.946,87.196,4093.02,86.284
11.545,9.309,7.911,1.789,96.476,4248.033,89.308
334.263,0.895,8.101,3.349,77.309,4408.73,88.583
422.553,6.156,7.749,2.876,48.184,4171.808,88.083
177.314,3.422,7.103,1.708,15.431,4548.891,91.361
23.017,0.708,6.656,4.155,87.332,4328.555,87.625
493.388,2.137,7.063,2.975,84.358,4186.549,86.663
131.849,6.279,8.286,1.359,17.068,4578.751,92.501
63.311,0.283,8.158,1.874,5.822,4871,93.737
184.876,5.922,6.808,1.522,89.997,4260.088,88.478
369.279,9.569,6.82,1.906,82.372,3963.597,86.683
146.958,7.951,7.95,1.347,93.491,4302.308,89.473
287.352,3.456,7.066,2.17,36.43,4400.297,89.675
207.78,1.382,7.432,3.623,66.135,4375.624,88.51
58.882,4.651,7.056,4.817,86.556,4088.81,86.418
165.144,3.93,6.606,1.447,34.801,4467.194,90.503
362.435,9.717,6.472,1.849,47.978,3999.25,87.428
306.002,9.899,6.349,0.51,53.637,4128.707,88.72
59.889,4.106,6.029,1.514,3.898,4508.436,91.277
81.661,1.488,6.702,2.383,83.01,4450.609,89.122
320.367,9.106,6.429,2.578,94.436,3880.71,85.595
406.708,7.935,6.645,1.698,42.296,4109.921,88.057
174.737,5.113,6.19,1.176,61.504,4335.292,89.272
297.655,3.654,6.854,3.034,54.62,4241.262,87.962
85.322,4.482,7.3,2.341,35.442,4458.227,90.572
155.688,9.019,8.361,2.418,9.161,4347.217,91.086
10.135,1.846,6.868,4.527,52.494,4331.65,88.345
384.138,8.068,6.078,3.026,25.167,3959.312,86.762
200.505,0.182,6.906,2.248,65.582,4525.327,89.652
408.063,9.206,8.043,1.642,54.185,4167.413,88.894
354.186,5.003,6.85,2.429,59.462,4196.001,87.866
414.372,2.267,6.729,4.378,60.572,4093.388,86.008
142.829,0.029,8.297,4.843,88.682,4395.246,88.074
92.554,5.595,6.743,2.198,15.595,4397.314,90.496
485.953,2.445,8.426,1.44,80.761,4471.782,89.644
358.664,6.313,8.082,4.615,95.518,3960.626,85.545
417.021,2.812,7.711,1.15,72.41,4462.15,89.741
6.567,0.88,7.496,1.838,14.766,4788.931,93.006
177.231,5.051,6.562,1.419,85.174,4302.841,88.692
371.408,5.645,7.826,3.046,79.388,4151.254,87.412
38.991,4.526,6.868,2.339,86.412,4334.282,88.836
283.67,4.58,7.214,1.792,49.148,4373.037,89.613
214.536,5.897,6.26,3.956,82.204,3963.948,85.586
8.808,5.264,6.74,3.489,16.247,4325.11,89.668
117.988,1.326,7.323,4.98,58.091,4292.841,87.745
142.396,1.971,7.17,1.904,55.622,4545.631,90.491
55.93,1.418,6.859,4.304,89.777,4277.088,87.298
315.768,6.933,7.18,1.861,86.428,4154.466,87.76
121.199,5.286,7.862,0.541,71.888,4563.49,91.502
138.81,4.299,7.148,1.179,18.31,4575.975,91.866
449.119,7.983,7.265,2.788,80.868,3962.263,86.209
233.562,3.258,7.753,4.145,61.811,4257.483,87.934
196.064,5.681,8.104,0.758,81.843,4488.797,90.774
361.936,0.744,7.317,4.244,93.897,4201.343,86.298
454.807,7.444,8.37,3.722,45.559,4074.087,87.518
12.518,6.952,6.884,0.655,74.706,4419.561,90.534
224.119,8.024,6.631,0.978,97.322,4157.411,88.008
305.391,8.845,7.733,0.84,22.152,4350.003,90.932
159.282,7.58,6.439,3.555,84.853,3960.03,86.026
386.204,8.445,8.25,3.025,15.051,4177.079,89.154
485.739,3.457,6.966,2.115,2.696,4364.069,89.651
471.714,3.433,7.745,0.897,84.856,4407.56,89.257
132.991,9.443,7.425,2.268,96.028,4085.003,87.723
113.169,9.146,6.136,3.57,4.189,4034.37,88.046
478.745,5.485,7.773,0.92,84.598,4302.417,88.824
229.314,3.666,7.975,4.355,70.24,4223.621,87.633
104.149,8.66,8.456,0.783,70.279,4441.676,91.312
353.498,3.234,7.04,3.237,46.503,4248.885,87.994
142.21,1.536,7.257,1.351,42.293,4658.108,91.619
133.623,6.395,8.187,0.912,37.929,4565.063,92.19
439.625,0.426,6.673,2.097,38.802,4438.835,89.128
81.24,3.791,6.473,3.501,93.778,4179.44,86.994
32.196,8.077,6.332,1.045,81.762,4245.3,89.058
134.593,2.952,8.446,2.641,32.058,4601.479,91.58
303.473,9.313,6.676,2.327,74.316,3968.816,86.739
61.544,9.558,7.893,2.424,65.992,4206.326,89.271
235.797,8.158,7.124,4.745,84.752,3842.568,85.026
313.669,9.876,6.601,2.071,10.1,4082.225,88.684
424.368,5.308,8.283,4.962,70.314,4013.906,86.028
114.935,5.692,7.16,2.923,25.249,4331.111,89.766
408.673,8.362,7.415,4.291,24.918,3940.116,86.66
117.453,4.928,6.556,2.07,70.868,4301.77,88.787
338.383,4.067,6.81,0.881,89.599,4341.139,88.736
215.337,6.148,7.869,0.88,52.087,4479.721,91.121
57.341,6.577,6.858,3.084,47.088,4225.719,88.759
357.132,7.509,7.265,4.685,81.696,3840.623,84.842
108.881,6.682,6.286,0.82,3.519,4450.96,91.479
88.312,7.457,8.125,3.601,70.999,4193.398,88.461
179.161,6.746,7.844,3.035,6.556,4340.959,90.368
326.645,4.804,7.902,3.435,25.197,4292.734,89.117
116.998,1.349,6.445,1.47,67.04,4537.507,90.109
91.831,7.854,7.238,0.817,38.639,4426.145,91.231
4.977,0.308,6.069,0.836,30.227,4744.925,92.239
235.822,9.925,6.788,1.61,50.927,4101.731,88.486
214.323,8.285,6.87,1.461,85.137,4149.203,88.126
116.934,6.709,8.284,1.069,43.174,4541.292,91.994
26.826,9.666,8.482,1.691,53.755,4374.862,91.111
214.628,6.125,7.544,2.903,16.639,4317.321,89.844
394.103,0.564,7.292,4.773,45.02,4236.604,87.085
357.641,5.594,7.1,4.65,2.638,4081.215,87.464
430.397,2.772,6.046,1.723,83.975,4210.551,87.097
4.791,3.695,8,0.798,21.477,4790.147,93.795
483.21,4.596,7.68,4.98,92.069,3914.386,84.602
170.706,7.746,7.623,2.644,36.412,4252.46,89.484
495.199,5.029,8.023,4.902,83.752,3945.458,85.126
126.31,4.747,8.32,2.919,39.572,4460.435,90.633
235.768,3.02,6.974,4.489,16.121,4247.409,88.219
176.964,5.399,7.066,2.512,50.869,4295.196,89.063
177.88,2.484,8.438,3.299,26.798,4547.142,90.949
421.141,2.61,7.661,2.911,32.977,4368.002,89.133
373.209,7.573,8.128,1.489,32.297,4334.066,90.289
496.076,3.425,6.554,3.937,35.238,4071.895,86.394
306.757,0.514,6.793,0.747,50.314,4624.899,90.9
231.628,3.437,6.979,2.131,13.641,4469.881,90.593
45.037,6.386,6.792,4.415,26.506,4142.961,88.08
498.281,8.14,8.211,2.762,63.6,4061.522,87.421
275.765,9.619,7.279,0.849,75.814,4172.457,88.852
350.239,7.462,8.384,1.434,25.137,4396.519,90.952
203.371,4.289,6.803,0.993,26.939,4511.003,91.127
273.858,2.991,6.093,1.749,48.325,4351.237,88.926
471.289,1.296,6.345,1.244,98.129,4313.408,87.542
83.21,6.277,6.543,3.704,55.47,4117.503,87.503
146.186,5.099,7.6,3.467,81.536,4222.144,87.936
76.03,6.777,6.453,1.108,91.949,4273.722,88.851
396.108,2.371,6.954,2.502,64.051,4300.405,88.075
31.023,3.236,7.988,1.831,52.396,4633.592,91.783
40.816,2.921,6.312,2.017,76.69,4409.606,89.205
149.247,7.977,6.201,3.092,32.569,4072.341,87.791
257.094,1.712,7.35,4.544,97.288,4171.844,86.259
203.137,6.085,7.745,4.538,48.062,4118.792,87.533
22.408,0.514,8.277,2.359,92.901,4669.195,90.917
478.746,5.495,7.655,2.269,76.219,4171.981,87.606
476.435,0.639,8.365,2.831,21.939,4539.402,90.366
139.678,1.759,6.611,2.634,22.849,4494.304,90.242
365.763,1.13,6.855,0.778,35.633,4596.992,90.953
289.288,3.467,8.098,3.104,37.832,4405.719,89.719
118.738,3.437,8.028,3.131,2.485,4553.429,91.541
131.086,8.264,7.662,2.527,85.724,4163.371,88.256
245.577,2.257,7.265,2.363,24.804,4504.981,90.479
209.618,0.864,6.044,4.725,82.652,4118.595,85.619
145.615,6.035,6.701,3.204,48.805,4177.568,88.098
403.756,6.875,6.396,4.173,59.611,3857.433,85.041
240.731,2.948,6.128,4.792,54.109,4057.57,85.919
327.424,6.028,7.94,4.145,94.524,4025.308,86.116
94.637,7.761,6.328,4.743,42.379,3938.382,86.288
266.754,3.476,6.894,3.917,39.488,4211.542,87.763
158.988,5.254,8.444,1.266,61.875,4551.889,91.476
263.207,1.466,7.023,1.521,38.803,4567.643,90.728
390.413,0.236,6.354,1.373,61.137,4468.82,89.148
384.457,9.814,7.724,1.95,57.665,4079.241,88.16
177.11,2.997,8.025,2.097,77.729,4498.86,90.111
347.139,2.789,6.698,4.15,99.005,4043.726,85.284
470.645,9.732,8.023,2.124,97.754,3972.5,86.667
312.835,7.282,6.679,3.772,13.253,4043.591,87.488
74.205,5.853,7.733,4.567,45.76,4195.29,88.251
339.854,6.993,6.312,1.015,42.814,4224.436,88.914
52.452,7.099,7.07,0.501,19.877,4535.896,92.29
436.055,7.633,7.301,4.499,74.63,3831.272,84.856
258.33,0.672,7.813,1.572,96.886,4567.574,89.908
192.57,4.128,7.625,1.19,16.11,4608.539,92.163
28.503,2.951,8.133,1.828,27.952,4712.77,92.734
190.392,0.706,6.461,1.337,85.647,4510.586,89.461
451.603,4.126,7.653,4.071,31.221,4163.625,87.562
10.491,6.162,6.319,3.355,44.685,4193.707,88.339
237.324,1.785,7.195,1.253,74.295,4537.731,90.17
465.579,3.05,7.311,3.126,13.475,4306.283,88.843
197.42,6.392,6.068,1.436,53.187,4238.505,88.771
214.088,5.793,6.176,1.389,11.857,4358.269,90.202
289.28,8.688,8.098,3.18,31.231,4150.372,88.798
231.469,7.912,6.717,3.491,24.455,4062.328,87.752
84.301,9.656,6.865,2.058,73.293,4109.203,88.256
9.278,5.972,7.601,3.935,15.916,4331.5,89.947
304.906,6.985,6.552,4.267,66.531,3893.683,85.367
460.403,8.605,6.482,4.624,57.985,3709.436,84.096
53.182,8.4,7.054,3.317,67.905,4091.262,87.754
105.476,7.187,6.147,1.49,87.781,4178.076,88.059
185.115,5.003,8.292,3.868,53.878,4291.992,88.882
404.371,2.732,8.35,0.985,72.34,4553.028,90.626
134.63,8.772,7.121,1.315,80.651,4213.279,88.958
441.027,7.767,6.523,4.248,69.867,3778.98,84.421
27.479,8.379,7.176,4.599,32.587,4059.903,87.787
470.478,1.408,6.25,0.8,96.185,4346.957,87.93
280.374,3.148,6.994,1.905,7.013,4497.375,90.848
329.389,4.249,6.184,3.331,37.858,4132.433,87.22
183.845,8.384,7.765,4.724,82.31,3928.432,85.976
390.997,8.929,6.689,3.068,35.641,3948.878,86.811
83.283,2.849,7.302,4.194,55.047,4316.537,88.47
24.456,6.864,6.034,4.652,14.315,4054.073,87.457
197.758,0.778,7.312,2.836,85.83,4438.144,88.757
426.848,4.096,6.008,3.832,93.185,3913.034,84.427
377.463,4.867,8.313,3.481,98.418,4154.31,87.019
258.578,7.656,7.253,3.521,8.632,4143.806,88.649
286.069,8.92,6.25,2.827,20.717,4011.882,87.588
64.946,3.373,6.853,3.304,50.004,4353.704,89.049
420.341,5.277,6.115,2.995,27.989,4082.031,87.124
393.48,6.474,7.327,3.37,64.62,4046.036,86.757
328.235,3.287,6.306,2.773,84.698,4155.39,86.693
233.096,9.855,7.183,1.501,13.58,4231.676,90.138
482.23,8.758,6.764,3.621,1.316,3932.615,86.94
439.516,2.964,7.904,2.228,99.379,4300.864,87.904
322.215,5.079,7.206,1.075,45.593,4406.813,90.136
185.9,2.308,8.12,4.331,7.777,4455.026,90.165
309.011,5.145,8.353,1.316,59.261,4473.451,90.685
287.72,6.833,8.424,2.933,75.567,4212.403,88.418
197.121,0.855,6.65,3.745,80.323,4288.579,87.339
153.337,8.701,7.919,3.415,57.36,4123.98,88.277
203.505,5.937,7.095,1.224,68.272,4351.971,89.618
286.956,9.896,7.065,1.374,48.15,4134.602,88.833
214.067,0.256,8.171,1.17,62.356,4755.535,92.009
131.787,8.315,6.364,0.826,95.207,4181.714,88.36
380.482,7.92,7.195,1.775,98.765,4058.228,86.971
265.734,1.329,7.482,2.859,63.129,4436.808,89.135
33.838,3.353,6.165,1.278,58.808,4486.515,90.283
184.158,8.848,8.161,4.869,35.205,4024.354,87.546
442.457,5.185,6.786,3.645,33.1,4067.456,86.899
377.618,4.013,7.642,3.125,92.525,4177.16,87.05
161.623,9.055,8.32,3.566,66.85,4108.122,88.129
469.092,0.933,7.799,2.462,46.399,4459.745,89.413
38.301,4.731,8.215,2.615,66.929,4470.474,90.455
480.617,6.524,6.174,4.499,12.971,3875.05,85.578
122.853,6.085,7.232,3.749,94.401,4093.813,86.82
4.547,2.643,7.412,3.147,52.71,4486.692,90.133
216.904,5.633,7.723,4.776,34.074,4136.407,87.713
179.485,7.086,6.292,3.482,2.316,4132.371,88.426
269.545,5.849,7.642,2.294,68.039,4271.493,88.789
398.386,6.845,6.365,0.714,96.987,4129.743,87.381
421.215,2.561,6.169,2.258,56.295,4239.861,87.604
200.615,8.328,7.173,4.662,33.935,3966.565,86.825
214.923,4.497,7.501,0.701,42.415,4562.865,91.554
74.089,9.872,8.395,1.331,57.3,4361.22,91.001
23.774,0.233,7.747,4.139,69.187,4498.817,89.366
320.607,3.803,7.478,2.142,19.15,4444.857,90.398
32.219,1.805,6.536,1.337,93.577,4526.487,89.871
366.915,5.556,6.38,4.17,42.017,3975.665,86.003
269.545,2.432,7.518,3.013,62.821,4368.503,88.786
99.291,7.375,6.557,2.968,91.232,4058.081,86.881
269.761,8.819,7.767,1.822,58.257,4202.121,89.084
91.499,2.109,6.286,3.538,68.671,4286.275,87.809
219.369,1.607,6.849,4.378,63.686,4229.693,87.142
399.78,8.754,7.933,3.876,25.556,4016.999,87.541
230.96,3.613,8.078,3.256,96.332,4293.388,88.054
74.35,4.346,6.863,2.077,47.769,4428.571,90.112
361.914,2.21,6.517,4.347,10.741,4204.095,87.596
93.384,4.253,8.395,3.047,99.801,4375.851,89.036
369.275,2.313,7.903,4.503,65.352,4208.964,87.13
239.676,6.659,8.018,1.644,61.239,4362.104,90.006
226.871,4.989,6.557,3.444,91.742,4064.898,86.228
425.718,7.881,7.061,4.708,54.645,3819.095,85.009
354.302,3.127,6.171,2.183,36.68,4291.84,88.49
16.455,5.056,6.273,4.781,18.299,4151.656,87.85
148.087,2.595,6.552,2.266,81.248,4362.331,88.589
435.46,9.345,6.758,2.47,33.77,3976.343,87.229
9.163,5.219,8.493,4.129,52.124,4366.598,89.711
272.627,1.735,7.055,1.673,51.379,4512.372,90.13
363.913,2.728,7.745,3.676,74.299,4239.888,87.474
310.928,0.829,8.261,1.843,68.733,4607.455,90.636
380.266,0.278,6.615,3.172,42.934,4354.408,88.198
362.846,5.259,6.362,3.992,43.178,4006.259,86.209
346.015,3.371,6.608,0.618,27.763,4501.957,90.753
410.77,9.638,8.206,0.898,34.751,4274.017,90.284
322.845,1.713,7.664,4.705,71.435,4205.994,86.86
201.209,7.939,7.128,4.171,56.671,3984.807,86.663
235.955,3.16,8.051,4.447,6.054,4372.346,89.611
358.362,2.235,6.592,2.475,51.31,4318.087,88.338
438.153,9.696,6.598,3.724,95.549,3692.442,83.878
136.109,8.026,7.418,4.992,11.82,4049.598,87.786
171.038,6.306,7.975,2.446,11.385,4429.276,91.071
465.37,6.971,6.649,4.311,67.108,3818.377,84.604
289.256,9.914,6.525,0.857,95.817,4034.878,87.365
89.481,5.932,7.185,2.947,3.644,4375.124,90.494
331.848,1.019,6.336,2,35.109,4446.502,89.42
495.381,0.649,7.87,2.854,7.633,4506.172,90.18
411.727,6.666,7.443,1.013,27.316,4349.201,90.219
372.871,6.576,7.281,2.155,55.897,4185.648,88.27
104.023,7.482,8.181,0.844,44.77,4517.989,91.977
438.07,1.088,7.831,2.539,36.969,4481.886,89.775
262.894,9.449,6.373,2.488,21.857,4040.898,88.025
444.645,5.512,7.051,1.984,62.326,4184.185,87.872
164.914,6.496,6.803,4.767,58,3980.343,86.172
31.026,0.349,8.005,0.873,66.645,4846.968,92.908
237.988,9.61,7.798,4.212,79.528,3900.027,86.088
134.919,5.626,7.18,2.097,73.217,4313.095,89.087
357.615,5.634,8.059,1.397,95.77,4314.191,88.874
478.553,9.436,7.025,1.727,17.772,4083.266,88.486
345.487,9.294,8.009,4.559,95.189,3817.239,85.009
443.467,2.203,6.08,4.212,18.042,4118.847,86.669
226.512,9.311,6.337,0.571,84.441,4128.876,88.238
385.82,7.366,7.89,1.163,79.056,4253.363,88.953
421.522,0.189,6.286,3.538,66.941,4220.742,86.595
355.438,2.398,7.709,1.928,70.918,4438.627,89.397
253.889,4.13,7.809,4.636,69.461,4144.924,86.994
312.933,5.828,7.655,4.039,53.461,4106.822,87.282
350.253,7.013,8.046,4.438,4.233,4126.533,88.327
126.542,2.102,7.279,1.368,58.377,4605.983,91.107
404.79,8.367,8.243,1.178,39.524,4306.65,90.181
475.162,8.457,7.424,4.694,27.964,3856.638,85.824
232.62,6.35,7.27,2.319,49.522,4262.227,89.032
350.534,9.211,7.273,2.371,84.963,3984.535,86.759
368.513,8.13,8.28,3.581,58.257,4062.702,87.483
331.124,2.216,6.609,2.289,96.511,4262.675,87.327
273.558,7.987,7.738,4.438,42.636,4008.533,87.055
440.824,9.532,6.607,4.816,17.66,3746.738,85.15
224.463,1.376,6.23,1.996,32.151,4478.073,89.872
30.551,9.787,8.384,1.436,15.322,4459.541,92.378
422.278,0.25,6.324,0.839,68.803,4487.303,89.26
336.991,5.222,7.715,1.465,16.792,4461.921,91.018
424.629,7.739,7.061,1.128,52.307,4189.514,88.694
69.274,7.904,8.093,0.631,92.418,4431.479,90.762
15.376,7.347,7.933,0.71,43.952,4559.375,92.358
467.187,5.294,6.359,2.792,40.869,4076.72,86.947
73.864,6.51,7.17,3.685,21.11,4243.813,89.18
404.826,6.999,6.069,4.925,75.625,3710.788,83.451
411.605,4.945,7.074,1.201,31.121,4372.011,89.893
354.353,5.957,7.751,3.642,99.05,4037.732,86.174
65.631,8.464,6.58,2.993,17.509,4167.723,89.041
333.699,3.129,8.025,2.652,1.222,4511.619,91.043
444.543,5.232,6.133,3.748,54.402,3945.783,85.483
212.766,0.085,6.086,1.574,7.796,4625.033,91.198
206.758,6.874,6.069,1.901,37.596,4194.492,88.631
221.429,1.954,6.7,2.231,45.713,4447.098,89.6
41.136,4.81,7.168,1.321,25.584,4572.461,91.912
446.013,2.102,6.269,2.654,97.834,4137.705,86.029
434.591,0.235,8.492,1.093,35.138,4740.507,92.124
498.955,4.832,8.499,1.932,15.326,4434.987,90.646
292.592,4.248,7.3,1.009,4.695,4560.926,91.837
375.596,4.251,7.42,0.661,31.633,4512.217,91.081
101.336,2.088,8.317,2.098,82.285,4602.216,90.826
333.764,9.472,7.924,3.279,25.347,4073.371,88.322
324.866,0.035,6.42,1.184,60.272,4538.905,89.797
450.604,8.915,7.981,4.971,98.922,3732.147,84.007
415.396,7.369,6.577,1.735,35.015,4138.099,88.242
469.233,1.721,7.076,0.602,61.983,4502.731,89.924
434.417,4.722,7.331,0.626,60.353,4396.501,89.778
434.347,9.889,7.792,3.5,59.836,3898.024,86.348
31.862,6.437,6.375,3.514,95.385,4057.545,86.553
422.981,1.274,6.19,4.562,78.807,4030.033,84.894
303.739,4.576,8.165,0.909,1.873,4641.215,92.766
190.222,4.682,8.067,2.194,3.762,4550.595,91.873
28.257,8.023,7.308,4.502,4.964,4155.455,88.912
338.837,9.162,7.656,4.09,37.096,3954.945,86.927
164.101,0.822,7.798,1.551,44.524,4712.554,91.927
233.888,3.14,7.191,4.505,80.914,4132.857,86.462
340.864,2.984,6.643,3.564,63.993,4160.303,86.858
455.887,9.96,7.203,1.689,99.998,3925.442,86.243
412.718,5.592,8.377,0.702,79.61,4422.336,90.105
225.299,8.798,8.095,2.738,87.476,4108.093,87.846
193.892,4.26,7.164,3.709,19.016,4297.507,89.063
119.89,7.227,6.564,1.709,64.501,4235.196,88.875
186.213,2.866,8.224,1.259,15.753,4728.568,92.988
55.523,9.118,7.596,0.839,67.822,4356.385,90.621
485.553,4.551,7.012,4.289,81.156,3939.612,84.95
286.959,8.037,6.279,0.746,30.727,4246.49,89.569
63.903,2.558,7.879,3.242,17.554,4568.741,91.279
176.403,6.936,6.792,3.935,24.504,4101.773,87.854
273.52,4.052,7.516,4.012,81.283,4148.455,86.887
266.443,0.314,7.424,3.442,55.159,4438.98,88.933
17.752,4.13,7.749,3.438,54.11,4407.548,89.773
475.421,5.5,7.344,2.633,58.099,4142.144,87.491
137.688,1.518,7.576,2.375,49.739,4575.883,90.717
8.092,1.839,6.204,1.118,86.476,4539.621,90.083
38.222,4.649,7.663,2.909,51.237,4421.394,90.096
290.097,3.427,6.485,0.82,60,4430.17,89.73
68.893,4.407,6.98,2.607,98,4286.49,88.207
20.862,4.608,7.281,3.789,46.077,4316.23,89.084
189.813,1.401,7.717,2.493,19.527,4618.432,91.409
311.381,1.812,7.856,2.787,56.734,4447.123,89.447
55.92,8.482,7.762,4.29,70.757,4053.68,87.374
156.664,1.627,6.238,3.41,13.392,4396.34,89.318
208.88,6.659,6.967,1.074,17.036,4417.838,91.006
79.73,4.185,6.702,2.943,3.412,4419.891,90.42
253.037,9.682,6.996,2.141,74.694,4025.522,87.413
42.607,0.661,7.617,1.431,21.012,4822.264,93.211
23.259,8.304,6.482,3.416,90.207,3999.406,86.583
259.918,4.914,7.255,2.239,52.029,4321.858,89.173
123.948,0.054,8.212,3.953,95.569,4470.142,88.762
47.687,2.637,7.828,3.139,38.923,4535.337,90.755
211.956,4.077,7.813,0.969,95.626,4483.347,90.1
457.57,3.142,8.122,2.077,97.785,4323.07,88.195
362.096,3.624,6.998,1.714,13.874,4438.362,90.332
407.808,9.167,7.899,1.175,13.369,4283.405,90.45
435.957,3.609,6.147,4.101,42.927,4020.277,85.856
486.314,4.188,6.141,2.203,41.975,4157.247,87.409
381.623,7.611,6.829,3.26,65.342,3954.922,86.179
304.204,7.938,6.492,4.469,12.153,3928.982,86.55
182.713,0.841,7.296,2.944,75.876,4450.128,88.995
90.822,7.041,6.458,1.661,23.269,4335.681,90.236
343.33,4.826,8.439,4.058,15.911,4293.312,89.222
497.475,1.339,8.128,2.461,79.658,4391.706,88.522
233.679,2.647,8.456,3.037,8.949,4574.814,91.453
361.84,0.45,8.019,4.559,71.448,4299.67,87.417
247.546,3.602,8.378,2.702,12.003,4539.705,91.358
215.967,2.554,6.92,2.006,74.266,4407.195,89.096
205.153,3.821,7.245,3.773,79.263,4194.994,87.304
252.312,5.803,6.599,1.101,58.882,4315.783,89.31
183.448,7.323,7.59,4.612,35.829,4068.224,87.521
374.387,6.054,7.971,4.62,24.386,4096.42,87.536
437.136,6.784,7.247,3.107,81.082,3994.031,86.165
441.443,8.656,6.741,1.194,11.573,4177.974,89.261
113.849,8.738,7.269,2.534,97.472,4084.696,87.494
447.955,8.607,6.157,2.405,78.133,3864.634,85.447
170.776,1.532,7.803,1.842,69.347,4595.372,90.72
154.654,2.511,7.129,1.288,98.874,4483.496,89.599
363.378,5.023,8.246,1.687,69.184,4384.676,89.662
152.348,3.587,8.308,3,11.292,4552.696,91.49
26.483,1.317,6.314,3.586,32.937,4427.857,89.344
186.809,2.878,8.49,4.908,58.957,4303.016,88.304
360.733,9.754,8.425,1.471,57.966,4211.352,89.46
163.479,3.469,7.568,1.418,1.996,4655.781,92.579
314.78,4.189,8.064,1.027,26.738,4583.374,91.823
330.06,0.064,6.046,4.725,73.893,4116.045,85.441
366.868,7.194,8.426,2.218,66.3,4245.022,88.945
448.565,4.136,7.141,4.658,89.856,3937.518,84.717
216.282,1.031,8.274,4.502,96.06,4325.348,87.602
83.216,9.686,6.963,0.698,87.083,4226.44,89.299
159.463,7.774,7.97,1.759,55.761,4341.178,90.186
216.084,7.262,7.045,1.861,54.754,4237.727,89.008
356.946,9.579,6.907,1.748,37.58,4083.301,88.331
6.561,4.075,8.367,2.414,89.981,4508.311,90.406
157.893,7.185,7.748,2.747,83.234,4195.409,88.277
389.921,2.062,8.1,3.912,78.121,4264.523,87.483
335.429,6.971,7.358,1.705,78.063,4192.972,88.24
365.87,0.141,8.296,1.844,85.037,4585.103,90.043
405.905,1.263,7.85,3.194,91.971,4315.571,87.615
391.618,4.253,6.18,1.307,82.283,4214.367,87.597
341.092,0.121,7.917,2.629,81.689,4488.811,89.107
219.831,4.62,6.047,1.629,66.371,4268.094,88.403
491.799,5.228,8.073,1.391,46.353,4368.171,89.787
284.537,6.216,6.83,4.08,55.538,4010.775,86.417
101.385,1.004,7.496,3.682,53.996,4472.488,89.486
146.406,1.81,7.873,1.624,82.596,4596.027,90.677
346.781,6.133,7.592,2.368,27.331,4287.718,89.444
462.37,6.582,7.681,1.194,36.953,4314.508,89.75
89.36,0.259,8.232,0.739,56.16,4879.29,93.309
41.173,5.404,6.935,3.133,98.51,4192.353,87.56
440.766,7.85,7.368,2.136,49.448,4111.413,87.975
457.639,0.691,6.437,1.433,13.518,4510.063,90.173
138.19,4.132,7.169,1.016,67.733,4504.165,90.604
188.643,3.265,6.375,3.56,62.016,4199.887,87.358
330.094,9.137,7.584,1.722,84.813,4094.734,87.84
164.965,1.858,6.811,4.583,85.633,4176.088,86.462
438.579,3.184,8.148,1.368,26.653,4546.215,91.151
53.789,8.984,6.859,1.597,5.489,4339.1,91.031
18.991,3.307,6.717,4.333,78.717,4206.172,87.267
104.243,5.313,7.228,3.076,65.586,4266.257,88.601
143.044,0.33,6.438,0.988,14.995,4727.033,92.219
56.463,9.849,6.51,2.973,98.568,3935.875,86.328
32.845,8.249,7.958,1.887,92.667,4292.899,89.477
377.804,6.344,7.243,3.816,72.59,3991.401,86.091
82.138,0.608,6.516,0.85,6.317,4782.499,92.944
456.961,0.749,6.079,4.63,22.119,4134.678,86.35
184,5.45,7.166,2.652,33.133,4320.676,89.51
335.303,2.851,7.857,3.804,6.535,4381.976,89.61
112.701,6.228,6.878,3.671,82.911,4087.132,86.911
120.161,5.982,6.62,1.302,8.585,4455.431,91.263
287.355,8.387,6.991,4.46,21.334,3947.382,86.776
280.321,2.814,8.398,1.547,32.573,4639.071,91.909
384.365,5.779,7.058,1.358,33.862,4321.198,89.607
378.907,7.774,6.649,2.843,27.245,4047.995,87.54
335.344,4.908,7.423,4.93,97.881,3940.444,84.898
224.565,8.306,8.027,1.91,96.121,4191.811,88.449
445.32,1.313,6.056,4.84,62.41,4008.463,84.854
311.289,7.339,7.395,2.458,13.386,4244.368,89.512
495.099,9.43,8.091,4.256,70.961,3822.511,85.344
409.685,3.319,6.539,2.885,97.568,4099.493,86.015
22.155,3.663,8.304,1.424,99.835,4594.137,91.042
160.297,0.835,7.444,4.46,62.044,4352.416,88.154
285.938,6.415,7.292,0.824,19.67,4443.741,91.165
360.735,5.525,8.409,3.572,83.336,4160.41,87.428
275.168,0.403,6.324,4.238,62.653,4225.508,86.75
393.065,7.522,7.85,4.244,45.761,3996.464,86.764
141.328,8.293,8.046,3.449,15.847,4242.757,89.757
91.956,9.071,7.221,1.629,24.739,4310.174,90.576
26.958,5.457,6.016,2.893,58.288,4209.447,88.149
286.657,4.526,7.311,3.333,26.805,4274.565,88.835
344.3,8.761,6.384,4.504,48.31,3781.177,84.957
163.075,3.987,7.406,1.219,71.843,4494.221,90.42
306.792,6.554,7.847,2.592,98.749,4146.826,87.447
26.079,6.154,7.328,1.999,5.347,4501.442,91.807
49.647,3.722,7.577,2.425,79.88,4444.566,89.763
350.877,0.869,6.26,1.324,13.659,4547.413,90.598
184.035,0.214,6.243,1.478,94.41,4484.873,88.969
335.667,4.282,8.127,3.964,77.226,4179.899,87.311
415.861,4.812,6.123,2.653,40.387,4117.757,87.217
426.311,8.227,6.711,2.814,51.746,3961.722,86.568
86.084,4.144,8.344,4.539,67.994,4294.324,88.507
243.143,2.812,7.147,1.58,56.541,4481.492,90.093
366.963,4.621,7.686,1.982,98.025,4259.883,88.005
386.99,2.38,6.554,1.889,99.864,4254.327,87.259
392.338,0.914,6.676,3.467,6.648,4365.827,88.866
114.084,1.13,7.273,3.031,73.061,4464.462,89.253
96.267,3.192,7.595,2.622,74.931,4439.756,89.606
295.006,0.127,8.401,3.506,79.223,4477.235,89.018
370.543,2.202,7.436,2.678,91.791,4296.887,87.712
159.57,7.875,6.24,4.172,59.743,3913.778,85.903
52.353,2.346,6.917,2.346,26.2,4561.236,91.054
358.373,1.107,6.61,4.508,67.495,4140.727,86.065
149.849,9.491,6.636,1.038,32.972,4244.357,89.961
83.181,6.225,7.263,0.923,34.91,4511.424,91.633
73.862,0.6,6.792,3.451,61.683,4443.791,89.001
157.455,0.622,6.723,2.254,29.617,4577.877,90.669
296.339,6.121,8.42,2.551,69.756,4293.19,89.071
179.201,5.401,7.46,3.632,85.459,4152.199,87.288
10.331,0.684,6.654,1.465,98.562,4582.424,90.044
48.454,2.243,6.69,0.698,17.671,4727.472,92.771
145.252,9.29,8.028,2.475,46.079,4225.951,89.586
329.852,5.72,8.216,4.526,74.326,4069.409,86.667
49.258,4.403,7.698,2.528,58.162,4455.811,90.297
280.328,2.502,7.079,3.074,7.395,4420.446,89.881
59.943,1.337,7.911,1.438,35.457,4779.644,92.843
105.808,4.026,8.343,2.588,79.579,4462.134,90.033
86.094,9.224,6.416,2.663,49.789,4071.446,87.984
33.614,0.487,8.154,1.558,69.743,4778.964,92.238
335.665,9.91,8.122,1.237,64.411,4196.353,89.292
231.702,2.078,6.916,2.076,94.391,4375.47,88.434
415.527,4.088,6.729,0.675,85.958,4321.393,88.581
49.445,0.451,7.413,1.249,35.036,4799.103,92.776
72.366,5.848,6.681,3.791,50.272,4159.846,87.85
153.229,4.836,6.363,3.421,48.161,4179.52,87.764
382.933,6.667,8.383,1.908,28.616,4365.467,90.369
152.879,5.427,7.228,2.98,62.487,4252.066,88.524
204.209,3.982,7.181,4.232,26.793,4240.061,88.327
150.802,7.378,6.315,4.276,16.807,4026.017,87.305
40.112,0.25,7.26,3.445,11.919,4625.163,91.208
469.717,5.41,7.857,1.058,29.36,4415.792,90.487
274.269,1.139,6.62,1.233,47.849,4548.936,90.353
393.917,4.36,6.922,1.813,12.45,4371.106,89.895
329.179,7.911,6.447,3.518,67.903,3896.949,85.664
257.127,1.425,6.888,1.661,87.154,4448.566,89.042
44.839,9.358,8.153,2.59,43.282,4279.438,90.169
321.367,8.885,6.593,4.215,87.452,3757.939,84.37
77.685,4.149,6.074,4.513,15.947,4177.897,87.864
207.192,0.06,7.341,4.273,8.674,4482.779,89.759
314.557,7.897,7.449,1.024,81.572,4227.18,88.825
391.115,8.809,6.822,4.598,97.502,3691.379,83.581
342.523,1.747,7.604,3.579,34.722,4374.456,88.922
335.767,9.162,6.095,3.285,66.074,3822.894,85.317
74.521,9.141,6.851,1.614,65.797,4197.845,89.063
173.064,4.713,6.361,4.677,68.865,4008.534,85.811
21.456,7.98,6.575,0.578,57.655,4374.583,90.563
359.738,4.449,6.956,0.87,26.387,4453.533,90.606
476.293,5.64,7.234,1.192,9.002,4366.025,90.262
132.055,3.198,6.233,3.624,2.349,4330.29,89.239
43.848,1.595,6.253,3.303,18.85,4455.685,89.847
237.785,7.465,7.685,4.751,12.878,4075.489,87.866
428.349,0.014,7.01,2.07,4.784,4569.552,90.652
275.987,5.796,6.441,2.064,9.954,4290.026,89.539
23.389,8.647,6.587,3.513,5.828,4151.746,89.053
487.136,2.213,7.8,1.284,55.263,4486.911,89.98
414.325,3.329,6.129,2.588,6.658,4267.192,88.604
65.797,5.875,7.272,0.569,99.623,4444.354,90.21
460.899,2.469,6.901,3.164,50.673,4218.432,87.418
225.344,8.475,8.028,4.028,90.211,3983.154,86.472
185.949,3.666,7.975,1.417,49.293,4580.974,91.417
230.527,5.816,7.723,1.882,14.452,4449.099,91.091
417.286,2.261,6.962,1.093,84.223,4396.719,88.803
329.74,0.414,7.578,3.271,24.535,4496.122,89.84
29.624,1.737,7.6,3.038,5.005,4644.482,91.916
478.802,0.462,6.83,4.219,19.91,4258.852,87.528
73.892,4.686,8.2,4.867,60.35,4241.391,88.216
372.784,5.866,8.462,4.926,44.031,4085.801,87.178
318.068,0.447,6.786,0.982,17,4665.012,91.614
93.764,0.905,8.003,2.989,53.766,4601.74,90.751
85.366,4.855,7.252,4.053,95.352,4143.732,86.94
435.164,7.992,7.159,3.465,72.934,3906.33,85.731
209.847,6.28,6.966,4.536,7.855,4108.358,87.889
327.288,1.047,6.73,2.488,32.659,4442.916,89.417
252.036,8.875,8.299,2.422,69.547,4178.8,88.755
363.677,9.175,7.852,0.618,14.874,4353.142,91.135
239.621,3.25,7.102,0.57,54.327,4562.191,91.054
143.69,6.16,7.879,3.617,55.066,4236.215,88.66
181.692,4.923,7.796,2.622,9.756,4460.969,90.989
429.539,9.42,6.668,3.471,61.007,3811.936,85.335
234.017,5.087,6.44,1.572,90.107,4235.236,87.978
106.725,9.6,8.091,4.384,65.52,4006.298,87.288
467.303,1.993,8.029,4.563,91.633,4129.974,85.981
398.3,3.455,8.492,3.48,61.741,4305.781,88.477
27.833,7.813,6.048,1.75,75.428,4174.385,88.334
499.471,7.836,7.351,1.473,89.369,4067.547,87.133
347.463,7.322,7.753,3.315,46.871,4110.29,87.831
80.133,8.596,7.456,4.734,16.64,4069.132,88.104
118.584,7.025,7.776,3.102,12.81,4331.275,90.292
346.223,6.361,6.343,4.277,95.397,3824.681,84.201
389.881,4.589,6.004,3.044,55.146,4061.253,86.438
119.518,4.671,6.233,3.536,68.627,4139.131,87.106
128.484,4.062,6.95,3.055,61.567,4299.058,88.593
153.56,6.202,6.822,3.089,56.929,4172.576,88.017
299.009,4.067,8.185,3.827,56.382,4270.237,88.359
85.908,1.475,6.209,2.283,47.831,4480.208,89.766
52.122,1.065,7.107,4.568,88.557,4297.437,87.408
339.432,9.245,8.395,4.386,12.968,4042.996,88.074
389.549,0.247,7.257,3.764,71.869,4298.452,87.34
250.465,1.055,6.331,3.845,68.394,4233.803,86.97
181.916,4.453,6.728,2.36,7.177,4408.893,90.353
216.021,2.629,7.567,4.246,22.489,4347.61,89.04
194.204,4.058,6.03,4.697,78.983,3975.33,85.181
479.992,1.174,8.42,4.078,24.144,4387.201,88.983
384.045,1.309,7.417,1.099,58.196,4558.016,90.391
104.044,8.007,7.76,4.04,9.288,4201.129,89.32
192.095,7.591,7.247,2.591,23.065,4243.951,89.486
272.006,1.043,8.395,3.239,89.196,4449.045,88.911
306.493,6.678,7.473,4.96,36.818,3990.506,86.54
234.092,6.093,7.655,2.117,80.782,4270.521,88.725
405.063,7.134,8.152,2.068,48.368,4252.422,89.181
383.803,4.744,8.154,1.684,32.905,4452.044,90.615
252.579,2.7,6.07,1.072,57.09,4424.375,89.483
427.215,6.637,6.708,1.257,53.864,4191.973,88.372
375.545,3.714,6.616,2.814,98.493,4109.721,86.226
389.291,2.19,6.017,4.594,35.099,4067.932,85.985
478.2,4.086,8.192,4.145,65.716,4129.894,86.868
133.233,7.633,6.793,1.321,69.265,4260.382,89.201
133.824,4.758,6.867,3.028,63.007,4253.154,88.329
444.476,2.999,6.249,4.311,48.444,4024.731,85.662
386.113,8.319,8.474,2.928,78.564,4088.539,87.595
463.273,8.816,8.066,4.601,77.05,3819.86,85.073
31.565,4.333,7.43,4.585,95.945,4160.12,86.942
313.879,3.747,7.93,2.067,97.719,4346.551,88.612
72.314,6.127,7.943,4.433,22.31,4263.884,89.254
251.949,0.58,7.642,3.133,65.79,4464.339,89.159
77.873,6.913,6.435,2.659,85.791,4121.392,87.43
64.039,7.823,7.801,3.984,96.269,4065.959,87.044
6.084,3.974,7.424,4.053,15.132,4405.05,90.092
315.119,1.746,7.81,3.539,94.959,4292.292,87.497
179.511,0.288,7.359,4.149,23.321,4470.155,89.555
52.594,6.372,8.391,4.781,57.673,4200.678,88.342
161.419,2.69,7.568,4.429,65.775,4267.112,87.82
84.472,4.639,7.434,0.834,88.072,4509.681,90.608
470.847,3.864,8.107,4.325,80.564,4088.455,86.238
160.002,1.749,6.948,4.017,93.518,4238.642,86.976
166.977,5.084,6.789,4.67,78.95,4016.343,85.899
419.929,4.596,7.258,3.828,34.535,4134.155,87.375
323.878,6.241,7.461,4.45,18.706,4089.658,87.582
355.086,2.519,6.551,0.546,16.41,4564.217,91.234
318.001,2.146,7.706,4.9,9.666,4294.906,88.496
473.098,8.143,8.006,1.359,93.308,4134.349,87.853
103.5,7.022,7.443,4.389,49.134,4104.313,87.658
494.52,7.722,7.307,4.683,96.571,3735.911,83.71
415.478,1.233,6.737,0.51,77.714,4497.849,89.571
294.486,2.24,8.274,4.612,95.424,4216.129,86.879
331.186,5.755,7.886,4.231,86.988,4038.144,86.238
324.413,8.572,7.201,4.651,58.75,3846.679,85.451
29.198,8.921,7.648,1.296,23.357,4427.808,91.721
109.008,8.319,6.842,3.998,26.151,4061.611,87.85
480.735,0.434,6.15,2.694,37.766,4307.986,87.832
267.182,8.209,6.51,1.66,3.405,4234.18,89.77
189.177,8.991,6.199,3.903,67.017,3851.427,85.541
381.019,0.567,7.27,2.63,55.962,4433.272,88.943
262.259,4.163,7.555,4.549,11.002,4239.294,88.532
6.581,5.366,6.951,3.698,82.663,4188.36,87.667
368.119,2.328,7.325,1.126,82.445,4454.599,89.42
366.109,5.167,6.214,1.628,12.738,4291.641,89.339
82.574,8.86,7.925,1.69,21.185,4396.814,91.414
478.33,8.669,6.082,2.048,25.788,3979.16,87.135
111.954,9.398,7.586,3.499,53.039,4076.73,88.056
228.875,4.841,7.083,4.524,94.547,4010.301,85.61
57.368,4.106,6.46,3.172,66.863,4261.093,88.174
301.641,6.658,7.308,3.883,68.428,4021.883,86.532
187.726,4.168,7.952,1.925,29.848,4540.767,91.359
176.587,0.419,7.034,2.851,62.79,4483.425,89.332
413.488,7.199,6.919,2.769,21.919,4104.528,87.986
4.781,2.81,6.356,3.655,71.393,4284.47,87.974
398.973,0.491,7.486,2.831,24.251,4493.031,89.835
285.724,0.206,8.07,2.004,2.384,4748.648,92.524
493.049,9.314,7.403,1.598,52.845,4062.681,87.892
294.722,2.521,6.413,1.646,30.502,4442.252,89.874
27.69,4.479,7.653,4.914,63.268,4209.579,87.807
25.323,9.506,6.075,2.109,74.86,4059.001,87.693
441.576,4.675,8.095,4.13,81.565,4078.865,86.376
420.607,0.786,8.304,0.821,98.166,4602.318,90.277
172.945,5.519,7.493,0.903,56.002,4484.47,90.94
309.016,0.882,8.204,3.588,48.765,4465.539,89.432
244.796,0.951,6.211,2.557,25.311,4444.819,89.48
483.582,8.515,6.571,4.462,74.939,3693.457,83.74
474.98,2.894,6.793,4.38,48.788,4061.539,85.996
491.92,6.787,7.933,3.9,33.378,4051.195,87.214
433.224,5.089,7.211,4.169,43.777,4045.539,86.544
454.776,2.223,6.871,4.417,37.679,4131.452,86.605
108.639,5.178,6.395,4.026,97.872,4027.935,85.854
415.503,0.69,8.027,2.871,23.409,4526.493,90.238
354.429,3.472,6.051,1.691,42.038,4301.099,88.632
481.393,5.228,6.843,4.043,31.422,4015.036,86.405
285.631,2.284,6.607,1.93,17.992,4474.729,90.253
42.584,6.602,6.323,1.602,30.648,4359.402,90.268
298.699,0.518,6.43,1.273,49.442,4541.619,90.077
343.29,4.848,7.234,3.322,63.53,4150.105,87.32
110.161,7.15,7.065,1.591,62.07,4310.679,89.631
197.057,4.299,7.296,2.187,77.495,4342.429,88.939
299.252,8.746,7.819,3.691,8.056,4109.795,88.641
187.053,6.322,8.231,4.072,32.122,4241.993,88.995
187.474,9.585,6.296,1.916,35.906,4093.176,88.448
66.543,2.841,6.207,4.293,69.529,4177.019,86.927
470.373,9.388,6.801,0.761,21.543,4156.341,89.164
375.247,6.068,7.366,4.936,22.216,4007.466,86.673
0.622,7.452,6.25,2.376,10.425,4293.627,90.068
382.807,9.022,7.79,1.962,53.796,4132.718,88.496
369.897,5.512,7.39,4.657,72.95,3966.923,85.593
4.865,8.622,7.871,1.096,70.067,4403.882,90.925
184.802,5.417,6.895,2.11,74.537,4266.146,88.541
303.374,5.992,7.003,2.115,17.788,4301.907,89.639
226.375,4.451,8.019,2.41,59.069,4407.055,89.815
388.993,1.456,6.668,4.318,10.239,4247.206,87.807
212.729,5.535,6.954,4.322,96.701,3986.614,85.56
76.931,9.774,6.034,3.162,11.404,4037.139,88.19
488.208,7.872,7.388,4.963,87.883,3729.076,83.773
121.02,7.475,8.129,4.299,4.8,4239.135,89.586
358.846,6.433,6.07,3.565,53.582,3942.249,85.817
71.578,3.479,7.534,1.398,85.423,4533.102,90.521
164.506,1.696,8.114,2.974,63.827,4519.268,90.063
221.014,2.246,7.235,1.463,49.888,4554.666,90.721
96.116,0.063,6.783,1.857,13.61,4714.072,92.024
224.98,6.735,8.491,3.586,66.264,4208.748,88.445
78.581,8.119,6.162,1.33,60.631,4216.728,88.997
279.503,2.689,6.526,0.909,46.407,4494.706,90.29
331.857,0.919,8.213,2.892,24.259,4571.745,90.75
31.217,3.357,6.743,0.504,22.791,4694.844,92.728
435.566,2.921,8.05,3.24,97.031,4223.079,87.137
92.57,4.509,6.833,4.556,96.541,4062.892,86.016
112.681,2.641,8.03,1.356,93.76,4591.475,90.769
330.675,3.397,7.714,2.222,52.083,4409.815,89.597
234.376,9.076,7.171,4.624,98.839,3786.122,84.595
249.698,3.348,7.307,3.667,30.446,4310.837,88.808
64.077,7.855,6.444,1.109,43.262,4322.203,90.146
402.868,6.258,6.29,2.219,18.259,4156.205,88.257
308.527,3.375,7.792,3.902,46.947,4272.112,88.264
67.691,8.178,8.121,3.492,19.318,4281.618,90.076
187,5.951,7.805,1.2,7.558,4554.293,92.253
405.205,0.086,8.282,0.781,1.988,4839.211,93.398
284.178,0.687,8.225,3.567,38.468,4512.382,89.945
54.324,7.526,7.945,3.241,89.863,4187.279,88.232
186.389,4.465,8.245,0.767,44.302,4642.766,92.324
121.347,4.055,6.418,4.887,64.916,4059.881,86.166
258.733,1.458,7.828,1.636,81.972,4553.02,90.148
421.681,1.573,7.884,2.237,55.742,4463.725,89.552
218.134,7.978,6.385,1.299,56.756,4187.119,88.697
216.671,8.29,8.274,4.228,52.889,4075.94,87.718
452.675,5.6,6.022,4.832,13.384,3885.935,85.406
288.093,2.951,7.087,1.46,63.93,4443.194,89.678
283.096,9.327,6.054,1.774,72.594,3974.857,86.821
130.955,6.24,7.308,3.679,1.028,4283.394,89.696
303.861,7.966,7.03,2.876,9.251,4146.734,88.765
287.955,0.033,7.558,0.973,54.627,4703.613,91.5
198.426,4.503,7.916,4.679,84.056,4131.249,86.823
495.348,8.709,7.921,3.25,53.779,3976.419,86.839
440.945,3.382,7.806,1.856,44.019,4417.361,89.748
374.793,7.266,6.255,2.704,93.742,3916.902,85.411
268.673,6.577,7.044,2.751,8.554,4248.967,89.377
231.03,1.522,8.04,2.864,14.682,4596.562,91.275
92.449,7.749,7.636,2.738,68.829,4218.454,88.821
152.869,1.125,7.703,3.028,11.774,4611.205,91.332
386.98,7.279,6.567,2.27,14.378,4143.519,88.475
226.874,9.91,6.813,1.158,87.321,4081.928,87.919
441.135,9.58,8.39,3.491,21.809,4046.714,88.123
73.956,8.002,8.117,4.066,62.621,4142.772,88.202
254.174,5.345,6.412,4.285,40.279,4037.868,86.579
323.483,6.748,7.362,0.599,14.536,4448.07,91.36
258.424,7.281,7.226,2.321,39.223,4218.834,88.98
444.613,0.084,7.109,4.903,42.208,4209.694,86.7
494.782,1.024,7.177,0.782,63.235,4514.456,89.819
57.917,5.971,7.607,4.035,16.196,4297.344,89.603
64.977,0.065,8.418,1.068,4.698,4989.885,94.871
65.162,9.089,8.188,4.211,60.993,4088.724,88.004
340.589,4.897,8.188,3.525,7.475,4336.206,89.756
186.338,2.578,7.758,3.763,16.233,4445.061,90.062
366.657,3.938,6.044,4.898,98.166,3838.032,83.58
202.736,8.508,7.101,4.728,3.254,4004.084,87.561
313.803,9.272,7.278,1.87,64.585,4091.145,88.047
384.929,1.162,8.106,2.188,14.744,4611.706,91.318
274.108,7.78,8.307,2.332,82.297,4206.851,88.579
269.752,5.782,7.129,1.313,58.595,4340.449,89.553
44.117,5.855,6.751,2.215,47.775,4343.245,89.711
205.391,7.795,6.843,4.906,46.58,3908.195,85.955
272.889,2.228,7.447,2.703,67.423,4391.649,88.911
230.99,5.31,6.687,4.787,84.03,3940.996,85.163
450.391,3.194,8.277,0.822,1.686,4657.285,92.514
453.265,0.945,7.047,0.677,3.005,4657.086,91.824
410.959,1.051,8.475,3.089,27.973,4524.653,90.282
187.649,1.365,6.274,3.813,74.088,4235.828,87.027
358.65,6.149,6.47,1.479,20.184,4271.97,89.363
197.644,1.058,7.279,2.765,41.266,4517.116,90.076
116.297,5.701,8.171,4.428,51.252,4228.549,88.483
171.451,5.883,6.885,3.928,37.921,4139.997,87.786
35.482,9.039,8.094,1.543,46.999,4391.363,91.155
165.889,6.264,7.064,2.005,80.076,4249.566,88.574
230.371,9.856,8.132,1.876,23.691,4270.281,90.423
477.74,0.31,6.694,3.738,33.347,4274.519,87.505
156.705,7.041,7.18,4.857,53.131,3995.603,86.537
451.227,0.265,6.697,1.76,86.644,4381.506,88.028
114.429,7.294,6.538,3.147,21.318,4174.531,88.72
95.484,3.859,7.053,4.949,52.951,4163.866,87.267
259.498,6.113,6.837,1.209,87.702,4251.96,88.477
336.256,3.095,7.968,3.466,12.138,4403.027,89.838
22.166,1.591,7.869,1.994,72.422,4652.035,91.273
110.533,7.235,6.896,4.963,23.149,4030.066,87.24
227.842,9.046,8.481,0.989,18.187,4446.516,91.997
165.502,1.836,8.435,2.531,24.399,4667.054,91.977
356.311,9.207,8.295,1.647,50.784,4224.646,89.501
255.58,1.402,7.466,0.643,60.736,4663.016,91.443
80.18,7.357,7.031,4.836,20.231,4071.077,87.715
447.233,9.594,6.783,3.057,12.084,3945.071,87.208
146.453,1.474,6.038,3.654,45.814,4299.864,87.983
365.566,4.351,7.58,3.291,6.682,4315.136,89.39
389.958,3.375,7.383,1.168,54.355,4449.06,89.959
481.579,3.885,7.575,1.268,68.604,4358.479,89.064
249.254,7.531,7.44,3.319,94.633,4021.625,86.529
307.918,6.612,6.344,4.009,15.151,4018.659,87.019
167.438,9.687,7.738,3.25,43.898,4093.005,88.397
339.09,1.855,6.901,3.067,26.414,4368.328,88.976
231.692,5.433,7.291,3.857,22.572,4210.77,88.512
218.826,4.491,6.914,1.596,52.433,4392.948,89.753
427.734,9.189,6.055,3.792,15.201,3822.563,85.83
25.084,0.106,8.191,2.35,2.526,4861.185,93.618
440.981,9.892,6.372,3.533,17.051,3834.682,86.144
426.035,4.797,7.455,1.736,34.216,4350.604,89.603
253.183,6.255,8.208,1.119,2.086,4565.389,92.51
245.101,3.601,6.553,0.631,85.856,4417.921,89.401
180.904,8.525,7.03,4.116,58.774,3957.178,86.542
497.087,5.62,6.944,1.386,3.689,4318.882,89.838
55.585,6.628,6.223,2.136,23.633,4302.283,89.775
295.108,6.489,7.059,3.96,66.768,4004.351,86.323
340.841,3.64,7.199,2.526,3.964,4406.948,90.122
467.165,0.76,6.066,1.479,38.32,4410.535,88.95
390.102,8.077,7.22,1.376,10.57,4264.349,89.961
321.924,2.897,6.235,2.336,39.768,4304.53,88.517
58.406,8.489,8.231,3.043,96.834,4171.45,88.293
186.867,6.086,7.625,2.266,46.046,4346.135,89.827
69.421,3.537,6.141,4.571,61.756,4121.976,86.663
440.606,5.942,8.068,0.517,41.436,4454.737,90.916
374.811,6.455,6.904,2.309,32.187,4184.969,88.464
378.768,7.067,6.564,3.843,61.451,3906.5,85.571
326.128,8.223,6.635,4.509,62.452,3813.441,84.977
253.522,1.598,7.494,2.113,61.918,4507.675,89.937
74.986,9.441,6.204,3.531,3.655,4050.398,88.3
164.847,4.108,6.147,3.112,69.957,4175.772,87.291
68.458,8.605,7.569,1.407,67.908,4315.919,90.061
362.457,2.205,8.455,3.564,7.943,4481.698,90.399
80.114,0.29,7.209,1.623,19.826,4764.328,92.532
351.057,5.733,7.033,4.028,52.515,4033.332,86.528
346.128,3.247,8.368,4.397,36.717,4288.313,88.49
229.652,9.845,6.602,2.653,58.026,3971.849,87.092
67.614,1.045,6.601,0.744,76.281,4647.184,91.022
157.4,0.473,8.263,3.818,55.258,4531.603,89.905
160.047,0.45,7.617,2.602,46.439,4606.076,90.731
350.193,2.169,6.134,0.925,27.101,4483.177,90.211
56.872,5.792,7.685,1.99,61.934,4427.584,90.394
414.534,5.056,8.05,1.808,82.895,4298.381,88.672
380.504,3.501,6.685,3.769,26.978,4172.382,87.504
93.153,0.888,6.957,2.408,79.026,4505.868,89.535
359.582,2.337,6.494,3.142,42.343,4253.902,87.817
334.257,1.841,7.583,2.755,12.074,4499.492,90.427
374.06,7.457,7.66,3.759,91.153,3947.964,85.805
94.464,7.799,6.171,3.731,68.482,3969.842,86.353
78.795,7.77,7.694,2.52,84.26,4221.047,88.699
118.242,9.69,7.646,1.108,65.836,4278.536,90.034
182.936,8.842,6.088,2.335,13.23,4115.193,88.672
396.832,4.978,7.388,1.221,54.62,4360.222,89.549
368.962,4.149,7.535,4.816,63.729,4052.456,86.132
462.726,9.158,7.075,4.776,26.86,3787.006,85.349
29.315,6.112,8.253,2.555,63.459,4422.633,90.425
5.778,2.944,6.821,0.624,57.112,4655.347,91.866
349.569,5.645,6.168,2.186,3.137,4234.914,89.011
139.644,9.921,7.68,4.528,88.373,3872.528,85.818
167.039,8.495,7.513,1.796,53.851,4255.738,89.567
273.401,2.813,8.473,3.299,58.853,4422.328,89.479
51.207,9.53,6.578,1.328,15.982,4291.011,90.609
321.347,9.815,6.989,4.213,80.595,3764.956,84.788
162.574,2.312,7.153,4.514,53.616,4259.839,87.756
316.358,8.956,8.154,3.268,9.766,4163.067,89.22
417.003,8.832,7.036,3.307,70.391,3882.064,85.766
85.556,0.398,7.93,2.204,49.404,4711.222,91.737
465.437,6.697,6.392,3.682,34.131,3935.219,86.02
265.344,3.053,7.024,2.653,92.237,4267.353,87.667
461.464,6.746,6.387,3.855,82.307,3820.624,84.407
103.865,9.136,8.374,4.858,5.237,4132.404,89.012
302.281,4.988,6.444,4.201,70.164,3983.512,85.63
201.944,4.144,7.048,2.828,18.041,4377.708,89.84
387.111,9.215,6.206,4.905,2.651,3770.442,85.443
302.954,9.741,8.303,3.232,22.645,4123.334,88.929
247.258,0.622,7.56,0.792,5.728,4810.56,93.235
456.493,9.228,8.406,3.787,64.185,3943.908,86.566
188.559,0.828,6.106,4.19,75.988,4203.9,86.527
109.99,3.373,6.437,1.107,18.636,4572.156,91.547
304.051,7.626,6.95,3.557,21.726,4062.568,87.696
312.014,7.77,7.553,4.644,14.272,4017.858,87.367
219.547,7.258,6.824,1.631,56.674,4233.204,88.943
243.305,0.391,7.78,3.133,49.444,4524.617,89.869
479.777,1.33,6.413,1.736,1.609,4458.128,89.964
366.343,9.362,7.502,3.985,37.594,3925.209,86.685
55.301,0.815,6.995,3.113,9.717,4600.38,91.151
106.065,0.785,7.271,2.426,58.32,4575.481,90.407
487.788,8.356,7.424,0.63,47.905,4221.837,89.246
363.233,6.413,6.15,4.752,46.43,3844.705,84.907
457.523,3.517,8.31,2.74,73.778,4304.877,88.366
151.931,1.657,7.965,4.118,46.477,4432.898,89.361
370.933,8.842,7.106,2.264,49.132,4058.446,87.746
357.001,9.885,7.369,4.321,63.631,3804.74,85.377
147.345,0.5,6.081,1.22,30.834,4625.79,91.099
275.408,5.541,7.245,1.542,93.803,4267.948,88.404
313.708,2.613,7.066,2,28.866,4461.315,90.108
240.566,8.324,6.936,0.899,91.464,4184.349,88.426
413.589,3.461,8.038,2.497,81.554,4311.169,88.334
416.435,7.146,6.455,2.687,90.718,3929.846,85.535
425.3,5.395,6.441,1.017,19.145,4321.716,89.644
401.712,5.415,7.304,2.422,23.895,4268.817,89.074
244.042,8.58,7.718,1.388,84.934,4212.114,88.846
190.719,4.704,6.056,4.438,95.76,3939.683,84.85
415.688,8.456,7.365,2.792,75.568,3975.499,86.536
245.101,3.634,6.747,4.784,64.163,4063.701,86.086
123.186,1.748,7.892,2.036,81.131,4574.33,90.456
253.672,4.555,7.172,2.036,5.118,4448.779,90.803
70.925,4.984,8.085,2.024,85.58,4450.298,90.142
345.815,4.784,6.992,1.707,28.832,4358.754,89.734
167.961,8.083,8.068,4.029,6.609,4202.502,89.384
130.329,5.647,7.791,1.772,68.478,4417.433,90.184
478.254,8.884,8.071,1.796,75.526,4093.058,87.841
388.44,5.142,8.031,0.711,63.091,4454.507,90.457
393.535,2.247,7.216,4.844,35.664,4156.726,86.885
311.861,1.295,6.92,4.488,12.603,4297.305,88.236
419.586,8.684,7.913,1.816,77.13,4111.422,87.948
379.581,0.562,6.904,2.843,5.688,4476.781,89.879
299.387,1.176,6.223,2.672,76.21,4294.196,87.533
480.562,0.637,8.147,0.895,95.787,4561.559,89.849
95.797,4.237,6.993,2.89,99.685,4251.126,87.786
471.69,5.326,6.332,1.01,40.234,4249.533,88.691
200.719,0.199,7.616,2.453,11.758,4682.467,91.767
264.199,5.156,8.224,0.895,10.359,4622.321,92.666
61.37,3.938,8.152,3.15,49.662,4473.341,90.418
270.054,7.736,7.386,0.721,79.384,4285.941,89.387
305.603,8.3,6.22,3.328,5.74,4009.965,87.532
498.851,6.85,7.742,3.682,17.664,4078.665,87.665
487.596,4.735,7.522,3.069,59.273,4146.227,87.29
483.199,2.161,6.525,2.613,9.46,4322.673,88.781
174.194,8.471,8.251,0.774,87.963,4361.198,90.274
495.633,3.417,6.217,0.551,50.807,4346.293,88.98
227.739,3.563,6.933,2.041,39.297,4418.556,89.861
425.918,9.16,6.236,3.971,2.31,3850.985,86.235
108.16,9.756,8.28,3.413,12.186,4220.461,90.01
252.917,8.981,6.088,1.064,82.933,4061.079,87.476
483.006,9.982,7.064,3.596,70.197,3765.853,84.951
473.516,8.689,8.154,3.087,3.018,4129.484,88.871
341.867,7.044,6.628,1.25,97.423,4119.861,87.337
398.907,2.938,6.263,3.899,35.972,4118.06,86.702
88.213,9.53,6.318,4.236,61.033,3865.463,85.903
360.829,8.766,7.012,1.547,72.538,4082.78,87.732
309.025,2.407,7.071,3.361,95.695,4204.72,86.812
45.776,4.892,7.795,2.202,89.153,4413.585,89.712
56.58,0.701,6.595,0.763,60.144,4699.569,91.604
54.222,9.533,7.755,4.376,14.796,4104.494,88.757
362.178,5.728,8.497,4.193,84.657,4093.621,86.808
70.858,2.452,8.161,1.931,81.859,4601.242,90.929
233.866,2.924,7.589,2.892,64.275,4378.033,89.015
178.491,9.807,8.35,2.806,98.934,4076.97,87.722
275.252,6.156,8.478,1.299,53.301,4465.885,90.973
353.238,4.207,7.426,1.156,22.16,4495.735,90.998
342.361,4.998,6.684,4.299,26.123,4065.138,86.89
257.76,0.986,8.287,4.403,41.254,4427.771,89.161
232.167,0.75,8.11,3.763,42.848,4495.427,89.751
198.908,5.927,6.212,0.827,83.284,4276.032,88.706
430.955,5.12,8.341,4.591,88.808,4025.885,85.907
165.426,3.592,6.916,4.913,38.891,4160.144,87.29
129.683,5.661,6.805,3.99,94.585,4044.427,86.197
371.658,0.727,6.858,2.09,92.88,4368.854,87.978
179.882,9.44,6.8,2.326,41.647,4102.176,88.437
423.499,2.937,7.29,4.413,86.939,4055.186,85.564
163.944,0.718,7.449,1.761,12.169,4726.66,92.36
350.972,1.695,7.064,1.138,51.612,4529.11,90.283
22.555,0.955,7.031,4.203,71.555,4380.759,88.378
192.781,1.786,7.843,1.37,35.211,4691.213,92.096
171.615,4.168,6.008,4.583,3.286,4141.715,87.635
408.339,7.381,8.367,3.181,6.491,4232.488,89.474
483.528,2.723,7.786,2.999,89.562,4221.631,87.138
230.441,4.359,7.768,3.991,52.331,4239.881,88.183
412.418,9.288,7.055,0.574,16.077,4245.339,90.079
349.847,2.958,8.414,3.711,90.31,4266.9,87.653
483.693,7.947,6.001,3.193,94.276,3753,83.971
405.554,1.578,6.191,2.857,33.281,4285.172,87.992
38.739,1.783,8.01,1.478,59.013,4726.664,92.211
356.641,4.562,7.847,4.232,33.254,4188.525,87.921
267.75,2.341,6.678,1.628,72.801,4408.518,89.059
8.218,9.03,7.487,2.704,94.845,4132.979,88.09
125.656,0.508,7.33,1.211,3.758,4816.157,93.276
460.878,5.973,7.318,4.882,47.616,3919.302,85.509
463.031,6.042,7.489,1.375,80.108,4217.504,88.187
399.425,0.66,8.484,4.114,69.228,4365.804,88.164
490.89,7.326,8.468,1.684,19.041,4328.641,90.294
403.273,4.689,8.454,1.652,39.827,4464.462,90.653
5.102,7.231,7.372,2.398,47.36,4338.594,90.082
143.917,8.269,6.795,4.306,74.752,3913.967,85.873
15.312,3.229,7.4,3.594,46.451,4418.619,89.69
47.054,4.845,7.557,4.422,32.085,4283.497,88.968
109.42,2.608,6.779,0.712,42.085,4637.353,91.735
251.779,2.015,7.582,4.801,96.722,4158.042,86.218
423.766,0.006,7.555,0.847,5.63,4747.346,92.419
430.983,9.636,8.259,3.745,34.046,3985.99,87.41
308.101,4.409,6.594,1.432,20.6,4400.459,90.121
464.088,0.131,7.744,4.284,40.65,4326.144,87.894
250.031,0.089,7.127,4.381,58.99,4327.164,87.709
444.518,2.884,6.325,2.981,20.234,4227.513,87.938
227.033,0.139,6.79,2.313,43.223,4540.823,90.018
138.613,3.745,6.143,4.07,82.957,4084.824,86.142
458.206,0.629,6.798,4.433,64.57,4146.806,86.011
193.968,0.393,6.173,3.822,68.245,4281.937,87.255
251.702,6.694,8.314,4.581,94.096,4024.515,86.312
164.43,9.068,6.254,3.319,41.487,3974.887,87.055
331.419,4.094,8.043,3.517,99.803,4182.614,87.056
497.516,8.368,8.265,3.073,38.822,4074.406,87.866
12.757,0.293,7.169,2.697,19.086,4688.062,91.778
449.924,7.777,6.135,3.447,80.941,3793.104,84.455
1.963,0.628,7.489,3.025,51.487,4611.071,90.784
182.114,8.384,6.587,3.791,35.15,3999.058,87.154
84.303,8.824,6.442,4.704,25.386,3939.652,86.79
378.671,7.86,7.417,2.179,82.328,4076.842,87.303
25.305,8.207,6.891,2.35,56.836,4217.371,89.068
276.742,5.615,7.826,0.568,62.817,4481.082,90.867
147.463,2.649,7.478,2.872,46.764,4460.944,89.936
66.835,6.432,8.073,1.091,22.232,4598.707,92.694
385.909,4.395,6.146,3.722,34.421,4060.829,86.583
108.708,0.053,6.587,4.008,13.742,4473.409,89.613
111.838,4.768,7.417,3.752,34.778,4302.627,89.109
137.538,6.512,8.201,2.96,91.357,4247.039,88.51
293.383,0.139,8.034,2.904,57.911,4543.504,89.898
329.833,6.214,7.699,3.409,5.574,4242.189,89.23
8.801,6.525,7.435,2.996,76.651,4259.934,88.79
120.935,1.581,7.579,3.876,76.998,4376.716,88.471
215.485,4.311,6.534,4.525,76.19,4025.205,85.783
165.988,9.643,7.488,2.913,62.037,4068.306,87.956
442.085,8.842,7.234,0.997,4.12,4252.41,90.135
393.854,4.108,6.961,1.09,38.881,4407.043,89.914
312.945,3.498,8.219,2.192,33.202,4504.969,90.767
169.021,1.241,8.074,2.733,3.092,4681.286,92.154
350.336,0.352,6.192,1.513,9.481,4556.187,90.573
421.819,2.975,8.464,2.537,42.622,4447.81,89.944
297.415,9.403,6.575,1.111,88.196,4051.175,87.451
392.231,9.586,6.538,1.584,96.212,3927.615,86.19
374.552,8.125,8.36,3.803,74.599,4012.938,86.821
285.869,3.508,7.112,4.935,23.337,4152.673,87.346
156.092,1.436,8.013,1.338,92.25,4633.19,90.84
372.891,5.955,6.721,2.026,97.82,4089.605,86.704
103.398,6.465,8.183,2.078,43.594,4448.343,90.987
389.744,4.246,8.081,1.505,52.668,4445.085,90.198
402.273,6.916,7.299,1.418,35.254,4270.575,89.428
411.072,7.467,7.763,1.093,85.353,4217.419,88.561
236.458,7.831,8.41,4.584,30.471,4111.924,88.164
96.24,5.023,7.13,3.422,11.762,4348,89.869
49.862,7.916,7.236,1.807,46.144,4329.801,90.211
371.681,0.255,7.807,1.661,17.784,4680.413,91.703
443.131,6.804,6.966,3.154,43.664,4032.135,86.926
325.419,2.356,8.403,3.638,58.957,4378.116,88.898
72.08,2.705,6.101,1.639,80.458,4414.04,89.147
467.448,0.913,7.008,2.062,69.507,4376.233,88.341
494.551,1.924,7.785,1.808,74.117,4405.982,88.896
216.689,9.92,7.073,0.895,59.461,4194.605,89.327
297.413,4.154,6.648,2.239,9.055,4366.362,89.819
388.614,9.278,7.034,2.901,88.123,3878.803,85.69
368.195,1.629,8.204,3.449,70.116,4369.684,88.484
483.894,2.041,7.368,2.375,79.199,4296.846,87.789
57.442,5.578,6.838,4.925,94.152,3995.33,85.685
290.362,3.495,7.679,3.316,96.845,4222.616,87.306
345.966,6.439,7.53,4.49,96.385,3916.287,85.131
445.049,4.22,7.401,4.622,27.689,4088.991,86.879
437.055,8.116,6.978,4.196,85.311,3783.212,84.414
489,4.316,6.181,1.715,95.908,4094.462,86.28
256.039,5.723,7.552,2.441,70.926,4255.063,88.558
415.38,3.211,7.049,0.502,71.876,4442.794,89.672
213.641,7.04,7.072,2.531,88.536,4118.146,87.408
211.157,6.547,6.585,1.822,29.467,4284.451,89.514
126.674,3.97,6.624,1.004,19.995,4560.175,91.593
409.119,2.76,7.969,4.274,44.259,4238.407,87.77
492.908,6.141,7.198,3.531,95.038,3923.208,85.124
128.171,9.432,6.273,4.996,6.986,3878.094,86.541
28.066,1.326,6.115,2.743,44.809,4467.216,89.622
407.771,7.991,6.562,1.988,69.389,4015.139,86.855
310.115,5.43,7.219,1.687,65.476,4295.64,88.931
479.849,5.256,7.543,2.459,81.18,4143.335,87.198
126.12,9.617,6.359,1.894,27.691,4147.193,89.08
35.514,6.059,7.085,4.958,24.161,4143.606,88.012
246.221,8.305,6.181,1.323,82.917,4081.677,87.479
42.733,5.145,6.094,0.586,82.746,4406.727,89.783
130.895,2.499,8.158,1.085,25.634,4765.695,93.15
62.989,6.945,7.646,4.512,44.587,4145.481,88.092
112.066,9.232,7.953,3.623,45.716,4123.957,88.552
53.072,8.412,6.455,4.028,51.814,3991.903,86.925
476.953,1.984,6.805,1.942,83.805,4281.058,87.568
139.281,3.169,7.109,3.302,60.735,4331.175,88.655
221.949,5.169,7.645,3.686,52.303,4221.934,88.247
449.306,5.716,7.337,1.969,29.659,4267.051,89.089
338.661,1.938,7.379,3.76,5,4385.589,89.387
309.019,2.3,6.392,3.333,91.893,4152.588,86.297
352.782,7.588,7.187,1.833,71.905,4135.776,87.915
414.411,7.303,8.059,0.738,8.366,4443.068,91.538
438.835,8.392,7.274,1.57,30.457,4170.39,88.917
321.32,9.329,6.499,3.288,65.057,3863.905,85.787
445.004,3.083,7.033,3.196,21.703,4263.747,88.345
267.699,8.596,7.887,2.784,11.404,4223.806,89.703
138.645,6.66,6.337,1.632,55.482,4257.292,89.016
440.038,9.578,7.451,2.5,33.575,4029.02,87.828
270.736,2.721,8.413,1.148,82.946,4589.211,90.879
453.069,2.697,6.951,3.481,95.121,4095.392,85.812
20.084,7.043,6.109,4.411,59.179,3989.243,86.414
198.758,9.284,7.583,2.587,71.577,4092.88,87.998
473.903,8.246,6.118,1.458,98.359,3919.979,85.69
124.825,7.27,6.479,4.225,23.369,4052.682,87.474
470.768,3.873,6.121,1.909,90.581,4111.012,86.366
476.951,7.178,6.427,3.173,56.375,3915.268,85.742
441.071,8.011,8.137,0.839,19.576,4369.557,90.903
281.834,7.533,7.837,3.731,29.628,4133.826,88.302
323.47,6.768,6.855,2.573,69.12,4089.78,87.237
434.808,0.471,8.243,2.405,92.275,4458.257,88.801
387.949,6.597,7.663,4.707,12.778,4046.231,87.314
315.047,4.783,7.119,2.712,64.286,4215.523,87.947
491.13,9.616,6.171,0.575,38.312,4056.572,88.067
342.838,6.072,7.827,4.819,32.848,4060.051,87.094
487.741,6.082,6.939,0.555,18.824,4352.753,90.164
28.694,9.941,6.757,2.911,88.928,3995.336,87.046
69.48,0.936,6.721,3.351,37.061,4481.293,89.723
225.729,2.763,6.019,4.525,44.885,4108.616,86.466
192.44,6.561,7.857,3.556,21.531,4262.695,89.38
391.367,3.152,6.363,4.15,61.177,4045.663,85.791
80.307,3.462,7.302,3.965,44.58,4331.308,88.906
488.048,8.926,6.04,1.461,20.107,4027.369,87.751
157.533,5.794,7.57,3.652,31.738,4259.841,89.019
214.462,1.029,6.924,3.369,39.726,4417.346,89.085
137.373,3.109,7.577,1.598,8.621,4656.54,92.412
289.682,0.761,6.225,1.077,6.134,4619.586,91.363
29.314,5.561,6.666,3.882,99.256,4087.111,86.547
74.839,1.733,6.276,4.87,92.844,4130.829,85.9
372.899,8.571,7.615,3.823,59.722,3944.765,86.422
93.25,5.773,6.271,3.873,25.233,4154.139,88.021
117.757,0.594,7.543,1.25,24.009,4792.674,92.865
396.491,3.009,6.337,1.612,44.612,4334.59,88.802
46.651,6.163,8.358,3.136,39.229,4412.293,90.58
218.737,3.355,7.041,0.641,73.57,4515.694,90.428
11.532,5.132,6.316,3.506,41.304,4236.12,88.488
173.404,9.094,6.105,1.152,95.582,4062.741,87.4
349.491,3.5,6.824,2.36,26.038,4344.488,89.235
45.052,3.359,8.228,1.941,3.638,4731.024,93.281
444.167,8.198,6.36,0.979,60.727,4084.632,87.698
454.75,3.188,7.977,3.104,98.805,4202.897,86.997
52.495,0.78,7.043,2.126,85.29,4555.975,89.941
495.366,1.809,8.007,0.698,1.516,4689.751,92.425
148.765,9.488,8.186,2.5,57.945,4203.911,89.306
42.051,9.333,8.495,3.156,45.925,4254.315,89.884
2.534,2.248,6.17,1.087,77.068,4540.554,90.309
204.261,5.535,7.991,3.132,26.019,4354.908,89.949
314.905,1.374,6.174,1.859,25.131,4455.114,89.712
166.09,6.747,6.787,1.668,32.354,4326.765,89.968
418.359,1.853,7.616,4.08,25.37,4301.018,88.312
358.303,0.498,7.118,2.605,3.172,4540.948,90.527
175.081,8.249,7.413,2.201,63.191,4194.878,88.792
367.155,3.254,8.415,4.159,61.663,4256.085,87.92
470.244,1.085,8.047,4.597,85.327,4184.973,86.322
46.548,8.339,6.909,1.918,70.077,4218.75,88.988
153.052,7.624,7.5,0.727,64.446,4390.69,90.55
231.663,6.838,6.121,2.933,23.977,4113.133,87.943
248.995,9.112,7.132,3.718,74.273,3912.738,86.118
271.098,4.892,7.521,3.145,85.682,4186.066,87.472
150.313,1.281,7.787,3.596,44.947,4489.976,89.834
333.63,0.613,8.254,3.41,54.51,4477.845,89.417
322.542,3.184,6.708,4.802,78.649,4012.777,85.297
288.911,0.868,8.255,4.397,47.097,4403.816,88.828
56.881,5.355,7.654,1.093,66.985,4525.885,91.196
238.484,0.145,6.194,2.537,22.268,4494.713,89.768
178.113,4.438,6.951,2.546,58.841,4311.817,88.861
245.519,1.785,7.191,2.554,4.681,4542.448,90.913
460.933,3.683,6.881,4.688,21.688,4061.328,86.501
240.266,6.75,6.29,1.972,92.166,4089.765,87.001
6.99,3.51,7.379,3.264,59.927,4412.643,89.58
219.418,3.413,6.329,4.533,46.095,4107.028,86.633
410.324,9.908,8.288,0.727,52.675,4250.126,89.947
390.03,7.188,8.163,4.453,1.003,4114.536,88.292
256.695,5.139,7.188,3.942,46.5,4146.293,87.54
124.885,5.794,6.169,1.435,15.254,4390.756,90.493
232.544,6.202,7.381,1.965,85.955,4243.297,88.434
281.851,0.246,7.481,1.898,41.939,4621.204,90.866
499.936,0.803,8.221,1.496,23.969,4634.48,91.346
322.089,6.492,6.169,3.373,51.673,3990.559,86.336
347.132,3.645,7.73,4.923,37.206,4150.541,87.227
245.727,0.554,7.407,1.25,46.544,4672.052,91.421
177.245,2.975,6.437,1.545,72.849,4406.131,89.225
406.476,1.303,6.304,1.807,51.414,4378.558,88.662
247.466,9.163,7.735,4.719,91.58,3836.53,85.198
497.345,2.029,6.85,3.316,26.426,4250.349,87.848
228.56,1.437,8.5,1.457,33.28,4751.598,92.614
34,6.262,8.235,4.118,77.977,4225.667,88.355
341.289,5.219,7.414,4.653,78.555,3987.425,85.654
23.321,5.759,7.604,2.315,97.683,4333.892,89.09
125.251,4.359,6.397,1.278,63.211,4404.933,89.725
176.869,4.672,8.235,1.895,57.81,4496.4,90.787
369.742,7.788,7.147,1.477,59.296,4174.17,88.485
247.118,2.199,7.303,1.406,36.771,4582.634,91.118
14.323,3.965,8.183,1.269,39.111,4707.779,92.876
308.425,9.578,6.016,4.442,28.706,3766.805,85.254
205.718,1.9,7.236,0.886,60.091,4616.903,91.138
460.917,2.938,7.567,2.36,84.184,4274.971,87.789
249.781,1.916,6.398,0.566,63.715,4535.093,90.288
354.488,0.205,6.171,1.82,47.786,4451.984,89.103
109.434,2.698,7.337,3.681,7.299,4461.382,90.35
380.487,0.465,7.369,1.413,25.518,4631.093,91.195
360.478,1.547,6.826,4.994,84.657,4056.24,85.18
452.041,3.627,8.206,0.717,40.225,4561.012,91.296
16.911,0.207,6.753,1.114,88.671,4667.695,90.852
223.75,7.53,7.291,4.041,25.028,4086.614,87.875
339.578,7.956,6.467,4.892,57.996,3773.903,84.546
47.582,4.114,6.028,4.793,96.41,4001.166,85.282
205.302,9.847,7.065,4.092,56.128,3890.06,86.293
471.073,6.79,7.317,4.878,21.683,3925.493,86.075
217.967,7.437,7.912,4.284,23.725,4134.518,88.339
492.702,1.923,7.122,0.761,16.611,4560.358,91.014
28.42,8.374,6.697,4.305,3.102,4100.016,88.481
358.915,9.45,7.511,2.677,69.55,3992.277,87.062
290.508,2.363,6.953,2.555,78.525,4319.295,88.117
250.27,6.865,6.584,0.511,82.205,4274.441,88.982
485.424,7.469,8.276,3.291,8.299,4165.692,88.815
64.825,3.052,7.342,3.522,94.284,4308.383,88.056
447.999,4.75,6.501,4.058,62.228,3958.337,85.386
345.62,0.975,7.677,1.967,9.746,4629.976,91.495
129.498,1.731,8.008,1.077,9.404,4823.005,93.655
450.835,0.616,7.896,2.479,51.47,4482.558,89.496
214.647,5.602,7.499,2.13,25.185,4399.078,90.419
407.114,6.253,7.299,3.889,24.67,4075.467,87.384
194.418,9.161,7.943,1.532,2.165,4381.485,91.542
425.465,5.422,7.77,1.122,48.752,4383.524,89.974
318.315,2.606,7.429,2.481,9.573,4486.177,90.548
70.523,0.595,7.644,3.326,8.6,4649.637,91.589
324.832,8.85,6.422,1.764,16.706,4127.403,88.762
95.672,4.789,6.05,1.015,2.055,4512.113,91.537
205.961,7.373,8.328,2.476,11.247,4391.047,91.01
85.148,0.146,8.338,4.828,59.84,4481.398,89.26
11.008,4.881,7.97,4.853,26.413,4309.301,89.293
105.943,3.257,6.931,3.689,7.813,4392.708,89.826
268.186,0.303,6.377,3.997,14.413,4359.884,88.546
240.78,7.757,6.893,1.416,5.271,4328.985,90.564
250.749,5.129,7.816,2.186,77.919,4325.301,89.013
123.843,3.332,6.838,3.221,56.587,4319.974,88.633
342.581,8.058,7.99,3.877,47.939,4041.223,87.35
352.132,4.469,7.683,1.25,87.454,4368.837,89.155
178.984,0.035,7.575,2.559,8.886,4692.55,91.847
440.585,9.444,8.326,1.232,4.68,4307.444,90.861
322.012,2.557,8.234,3.35,42.985,4413.525,89.472
356.52,8.306,7.779,3.975,27.138,4032.62,87.547
138.67,8.164,6.498,4.25,48.106,3951.068,86.479
0.306,1.624,8.347,3.796,90.44,4492.948,89.512
432.688,4.74,6.568,1.216,45.18,4291.461,88.885
411.212,0.402,6.931,4.228,17.949,4308.757,88.029
61.596,3.546,8.067,2.005,79.985,4538.164,90.645
187.053,7.31,6.522,4.261,39.49,3988.073,86.679
330.67,2.371,7.597,1.629,75.75,4461.377,89.567
326.055,1.171,7.145,2.641,14.998,4498.805,90.189
430.175,5.071,7.56,3.095,34.379,4209.145,88.269
70.134,5.37,8.395,0.656,3.238,4763.852,94.217
214.97,6.758,8.021,4.567,24.308,4151.413,88.299
48.612,7.591,6.74,2.802,65.054,4159.777,88.225
194.798,6.958,6.143,1.364,30.021,4272.554,89.513
7.554,8.454,8.418,1.224,14.782,4563.349,93.022
449.137,2.229,7.463,3.589,6.568,4338.189,88.985
263.522,5.698,6.433,0.868,60.673,4318.506,89.288
424.901,3.601,7.568,2.479,8.632,4399.095,89.985
29.952,9.621,6.106,2.931,80.081,3961.235,86.698
113.729,4.403,6.469,1.549,36.361,4442.245,90.38
129.69,9.597,7.582,1.081,31.189,4342.937,90.997
193.346,7.691,7.006,2.708,62.855,4122.886,87.908
401.433,7.185,6.813,2.031,56.105,4105.966,87.654
193.279,4.916,7.639,1.131,98.771,4410.801,89.595
102.327,4.434,8.166,1.447,6.072,4686.935,93.139
32.495,5.265,7.696,2.619,85.286,4357.632,89.303
39.746,2.936,7.159,1.099,60.348,4618.602,91.463
380.024,9.045,7.647,4.713,88.379,3774.437,84.574
222.401,7.943,7.739,3.99,69.697,4027.197,86.958
363.091,8.014,7.938,1.965,76.473,4162.073,88.26
341.144,4.332,6.768,1.663,78.883,4265.587,88.166
67.681,0.711,6.286,4.434,2.5,4410.79,89.296
71.444,6.831,7.705,2.421,83.991,4283.11,89.04
377.671,3.744,6.303,4.382,68.258,3979.49,85.236
360.634,8.704,7.155,3.841,94.791,3826.284,84.926
189.015,7.803,6.577,0.915,14.186,4353.173,90.731
38.711,1.453,6.83,4.161,92.236,4290.404,87.418
6.049,6.017,7.177,2.929,85.593,4249.641,88.446
144.078,6.922,8.24,3.549,23.407,4304.164,89.884
4.611,5.681,7.701,1.486,13.283,4608.614,92.658
115.036,5.14,6.429,0.501,63.233,4451.783,90.428
209.75,2.279,8.199,2.002,67.92,4565.056,90.655
60.708,2.359,7.251,1.358,71.381,4598.284,90.977
52.139,7.68,6.511,2.458,84.71,4125.723,87.714
448.219,0.187,7.319,0.909,56.114,4595.273,90.448
292.735,7.789,6.477,4.528,29.112,3900.914,86.055
467.228,5.268,6.918,1.034,85.849,4219.693,87.919
172.913,9.362,8.014,3.939,43.906,4065.118,88.021
338.572,9.973,7.647,4.727,44.027,3835.958,85.911
102.346,6.635,7.195,1.167,49.756,4420.356,90.696
309.17,4.123,6.566,2.059,83.72,4222.542,87.625
64.793,4.751,6.705,3.79,97.107,4127.411,86.728
1.04,2.042,8.446,3.715,17.939,4634.546,91.779
465.766,0.992,6.857,0.668,13.092,4610.222,91.269
277.447,5.788,7.54,0.818,29.493,4485.127,91.293
463.47,8.055,7.249,1.041,90.52,4105.351,87.565
166.916,2.618,6.058,3.056,53.284,4279.257,88.045
163.893,4.197,8.362,0.748,1.56,4766.506,93.908
200.328,5.548,6.22,3.148,58.61,4112.427,87.202
353.02,9.079,7.647,2.041,55.347,4119.416,88.364
282.904,1.386,8.028,3.512,8.903,4522.947,90.556
462.677,2.369,7.872,4.019,15.747,4303.989,88.593
12.72,9.185,8.023,4.061,10.21,4210.137,89.755
354.098,0.395,7.849,0.669,52.594,4715.989,91.753
165.164,6.561,7.114,4.762,53.567,4017.381,86.606
90.117,6.395,8.241,3.14,46.554,4352.149,89.975
255.198,3.833,8.281,4.531,45.647,4264.526,88.339
252.532,4.682,7.092,3.268,58.464,4205.146,87.871
68.506,8.549,7.212,2.679,66.553,4158.523,88.484
100.948,1.65,7.214,3.784,96.414,4317.24,87.703
204.082,2.316,6.697,1.487,54.968,4493.225,90.077
204.406,5.124,6.287,0.965,27.303,4419.298,90.457
158.779,4.097,6.655,0.907,97.485,4395.538,89.21
74.273,5.744,8.11,4.321,11.471,4331.651,89.925
2.187,9.208,7.358,4.606,31.954,4049.744,87.94
485.118,9.171,8.125,4.165,90.34,3814.273,84.991
471.75,2.3,7.863,4.57,94.443,4089.526,85.641
241.825,3.021,6.872,4.931,64.856,4092.308,86.181
497.526,1.621,6.463,2.867,2.448,4324.909,88.711
336.827,9.278,7.418,1.192,44.815,4200.621,89.341
34.429,3.979,8.34,3.236,93.343,4407.565,89.336
58.859,4.497,8.099,2.093,89.08,4468.159,90.14
458.055,8.026,7.91,2.059,89.484,4075.741,87.27
315.026,5.13,7.91,3.775,30.091,4239.347,88.631
421.592,1.198,7.319,0.908,82.657,4505.158,89.584
449.135,4.378,6.424,0.669,67.559,4296.883,88.607
223.971,6.305,6.714,3.629,89.477,4002.312,86.02
24.263,7.192,7.445,1.673,64.153,4377.102,90.287
94.14,6.454,6.791,2.235,38.14,4309.587,89.651
33.286,1.192,7.954,1.884,63.806,4703.112,91.751
94.37,3.043,6.933,3.267,36.426,4394.416,89.493
205.266,7.336,6.285,1.195,1.247,4337.032,90.559
59.098,8.802,7.956,3.743,81.86,4088.007,87.702
83.367,0.472,7.745,4.662,85.087,4372.864,88.019
222.911,0.422,6.633,4.262,75.06,4254.351,86.92
170.085,6.434,8.453,4.582,23.522,4233.323,89.028
233.829,5.48,7.008,4.717,14.453,4109.271,87.592
214.586,1.553,7.701,2.176,17.824,4631.955,91.607
322.239,5.483,8.276,4.081,50.597,4183.069,87.97
468.595,9.745,6.39,2.727,27.162,3890.463,86.556
53.932,6.309,8.198,1.714,87.953,4430.035,90.314
49.63,4.491,7.76,3.861,54.893,4330.71,89.106
426.403,8.275,6.419,1.599,45.566,4063.933,87.666
253.198,2.128,7.661,0.993,87.287,4559.213,90.358
383.203,4.143,8.186,3.671,9.026,4334.748,89.5
107.711,5.278,7.998,1.794,87.227,4428.16,89.993
414.431,5.045,7.902,1.877,80.411,4282.181,88.531
461.923,9.21,6.403,4.465,69.021,3664.338,83.716
317.742,2.927,6.477,1.11,11.989,4507.481,90.833
52.94,0.565,7.369,3.942,6.187,4575.653,90.864
447.647,9.164,7.45,2.238,17.445,4104.339,88.618
396.244,2.171,8.359,4.519,27.76,4321.876,88.592
375.439,3.79,7.172,2.482,62.007,4267.768,88.195
18.364,5.309,6.756,2.341,8.953,4449.031,90.993
399.481,9.759,6.477,2.434,19.121,3978.331,87.52
68.976,5.353,6.135,4.27,20.841,4142.777,87.825
111.193,4.477,6.172,0.547,67.4,4448.167,90.151
288.567,5.836,7.435,3.672,35.271,4169.708,88.095
132.49,9.708,6.441,1.424,28.25,4193.557,89.565
330.674,8.179,8.129,4.47,3.88,4083.878,88.254
304.035,1.69,7.491,2.192,10.341,4572.767,91.131
54.075,8.033,8.162,2.025,55.423,4374.178,90.597
328.007,8.411,7.069,3.707,63.701,3924.229,86.129
461.977,6.907,7.489,3.751,74.483,3948.54,85.813
80.555,6.572,7.314,3.352,50.251,4226.791,88.737
298.531,4.409,8.467,1.984,27.633,4523.285,91.279
170.933,6.417,7.992,3.247,29.952,4308.328,89.709
229.806,7.376,7.489,0.744,65.432,4359.876,90.157
143.5,1.228,7.516,4.798,43.213,4352.229,88.459
177.065,2.573,6.622,2.537,16.679,4457.924,90.184
14.456,1.941,7.837,1.87,1.385,4789.635,93.465
490.776,8.412,8.457,4.374,26.74,3988.885,87.145
312.4,6.8,6.324,1.959,75.8,4088.678,87.169
250.353,4.508,7.593,4.987,66.808,4076.405,86.448
191.858,8.261,7.295,3.608,10.661,4138.422,88.756
269.687,7.168,8.126,3.423,44.973,4187.113,88.572
190.053,9.136,6,1.183,15.316,4199.22,89.58
179.954,0.768,6.341,3.244,47.821,4385.686,88.609
231.973,5.092,6.093,1.198,11.958,4394.982,90.358
137.992,7.067,6.407,4.026,68.265,3979.212,86.23
90.025,2.075,7.77,1.123,58.813,4698.318,92.018
278.303,3.271,6.349,2.115,26.643,4367.443,89.389
421.383,4.19,7.556,2.645,99.25,4172.374,86.988
76.414,7.943,8.171,4.123,59.275,4150.794,88.298
16.367,4.936,6.087,3.347,27.605,4263.732,88.842
123.406,4.929,6.067,3.866,36.417,4139.14,87.506
489.86,4.309,8.475,1.598,91.7,4343.899,88.815
414.379,2.286,7.683,1.568,21.116,4547.834,90.953
297.933,9.231,6.352,2.213,21.173,4061.046,88.168
464.624,3.178,6.767,0.584,57.486,4412.082,89.499
222.64,5.675,8.463,4.238,33.882,4259.618,88.96
491.64,1.488,6.568,2.165,31.114,4357.879,88.714
148.151,4.342,7.882,0.804,41.621,4633.369,92.22
120.153,9.038,6.603,4.425,83.281,3839.259,85.271
319.024,9.955,6.996,4.855,84.26,3688.33,84.027
189.077,3.618,8.202,3.41,66.921,4369.957,89.116
313.183,1.54,6.071,2.105,58.152,4346.754,88.348
152.498,3.145,6.768,2.362,2.547,4502.049,90.938
308.959,3.272,7.218,1.653,56.945,4424.537,89.658
137.873,6.445,7.564,3.701,95.455,4104.199,87.021
25.486,4.962,6.071,2.102,83.895,4268.216,88.332
456.068,7.685,7.027,0.646,15.297,4295.191,90.104
441.603,7.013,6.861,0.708,97.424,4148.999,87.62
485.399,2.513,6.067,3.266,22.447,4166.832,87.198
358.264,7.843,6.888,1.807,13.258,4210.394,89.324
341.361,8.475,8.329,1.259,29.605,4353.435,90.781
279.502,5.984,6.687,2.986,14.973,4201.201,88.657
62.971,9.277,7.464,1.753,23.243,4329.295,90.844
94.618,7.829,6.745,0.83,31.572,4389.597,90.929
144.735,5.954,6.267,1.371,59.487,4300.515,89.196
445.078,9.062,6.724,4.001,61.765,3773.221,84.833
86.485,6.004,7.177,4.334,53.909,4133.044,87.592
461.437,5.212,6.741,4.425,30.519,3979.234,86.051
261.393,3.563,7.56,2.907,95.387,4265.768,87.773
357.785,8.829,8.373,4.779,30.383,3978.254,87.127
55.122,1.227,6.173,1.183,40.702,4628.738,91.249
134.517,4.735,7.793,3.553,42.804,4334.372,89.336
479.259,5.374,6.003,3.669,3.222,4018.615,86.766
133.075,5.547,6.003,0.739,43.45,4395.511,90.185
148.261,6.519,6.332,1.771,34.496,4287.06,89.481
98.799,5.058,7.2,4.771,8,4224.614,88.684
64.537,2.568,6.12,3.916,81.303,4197.154,86.929
116.629,8.569,7.805,0.746,71.46,4376.219,90.618
321.163,6.575,6.073,2.934,29.062,4066.496,87.347
227.684,8.582,7.239,3.419,26.8,4085.442,88.161
276.878,2.76,7.69,4.879,90.568,4123.541,86.158
61.182,6.371,6.594,3.724,19.724,4198.424,88.698
401.058,7.142,7.448,3.374,87.495,3974.823,86.016
392.047,3.834,6.654,4.588,8.703,4101.475,87.078
10.795,8.122,6.535,3.474,84.115,4026.352,86.859
191.758,0.025,8.046,4.695,54.623,4428.763,88.749
34.385,5.949,6.832,2.717,77.81,4241.207,88.419
396.053,6.136,8.035,3.734,10.201,4204.929,88.788
368.635,5.338,6.542,3.343,42.583,4083.532,87.011
450.994,6.3,6.89,2.986,45.583,4058.641,87.021
118.202,1.672,6.257,1.958,52.016,4483.076,89.812
228.148,6.848,7.241,4.567,63.152,3984.656,86.269
92.244,3.358,6.954,1.715,39.55,4530.763,90.919
185.617,4.521,6.015,1.217,45.296,4370.336,89.607
261.122,3.331,7.162,3.704,37.656,4273.363,88.356
26.665,4.739,6.186,2.959,70.167,4232.02,88.04
357.435,6.216,8.092,1.683,90.933,4269.584,88.651
271.647,8.383,7.234,4.416,12.317,4002.155,87.413
414.48,4.834,7.725,1.788,29.463,4385.835,90.014
135.89,3.232,8.053,0.787,22.755,4751.515,93.257
451.661,4.879,6.128,0.569,93.997,4198.084,87.505
499.347,6.888,6.843,4.653,59.852,3805.235,84.52
459.649,3.467,6.063,2.31,15.146,4241.832,88.307
388.946,4.143,6.124,1.461,40.395,4283.933,88.678
406.184,5.628,6.095,3.052,47.895,4023.959,86.449
286.872,2.94,7.195,2.695,62.675,4334.137,88.597
95.077,2.091,7.127,4.999,22.314,4316.032,88.564
338.52,1.404,6.153,4.498,50.701,4124.624,86.16
356.377,3.526,6.656,1.72,80.35,4278.403,88.038
492.693,0.483,6.611,3.64,66.339,4193.959,86.421
270.651,5.835,6.742,2.242,11.316,4300.226,89.64
135.685,1.759,7.602,2.14,91.317,4507.763,89.692
341.836,3.774,7.743,2.152,34.517,4430.419,90.091
489.688,2.692,6.848,3.377,43.03,4181.588,87.193
88.607,6.304,7.971,2.921,69.545,4306.376,89.259
162.999,8.503,7.045,3.898,46.665,4014.69,87.231
270.94,6.333,7.306,1.188,59.211,4341.213,89.72
85.107,5.425,6.364,2.414,48.297,4284.546,88.99
11.11,6.691,6.582,4.371,31.472,4118.037,87.873
168.492,0.3,7.819,0.514,44.653,4841.918,93.063
432.685,1.228,8.443,3.306,31.847,4472.23,89.772
21.734,0.949,7.762,4.036,45.415,4523.42,90.065
214.465,0.982,6.135,2.227,21.049,4492.386,90.008
381.1,2.605,6.357,4.476,7.008,4153.289,87.244
476.591,5.321,7.114,3.811,70.179,3985.704,85.751
492.738,1.147,7.831,3.227,13.467,4429.777,89.507
210.985,9.351,6.415,1.392,82.407,4064.375,87.625
475.192,8.543,7.877,3.515,37.029,3997.377,87.166
17.709,9.716,7.39,4.252,25.643,4067.8,88.337
372.958,0.425,7.936,3.785,41.568,4424.311,88.955
321.373,8.514,7.394,3.087,15.812,4112.712,88.523
124.761,8.037,7.506,3.716,85.052,4044.719,87.008
253.659,9.021,6.622,4.896,17.508,3859.688,86.128
64.777,5.279,7.8,0.549,49.888,4629.048,92.375
435.799,7.879,8.11,3.488,17.038,4116.316,88.356
178.949,0.513,8.178,4.068,5.525,4584.809,90.947
313.022,0.759,6.074,3.375,79.975,4215.462,86.582
79.388,1.185,7.561,1.729,56.183,4671.932,91.513
103.082,9.148,8.474,4.202,8.733,4200.742,89.664
495.978,0.612,7.467,4.61,89.398,4128.375,85.573
376.543,1.001,6.428,3.576,39.865,4267.165,87.573
480.986,9.304,8.194,2.8,43.184,4047.375,87.833
147.926,1.074,6.661,2.148,49.993,4523.587,90.058
82.281,8.698,6.113,1.985,23.239,4190.232,89.279
251.534,7.893,7.076,3.755,55.527,4000.721,86.82
247.334,0.403,6.251,3.232,25.747,4406.561,88.929
87.473,0.218,6.288,1.206,83.766,4586.036,90.088
366.61,5.344,7.158,1.135,82.79,4286.25,88.638
180.889,9.972,7.532,0.82,48.231,4285.682,90.366
93.183,8.788,8.263,3.576,53.649,4175.464,88.855
165.992,3.1,7.763,1.915,99.294,4448.252,89.42
281.829,3.863,8.107,0.591,79.741,4557.991,90.941
363.235,3.879,7.029,2.02,7.227,4410.96,90.201
240.945,7.342,6.796,4.245,18.088,4031.458,87.336
262.797,3.411,7.482,1.614,60.014,4464.769,90.071
69.473,1.478,7.739,3.351,37.796,4554.551,90.611
457.345,7.471,7.421,2.479,80.591,4030.802,86.743
464.362,4.58,6.661,2.97,64.464,4079.01,86.519
341.713,0.768,6.924,3.181,99.078,4266.931,86.909
8.816,7.901,7.121,2.547,2.276,4353.426,90.882
268.537,5.853,6.035,0.76,44.4,4311.779,89.43
314.609,4.894,8.2,3.055,41.343,4329.82,89.353
497.327,6.733,7.279,2.289,43.988,4125.655,87.837
498.033,5.054,7.878,1.399,88.636,4268.839,88.318
428.806,6.484,6.43,4.534,41.194,3868.549,85.219
31.915,8.675,7.392,3.812,79.835,4048.558,87.29
476.638,6.135,8.315,1.778,63.632,4281.363,89.018
306.331,6.596,6.536,2.925,49.284,4079.504,87.281
400.443,6.139,6.865,4.834,69.591,3856.732,84.713
203.596,5.312,6.971,1.605,23.679,4421.876,90.576
159.835,1.72,6.958,4.763,15.087,4323.425,88.599
231.622,3.357,7.502,3.575,96.751,4215.492,87.194
73.437,6.931,6.984,2.934,39.761,4242.271,89.104
178.533,4.255,7.685,4.924,31.067,4211.932,88.085
428.809,4.061,7.211,2.002,27.268,4348.965,89.435
18.975,7.593,6.394,1.752,62.609,4249.863,89.15
75.439,0.056,8.371,2.028,99.647,4694.527,90.966
62.558,6.79,6.599,3.879,89.594,4022.029,86.361
201.538,4.892,7.406,2.017,40.645,4412.291,90.184
498.493,3.768,6.152,0.962,89.634,4202.034,87.254
86.679,3.405,8.297,3.399,46.253,4483.602,90.395
72.741,1.729,8.32,1.503,11.821,4835.206,93.752
457.528,3.343,6.911,0.519,19.599,4504.176,90.849
441.025,3.914,6.302,1.396,25.056,4324.291,89.167
16.12,4.374,7.925,4.186,91.855,4263.387,88.028
375.853,6.723,6.656,4.731,97.919,3772.536,83.763
327.733,4.536,7.752,3.479,23.484,4289.656,89.022
383.87,7.963,8.288,1.897,40.902,4267.185,89.652
247.251,6.397,7.476,2.464,98.173,4161.295,87.55
495.69,1.896,8.153,1.375,84.872,4465.374,89.374
21.924,2.772,6.562,4.464,44.841,4270.582,88.089
117.186,0.792,8.276,3.495,45.81,4588.259,90.662
198.273,9.457,6.567,0.88,87.982,4120.713,88.164
224.889,8.866,6.565,2.151,3.905,4177.8,89.399
460.684,0.848,8.2,2.921,93.137,4368.843,88.011
280.002,5.741,7.387,4.088,9.847,4183.194,88.456
22.555,9.604,7.999,4.642,90.242,3963.671,86.615
203.931,7.471,8.006,1.097,7.342,4500.697,92.175
208.245,4.918,7.617,4.256,96.941,4092.279,86.429
482.745,2.411,6.473,0.796,1.847,4502.048,90.725
299.599,2.79,7.73,1.582,96.528,4432.43,89.196
317.826,7.362,6.159,0.595,7.151,4315.12,90.288
356.627,7.806,6.502,0.787,13.39,4276.062,89.968
385.02,5.287,7.607,0.646,96.33,4346.623,89.089
317.526,1.209,8.27,1.157,79.385,4633.242,90.901
118.597,9.339,7.929,4.444,84.141,3953.97,86.5
437.023,8.448,6.831,1.777,43.717,4077.065,87.868
366.06,1.405,8.059,2.659,8.939,4568.876,91.021
370.935,0.567,8.416,2.692,15.741,4627.133,91.284
498.278,5.359,6.83,4.979,92.447,3783.153,83.515
401.263,2.841,6.467,2.141,39.059,4311.783,88.58
414.576,2.832,6.494,1.693,75.812,4279.547,87.887
475.703,0.872,7.001,4.835,69.325,4096.508,85.533
75.567,9.534,6.131,3.166,47.906,3986.156,87.243
248.864,8.302,7.219,1.803,86.199,4129.76,87.926
290.284,1.138,7.831,1.794,65.796,4570.055,90.384
164.638,8.766,7.326,0.889,74.241,4274.651,89.634
419.702,6.83,8.425,3.006,83.852,4122.889,87.439
381.21,3.254,7.154,3.757,23.042,4240.357,88.149
360.442,8.713,6.033,2.636,30.034,3963.779,86.951
498.575,5.98,7.175,4.48,75.796,3869.644,84.733
129.691,8.487,8.325,2.678,83.091,4209.324,88.808
367.729,4.693,6.24,2.059,60.165,4179.276,87.599
275.702,5.007,6.557,1.629,99.336,4206.041,87.569
156.495,2.91,7.789,1.595,87.924,4519.808,90.192
80.293,3.877,6.735,1.924,80.252,4386.596,89.227
447.942,5.678,7.913,4.964,25.29,4036.495,86.815
297.728,9.471,7.048,2.124,33.969,4102.127,88.523
412.467,6.001,7.99,2.861,36.713,4233.229,88.766
272.672,1.474,7.379,1.736,10.192,4633.87,91.679
109.989,0.07,6.206,1.146,73.413,4600.708,90.294
168.774,8.51,6.965,3.406,41.807,4062.414,87.759
190.769,3.643,6.833,2.953,62.479,4285.457,88.323
486.467,3.15,8.025,0.805,71.236,4478.81,90.021
2.817,8.007,7.562,4.473,1.828,4203.536,89.419
492.833,9.454,7.944,2.785,5.734,4085.314,88.632
490.231,7.48,6.93,2.009,34.175,4104.655,87.949
498.075,1.738,7.729,4.007,65.899,4204.464,86.907
238.294,3.914,6.163,1.004,48.347,4404.338,89.734
481.904,7.594,6.092,2.632,93.95,3837.428,84.713
197.8,9.069,6.719,2.969,26.432,4069.693,88.153
13.147,9.986,7.934,3.988,11.283,4166.178,89.545
112.174,5.116,7.335,2.166,12.321,4480.402,91.215
472.648,8.225,7.022,4.347,23.279,3873.327,85.968
6.882,0.466,8.242,3.64,24.386,4684.676,91.743
272.997,2.858,7.243,3.97,38.515,4270.915,88.181
37.801,3.715,7.533,4.861,56.844,4248.916,88.035
143.198,9.755,8.465,4.301,25.67,4105.618,88.726
44.046,0.034,7.306,2.061,52.021,4696.781,91.458
429.764,3.08,7.959,3.406,48.303,4289.761,88.339
295.535,9.304,7.035,4.409,31.599,3886.409,86.339
451.053,3.067,6.091,2.863,43.972,4155.972,87.04
344.177,2.251,8.086,3.573,38.952,4388.833,89.174
485.515,7.301,8.361,1.275,95.055,4210.673,88.346
254.939,7.453,7.086,4.172,7.818,4075.658,87.914
319.355,4.722,7.259,3.909,76.93,4085.426,86.501
288.154,9.469,7.06,4.5,31.632,3875.233,86.277
242.13,2.027,8.492,3.696,19.354,4518.532,90.6
422.98,9.134,8.258,4.446,87.199,3838.639,85.255
322.263,7.555,6.103,1.23,47.484,4153.424,88.326
400.656,3.682,7.948,4.161,51.504,4191.174,87.501
393.182,8.069,7.502,4.788,42.164,3887,85.869
95.523,1.332,6.063,4.17,41.048,4292.849,87.918
325.082,1.31,7.112,3.269,69.592,4317.108,87.868
99.824,9.299,6.374,4.669,76.181,3803.26,85.061
291.66,0.948,8.183,0.925,79.116,4674.29,91.236
338.717,0.041,6.032,0.576,52.995,4568.197,90.164
498.618,3.89,8.183,4.844,70.498,4049.063,85.953
15.271,1.039,8.352,3.574,77.983,4562.331,90.155
45.621,8.63,6.182,1.014,68.649,4225.243,89.155
38.513,9.227,7.8,2.03,20.171,4356.008,91.126
199.181,4.824,7.372,3.87,71.466,4166.527,87.398
410.794,4.255,8.386,3.877,65.167,4202.428,87.649
422.028,5.39,7.995,1.265,10.526,4471.456,91.226
368.49,2.262,7.736,2.616,64.974,4384.746,88.876
448.439,2.98,8.314,4.133,87.634,4169.617,86.714
161.43,1.01,6.401,4.851,41.911,4240.003,87.284
44.077,4.465,6.94,3.302,14.222,4390.127,90.098
29.077,6.117,8.107,3.372,61.453,4330.285,89.523
426.066,9.302,6.254,2.612,24.659,3936.725,86.911
365.218,7.391,8.339,2.926,54.96,4179.22,88.46
349.308,7.231,7.863,0.945,67.257,4321.069,89.707
169.838,3.08,7.098,2.073,51.518,4460.564,90.014
189.953,8.883,6.847,2.783,31.55,4104.175,88.391
479.057,9.47,6.369,1.737,85.847,3878.46,85.767
31.902,9.323,6.234,2.119,14.456,4200.5,89.657
386.866,0.388,7.059,4.87,5.237,4295.551,88.02
154.817,6.044,8.108,0.523,83.045,4512.759,91.11
19.527,6.432,7.33,1.862,4.383,4506.631,91.952
371.285,2.951,7.128,3.128,49.232,4268.369,88.077
165.456,9.924,6.798,1.755,54.245,4116.802,88.603
361.074,2.912,6.392,3.544,34.498,4189.701,87.426
353.827,2.166,8.475,1.847,28.31,4621.012,91.577
267.393,4.841,6.064,3.372,74.286,4044.898,86.159
388.687,3.231,6.78,4.324,37.268,4115.062,86.747
290.519,9.24,7.923,3.464,13.249,4112.183,88.761
143.318,4.401,7.301,0.724,46.855,4572.284,91.575
367.058,4.101,6.785,4.078,72.911,4036.192,85.863
294.57,6.259,8.482,1.458,31.504,4479.201,91.355
6.364,0.811,7.548,3.357,14.078,4647.241,91.575
450.822,7.567,6.738,3.41,34.77,3959.442,86.517
272.822,7.684,8.12,4.117,55.001,4069.693,87.452
434.314,4.74,6.375,2.776,11.071,4183.608,88.147
441.368,9.557,7.159,2.192,24.22,4049.738,88.122
222.483,5.793,8.099,2.831,97.112,4231.649,88.083
253.83,6.952,8.459,2.956,21.212,4333.367,90.207
207.877,9.243,6.958,4.197,7.288,3995.386,87.654
224.718,6.663,6.345,1.423,43.784,4259.146,89.153
447.574,4.318,7.417,4.311,8.309,4154.34,87.756
394.072,0.248,8.36,2.146,2.342,4707.325,92.124
63.263,7.283,7.664,3.847,2.534,4280.817,89.968
305.154,9.649,7.505,2.011,30.348,4153.763,89.129
497.953,4.702,6.773,3.69,8.306,4107.619,87.404
297.775,3.398,7.516,4.096,20.097,4282.989,88.648
392.936,5.193,8.212,3.011,65.177,4233.588,88.242
384.531,7.284,6.939,3.288,29.547,4049.508,87.385
175.159,0.007,6.605,3.685,57.974,4388.15,88.304
185.925,8.872,7.202,3.598,41.72,4040.44,87.649
362.038,8.864,6.94,3.773,88.588,3815.333,84.927
249.992,5.413,7.175,4.324,69.946,4049.592,86.42
285.285,1.224,6.239,1.492,85.398,4400.071,88.514
356.453,6.718,6.841,1.466,52.37,4218.554,88.677
388.788,1.378,8.066,4.868,78.338,4199.836,86.629
135.758,5.075,7.001,4.331,61.942,4121.449,87.118
73.397,0.936,8.42,3.163,74.649,4592.895,90.463
145.897,5.891,7.772,0.537,68.776,4518.498,91.264
253.769,3.181,6.915,4.346,30.751,4209.448,87.741
171.071,8.31,6.629,3.882,13.416,4046.834,87.827
284.181,7.999,7.713,4.804,80.836,3887.236,85.464
26.733,9.985,6.756,0.559,8.656,4389.773,91.807
254.875,2.575,8.317,0.628,60.912,4690.874,92.072
183.992,0.618,6.291,2.829,98.889,4325.556,87.452
267.333,4.43,6.072,4.352,19.087,4078.62,86.924
211.267,0.834,6.553,4.961,74.605,4162.619,86.13
142.113,1.785,7.517,1.94,95.363,4506.612,89.648
452.054,5.973,8.087,0.664,50.053,4417.594,90.467
92.382,5.921,6.425,1.38,57.728,4346.841,89.668
340.683,0.433,7.462,4.447,37.399,4334.724,88.103
462.322,4.429,6.36,2.599,44.735,4134.053,87.222
269.335,5.302,7.408,4.34,63.38,4080.269,86.76
438.204,2.68,6.045,2.498,87.274,4127.125,86.203
62.426,8.72,7.395,0.74,95.281,4307.63,89.74
246.894,1.611,7.304,3.279,54.779,4388.98,88.825
228.513,2.539,6.107,2.461,78.444,4266.561,87.643
4.059,1.57,7.724,2.711,73.911,4572.896,90.461
221.629,1.165,7.431,4.77,25.455,4346.029,88.555
184.515,8.79,7.558,2.557,46.724,4174.895,88.919
334.899,2.779,7.324,4.084,68.668,4180.291,86.95
469.165,7.225,7.805,0.765,13.76,4380.623,90.836
42.896,4.28,7.313,2.656,88.513,4353.218,88.931
163.738,6.359,8.306,3.14,40.852,4335.045,89.85
222.032,9.282,8.359,1.01,45.896,4368.027,91.006
227.593,8.446,7.817,1.86,87.105,4185.355,88.516
387.405,0.69,8.279,3.828,18.054,4480.82,89.835
221.698,8.452,8.308,1.328,4.517,4455.546,92.046
13.581,4.518,6.655,1.078,29.317,4566.36,91.726
355.052,3.501,8.485,1.847,15.873,4579.464,91.686
442.415,6.724,6.669,4.365,98.573,3775.779,83.789
256.952,9.502,6.046,3.933,57.051,3793.629,85.216
290.554,0.941,8.406,3.996,56.888,4434.875,89.062
81.468,7.681,6.559,1.951,79.617,4176.817,88.276
110.323,2.035,7.46,0.945,26.593,4741.406,92.759
117.585,3.801,8.427,0.644,52.745,4723.937,92.852
215.371,8.738,6.124,3.138,15.073,4023.831,87.709
464.073,5.458,6.673,3.66,10.256,4075.852,87.293
260.892,0.675,7.522,2.201,44.53,4578.919,90.546
96.049,5.08,7.906,2.88,91.377,4317.85,88.789
133.044,7.896,8.018,1.756,44.666,4375.616,90.678
192.008,5.289,8.21,2.139,45.721,4455.139,90.681
311.629,1.669,6.421,3.784,86.645,4151.142,86.146
220.017,4.45,6.925,3.732,29.318,4228.145,88.323
196.222,9.243,7.786,0.626,49.497,4356.644,90.844
282.364,6.582,7.788,4.749,17.276,4099.086,87.793
120.917,7.299,6.77,1.711,84.771,4211.013,88.452
39.452,7.859,6.761,4.584,4.682,4095.583,88.267
12.207,0.907,6.802,2.804,41.898,4564.56,90.499
125.63,5.815,8.23,2.746,28.381,4438.042,90.841
45.796,3.759,8.274,2.528,26.469,4610.808,91.971
168.17,1.392,6.037,4.651,25.174,4234.601,87.512
386.467,2.027,6.813,1.436,37.583,4467.851,89.911
358.147,7.812,6.98,3.252,90.248,3922.619,85.667
305.464,1.615,8.456,1.93,71.168,4576.782,90.541
426.25,3.124,8.36,4.619,89.054,4126.743,86.314
141.034,2.849,7.571,1.262,20.448,4677.028,92.42
442.527,0.486,6.115,3.543,85.063,4141.46,85.71
199.62,4.622,6.478,2.398,43.556,4290.012,88.851
200.447,7.659,7.086,3.476,98.126,3981.562,86.132
202.676,0.222,8.398,1.209,59.772,4786.878,92.338
49.047,1.126,6.237,2.271,49.25,4517.231,90.017
487.745,7.202,7.978,0.983,92.596,4210.412,88.339
69.253,5.936,6.478,4.859,38.751,4052.929,86.923
170.443,7.152,7.27,1.463,75.126,4287.569,89.27
159.65,2.301,7.917,4.97,47.864,4304.186,88.254
37.34,8.038,7.731,2.383,73.628,4266.99,89.345
76.13,4.799,7.939,0.822,28.293,4677.154,92.928
22.429,6.103,8.034,0.579,41.262,4646.6,92.884
146.202,0.922,6.764,3.195,35.188,4467.352,89.598
433.328,2.05,6.91,3.266,87.014,4171.172,86.457
169.721,7.734,8.039,2.862,92.928,4160.384,87.995
61.846,2.239,6.097,0.799,73.817,4539.271,90.326
322.847,0.925,7.286,1.992,82.337,4457.074,89.025
498.3,5.972,8.301,2.116,36.035,4298.697,89.418
116.162,5.479,8.213,3.672,15.915,4390.205,90.387
139.786,6.079,8.011,2.385,68.972,4350.808,89.642
485.924,6.183,6.054,3.078,64.093,3917.251,85.386
89.388,5.002,8.219,1.788,27.113,4594.055,92.17
255.607,4.938,8.279,3.767,91.326,4193.882,87.507
119.826,9.242,7.659,0.71,36.397,4400.082,91.409
466.176,5.339,6.747,4.948,81.707,3816.459,83.949
490.761,6.173,7.225,3.387,13.78,4102.22,87.736
407.349,2.67,7.907,1.17,29.387,4577.735,91.284
157.392,8.711,8.033,3.729,61.828,4092.489,87.92
201.744,0.244,6.858,4.04,24.951,4418.927,89.013
121.153,5.572,6.815,4.049,95.693,4046.072,86.175
445.379,3.839,7.84,1.718,55.605,4386.392,89.459
457.279,6.039,7.716,4.814,73.414,3912.782,85.205
209.435,3.602,7.283,0.58,56.588,4572.338,91.238
328.267,7.177,7.051,2.209,41.269,4178.621,88.527
82.777,0.203,7.643,0.969,82.393,4751.052,91.748
217.468,4.059,6.081,2.232,3.24,4366.762,89.853
315.75,8.313,6.189,0.758,43.253,4183.159,88.893
192.702,2.502,7.433,3.402,88.231,4305.118,87.919
178.8,0.528,6.526,0.781,9.428,4739.831,92.462
0.499,4.965,7.937,3.271,21.538,4474.978,91.024
402.147,9.765,7.931,1.553,96.102,4056.209,87.531
444.669,0.642,7.775,1.306,95.938,4500.585,89.239
484.732,0.701,8.259,2.062,39.07,4564.215,90.462
359.636,5.951,6.352,3.384,75.474,3968.452,85.715
274.396,2.501,6.648,3.102,62.955,4266.479,87.785
134.642,4.102,6.631,3.562,49.808,4234.81,88.081
499.65,8.305,7.956,4.635,81.579,3803.819,84.714
294.876,1.988,7.303,1.415,65.436,4511.116,90.053
340.577,7.193,6.632,2.36,10.015,4177.19,88.83
341.203,5.045,6.341,1.696,84.122,4173.399,87.406
422.626,9.05,8.233,3.139,28.169,4089.267,88.326
4.836,9.73,7.73,1.775,63.663,4279.277,90.075
110.123,4.85,7.321,3.011,77.769,4277.943,88.457
332.767,5.846,8.414,4.204,89.867,4082.503,86.68
447.573,7.458,8.124,2.979,92.6,4032.564,86.637
342.669,3.187,6.445,4.272,92.654,4001.392,85.043
206.746,2.267,7.27,3.251,66.06,4353.061,88.55
180.778,9.647,7.215,4.416,62.794,3881.566,86.082
368.974,4.326,8.111,4.687,2.461,4236.667,88.64
370.619,0.016,6.373,2.785,9.37,4453.911,89.45
303.529,8.377,7.129,4.058,39.866,3956.8,86.682
145.734,5.997,7.591,2.61,79.492,4266.485,88.669
462.577,1.686,8.363,3.673,59.614,4334.18,88.251
275.94,0.301,8.248,0.669,24.289,4856.319,93.411
395.246,2.915,7.335,4.851,13.166,4178.656,87.529
107.154,9.279,7.517,4.525,47.352,3987.005,87.18
172.02,9.335,8.131,4.52,91.381,3925.602,86.143
437.29,3.11,7.861,1.766,6.26,4522.867,91.099
25.054,8.359,8.198,1.774,46.802,4418.313,91.223
256.158,4.418,8.24,2.312,6.844,4530.122,91.558
240.853,6.543,8.081,4.461,25.758,4162.946,88.335
375.615,3.344,6.023,4.364,95.426,3920.075,84.25
140.947,5.16,6.777,1.803,11.363,4446.291,90.897
109.533,2.938,7.009,2.938,6.034,4493.356,90.755
463.066,0.611,7.695,2.638,9.63,4524.303,90.33
285.855,1.394,6.767,3.428,69.477,4282.341,87.547
52.345,2.907,6.809,1.463,2.203,4658.719,92.437
96.518,9.763,7.001,0.883,39.972,4295.448,90.484
499.413,9.657,8.388,0.623,95.381,4153.264,88.476
97.804,8.277,7.093,2.216,7.818,4309.281,90.498
305.238,2.325,6.352,4.76,93.275,4003.771,84.802
210.064,4.416,6.016,3.582,12.637,4192.315,88.122
442.8,4.398,6.592,3.871,13.651,4103.452,87.217
377.584,3.87,8.347,4.753,60.878,4155.344,87.106
298.476,0.449,8.387,2.399,25.15,4676.847,91.652
5.369,5.345,7.323,2.635,1.302,4496.232,91.553
439.898,0.728,7.616,2.118,75.198,4443.046,88.897
222.334,8.019,7.99,1.316,37.714,4379.807,90.827
465.789,6.913,6.14,3.949,90.904,3758.738,83.752
247.77,3.527,6.936,4.58,28.531,4178.254,87.555
347.112,6.471,7.606,4.162,67.262,4012.67,86.395
34.646,2.33,8.246,0.715,33.311,4852.625,93.892
372.576,2.653,7.817,1.846,15.685,4546.809,91.107
168.998,3.141,6.875,3.164,97.509,4234.493,87.312
175.68,7.97,8.275,1.972,59.229,4325.458,90.053
59.328,2.107,7.662,1.176,84.133,4645.326,91.244
73.429,5.628,8.076,2.923,25.768,4445.654,90.887
92.88,2.005,6.964,2.847,39.928,4485.177,90.054
164.103,2.85,6.005,3.695,48.212,4210.093,87.474
445.985,2.355,6.415,4.999,63.334,3974.201,84.815
184.13,6.45,8.318,3.417,40.092,4295.336,89.487
362.181,5.267,6.083,1.926,25.491,4220.245,88.528
41.374,7.213,7.49,4.804,19.798,4147.706,88.443
295.549,2.199,7.023,3.071,60.328,4316.795,88.225
240.946,0.091,7.074,3.406,25.518,4490.73,89.68
488.979,6.805,7.002,2.109,40.264,4124.03,87.879
423.104,1.149,6.169,2.533,4.433,4385.685,89.157
227.415,2.463,6.306,2.384,26.388,4402.564,89.501
387.571,3.057,6.157,4.713,48.817,4000.175,85.431
96.519,7.468,6.135,4.143,79.809,3917.883,85.621
281.168,6.259,6.214,0.908,37.932,4301.192,89.51
37.31,1.843,7.742,1.912,30.221,4711.685,92.367
174.045,5.979,6.286,0.751,52.092,4363.342,89.906
112.931,7.081,6.654,2.825,5.926,4260.439,89.67
359.455,3.889,7.642,1.757,36.036,4442.248,90.229
245.045,2.46,6.281,0.83,14.392,4570.752,91.301
375.535,6.79,8.276,3.974,26.099,4150.703,88.283
257.648,6.109,7.194,0.91,39.675,4414.744,90.583
43.242,0.779,8.408,1.722,6.745,4894.493,94.111
367.684,6.667,6.481,3.972,79.927,3873.856,84.939
416.615,4.885,6.077,2.802,28.198,4118.486,87.368
451.766,7.534,7.476,4.177,24.05,3979.2,86.812
285.996,1.907,6.822,2.365,35.012,4437.288,89.595
376.793,2.582,7.431,4.167,37.417,4234.072,87.741
376.022,5.433,7.184,2.922,81.457,4103.658,86.852
77.875,4.817,7.143,0.896,29.191,4586.524,92.019
82.11,3.864,8.128,2.622,46.594,4523.198,90.925
35.443,7.46,6.48,2.991,50.318,4157.489,88.31
159.957,5.648,7.249,3.254,31.256,4274.597,89.128
236.754,7.103,7.04,4.675,78.549,3905.842,85.404
498.949,1.533,7.684,1.326,62.775,4484.19,89.674
215.497,7.29,6.125,3.227,72.379,3972.821,86.191
363.121,4.615,7.324,3.884,6.403,4218.815,88.509
346.699,0.338,7.196,4.505,82.132,4214.658,86.427
102.241,2.345,8.434,2.864,24.798,4639.046,91.846
29.254,0.258,7.89,1.463,10.089,4894.995,93.926
273.003,4.569,6.387,4.18,66.444,4022.962,85.936
350.153,3.259,7.273,4.573,22.581,4186.855,87.62
499.126,9.874,7.959,0.979,41.244,4172.292,89.273
179.306,8.685,7.311,1.534,71.083,4211.698,89.012
448.182,8.257,6.892,4.422,11.163,3887.764,86.243
190.966,5.011,6.942,2.68,13.646,4352.844,89.895
344.706,8.071,6.918,1.261,66.825,4156.109,88.314
299.126,2.669,6.05,3.404,45.512,4190.583,87.251
26.489,5.606,7.826,2.562,22.899,4487.051,91.323
39.194,3.929,7.527,4.856,52.063,4246.957,88.128
10.382,1.713,6.672,1.502,62.244,4601.598,90.908
185.417,0.726,7.575,2.13,41.102,4633.314,91.14
372.901,5.582,6.772,1.248,18.12,4350.614,90
86.378,0.976,6.608,0.724,65.104,4666.249,91.304
302.926,7.18,7.853,1.733,12.999,4375.568,90.78
144.414,9.215,8.023,4.189,65.7,4019.014,87.298
398.496,1.621,7.564,1.703,27.813,4550.245,90.711
399.198,4.709,7.96,3.634,1.138,4295.338,89.355
387.707,7.388,6.914,2.867,47.115,4047.244,87.218
262.417,2.868,6.18,2.839,31.688,4296.078,88.504
142.283,9.208,7.512,4.017,23.711,4070.58,88.231
404.722,8.885,6.64,3.28,50.351,3888.703,86.049
93.05,1.038,7.944,1.219,34.327,4805.379,93.022
144.88,0.274,6.895,1.493,30.207,4693.629,91.716
91.974,9.765,7.677,2.947,76.495,4085.758,88.022
337.105,9.565,7.382,4.304,9.219,3942.596,87.203
343.118,4.223,8.044,1.185,40.389,4522.348,91.086
326.255,0.506,8.081,0.981,25.437,4770.691,92.604
207.801,6.189,6.171,2.829,29.25,4162.344,88.188
50.086,2.934,6.738,1.349,44.744,4577.651,91.209
455.585,9.367,8.177,4.974,92.344,3739.472,84.281
253.865,7.947,7.01,0.52,66.261,4292.249,89.644
203.486,6.496,7.287,2.52,20.118,4309.953,89.847
294.412,2.845,6.458,1.231,57.67,4417.894,89.456
96.395,7.013,7.382,3.565,16.229,4250.396,89.445
66.274,2.892,6.662,3.336,88.643,4277.586,87.757
202.763,0.376,8.073,4.132,42.961,4488.008,89.563
113.61,5.084,6.501,3.035,95.018,4145.472,87.03
122.145,4.887,6.9,1.352,66.574,4416.185,89.962
446.256,7.63,6.238,0.74,83.521,4078.105,87.235
265.38,8.657,7.47,3.75,18.749,4069.004,88.1
241.735,3.545,8.355,2.48,85.638,4418.151,89.389
344.74,4.495,6.433,1.5,19.765,4356.657,89.717
475.774,4.704,6.049,1.633,97.64,4073.248,86.167
56.099,3.242,7.056,1.171,28.71,4640.972,92.095
416.767,7.434,7.871,1.776,68.721,4191.974,88.463
292.01,5.221,8.438,4.064,55.103,4220.105,88.216
73.083,9.14,6.128,3.293,48.378,3993.247,87.191
148.575,6.503,7.965,4.943,43.435,4115.849,87.675
241.181,2.119,6.922,2.859,38.979,4401.745,89.263
345.589,1.648,6.384,2.847,31.018,4336.527,88.55
121.304,3.724,6.481,1.361,60.123,4444.862,89.965
267.439,3.469,8.31,3.139,98.437,4313.009,88.187
342.336,4.071,8.023,3.238,67.544,4268.751,88.233
