ph,Solids,Turbidity,Potability
7.080794504,22210.61308,2.99425921,0
6.783888468,13677.10644,3.250022229,0
6.010617577,15940.57327,4.867287404,1
8.097453771,18112.28445,4.279082404,1
8.072612403,16843.36393,5.082206247,0
6.552847474,34006.42073,4.687986155,1
8.923980608,27919.77067,4.15558319,1
9.624726886,25175.75416,2.615257476,1
7.046548537,30569.81055,2.869226102,1
8.137767883,24172.70331,5.003825786,1
7.082300649,29846.71906,3.485577388,1
6.084360116,27310.06085,4.29811092,1
7.080794504,30362.68395,3.346057063,1
5.716251354,19393.46986,3.433135385,1
5.827541212,25863.34324,3.179128741,1
4.227537386,13122.32958,4.479628314,0
7.080794504,12037.77039,3.399945492,0
4.1502143,41489.63981,3.502370872,0
7.233538435,16621.49479,3.679015068,0
6.352973105,13858.70394,4.15549464,0
7.080794504,12885.51691,2.372924722,0
10.31640038,10676.50848,3.407349428,0
7.080794504,20743.3484,3.808912954,0
6.443753668,25740.41259,4.498684931,1
6.013160966,21573.74757,3.455622541,0
6.641500687,27867.48676,4.694311216,0
7.080794504,26653.76497,4.492387447,1
5.089387791,39659.8769,3.054045201,1
6.467868302,7656.413248,2.861063943,0
4.850104171,32808.3075,3.885385518,0
5.541979019,20143.06526,3.672975983,1
8.858401531,9624.300462,5.525726338,0
5.218989651,27007.88691,4.383942554,0
7.606066882,14609.97688,4.58147746,0
9.089421098,32238.07778,4.430116016,1
7.499844232,23707.4653,4.454476673,0
4.731320076,15517.39112,5.457892224,1
6.613709118,25648.5695,3.539771111,0
6.347020018,19743.14842,4.526350939,1
5.287982808,27733.7131,3.311034005,0
6.640862809,16488.04766,4.708268602,1
6.539546128,28979.7676,4.076403287,1
5.849778285,27435.30656,3.643815888,0
6.692531669,37033.15209,2.942115367,1
7.76414261,25926.07564,4.105178268,0
8.154531511,21361.19705,2.460464867,1
6.039823242,9943.637599,3.923766075,0
7.957113516,20425.76649,3.729873301,0
6.710633528,23748.18399,3.863286909,0
8.551077748,28909.29028,4.04637969,0
7.360640106,32452.61441,3.662291783,0
7.378597016,9460.322635,3.215219463,1
3.637170625,10102.48972,5.446565703,1
3.841205038,19988.64926,3.635634543,0
7.197795992,12763.26789,3.844013287,0
6.707685556,17435.34021,3.822668715,1
5.470802484,18295.37092,2.962852429,1
7.296037734,36043.70664,4.168526118,1
6.571099217,23372.88265,4.555949236,0
7.080794504,28135.07684,3.569570266,0
9.00258311,19523.12486,4.904837415,0
5.226941884,28398.5542,2.259550289,0
6.246117565,27001.33532,4.755158013,0
8.31002902,40936.15339,4.775784922,0
7.080794504,10490.83899,4.126407533,0
6.78302374,8213.772245,4.77880815,0
5.830542049,30021.25708,5.19211665,0
9.319176393,14294.24035,4.129230416,0
8.185923417,23641.47203,3.566945145,1
6.03956779,39489.00974,4.206835504,0
7.425102223,18608.94087,2.558772744,1
6.057828114,44868.45837,3.292249267,0
5.895145558,14704.90625,5.075214288,0
7.080794504,29743.8226,3.893925991,0
10.56074464,21783.65103,3.96468635,0
5.280292296,13679.0569,3.835305908,1
7.080794504,38971.05101,2.643212412,0
4.034063411,33219.07455,5.024742307,1
10.03393346,25433.2321,2.901535467,0
6.475885399,16532.82882,4.306112971,0
6.869638941,21728.8213,4.726702454,1
6.978664262,23114.44608,4.766943236,0
5.694475546,18742.92522,4.107467119,0
7.992026977,34585.08961,4.647095594,1
7.735705022,16723.97724,2.148611536,0
6.850302032,40588.43383,3.08029671,1
7.009601694,18628.69683,3.121944851,0
8.545890346,31056.57878,5.036882987,0
7.080794504,16162.26231,4.600927569,0
9.794717849,12490.55828,2.807129775,1
12.24692807,11318.14056,3.533243425,0
6.739157692,30950.6811,5.214484016,0
8.132736965,25838.12848,2.969433921,0
8.272055091,24196.52268,5.140207743,0
4.872560878,16960.43463,3.918005799,1
7.274756855,21496.74514,4.271580716,0
8.828326658,13527.98989,3.052822148,0
8.018831607,23104.52039,3.188477334,1
5.343075103,45166.91214,4.240031708,0
9.268281895,14333.53802,5.255703382,0
7.810144933,20418.88993,4.033773709,0
7.422225264,40148.12372,4.486512693,1
5.579517093,13289.20165,4.043914693,1
4.126528715,11215.9459,4.460200984,0
10.58138599,11298.45009,2.966945651,0
7.347030356,19073.25959,4.2978807,1
10.55027327,32150.97939,3.951304463,1
7.15905299,25591.84098,4.291668967,1
6.628427347,18059.33085,3.405278618,1
8.332953485,18881.79518,3.408299588,0
6.664934584,16477.35081,4.502138214,0
7.309596474,19343.14951,4.048202463,0
6.618010906,19598.86074,4.437695749,1
5.744504157,19457.63948,3.53350015,1
7.333477726,16066.55212,4.772662701,1
6.991685153,20389.59382,3.72482356,1
6.903816978,35455.70961,3.867843303,1
5.736675709,12683.48329,2.741791308,1
7.080794504,32102.19071,3.581036881,0
9.298018008,13990.5134,3.681324244,0
8.082657125,21689.6343,5.247130149,0
5.498514693,21542.83003,3.074815428,1
0.22749905,39028.59934,3.545741438,1
10.18843265,7105.800709,4.635243483,0
7.682923445,31150.51342,3.542731087,1
4.943508444,11870.42485,5.070841577,0
7.890354274,32160.53392,3.209588058,1
4.400509039,19100.08712,4.010809123,0
7.136102613,19502.53897,2.574191772,1
8.131375234,13238.0703,3.542810748,0
8.39826106,18003.25728,2.62786247,0
8.759488715,33364.91812,2.88957811,0
3.337628998,42310.8275,3.300191883,0
7.080794504,14784.75566,3.210168089,0
5.386307352,40149.31656,3.662563465,0
7.080794504,20661.41106,4.969149725,0
6.150553015,15017.74728,4.810537179,0
7.080794504,21318.96169,4.514981624,0
6.319431545,36278.71831,2.653126688,1
7.080794504,25236.70132,3.723776038,0
6.272474991,14642.20554,4.61253578,1
7.647871554,29000.58971,3.078672724,1
6.844141767,41408.11482,3.412853175,1
7.350378987,26736.08557,3.663922184,0
8.000775801,18419.13288,4.519209518,0
8.347949483,13533.23003,4.217861431,0
8.756926859,21752.02971,2.945671727,1
5.59662785,17925.35212,5.235111121,0
8.473249064,20465.58861,4.81018543,1
6.020995363,13095.14916,4.806016625,0
5.967274228,30846.58547,3.914543611,0
6.38171958,20453.8165,4.657694982,0
4.334057806,13351.41383,2.613532097,0
6.582499747,23720.48173,4.152014127,0
7.974065001,29477.7644,4.069086698,0
7.031684051,24510.50756,4.422182857,0
8.237142634,20015.39811,4.939109441,0
6.504876222,13403.08639,3.748443401,1
5.174345998,11746.60752,3.689144992,0
7.833970824,25694.87371,4.814916877,1
11.06945629,43536.02087,4.880512381,0
7.611982389,9138.029344,6.494748556,0
8.311271181,20562.51339,4.462045738,1
7.371050302,25630.32004,2.560299148,0
6.185924892,1198.943699,4.090264382,1
10.20142576,8918.8926,3.964449588,0
9.228484209,26744.23153,4.829753514,0
3.906567514,17857.71689,3.204795726,0
3.878879389,21937.47157,4.927711075,0
8.903733775,13319.49571,4.365169642,0
7.266594535,14859.05966,3.357439471,0
6.277277371,22916.57224,3.619321182,0
7.648877928,22510.97507,4.953533863,0
8.264090516,23556.93435,3.410510716,1
8.091812332,26472.6918,4.370031238,0
7.095569331,30235.1708,4.861276292,0
6.714862378,33197.15053,4.593763682,0
7.904053371,23575.99143,3.137280422,0
6.227826795,22550.49226,4.007347485,1
7.294364433,41569.95199,3.336582332,0
5.01804587,27317.09944,5.035153707,0
5.16622597,12060.00953,4.608319394,0
7.459124173,33173.49941,3.544751521,1
7.080794504,19037.46264,2.72365054,1
9.130828108,11643.66348,3.074134305,0
5.813546488,10112.20732,3.721425933,0
10.30847766,27653.23518,3.285077052,0
7.040244978,20988.42941,3.993409764,0
5.23000319,27971.89181,3.045612106,0
7.813067625,9812.122463,4.713719499,0
5.432512085,14970.64724,3.874425315,1
3.989032078,40175.20609,4.409414176,0
6.382314604,24259.75167,2.881370055,1
6.660461917,9632.730976,3.673135983,0
8.00754122,8864.68648,5.25017306,0
5.713322921,11356.58048,4.571127866,1
4.838571107,18328.40262,4.580371969,0
2.569243562,48204.17219,5.506934432,0
5.53953369,21021.41826,3.755660187,1
5.671762326,17527.71673,3.268693507,0
6.582764204,21961.52692,3.668879697,0
7.966856824,21440.73885,5.115430914,1
4.81183249,27547.80706,2.860992949,0
7.12942473,25840.57889,3.418610803,1
8.85969604,20231.51765,4.575331195,0
9.406325753,27948.58945,3.097277957,0
6.79809746,35883.78011,3.571622599,0
7.191962029,15395.46908,4.102719041,0
6.58800729,23898.97448,4.216454466,0
7.78673469,28086.8735,1.96147543,0
6.753128353,18222.93196,5.102516757,0
7.080794504,37795.76332,4.441979836,1
6.336588682,15570.14232,4.356593856,1
7.736312841,19496.84859,3.700916676,1
8.33951161,21295.74988,4.827704247,0
4.02905271,42327.16802,4.179656267,0
4.30002934,17639.85794,4.586448405,0
7.744130994,30586.59266,5.207683455,1
7.691486298,36578.22375,4.042497483,0
6.911698241,25612.14891,4.616641008,1
7.080794504,27071.11862,4.284878629,0
7.080794504,11609.99716,3.813435553,0
7.185167714,24909.78315,3.955846978,1
7.591346094,25383.76518,4.515150114,1
8.384296439,27463.65479,3.460998376,0
7.499844502,22452.63557,4.663869576,1
6.862936026,23580.65729,3.806093256,0
7.080794504,22256.95036,4.478070477,0
9.610220345,33954.43547,4.961971972,0
6.908272154,19224.98628,5.405567223,1
4.85558776,14905.25591,4.697153026,1
10.35174253,18588.30333,5.227609397,0
7.322828417,24682.12455,3.981968832,1
4.252985001,20497.82222,3.58830042,0
6.217273135,19460.38282,5.325833446,0
6.750761186,23642.9926,2.777726265,1
10.35611883,48621.56395,4.201849441,1
6.953864226,10575.18628,3.195710328,0
6.9204487,39251.18213,4.498818336,1
9.079715109,53735.89919,4.551724494,1
8.026773256,19168.52677,3.735983476,0
6.917858355,27651.6091,5.544167317,1
7.581687577,11989.24624,4.457282487,0
7.285371191,17375.97074,3.694482047,0
7.080794504,24642.81233,3.215740139,0
9.831401691,13345.3691,3.311808138,0
6.592442508,9381.239931,3.060827354,0
8.461330874,34406.77645,3.771944146,0
5.500186641,21082.85204,4.178478951,1
7.186931122,34510.753,4.275645348,1
7.694264582,22673.03447,5.707192759,1
7.080794504,32328.71481,5.493180964,0
5.791154373,20288.23557,4.104834817,0
7.340170884,12810.42316,3.919139533,1
5.984941215,33244.5556,3.488675274,0
7.201702375,37308.99416,3.883250198,1
10.25281623,18158.84212,4.559836219,1
6.511618075,29136.81462,4.850433708,0
7.080794504,25626.48105,4.219225569,1
5.80897552,7965.207918,3.599933102,1
10.81783108,23989.99015,3.590841128,0
11.49685889,12253.30339,5.005193167,0
2.376768076,11684.11164,3.629217768,0
7.080794504,18282.06928,2.757856838,0
6.572656389,14598.95191,2.820927249,1
7.080794504,26561.56949,5.136779753,1
6.587464617,28990.29785,4.096841156,0
6.751668627,32040.50567,3.735173416,1
6.79212545,17782.60441,4.042637641,0
8.523062079,24207.29803,5.112376365,0
9.868877881,15326.85591,3.355489791,0
8.77504747,21768.64074,3.830698864,0
6.129069622,22207.48287,3.83763909,1
4.916740541,23425.33132,3.613212412,0
7.080794504,10830.80125,4.266775395,0
7.664628097,33918.04082,3.48740688,0
6.709822001,20922.15446,1.687624505,0
5.62122732,11123.88616,3.440753325,0
10.19941269,28703.75114,4.384868014,0
7.080794504,4784.967879,2.380084227,0
8.018771949,27405.31621,4.356279098,0
5.923739955,33306.01254,3.884460371,0
7.399811394,28630.95442,3.803723818,0
8.66159243,27088.47646,3.67043101,0
7.675913621,23673.10061,5.040460815,0
7.080794504,21460.83816,3.955090834,0
9.066628054,22710.45837,4.055421251,0
5.729302912,34573.67879,3.556394812,1
7.362912867,20430.9067,3.249439878,1
6.028101118,17150.10055,4.080786271,1
8.761768405,14168.92487,4.673547855,0
7.833495881,28338.98146,5.580829963,0
7.080794504,32161.84009,5.53747584,1
7.080794504,16110.18364,2.840893066,0
7.633570088,16312.15497,2.927066767,0
8.326349854,35477.76664,4.395284863,0
7.080794504,27420.16742,4.620793452,0
7.080794504,36525.55088,4.64569167,1
5.477283049,29046.08352,6.35743852,0
6.825647037,12838.91437,2.804480385,0
5.226895232,7907.330441,5.13805579,1
7.139428273,19862.81126,3.771596492,1
9.320305445,16002.13832,4.205809732,0
9.241419974,39566.75435,4.718850871,1
5.671773833,15949.15318,3.833159746,1
5.006562979,27218.82198,3.665205612,0
7.148440932,30656.16311,4.308569821,0
7.240739639,23783.09956,3.556297467,0
7.426274011,36990.95595,4.363335813,0
8.882684452,4857.253807,3.827920867,1
7.080794504,26362.96501,3.991564248,0
7.080794504,12318.40389,4.742163226,0
7.139671256,16916.41354,3.151388595,0
6.977267852,20287.35977,2.367041309,1
8.561218924,16686.31276,2.813888599,0
7.080794504,29299.12335,3.497577391,1
7.080794504,29496.91016,2.475284464,1
6.204429354,35439.68784,4.106807505,0
8.205447053,17981.25478,3.73992167,0
11.56316906,19359.42882,5.107236014,0
5.757088957,32415.73362,3.730185467,1
7.309556407,22277.62602,3.707413724,0
6.09801209,39352.77584,4.590616741,0
7.756939183,16478.07143,3.870338847,0
7.808012212,17037.72537,4.165549906,1
7.55985231,29567.69893,4.550501006,1
6.565633547,19044.68007,2.770948497,0
9.370696575,15106.30865,4.380796942,1
10.2684305,13753.99337,4.304689262,1
6.26637841,28141.2165,2.936610535,1
6.441766486,11306.26151,3.682134341,0
5.972599968,23124.57798,5.164944785,0
8.549692514,17828.29452,3.039018779,1
9.395842202,9225.770911,3.530498325,0
6.344095425,14973.29736,3.843484016,0
7.080794504,27492.30731,3.048057223,0
6.057904774,23603.50187,4.269753245,0
8.006373298,45041.14914,2.396505358,0
9.380658051,15156.78983,4.034349047,0
5.198224971,11178.40354,3.807318103,0
7.080794504,19947.43447,4.387208418,1
7.039094321,28827.36019,4.366031351,1
7.257930995,24354.33517,4.266922561,0
8.128270069,19954.57555,4.678742166,1
7.080794504,21030.23453,4.691017503,0
7.080794504,26281.29781,5.185641935,0
6.652824348,19155.72756,3.661529274,0
6.333640046,18506.28861,3.982002335,1
8.692115322,2552.962804,2.283475159,0
7.777665366,16780.11615,4.683334813,1
8.892998479,22960.18064,3.619132805,1
7.992749619,14610.41283,4.062907043,0
7.819659154,16403.95238,2.402337211,0
6.83425989,21670.56989,2.658843412,1
8.430471662,35254.02605,3.253920433,1
3.272820098,7408.976196,4.318516117,0
7.080794504,28790.54768,4.476991215,0
7.511816641,15736.89396,2.285519929,1
6.152857802,24978.48318,4.403083394,0
8.352635176,33662.38905,3.939011353,1
8.30922771,24344.96669,3.756396831,1
6.616649175,17063.17211,3.881767178,1
7.846057926,23264.10997,2.487968647,0
7.948815718,19129.45837,3.692250861,0
6.68774978,17786.7633,5.559984937,0
6.641174116,10220.71236,3.154701122,1
7.080794504,47591.28318,3.685592896,1
7.732880078,47022.74585,3.510728004,1
4.865069696,15222.24644,3.974972302,1
8.408766231,27662.3971,2.372791477,0
8.040187557,11861.55085,3.221138969,0
8.783596632,19471.46544,3.470885424,1
7.32354512,21044.20266,4.898421041,0
7.181448581,15196.22999,5.088859989,0
7.558076302,16642.88418,4.169005267,0
7.884841993,21733.82804,4.631640754,0
5.628406919,28334.49194,5.050683115,1
7.033945359,15428.45092,3.931730863,1
10.84813042,14036.16366,3.133838702,0
6.879404957,20509.33196,4.70047023,1
11.18069466,16600.39275,3.809841654,0
5.72968912,14304.76308,5.100552354,1
6.0873061,11628.33668,3.666671803,0
10.25273437,9651.874826,3.290372492,0
6.351286549,22337.44839,3.707053968,1
5.70110097,17121.50592,5.956753498,0
8.15121531,13699.68071,3.523980506,0
10.2099558,18413.09682,4.112597752,0
7.080794504,18753.21176,2.373437694,0
5.251353815,34768.93342,4.072252323,1
5.602158585,29860.27578,4.067048745,0
7.710137891,31017.23942,3.898670803,0
8.639540978,7013.211787,4.192932215,0
5.189413669,12289.90092,4.876273,0
3.410359671,49074.73041,3.721765769,0
9.055825785,20226.28794,5.45691283,0
6.430254786,26855.10561,4.805791534,0
6.871607245,19557.99372,4.180389312,0
7.00523014,26597.58645,3.58986576,0
7.521051679,26865.37374,2.880785347,0
7.726134808,21667.86874,3.720636904,0
6.080992869,31321.08243,2.09178684,1
9.347344621,13749.59604,3.615151099,0
7.283913577,23112.50444,3.571862512,0
7.080794504,2912.211247,4.093097749,0
8.693149901,16559.87726,4.687846798,1
5.608623152,43680.22252,3.777508267,1
5.609235359,14825.9345,3.224675518,1
8.107244313,18364.83142,4.688271256,1
8.53440688,22372.30327,2.544733701,0
7.080794504,14472.39155,4.41481891,1
8.330743319,28919.81178,2.408049129,0
6.334162776,23460.82138,4.038829793,1
7.038092306,24607.0881,4.237697607,0
6.300001767,40682.144,3.709437181,1
5.946160789,12767.65623,4.903632079,0
7.174135163,20401.10246,3.939895657,1
6.839415898,28508.6378,2.854526552,0
7.080794504,15629.76233,4.464243686,0
6.27695651,25590.68024,3.214286497,0
7.802426084,14382.90216,4.363529881,1
5.699873488,31977.37014,2.416402098,1
7.080794504,26210.11601,5.010163393,1
6.617862257,33245.63059,4.601351198,1
8.052893916,9025.07936,3.634844542,1
4.642953052,16115.92986,3.982867293,1
7.618119572,44539.73832,3.769699537,1
7.889079735,24974.69277,4.034040701,0
6.35403811,16174.43374,4.935240394,1
9.380007092,32471.45632,4.566253696,0
5.188776875,22648.23755,3.769503907,1
7.744125219,21403.00205,3.612260192,1
6.091382724,17279.9622,5.075519616,0
7.376449105,37191.11414,5.767354666,1
5.382489039,18189.39498,4.173330283,1
8.817402774,23173.31953,3.864098419,0
7.080794504,27355.93431,2.969136099,1
7.793833573,18344.68036,4.172935335,0
5.15348864,19115.72186,3.749920565,1
9.152284709,24560.70061,3.7927771,0
8.143483376,10673.58267,2.572830423,0
6.865125275,13529.03876,3.95515371,0
6.26011129,18577.62397,5.403614892,1
8.558388775,8535.402956,3.946227719,0
6.056817845,4440.277357,3.358060807,0
7.683156515,25475.88484,4.781323094,0
7.080794504,41461.317,4.894842463,0
5.844673796,13615.10976,4.338056088,1
5.555352973,20503.43005,4.536145914,0
10.48560365,32872.38057,4.669239858,1
7.873271693,25337.12296,3.306392909,0
8.640886409,26473.71324,5.263101572,0
8.552782416,39030.6037,2.940847996,0
6.908853083,16965.31411,4.693949416,1
7.512361216,17895.55659,3.515802547,1
8.060609624,15489.32566,3.60090567,0
3.923473633,24200.35348,4.582982366,0
6.548796521,13584.90025,4.197305125,0
6.792655098,9094.3133,1.917754393,1
9.658661976,20269.73128,4.639386555,0
5.859822104,3640.73432,3.426634075,1
3.676844993,22581.22449,5.461473096,0
7.015332583,16351.22629,5.251223104,1
8.376279725,27824.19048,5.703962807,0
7.533614823,11642.72754,3.462763987,0
6.922041828,16515.87217,4.242947216,0
6.340027628,45222.50667,3.686001324,0
9.062822325,27959.92616,3.730369857,1
4.233558617,22185.76396,3.515672079,0
8.03105522,18134.83502,3.338880126,0
5.296578804,39537.08646,3.918469801,0
7.381757557,1372.091043,3.338021759,1
7.000523221,26012.13028,4.333688587,1
11.26782838,6040.369868,4.153347001,0
7.080794504,18589.03116,4.400203469,1
5.916930488,27977.67321,3.15755952,1
8.41860665,29313.78335,3.44284782,1
10.77431809,38037.35307,3.229834159,1
5.974583248,22543.25629,3.721974696,1
6.195086858,19331.19404,4.196558262,1
6.243279004,19605.02957,3.472839213,0
6.994194675,23027.38526,4.398900709,0
6.652488091,19871.78845,3.742090426,0
5.271971378,22005.43655,4.119436475,0
8.628893415,13688.07434,3.071350371,1
6.638411449,9772.504814,5.16405662,1
5.323815584,37625.75268,2.880721846,0
7.230845307,17864.68939,5.622018081,0
8.93387761,14179.62274,4.374796522,0
8.86211271,17433.60185,4.955081793,1
4.581968728,33897.0682,4.500207625,0
7.371085073,24913.83717,4.412589537,0
8.473649323,36412.48826,3.487816307,1
7.717076952,21400.0165,4.967975792,1
7.059940234,39484.63892,2.949938823,1
7.368165577,8524.874646,3.684263383,1
5.810742057,25419.55166,3.436966862,1
7.080794504,20461.25271,4.886633785,0
7.080794504,14665.4048,4.377502097,0
7.708109989,15456.22009,4.896625908,1
5.821706914,40009.72361,3.908198846,0
5.924799469,15413.89615,4.188927904,1
6.47237105,24246.50356,4.134575197,1
9.147197055,11920.61084,3.794531591,0
2.69083124,30204.54674,4.650033779,0
7.080794504,19942.27322,2.907563915,0
7.276863125,30396.90462,6.083772354,1
6.330732765,18397.19941,3.940000423,0
6.923636014,24792.52562,4.013338801,1
7.695049437,11598.68237,3.198879005,1
6.755145902,18536.69865,5.162729749,0
8.550875469,28918.41995,3.772886607,0
4.348674993,9848.035583,4.360950051,0
6.088022489,23567.13288,4.173083496,0
5.905906954,13464.48716,2.917284056,1
6.93450359,15323.40882,3.875238037,0
7.833980482,11174.27476,4.254477177,0
4.552238411,25969.21512,3.932804334,0
7.506111457,31920.58469,4.744006691,0
6.906992172,19991.23915,2.124759352,0
7.617033494,17681.27236,4.299543396,1
6.897922717,16616.51662,4.490105279,1
5.681810748,26373.49543,5.375156609,0
5.653506135,16462.46009,5.198985504,0
7.080794504,20214.21655,4.258488737,1
7.080794504,18489.65251,4.582157298,1
7.080794504,6974.225135,4.138696567,1
7.482791276,19621.32511,4.094746286,0
6.919726155,35558.73165,4.12082788,1
7.171593555,22431.02699,4.62273611,1
8.273643584,11120.70105,3.331583735,0
8.907987118,33653.76196,4.641258532,1
7.397562418,24502.15515,2.459336841,0
6.857493758,22603.64945,4.306581068,1
7.75667895,22440.40104,2.842470708,0
7.845879929,13769.86024,3.667154205,1
7.732601709,18445.74346,3.854993746,0
7.313446756,23154.06232,2.220639923,1
8.305063984,8451.319111,4.461210732,0
5.913132933,40847.76015,3.900211314,1
4.857802624,15668.27362,3.966570845,1
6.417702476,33360.17072,4.046305672,1
7.117917746,20067.57279,4.213567957,0
4.941972157,19806.4113,5.076146746,1
8.580008559,6493.547256,3.195591056,0
7.080794504,4142.499001,3.612918763,1
1.844538366,28689.59578,5.013463351,0
8.214099764,12819.87544,3.38186391,0
7.089184187,21065.66366,3.266028512,1
10.69553249,10571.77038,4.154845328,0
7.543700466,19116.01208,3.630536578,1
8.576739928,24897.2866,3.916114733,0
7.080794504,32951.31637,4.905229739,0
7.080794504,15097.02406,3.227940799,1
4.293961235,24600.76069,5.105120757,0
9.271355447,16540.97905,4.333952898,1
7.080794504,9943.929785,3.787475537,1
5.506061504,21543.7266,2.778905951,0
7.436782609,28544.61629,3.727663719,0
6.624572528,14877.28974,4.333720849,0
5.768868031,31155.98882,3.092626379,1
7.362331187,28263.31064,3.93356497,0
4.99139689,44499.72871,3.92659873,0
7.080794504,17153.30616,4.383921814,0
4.374877632,17384.25719,3.030107847,1
7.080794504,22462.11329,5.260301115,0
2.97442941,17326.20225,2.779901842,1
5.606315226,12308.23384,3.748740507,0
6.769572869,11067.18115,5.22054027,0
5.258414737,29228.33468,3.730792788,1
7.080794504,20116.9111,3.619545637,1
7.330196877,14884.33996,2.884715098,1
7.342231249,35273.97623,4.261504364,1
7.274212567,27198.43259,4.7102563,1
7.080794504,28062.64189,5.629015636,0
4.881729594,19105.0149,3.050197585,1
7.080794504,44982.73415,3.832478703,0
8.285071527,14402.7267,4.274661333,1
7.150046115,14708.47419,2.633890804,1
7.080794504,18519.16249,2.676593519,0
5.772197394,27840.69421,3.078985839,0
7.543931305,24227.96114,3.703191306,1
7.890263353,17645.06534,4.636738763,0
7.080794504,25623.34055,3.582882369,0
6.66400305,15902.94528,2.227727884,1
8.075494508,29483.60185,3.682919645,1
7.080794504,26003.16327,4.410673878,0
7.080794504,17870.31525,2.604959925,0
7.080794504,39207.58925,2.812503635,0
5.983731294,18438.82339,3.84938277,0
8.250830009,21616.63386,2.604707845,1
3.641629777,24752.07246,3.464353035,0
6.578998162,22389.38049,3.690929417,1
5.873157137,21910.76357,5.120887965,0
6.376950464,16079.36125,4.284387096,0
2.558102799,21316.50673,2.817258117,0
6.615981652,20919.05143,4.635709127,0
3.783043638,20384.7731,4.402244146,0
7.617148871,27080.26872,2.391540006,0
6.30476863,30168.6066,5.109934758,1
5.93605711,18061.69757,3.940282339,1
10.15421907,24755.96026,3.730899269,0
5.152203722,27000.10688,4.689842818,0
7.080794504,13711.72328,5.068469998,1
7.381108534,12320.51229,4.34273753,0
7.080794504,22911.61449,4.825701798,0
7.080794504,26964.31718,4.50102454,0
7.080794504,18113.0173,3.077034893,1
7.670505864,33843.61945,3.93382646,0
7.83431924,25918.56795,3.532936096,0
8.837786915,11610.20795,2.087080217,1
7.080794504,8985.911807,5.504749397,0
7.774645243,13829.93907,3.911816766,0
4.059431468,25770.00672,4.330321564,0
7.269652253,31161.36839,3.789236757,1
6.702496216,29057.22762,4.267952934,0
6.081615358,10120.11268,4.010036799,0
6.772156538,13790.2962,3.827255961,1
8.053043682,37086.54605,3.301574895,1
8.370364965,27193.31738,2.746649834,1
5.477912295,27361.65907,3.774256121,1
5.913374864,14467.78593,2.499831969,0
7.678966889,7472.50648,3.718981559,1
7.138374317,22575.18858,4.144872251,0
7.392084038,20185.67623,3.778458496,0
8.64664295,32571.05452,3.333242682,1
6.676137319,27468.98017,4.336648485,1
8.207458913,17447.99467,4.151865853,0
6.161779499,12229.64758,4.003547029,1
6.744799075,20215.69752,4.86854263,1
11.39054311,16175.22194,2.277358632,0
4.835297728,23031.21581,3.633760608,0
8.373170925,22022.62622,2.786329667,0
7.080794504,23614.70296,3.89406116,1
8.801846046,13121.17194,4.031495953,1
5.903993501,19399.22197,3.820021216,0
5.991371082,28702.95238,4.53937115,1
7.080794504,27044.95981,4.067414044,1
6.093091914,21456.60442,4.523557774,0
6.470151959,30594.28067,3.125391112,0
8.064170137,8712.002588,3.246077223,0
7.49651068,39423.66606,3.363403258,0
7.14394199,11553.03928,3.792840307,0
6.433722353,20321.2294,3.641489972,1
8.757257397,21536.22469,3.626135442,0
4.98167205,20988.08781,4.47514849,0
6.336267097,29342.70976,3.745724886,0
8.610963032,32079.77482,4.614400405,1
4.771490669,48002.0846,3.936972573,0
7.078361074,16648.60057,3.263464731,1
6.09617989,16314.23338,5.142471132,0
8.31526762,15077.85034,4.128525361,1
7.080794504,40611.71332,3.125608701,1
6.58545023,30210.25037,4.275640248,0
7.539287395,26999.38208,5.427372665,1
7.080794504,32237.24543,4.006631571,0
7.080794504,7557.021271,4.116263245,1
3.994497606,18682.27714,3.379147351,1
7.080794504,20283.78363,2.028875173,0
8.051022203,28338.66404,3.767443126,1
6.80011909,39143.40333,3.8549399,1
7.957768344,17162.39842,3.450745892,0
7.080794504,26004.52888,5.14411422,0
6.255070001,25456.27498,4.194199874,0
7.080794504,8904.799818,3.371680094,0
6.632990254,12829.09278,4.36085117,0
6.144759038,19981.31519,3.082080496,1
5.675294715,39172.38964,5.021464632,1
8.552993665,10452.72441,3.108673907,0
6.731278124,15058.13875,4.190484029,0
7.080794504,24793.45568,4.641041336,1
6.110022206,16663.53907,2.817780458,1
7.080794504,25541.15277,3.611330374,0
6.854946859,16203.0907,4.938999307,0
7.998090254,9609.740605,2.626546784,1
9.00435217,16544.8275,3.527893471,0
7.080794504,17029.53489,4.45939398,1
6.347271761,41065.23476,4.376348291,0
5.36754649,29009.01082,4.267189591,0
7.356056778,31409.06398,4.54991684,1
6.433726195,26755.71884,3.117918258,0
9.913703797,32129.99631,5.55466674,0
7.080794504,22746.06166,3.713109664,0
6.967696683,22886.96573,4.819637104,1
7.635264692,17796.37464,3.948303516,1
11.24450714,43533.65785,2.929952739,1
5.15839641,35086.39696,4.645852435,0
6.964225943,29957.19122,3.990437572,1
7.080794504,13943.24497,4.141552313,1
6.436444496,19579.38955,3.415851385,1
4.691438315,32182.26232,2.730792274,0
7.945909069,16769.89055,3.58543125,0
7.288736661,31617.07541,3.531384661,1
7.080794504,22038.51162,4.238535197,1
6.999764511,16078.45939,3.360130678,1
8.860324242,19550.29968,2.47667442,0
8.847880711,11705.07228,4.143450992,0
5.445325981,28001.11818,3.946989523,0
7.080794504,38097.3298,3.212492693,0
5.82126163,37174.00541,4.371078785,0
6.838816707,11877.23665,4.776536255,0
9.271668544,26912.22842,3.744203632,0
9.30566048,39498.65929,4.485070147,1
7.393977957,17939.7047,3.782727581,0
8.849702725,20129.35879,2.987671524,0
5.122648455,17279.51375,3.504524534,0
6.704635426,9727.761716,3.42217862,1
6.136907177,20561.69473,4.704585018,0
7.080794504,18272.50597,3.313199022,0
6.392760459,19323.67725,4.421528142,0
7.080794504,19038.9019,3.514096506,0
4.229224559,21214.37051,3.73313957,0
5.985012451,20155.43447,3.764099674,1
7.080794504,25142.73374,4.894829651,0
7.561832948,23254.00962,4.032150342,0
9.159660477,16679.33516,5.452362325,1
5.152739799,25669.71992,3.842625171,0
7.828740105,33337.10965,5.199446636,1
8.040392261,12999.1448,3.017795963,0
6.257085791,13826.25791,3.994713697,0
5.428356914,24930.19881,2.847843538,0
7.875895135,12710.24945,4.238589203,0
7.080794504,13671.41603,3.364890882,1
6.246264054,26408.88177,5.044454778,1
5.433242117,31157.11017,3.675717673,0
7.842979001,16827.19287,5.109312362,1
9.14912671,21463.05919,4.805641211,0
5.290004371,28697.00483,3.532322498,0
9.616095703,12538.97403,2.946643668,1
6.550877193,25070.00874,4.824825939,1
9.252856509,50279.26243,3.300585826,0
6.683367697,18989.31677,5.208061134,1
6.559627885,22624.03418,3.664463031,0
8.693104326,13283.77805,2.898223061,0
7.449659686,32251.35965,4.370404422,1
7.788054733,29879.06015,3.368757217,1
7.899451562,15896.36594,2.853767349,1
8.675192692,15049.5842,4.97857536,0
8.153210075,10280.9295,2.905788134,0
7.025821771,21226.66555,4.746091949,1
7.614877639,33347.9711,2.990780894,1
4.349439999,24352.0661,4.442711502,0
7.76618666,14945.29566,3.674225442,0
7.080794504,27319.56903,5.666547311,0
9.393891652,13150.20746,3.048565866,0
6.632205879,9809.904,3.44374056,0
10.43329098,22326.89205,5.057310517,0
7.172323075,14702.05907,3.08421564,0
5.097786226,23590.31371,4.829323364,0
7.961721463,11551.21568,2.286943495,1
6.512737124,22475.04687,4.612963629,1
4.95141352,20117.35906,3.870681285,1
4.695516141,24767.16711,4.641738491,0
5.14358748,32740.56466,3.09616449,0
5.093675135,30245.95697,4.552571442,0
7.080794504,17439.44406,3.458320001,0
6.888842932,27368.01434,4.512332449,1
5.779673705,24160.35432,4.656377233,0
7.889579345,41210.66698,3.227360082,1
8.433443104,12833.46124,3.824734138,1
6.376408434,33046.72761,5.404045773,1
9.756577628,17940.09908,3.749009258,0
8.809296432,18140.59427,3.87905374,0
7.876495131,15741.08163,3.913904717,0
7.080794504,12830.48413,3.439740042,0
8.736371211,24283.65879,3.802116117,1
5.324941856,35344.65805,4.427137926,1
4.303574607,7323.302301,2.010537157,1
7.457979827,14733.45876,4.497730796,1
8.029181613,19663.46943,4.388551012,1
7.080794504,28194.45265,3.855894987,1
8.460963964,13158.84836,4.728493823,0
6.040281662,20472.87459,5.761580322,0
4.281522089,22330.46679,4.371167168,0
7.080794504,26493.07621,3.241267187,0
7.077874007,23873.37821,4.764508265,0
7.760189365,34250.16392,4.590527649,1
7.369087139,28232.01841,2.715186685,1
3.678431807,23103.41044,4.480108576,0
7.080794504,31606.34883,4.775120947,0
5.452214926,14446.81239,5.19053381,1
9.497261163,33681.33014,5.24210533,0
7.080794504,20626.51594,3.236570043,0
9.606858896,18907.64284,4.405351952,0
7.811512445,20911.90467,4.54607021,0
6.988206155,33357.51586,1.899683002,0
7.080794504,21829.27315,2.545631345,0
5.392057607,19900.40784,2.978925445,0
8.758824521,19572.14708,3.527565359,0
7.417823927,320.9426113,3.470812079,0
7.762020745,15548.41667,3.256301329,0
8.470545999,26559.38041,2.935801995,0
8.509220049,10587.30493,2.519891581,0
6.607503311,26420.80956,3.447111219,1
8.369154354,12975.90033,3.629749331,0
4.638250259,34261.98589,4.124537825,1
9.418296122,8777.686784,4.604633154,0
4.197583589,31292.1277,5.206480177,0
6.583064856,17977.69394,3.772858553,0
7.080794504,36640.37137,4.849755348,1
7.912361028,34808.44278,2.878515631,0
7.080794504,27345.17429,4.407566169,0
6.584813111,24723.1063,4.404132196,0
7.443189014,13551.95334,2.664832796,1
7.213375388,27377.69978,3.453438876,1
8.512780909,33092.66935,4.026622094,1
7.780868679,40483.73039,4.602026775,1
6.862995092,11579.1134,5.343285034,1
6.975392341,22685.68444,4.931460168,0
5.866250668,19679.06267,4.281313459,0
7.12771121,19309.57045,3.396184931,0
6.342671183,21079.60621,4.582591795,0
6.702546553,17246.92035,3.442983035,1
7.094802143,30045.36774,4.084660033,0
3.514545529,23029.66361,3.762615331,0
5.608745232,19835.98077,4.644211645,0
6.466874709,14848.12949,3.408168792,0
6.043360084,24856.60711,4.745247517,1
7.33739985,18543.49936,4.981833943,1
7.080794504,27064.41841,4.599572634,1
8.416086817,28234.90686,4.93008381,1
6.455004797,24468.04839,2.293431406,0
5.467401255,12883.16353,3.717822718,0
7.080794504,27983.17942,4.290393224,1
7.036752104,13812.41042,3.285371835,1
9.927023723,19666.99279,4.051733473,0
5.525768545,16113.01055,4.401412624,0
6.361666803,25833.85171,3.681765114,0
7.256015039,44184.23046,4.534960273,1
9.504157788,19946.26467,4.343041373,0
5.87797404,13652.2932,4.032259504,0
5.803496976,19451.7676,2.181714167,1
6.745306715,21871.8387,3.90235259,0
4.270716195,24405.25053,3.763905903,0
6.630122156,36269.70132,3.352764606,1
8.165714933,16925.0123,3.92011648,1
10.22768969,9546.129215,4.78632982,0
5.365192408,16262.93925,3.180798457,0
5.895948983,37118.25544,3.659652968,1
5.739816333,15825.44032,2.722571208,0
4.993530734,13900.77927,3.153809337,1
5.999125178,19345.79133,5.046973116,0
5.628313272,22856.7429,4.061644661,1
6.604007989,23564.57966,4.458966913,0
6.767523658,21162.72673,3.300253498,1
8.099124189,19909.54173,3.05593375,0
8.228563825,18132.0944,2.781944108,0
13.17540172,19237.94968,4.10692449,1
7.080794504,32865.50953,3.574605162,1
7.95502634,32405.41386,3.955916726,0
7.721032688,35800.69927,4.168487102,0
7.793914804,25506.91224,4.220027671,1
8.322986672,28049.64628,4.052135728,1
7.795957801,27849.14209,4.25187617,1
11.62114013,15102.23743,3.472067462,0
9.012100313,13064.45059,4.962329207,0
7.080794504,23433.90177,5.128346524,0
5.945988643,12356.90562,3.793329276,1
8.742229882,9694.354896,2.842393186,0
7.080794504,8729.096217,3.399725616,1
6.062738419,25842.58128,4.369454697,0
7.080794504,26009.07526,3.706601792,0
6.739849728,34702.41785,4.379630439,0
5.036453976,29258.73814,3.534665425,1
6.552279123,15362.45238,3.443385019,0
4.767472455,48007.86813,3.893377808,1
6.937818783,12626.19792,3.724089564,0
7.958871446,26845.66101,4.007902613,1
7.080794504,30573.06632,3.109695768,0
4.723312573,22833.19204,3.917586695,0
7.488133464,24786.05053,3.474034717,0
6.578083891,24882.62516,4.890415759,1
7.002479941,20518.55543,3.352436318,0
7.280560357,29690.91716,2.919796005,1
7.895769121,28723.61763,4.391731338,1
4.618850847,27174.68764,4.322115889,0
9.489972878,15513.74038,4.219967522,0
5.735358659,28628.15186,4.085054788,0
4.3107015,11842.75781,3.172375491,1
4.137044913,17101.95157,4.327356027,0
5.30414266,25299.51156,4.165723664,0
6.020653841,10529.3103,5.217131275,0
6.760790523,19089.94856,4.905490433,0
6.715799479,16006.97259,4.999752023,1
7.079303518,24282.15477,5.553173841,0
7.348937142,15818.26132,4.725746456,0
8.468741063,21038.44261,2.876995631,1
7.080794504,27197.30244,3.19834386,0
6.001382441,22554.83009,4.036719762,0
5.090035332,34094.05718,4.83886228,0
10.8112895,11848.22827,4.416183694,0
4.668101687,47580.9916,4.43582091,1
6.966835168,12256.67829,2.957441071,0
7.080794504,19549.49934,3.777737414,0
7.606880475,29339.92927,4.564460392,1
7.895045662,10465.2616,3.084431233,0
7.080794504,14017.37207,4.167336457,0
7.773758137,21688.61694,4.040974482,1
8.69712216,27752.00024,4.180567593,0
5.742533063,21293.88975,4.272202758,0
7.798453676,32704.56929,4.107267203,1
4.624304291,22981.74941,3.424250049,0
6.499067998,23734.84621,4.355880125,0
1.431781555,12937.24689,4.948442556,0
9.609834365,22690.04587,4.308357589,1
7.080794504,21852.43794,5.076362464,1
8.555283423,18337.46092,3.687152068,0
9.056244707,17403.53217,3.319353737,0
7.814524321,17516.69936,2.901699556,0
7.080794504,28988.70234,3.666869694,0
6.589290501,34298.15294,3.181112063,1
7.080794504,32496.64022,4.296188763,0
6.958534137,13457.21113,4.1946,0
6.39292784,21217.1586,3.271338859,1
6.483994508,29032.7811,2.688643285,0
7.95145117,6108.795734,3.886882386,1
8.520806573,28779.65001,3.94060453,0
5.596729818,44652.36387,3.826158191,0
10.89348473,25702.51867,3.634970396,0
7.486779709,25396.01178,5.048833995,0
7.080794504,18593.22264,4.122850191,0
8.899588378,17915.08597,3.92861371,0
7.080794504,26486.18144,4.148611317,0
7.171223723,13163.03128,2.2090918,0
6.741245821,23565.73271,3.500970574,0
3.906078355,32144.79993,3.902879712,0
3.426450368,21839.69596,5.97805394,1
7.266598792,36490.14303,4.952733208,0
8.307462969,18452.64557,4.625729242,0
6.277742483,15751.44915,5.255011943,1
5.530055021,38918.77807,3.327472139,1
7.184697763,13317.46811,3.904063423,1
7.080794504,20944.62081,3.679795035,0
9.128357758,10418.10834,3.762222689,0
9.960689858,15835.12282,3.434538463,1
6.435722717,9363.853988,4.925339107,1
6.417716047,31974.48163,4.210327061,1
6.93039147,25780.05908,3.699796036,0
7.080794504,19692.46439,3.261651399,1
7.080794504,11370.64917,3.266562403,0
8.064652809,27172.89357,3.324112614,1
7.080794504,17107.22423,5.459250956,0
6.451503543,7990.891468,6.307678472,1
6.427720561,12215.40908,2.9044534,1
10.08677124,17572.54747,4.334122046,0
4.808039747,19118.0503,3.597759969,0
5.585116998,22234.69674,4.148342955,0
7.080794504,21671.2783,4.246388024,0
7.466558358,16679.67362,4.991674871,1
8.141861116,25433.46501,4.136950486,0
6.509621638,20122.19256,3.802819638,1
6.446252032,11104.25051,4.976957858,1
7.080794504,34415.85315,4.405586,0
7.080794504,43846.02527,3.572343822,0
4.736404607,28698.72996,4.995601766,1
7.33810761,30042.92851,3.736379595,0
8.151248962,15661.94034,2.799883321,1
8.529669348,18203.73003,3.776040837,1
4.758648347,23603.06542,4.405508764,0
7.308048848,14600.53952,3.696119712,0
7.727421141,18767.94163,4.60180209,1
5.924540482,44376.18738,4.224342509,0
6.098156521,27776.90105,3.977362364,0
8.1414299,15494.35984,4.350921901,1
7.017295399,20169.34425,4.899611272,1
6.069363894,9323.21829,4.914809132,0
7.080794504,22289.72709,3.351766903,0
7.080794504,8721.231885,3.392134168,1
8.801933555,23659.21152,3.769831936,0
6.71477688,34558.40267,4.68485347,1
4.923178856,15990.14923,3.329600783,1
7.080794504,17423.40799,3.5681966,0
7.191024857,23781.32874,4.270645693,0
4.560916536,22939.14438,4.123621736,0
7.974248428,26848.62984,3.195944251,0
10.53809844,13867.2442,3.823092676,1
6.185951163,22198.92942,5.2057243,0
6.193170101,12883.7265,3.466645288,1
8.998375023,21790.0109,4.516932985,0
7.080794504,22900.11825,4.069165567,0
7.078659419,26177.78951,3.696640141,0
6.411525836,19505.29694,2.200678202,0
7.080794504,23172.28151,4.018446539,0
9.671796765,30220.61249,3.895103866,0
6.642755695,36505.52426,4.299209281,1
5.893103408,20526.66616,4.390701604,1
7.108140711,23688.20522,4.015246444,1
7.080794504,35434.28006,3.825936697,1
7.088250976,25399.10901,3.230645436,0
5.488135469,21715.77441,3.652991422,0
9.130768887,9929.19481,4.771443755,1
5.27418539,17605.53576,4.364426392,1
6.947915534,10337.5417,3.685079273,1
7.080794504,20894.40049,3.818403943,0
7.874671358,17404.17706,2.309149057,1
7.303051906,22053.01026,4.14486994,0
7.685396843,7324.701425,4.179187128,0
6.912607562,17973.17886,2.612248953,0
7.080794504,14971.94903,5.110414149,0
8.378108023,28474.20258,4.52469297,1
7.080794504,20197.24767,5.146442624,0
7.509350205,17045.60009,4.321856147,0
7.301463638,23778.75872,3.942709369,0
6.623613566,17167.3013,2.915165951,0
7.080794504,18592.08392,4.762871709,0
8.247148271,9913.963346,3.94196926,0
7.080794504,19486.19111,3.888177383,1
7.080794504,41325.44355,4.322325337,1
9.177869866,20868.33122,3.108769988,0
9.146557556,6787.48466,3.210881939,1
6.875746152,25422.33855,3.397302572,1
7.420640789,18463.72213,5.42376733,1
6.729829904,23114.03183,4.724321913,0
8.927905926,22139.87885,5.474354698,0
7.159398311,28954.80101,3.254926497,0
9.63066548,23641.70257,4.920091158,0
6.823642006,14053.22068,3.386362672,1
4.997770601,26849.19474,3.404632906,1
6.597292363,25039.3547,4.318305407,1
6.867301322,24112.15347,3.82359504,0
8.315959071,16123.30445,2.760212574,0
7.080794504,30280.78859,3.779554492,1
9.663653196,13213.57825,4.741944305,1
6.101955231,15976.92623,3.53559633,1
7.864649673,23045.72625,3.585933522,0
6.703486854,24316.87515,4.223883711,0
4.633202516,29307.12894,4.751858815,0
7.565198073,11246.42665,5.185000024,1
6.758851697,22540.77517,3.639971876,1
7.080794504,13427.06859,5.324638005,0
7.080794504,18085.15884,3.068919237,1
8.951652135,15189.32782,1.844371604,1
6.645657378,23432.10973,4.170657763,0
5.272156459,19015.46827,4.063825854,1
8.210357973,22619.23993,3.716663875,0
5.400700138,9968.962738,3.555737566,0
6.280978207,25972.80375,4.599432014,1
8.990317234,23728.29401,4.494544339,0
6.832217388,14015.04477,3.145415511,0
5.632731647,28315.43778,5.114607051,1
6.729191489,31991.95875,5.112254251,1
6.72958019,17975.55323,4.003458052,0
7.025305942,23502.8578,5.989542791,0
8.274069059,18091.20261,2.575423028,0
7.885678999,12359.63119,5.430349994,0
7.888424515,15761.87137,2.998065931,1
5.665266377,31883.01031,4.571823611,0
9.46712903,33365.31542,3.164187994,0
6.252410005,23920.25478,2.722908161,0
7.247700982,31561.95553,3.319952678,0
7.507575296,18328.6959,3.703001047,0
7.080794504,19290.56807,4.117287902,0
7.754884394,18857.0585,5.128390055,1
5.862641233,44069.27216,5.50742094,1
6.93365391,19026.01733,2.010728686,1
6.495435285,32775.63258,3.39047054,0
7.080794504,12229.29848,2.51676912,0
5.085429353,33455.24099,3.96173067,1
7.292141805,33991.65157,4.466912564,1
9.77693205,23971.98952,2.569468001,1
7.080794504,17317.68725,4.241935683,0
5.564342491,11245.73577,2.285987849,1
8.245186596,13909.47907,4.125731794,0
5.488314309,21485.1532,5.066786272,0
4.443238899,25008.53225,3.268324836,0
3.43485576,22690.2444,5.389510246,0
7.080794504,9959.135015,3.170543087,0
10.20064451,8016.202938,5.174719759,0
7.080794504,21051.36538,3.764703594,0
6.848329601,15908.64209,3.732202018,1
5.368988344,15973.68689,3.73788278,0
7.865756954,16147.00195,3.738618343,0
6.983860439,11848.76973,4.159566509,1
4.713116701,20070.56779,3.923356036,0
4.922045466,38494.72025,2.291694536,0
6.799375518,7986.493239,3.819985377,1
5.094164361,22957.6534,4.710936484,1
10.68296643,15758.74062,3.999775382,0
8.014183072,30566.7675,3.417076199,1
7.054266774,7450.074375,4.780615832,0
6.576845323,12772.09575,3.771313518,0
7.080794504,20412.28391,3.978932656,0
6.985192202,21944.64183,4.246201595,1
7.080794504,25498.32954,3.69194651,1
7.016836113,18014.9957,4.101397991,0
5.583832998,35278.68174,3.870156921,1
10.46450248,6700.775054,4.956358408,0
6.601407395,19635.58825,3.973576406,0
7.080794504,12674.67277,4.403876807,1
6.317576554,22577.81894,3.399047914,0
10.04967372,11557.03204,5.133477823,1
5.504452321,11950.23503,4.657360934,0
7.080794504,20134.39834,4.314495017,1
8.805177745,4728.650671,5.176205069,0
6.14524294,20417.26442,4.09093992,0
6.758656471,20666.45316,2.743890222,1
7.617524134,30308.23118,3.698317397,0
4.902158989,28278.78928,3.499048523,0
8.775485734,22113.39145,4.393944466,1
10.48680842,26453.00335,3.804352132,1
6.784116115,12736.865,4.072186608,0
7.080794504,21983.55907,4.494459702,0
7.617151922,33744.16681,3.422543431,1
6.014539831,23268.24308,2.686068741,0
7.338826111,12603.40037,4.017061119,1
8.743958545,40843.61655,4.11897308,1
9.514626622,16553.56244,2.64503637,1
3.716080075,18630.05786,4.500656275,0
7.39754401,19797.10854,3.947137888,0
7.131221859,18969.82489,4.713192605,0
6.567759613,20156.57862,3.824428039,1
7.997175823,20575.57316,4.817668211,0
5.329938815,24000.52314,5.79932235,0
7.266781486,27468.68171,3.919827045,1
5.622807135,16119.34019,3.992956901,0
5.706130889,25815.60909,4.32639437,0
5.976769618,27267.98186,2.994671096,0
7.116132606,25131.66528,3.915381678,1
8.069297893,16654.50937,3.021381555,1
7.746343115,21670.59366,3.678686031,1
9.794558699,20682.73174,2.945418738,1
5.860574155,18321.99232,4.277241102,1
7.91803917,22899.06291,3.386109813,1
6.262907282,5157.0536,4.594919156,0
7.287286375,18085.50282,3.504265055,0
6.078335837,35957.79218,4.201580906,0
7.582941677,23072.7807,4.164028619,1
7.367371853,16663.60251,3.817215105,0
7.390896679,25574.09172,4.325131645,0
6.090016057,12558.89797,2.943521712,0
7.555822759,29411.62865,4.099168691,1
7.080794504,29298.07426,3.522586173,1
7.975329901,17182.45036,3.306129017,0
7.47640846,27109.89561,3.47819378,0
6.166348223,37922.90562,4.816304244,1
8.2977832,20316.42668,4.239220572,1
7.935607325,19657.84331,3.619650737,1
7.369988621,18998.34682,3.463852437,1
9.302441188,5230.63043,3.675985498,0
6.891549222,13376.68047,4.958936841,0
5.204938763,17818.39449,3.439561019,1
9.13569426,9496.910354,3.281802196,0
7.080794504,32328.53826,5.037492216,0
6.914868152,10343.37885,2.988611444,0
7.080794504,20791.31898,2.963135381,0
5.689142988,17589.26899,4.592979951,0
8.927078148,22821.25438,4.601860959,0
3.978284627,14433.7805,3.751565769,0
7.260904363,21391.16254,4.383823385,0
8.35035104,17177.78878,3.507227581,0
8.519639043,14578.96131,3.427251407,0
7.9373922,6626.376426,4.27085115,0
7.795557629,26484.51532,3.629252282,0
7.66752086,25035.27104,4.618164705,0
6.1798098,15391.55915,3.70432422,0
8.56704382,23683.11019,2.804926824,0
9.058628424,15737.46894,3.65213447,1
5.910539738,25721.83387,4.007508148,1
8.205550719,17414.52062,5.12952782,1
6.492403122,18607.21319,4.383394692,0
7.080794504,12700.48804,3.756100423,1
7.080794504,23094.87239,2.9770474,1
7.205218264,31315.61439,3.465331089,1
9.537878629,20044.20625,3.024556641,0
8.66397482,29551.33415,3.689241361,0
7.643578362,21885.50378,3.76216286,0
6.776879088,19663.79131,3.322065007,0
5.669699209,9544.862671,1.910116645,0
8.433290824,15904.24336,3.631542932,1
7.986398706,20447.49013,4.814779191,0
7.080794504,26321.68919,3.305587798,0
7.080794504,21948.32536,4.109590274,1
6.262798867,31414.52581,4.012517558,0
5.574755848,11512.46584,4.371806161,0
7.080794504,25253.07906,3.941073832,0
5.171434094,44612.75136,2.949431503,0
5.897391121,30575.35714,2.961602418,0
5.519125656,12531.60192,3.75899586,0
7.080794504,17537.98962,2.999702321,1
4.959852811,9887.830755,3.455044818,1
6.852899085,11914.46378,4.594760614,0
6.449379439,8607.61251,3.71542875,0
6.848033469,6068.454885,4.257037543,0
7.207538608,15796.3997,4.295189193,0
6.635894308,20339.01687,4.523236866,1
7.080794504,37928.14218,3.87385335,0
7.080794504,21190.15494,2.505464027,1
7.70910636,18610.12415,4.23510812,0
7.027185659,30988.97302,5.35304334,0
9.038326069,34353.83973,3.706265892,1
7.976900874,15360.83507,4.753607931,1
6.313114732,20849.19074,4.126964596,0
7.080794504,24445.98754,4.725347455,0
8.015780395,12135.72493,3.180580187,0
7.080794504,27382.76933,4.10343896,0
8.423084472,15924.79969,3.958608984,1
7.421997644,15772.65317,3.603609581,0
8.848927372,24417.86132,5.992325027,1
7.442536475,18223.02708,2.191138422,1
8.50697907,20098.19952,3.881793835,0
7.871961403,12760.43715,2.938536287,1
7.080794504,15426.91508,3.430167323,1
6.744064261,16304.52892,3.534125963,0
5.335688809,37993.18275,3.921976381,1
7.080794504,32600.42941,3.165390901,0
7.754044354,19019.2795,3.760298085,0
7.22168944,13703.22038,3.160818481,1
6.879959452,44586.81265,5.688206949,1
7.080794504,26894.14489,4.903914479,0
6.465093529,43958.67813,3.790523693,0
6.876451043,21979.03167,4.545340927,1
5.468360932,12305.90541,4.933467949,1
6.140877557,26687.87448,5.359460295,0
8.848103019,19793.97187,3.074799306,0
7.080794504,19887.76983,4.893750992,0
6.31407747,31114.63565,4.363865763,0
4.533399114,30301.85667,3.188640742,1
6.61673069,34277.7604,3.622379242,0
8.659113027,23514.63665,2.89577428,1
7.080794504,19026.67284,3.986882335,0
7.080794504,30630.75994,2.913048443,0
11.02787986,13124.10564,4.178897909,0
5.800034177,13028.68846,4.074407572,1
6.967270764,33933.70985,3.272470739,0
7.080794504,24108.12755,5.034682957,0
7.080794504,17561.27284,3.716659341,0
5.289618437,21776.17017,4.54810035,1
7.682762474,12723.3421,5.044306092,0
6.217579612,15155.54899,3.490002014,0
7.362736502,16268.44861,4.408513182,0
10.41504401,34535.55385,4.209136505,1
9.752703227,10194.32541,3.422110475,1
6.353436844,18664.8443,3.861109202,1
6.884981084,14893.2064,4.58431918,1
5.870615501,18909.84601,3.728785237,0
4.705356496,19555.76505,3.437450134,0
6.11602398,22481.02732,3.984308829,1
7.080794504,11949.59793,3.458352214,0
7.301903491,23565.1784,3.430699188,0
4.825591458,11142.39263,3.463097154,1
7.080794504,9660.658302,3.959293615,1
8.129585514,27834.2177,3.362537135,0
4.562156483,23829.79288,4.822883764,0
7.444914015,25489.07503,2.571391506,1
5.669689566,20081.53795,3.592133424,0
6.584839333,16609.92549,3.919954569,0
5.191834327,14866.10386,3.859800939,1
5.58246982,23512.83796,4.048113258,0
7.573905933,15926.42601,4.410729144,0
6.168838539,24827.51664,4.435760073,0
6.381978996,18982.95376,3.299047219,0
5.038316783,25866.10395,3.913695776,1
5.923441415,25951.55404,4.10736363,0
7.63876177,18308.50267,4.496626599,0
8.747271524,30348.24365,4.764707508,0
8.070477127,18266.61772,3.055790475,0
7.341547112,21273.45707,4.025643696,0
7.835906989,17643.40715,3.183864093,1
7.34303194,14037.03993,5.288057554,0
7.080794504,39742.97033,3.916745527,0
5.584086638,28748.68774,2.559708228,0
7.080794504,27331.36196,4.413974183,0
7.033495055,29322.7407,3.678957092,1
6.320375285,20481.64207,2.728617352,0
7.560392023,14739.06854,4.257805108,1
5.910251729,15244.84639,3.660922908,1
6.709336439,8238.290038,4.074387228,0
9.107330383,24678.32929,4.492139949,1
8.176079615,21856.98863,4.112322458,0
3.795132905,27179.40482,3.185083168,0
9.918717064,21470.27831,3.385508444,0
7.274198051,16255.90137,3.152762794,1
9.778181813,23335.67421,4.143365319,1
8.115624507,15513.01258,4.40881194,0
5.470981822,36435.79351,3.844019871,0
10.66736393,28912.2022,4.135568909,1
7.080794504,11900.0552,3.153800219,0
4.168248461,23863.71686,2.804525051,1
7.617014109,29818.09504,3.800552599,1
8.649868625,18503.76653,3.08168124,0
6.023022741,10925.3601,3.668088579,0
7.080794504,19909.93885,4.592537979,0
7.080794504,23879.22676,4.235174415,0
3.445061864,33424.76868,4.184396969,0
9.16099754,28170.8851,3.542527793,1
7.080794504,18221.08534,3.469561086,0
9.045720545,22829.11084,4.213700444,0
6.960603502,11348.676,4.978820188,1
8.016418375,30854.83047,5.320015455,1
8.062805643,11567.88784,4.471842,1
7.058182608,26608.92915,3.613834771,1
10.16417334,16522.71575,3.530940955,0
10.15544017,12652.36298,5.00246726,0
8.999498939,20933.51275,3.695084055,0
6.646469922,5516.874953,4.387601742,1
7.080794504,26148.53787,3.893326832,1
6.632031569,24161.25498,3.38629429,1
7.080794504,22387.31575,4.649365028,1
8.268307592,13181.67352,4.405408198,0
8.722311224,20256.35307,3.009289196,0
7.080794504,12962.38967,3.500848662,0
8.037761108,40368.42063,3.572519002,0
5.961301572,23926.07882,4.919585047,0
7.080794504,11125.44354,4.699120987,0
5.735723555,25363.01659,4.732953571,0
7.395450847,22561.50831,4.990235633,1
5.846786697,19417.76721,3.371110881,1
8.013516429,20375.66827,4.44490059,0
8.337696201,30969.04759,3.454197457,0
6.906574998,15201.33995,3.282749503,0
7.400238581,8136.071591,4.880119768,0
8.861701557,15247.12803,3.579107242,0
6.966942962,25441.05612,4.356931133,0
4.595607756,13891.03853,3.978919807,1
7.080794504,28499.10733,3.403269587,0
8.543216837,33037.35339,2.847875248,0
7.958984292,23625.81389,4.698007916,1
7.344975869,5689.804405,3.418763195,0
6.255149749,24316.16334,3.146482536,0
6.901863449,20442.61501,4.047907292,0
7.296572875,22535.08516,4.679168643,1
7.273368228,14206.35732,4.196421036,1
5.38984593,19646.23342,3.577674921,0
9.814247469,30575.9469,4.317531287,0
6.946717558,32946.56752,4.93498603,0
4.29168773,18038.47437,4.616088554,1
2.92517432,39233.09884,3.678588221,0
7.187765846,31125.74043,3.78412078,0
7.080794504,9783.368727,4.626701023,1
7.60952119,40879.78957,3.145842903,0
9.802720782,27357.45674,2.764633881,1
9.011480407,34865.35768,4.270801389,0
4.737391257,30684.21164,3.853388072,0
5.96406536,22168.33156,4.696720853,0
7.098245544,22671.47976,4.909571475,0
7.071314192,20038.79642,4.29372656,1
5.422445768,18542.95745,2.91175139,1
7.669012537,11579.44169,4.589512953,1
7.080794504,28415.57583,4.1190873,1
2.612035915,34798.25259,4.76520537,0
8.003031485,15007.27268,3.137551206,0
7.080794504,17766.25289,3.168031026,1
3.902475686,21167.5001,4.528522696,0
7.846463341,6670.659354,3.885623898,1
6.04451303,30191.69246,5.127778325,0
8.458814662,15677.97069,3.507708536,0
6.124672271,27951.61307,3.631006709,0
5.418503763,35902.71568,4.506539591,1
10.88730499,15177.21819,4.0041613,0
5.603325961,36873.55799,3.900421361,1
7.387433763,11694.63529,3.830577272,0
7.080794504,21707.49226,4.003819012,1
7.080794504,21716.42369,3.825770075,0
7.678945067,20243.0882,3.089549648,1
10.13793229,15088.82765,3.872018159,1
7.607223911,39184.84672,3.525027131,1
5.842359064,29644.81361,3.865295967,1
8.436759029,44896.98411,2.499910135,0
9.809996387,16819.42318,5.538200508,0
8.331553235,11635.77208,2.69238888,0
7.080794504,30037.22162,4.11358503,1
9.901930594,13180.6778,4.226949554,0
6.530796124,19174.59325,3.181634909,0
8.140344463,50793.89892,4.362792108,1
11.23542596,33773.10706,5.147055276,0
4.725997721,34265.83058,3.644606541,1
3.717703935,14841.242,3.780258731,0
5.376078292,36026.40156,3.629250322,1
7.080794504,30211.83299,3.840888762,1
8.575673022,15888.62521,3.506229064,0
8.875642278,28487.7086,4.006991559,0
6.791097166,20149.17967,3.084039762,0
9.396148399,25825.38701,4.606058055,0
7.080794504,18408.29497,6.739,0
7.239415921,13911.82663,4.531825295,0
7.183825723,14100.96899,4.597165512,0
6.297845634,21022.83503,1.680554025,0
8.034011917,25204.67408,2.452120806,0
6.450644925,27682.50745,5.241539196,0
5.327023534,13580.61848,4.855821251,1
4.931958445,31155.54022,5.045982883,1
6.335683142,26594.35208,4.57886119,1
7.463915951,27150.3954,5.075843604,1
4.140077139,40626.84781,3.167582571,0
7.080794504,19516.89804,4.169924018,0
5.473603398,14608.36315,4.957822241,1
5.590614436,35370.73552,4.726845017,0
9.186453377,27055.69626,3.453861456,1
6.442496436,11592.44562,2.891018879,1
5.423318496,18020.84243,5.224654834,0
6.848805453,20555.55957,3.130044763,0
6.53936951,21230.43141,4.527364378,0
6.195254905,16666.13081,3.138971387,0
7.080794504,14579.82207,4.161749271,0
5.84111884,17721.95956,4.237560418,0
6.79546901,15300.83867,5.163088154,1
6.931470427,35793.75779,4.249333174,0
8.174028131,19808.53777,3.986780704,0
7.184973119,25234.42797,3.665410662,0
7.096047101,17240.02106,4.785637378,1
9.462666017,12224.6246,2.850183766,0
5.600876517,20411.66438,4.362033669,0
6.903074331,17947.98811,4.473887011,1
7.79278353,21093.9322,4.047380786,1
7.080794504,24820.49309,4.25222038,0
10.01518906,9064.035831,3.846547549,1
9.869231935,29549.65882,4.736849577,1
8.285395275,19096.82237,5.438487907,0
6.394548023,31620.19079,3.042496818,1
5.099932005,21807.40013,5.159301249,1
5.651933841,16575.82126,3.872027137,0
6.323040314,24463.13742,4.749424236,0
7.080794504,18128.90829,3.502081504,0
5.742110407,26831.61041,3.323069564,0
5.678220967,18377.00826,5.42978174,1
9.181560007,24041.32628,4.503660796,0
7.861177701,25145.02412,4.157656628,0
7.080794504,25583.49201,4.514174613,1
8.926113143,15249.62024,2.752134121,0
7.080794504,18344.06944,4.515322334,0
4.319440673,30565.57839,3.241972101,0
7.965337305,25274.6103,3.390982111,0
6.321259315,8532.139517,4.501457204,0
4.700392724,35216.53427,3.481943696,0
8.52616987,11837.12336,5.083014142,0
8.297725878,20320.10845,4.166105474,0
8.065339036,21366.2836,3.756391707,1
7.080794504,10171.7101,3.757799099,1
7.414148196,32555.85254,3.160624468,0
9.092223456,17978.98634,4.075075425,0
4.031610444,15105.3731,4.037939155,0
5.381407519,15371.99994,4.364066935,0
7.080794504,12519.09066,4.43921524,0
8.237091874,24414.97348,3.686074473,0
6.449070009,16906.3313,3.331549948,0
6.394980461,21051.25691,4.732002727,0
7.080794504,24518.5743,4.174568876,0
7.080794504,13584.49034,2.364558912,0
8.261405952,24870.82594,2.80042812,0
7.664793523,20259.72585,5.481690934,1
8.304334653,18253.1811,4.181254134,1
7.243409879,20877.53484,4.466935915,1
7.080794504,20006.22911,3.4531255,1
8.11644657,23985.86442,2.934697437,0
8.238996597,25046.79864,3.089923749,1
8.142330913,29808.2369,4.70486593,0
8.184410006,17944.85238,4.5990822,0
6.681553568,26132.21181,2.956748075,0
7.739325711,30412.37233,3.645785495,0
6.978290868,26189.64706,4.931878079,0
5.842754601,13969.26156,4.490392564,1
5.331940479,16658.8765,4.434820258,0
7.080794504,32617.1246,3.232872116,0
7.417570368,23207.09284,4.671557881,0
7.080794504,19731.74918,5.294159073,1
5.646083312,22455.69501,3.938505627,1
7.60597883,10930.05567,3.242849929,0
6.021265943,19894.14759,4.028042401,0
4.238282525,29344.84448,3.787425889,1
3.623165848,26738.52536,5.370205549,1
4.692196563,24211.63077,4.009006062,0
8.248703054,24912.87971,3.540532004,0
5.214009194,34184.3084,4.453525556,0
7.080794504,11954.70073,3.282061393,0
6.069615757,26138.78019,3.669711704,1
4.032060534,14720.54483,4.814235096,0
5.92876734,19240.0582,3.59291229,1
11.56876797,39234.47018,3.761288428,0
6.769834881,34596.00187,3.655789569,1
6.549187601,19236.01249,4.190311121,1
10.00330054,46113.95749,4.746381859,1
5.669818774,27244.63447,5.600458571,0
8.839583902,21179.76259,3.118039454,0
6.569053876,29123.7083,4.204699129,1
5.456680888,20967.84061,3.799472549,1
7.539881893,21575.24522,4.53159367,0
8.758560056,25564.76756,4.444375642,0
7.080794504,25954.03176,2.951395753,0
7.985406394,17583.08033,4.752451739,0
8.886979332,26062.44722,4.731195077,0
7.080794504,5699.504942,2.27639196,0
6.415108472,19310.06201,6.073006014,1
3.961389047,24028.40541,4.0929659,0
7.160467231,6743.346066,3.884891044,0
6.365497241,7040.737621,5.125416576,1
9.135451944,32105.28712,3.643686803,0
6.021051323,18966.36305,4.661057552,0
4.616438934,14982.30548,2.634341021,0
7.940713224,10762.93863,2.990150891,0
9.917092057,37215.22684,3.39332538,1
8.025220021,15457.49866,4.134942729,1
7.080794504,24711.41493,4.331690903,1
8.082148076,28407.66103,3.373484514,1
8.787667941,7035.133797,3.489945595,1
9.241338767,31598.53638,3.842577604,1
7.080794504,12635.3677,4.480574391,1
5.973951249,26804.10949,4.208923205,0
6.971577182,27959.98787,3.226348501,0
5.284096687,26532.73725,4.800963142,0
7.080794504,32768.22797,3.499453074,1
7.702183099,18126.03096,4.382159162,1
7.493290816,9465.323905,3.74874691,1
7.080794504,18668.36383,3.772078073,0
4.815766791,16392.13507,4.375223811,1
5.853560601,19790.85693,3.756873895,0
7.080794504,35418.73504,3.384648505,1
7.080794504,30524.09379,4.938389194,0
10.93311072,18846.63491,3.894988624,0
7.657991237,14245.78912,2.437296288,1
3.975752658,17430.84194,3.666823799,1
6.363836378,9844.702293,4.038983502,0
7.080794504,23084.06658,5.564901543,0
6.715719088,19966.7447,2.443008006,0
5.63692356,27283.78065,3.007138099,1
7.0517858,30980.60079,4.268428858,0
7.080794504,22444.09007,3.594444416,0
8.59639118,14518.9745,3.519884366,1
4.858055602,32886.5289,4.130972247,0
7.455541163,16242.06028,2.930364596,0
5.606856131,32423.46269,4.070966098,0
6.179312078,21532.51923,2.951960935,1
11.49670245,14158.15728,3.132253296,0
6.505065807,16982.13197,2.890998522,1
6.225152013,29533.60883,2.770822653,0
7.080794504,37861.44001,5.113869706,1
7.074251444,16739.26664,4.878944116,1
5.230453969,24790.7246,3.695615112,1
5.899936567,30379.35944,3.858978815,0
6.35716672,14782.80422,5.222077291,0
7.080794504,20827.98384,4.23825298,0
6.823930137,13467.87978,4.016144076,0
6.96820896,39995.18627,3.63264389,0
6.747415283,24539.71316,3.377450524,1
8.310373672,23260.472,3.493053886,1
7.137428697,17506.6088,2.96418135,1
7.080794504,21174.40848,4.217553378,0
6.115180039,24699.5239,3.69086186,0
7.886591227,38852.02964,4.589983508,1
7.159613912,30897.99004,4.943842601,1
7.080794504,11724.62332,3.56139783,1
6.332386866,23073.06397,5.159001749,1
14,24008.99204,3.170993874,0
7.080794504,25973.32663,3.151767824,0
4.96577356,21802.7449,3.421766849,0
9.888941401,19892.38891,3.75016351,1
6.002414612,16136.43327,4.315308015,1
4.016590233,28612.26611,4.417134153,0
6.580043295,27668.48572,4.756446279,0
6.277463093,22807.33885,3.123166159,1
8.544708662,31429.37903,2.31815248,1
8.410460643,27554.34526,2.977359946,0
9.22858163,10345.39931,3.8391854,0
8.054885744,12642.06595,3.514097775,0
6.155738624,30284.49487,3.685975828,0
7.091885817,29091.2071,5.116406585,0
7.8564711,5619.135558,4.534681098,0
8.87027826,16854.12946,4.182740665,0
8.896418988,8870.902966,3.700945733,0
5.91375532,12044.62469,4.023775902,1
6.103731305,17977.52565,3.38304892,1
7.080794504,14101.86929,3.62463525,1
7.822491883,22308.82173,3.835332168,0
8.028304242,20408.4856,3.91599081,0
5.524296531,26220.17421,4.033391218,0
6.917920216,17862.14273,2.691485135,0
8.29372011,35216.38597,3.954715283,0
6.505872509,29534.69029,4.497528597,1
6.48819324,34864.42789,4.592073571,0
6.990452677,17679.3511,5.184441995,1
11.49101091,37188.82602,4.369264314,1
7.950816584,20827.91758,4.543685406,0
10.7618978,25999.95367,4.661798516,1
7.080794504,28864.91028,4.697040686,0
4.933106138,27771.08013,1.45,0
6.323942073,23234.78893,3.575010576,1
6.609680322,17963.86685,3.589146441,0
6.990800831,19713.41152,4.332639872,1
6.340809022,15288.21377,5.45860969,0
7.943882477,32071.17937,4.111691345,0
7.080794504,17092.22583,4.31606325,0
5.746529194,35633.26851,3.808372006,0
9.680474778,32916.33148,2.79584013,0
7.125211076,16701.56598,3.908075346,1
5.652501287,25868.59873,4.856444192,1
6.603640717,14598.02579,3.403798435,1
8.167792632,27141.3629,4.289395484,0
6.833111019,31461.19676,3.021573595,1
7.464485186,26559.3609,3.880576017,1
9.293621613,50166.53332,3.661882214,1
7.460147818,25480.91841,2.413628852,0
6.542281787,35965.74458,3.794055433,1
5.624819996,9028.760345,4.355489162,1
6.070090952,26764.49443,4.699457411,0
4.999413811,24323.8659,4.460683932,0
5.041405028,17342.31408,4.543685761,0
7.080794504,25717.93618,4.306218231,0
7.636454091,18136.26158,3.332906497,0
5.497580321,29493.42297,5.060114929,0
8.596767212,15173.47115,3.238692933,1
8.895574458,27622.74627,4.754234802,0
7.752176213,13655.68065,4.72550711,0
9.130607244,19968.67784,5.288486793,0
6.793698635,14470.05355,4.822958046,0
5.970035657,16324.1152,5.428674072,0
7.080794504,18570.28534,4.135745329,1
7.042793877,16733.1241,3.965647067,0
7.080794504,15908.56187,4.380978304,0
7.397413299,8855.114121,3.14915751,0
11.53488049,4111.785432,3.000096239,0
7.080794504,23572.1578,3.09381445,1
8.764495619,15978.03656,5.790838006,1
5.483974109,21144.97526,4.063613621,0
7.248991198,33123.44298,4.255979651,0
3.681076271,26726.77111,3.893070403,1
5.140800528,21407.61429,4.192257449,1
9.764658134,38781.45742,3.024571178,0
9.687260028,18752.5764,3.085835467,0
7.080794504,17705.60862,3.9991255,0
8.628301074,31548.00646,5.100857854,1
7.374775414,12285.89148,3.592264728,1
6.98440553,18194.54531,3.406210458,1
6.106759636,39430.30782,3.924967064,0
8.384623152,29956.36302,3.682780338,0
9.318613916,24497.87394,4.642719286,1
4.921093903,14126.59053,3.285186851,1
7.080794504,18257.56927,4.358298341,0
7.948488372,23602.18783,3.891124346,0
9.864727092,12978.19713,3.701895298,0
8.581042821,19970.43429,2.883145377,1
7.080794504,25355.99892,3.279888338,0
6.124847329,15092.01764,4.211967654,0
7.080794504,11429.2012,3.802426744,0
9.314522392,23087.21766,3.092940473,0
7.102446618,23493.12086,3.065508372,0
7.704410252,22057.37916,3.031364369,0
7.260319682,8127.071254,4.282314756,0
9.484703254,56351.3963,4.132274238,1
7.080794504,36819.98684,3.524413842,0
5.77119905,24909.44401,4.688959065,0
5.324641431,728.7508296,3.652003355,1
7.164478295,32751.92896,4.998203435,1
7.445189293,24741.535,3.637894581,0
7.207886781,35804.29261,3.762741072,1
9.515140615,9082.816175,3.812887661,0
8.719240207,17430.91972,3.912836037,1
5.796236902,15671.11929,2.483643397,1
6.910765112,7764.438022,4.340148944,1
7.080794504,5576.628297,3.216414002,0
8.179890443,17291.61826,4.295737731,0
8.891674051,41801.44184,4.522599229,0
7.080794504,9344.653322,4.559336642,0
5.626339528,14442.41888,1.943318777,1
2.128531434,24905.28452,3.842109417,0
8.67993497,22984.05095,3.873470298,0
6.20964226,13116.70771,3.612519615,0
4.337119469,34355.61843,4.40163526,1
6.730427772,9258.767076,3.961942035,1
6.768060049,23793.03136,4.145806702,0
8.357612993,34989.04708,4.366242228,1
8.215123507,30579.37107,4.511384049,1
7.080794504,24634.55244,3.498716819,1
7.021617481,12352.81111,3.85563625,1
7.080794504,21687.47345,3.242545448,1
8.96724411,34446.78226,3.742255944,1
8.684778672,40799.36033,3.877349185,1
5.906441765,27296.29404,4.807495942,0
5.057736411,11229.13778,3.163935937,1
5.33418358,28897.49153,5.091357101,1
7.080794504,25703.1552,1.659799385,1
7.080794504,29721.91163,3.355164642,0
7.080794504,23469.22087,3.600220438,1
5.767349597,15417.93283,3.896090487,1
9.161088613,26618.05964,4.888061137,1
8.570129121,9782.344284,4.604404561,0
7.080794504,33798.10896,3.845127166,0
7.436537227,31935.69071,4.497629168,0
9.925041328,10704.60318,4.703803489,0
6.360195819,13742.13949,2.713248379,1
5.368125754,32619.31297,2.004142586,0
7.080794504,22656.71462,3.735204451,1
7.62349992,36267.26666,4.764995184,1
7.010243376,26395.24878,3.279006327,0
6.155249161,19781.6106,3.803908514,0
7.080794504,20857.90822,3.77609972,0
7.080794504,12675.93896,3.240419097,0
8.111101031,35200.79883,3.663774941,1
8.310938776,7929.504749,4.408559684,0
7.080794504,40710.52439,5.486132309,0
6.724639342,41552.01966,2.921414772,0
5.613562647,16615.90815,3.465088676,0
7.080794504,18327.43843,4.54358117,0
7.080794504,30797.52,3.36517444,0
7.02729686,31151.61518,3.392666423,1
6.328553081,33315.94708,3.265854137,1
10.5047602,31320.24559,4.681366362,0
3.388090611,20230.12558,2.798600948,0
7.080794504,11532.22318,4.086175637,0
6.510855611,15147.17146,4.225608376,1
7.203438849,22826.4847,6.389161009,1
7.734569203,21776.59446,3.821455975,0
8.558663124,38767.75637,2.590635463,0
8.736126384,12726.29864,3.368532611,0
7.080794504,39802.51492,4.989876168,1
6.867521704,20247.20103,4.837268004,0
6.655605026,20571.84571,2.951644715,0
7.080794504,18964.09226,4.600663396,1
7.992320364,17076.66379,4.342796788,1
5.700784947,27365.10636,3.978141279,0
5.620533436,27852.09744,3.439475848,0
8.210443565,13933.08536,4.97605516,1
9.58789503,11351.86186,4.666916974,0
5.690387424,14083.82989,2.988621031,0
7.080794504,10643.18677,3.065910372,1
6.684699737,34157.18447,4.030659831,0
6.9777441,18622.4448,3.530622694,0
7.74045387,19713.50437,3.54131667,0
8.651389727,15901.28516,3.26640974,0
6.427512443,25993.71141,6.032994877,0
7.47102667,15736.58099,3.70797408,1
6.599593819,21078.88717,4.702310753,0
5.660736311,16488.01751,5.016187559,0
8.85411954,19258.80307,3.461350424,0
7.917608595,15805.65015,3.784085381,1
8.238878989,11451.31222,2.784712797,0
5.941265556,26562.44718,2.227370875,0
5.412119545,2835.303165,5.680346587,1
6.45278075,22034.9546,3.425065096,0
7.498372459,21736.37332,4.242241799,1
4.556656719,14400.71863,4.392257325,0
5.782079034,25366.12069,5.059361568,1
9.842056294,6785.145303,4.179197763,0
9.638222268,30739.68909,4.614369674,1
8.92814208,27884.43425,4.111101546,1
10.19166524,13630.04731,3.403422698,0
10.02615916,14962.17783,4.182277582,0
8.65479265,14799.31146,5.148137888,0
6.775631133,15525.39396,3.017544306,1
5.49978773,43195.47367,3.668220483,0
9.894562129,26436.03333,4.61753288,0
6.412707042,32333.84154,5.014144884,0
7.744098531,30809.7057,5.104188246,0
7.46072722,25222.956,3.949014618,0
7.038347517,23951.10599,4.575578405,0
5.492155983,26422.09789,3.294129366,0
3.102075565,45148.80812,4.248075369,0
8.192210156,13528.54938,3.489283078,0
8.937802408,10562.46054,2.831234426,0
8.240945815,18001.45919,4.666295331,0
7.2261272,23129.74806,4.153558901,0
6.74881155,22475.09296,3.312512766,1
4.709186747,22291.41858,3.860083952,0
7.808856018,17329.80216,2.798242842,1
7.086168401,4304.492483,3.416539753,0
7.36876853,18452.02299,3.813881276,1
8.27579563,22013.96491,4.72133955,1
6.364155674,22958.00999,4.764412042,0
7.080794504,11703.92391,3.510004045,0
6.887863944,19947.92418,5.454487652,0
9.445129838,13168.52916,3.875165247,1
8.721726711,28608.05208,2.555026904,0
9.001822865,15379.91276,3.976873452,1
8.862867931,17465.09589,5.758675719,0
7.080794504,28894.47697,2.959749614,1
6.643026538,20511.36924,3.709988662,0
5.963479205,24435.64208,3.727813323,0
7.080794504,11582.46258,4.374332547,0
4.964070342,17694.57483,4.761700804,0
7.080794504,15618.13524,4.575874148,1
9.919478426,16544.27559,4.11748804,0
7.080794504,20406.92767,4.102529482,0
7.468617019,36701.97435,3.384178841,0
7.763415107,20019.26121,4.113536187,0
7.080794504,10540.34228,4.149483265,0
8.142660401,20111.22595,4.617093489,1
5.940475876,17177.07104,3.997969671,1
7.032818726,29370.26418,3.633373289,0
6.660212026,30944.36359,3.749701241,0
6.164480227,27312.16838,4.834023096,1
6.897322141,25650.77764,5.02278363,0
7.528980405,8129.734919,3.644409765,0
7.080794504,23133.66235,3.517153023,0
6.769769339,16980.25848,3.846611901,1
6.044671753,13593.60002,4.914883756,1
6.622102936,16010.52415,5.290920716,0
7.917049443,27192.28056,3.659484625,0
7.080794504,17388.98256,4.217743745,0
7.080794504,9626.893206,4.654177335,0
8.935115926,23774.25828,5.168297808,0
6.628256197,15911.35751,4.464457184,0
8.589202344,7263.056749,4.041445671,1
6.904121373,10836.96978,4.141819203,0
10.94747264,27671.5226,3.112317482,0
6.630251709,22557.77958,5.181202492,1
7.808641136,15694.50719,2.472720325,1
8.058135997,29298.35949,3.13060894,0
7.437216653,20185.58716,3.866874573,0
7.080794504,31251.64373,3.906526285,0
5.499489286,13902.96865,5.846826958,0
7.080794504,18908.62826,4.013477062,0
7.053116739,19500.34998,5.67199885,0
7.080794504,19575.47536,4.32920405,1
7.377036504,15340.95184,4.531658688,0
5.019984767,19272.70448,4.089485428,0
6.593174457,21857.83889,3.931653171,1
6.115637546,15765.78672,3.723625473,0
7.226592711,22097.41322,4.337116899,1
6.14301848,34865.32463,5.37040341,1
4.275159673,26098.63796,3.732856051,0
7.55796363,32833.43117,3.292270153,1
7.080794504,12190.1716,5.026270726,0
5.731042139,1351.906979,3.675807027,1
8.635848719,13672.09176,4.401424715,0
7.021295306,23109.85423,3.675557956,0
7.080794504,25305.10293,4.133069339,0
7.083779061,8580.245561,3.887680685,0
7.080794504,44506.44156,4.124780678,1
6.44455517,24855.83004,3.551905359,1
6.18969926,15229.70287,3.02737148,1
6.163519015,37282.52249,3.477244889,1
5.487876363,20162.01862,4.223576482,0
8.281120655,17995.40522,3.687995064,0
7.080794504,21919.47016,3.954964292,0
7.080794504,18752.26968,3.293552631,0
8.719764332,30681.12026,2.887725422,0
7.051396426,15423.38728,3.172091114,0
10.28937961,18869.21209,3.500166976,0
7.163999223,34226.07213,3.354322267,0
5.068795502,22781.36453,4.362085653,1
7.080794504,27030.755,3.993125742,1
7.080794504,35971.02511,2.934137001,0
7.918183321,20012.17298,4.764193594,0
7.080794504,33784.82623,4.678745035,1
6.128425635,9615.83271,4.633823862,0
10.14708958,20642.58872,2.799440618,0
5.9159443,6967.735565,2.585849315,0
6.27629499,28653.47234,4.342759277,0
4.004248333,32821.85009,4.445946436,0
7.080794504,45141.68604,4.604724796,1
7.044375319,12575.27963,4.276699074,1
4.894278074,10922.54199,3.594990864,0
7.586235788,16409.93656,4.351335081,0
7.080794504,36152.8209,3.995973787,0
5.404510674,10168.17654,3.998175886,0
6.153495924,48175.85209,4.819970458,0
3.71517136,15900.79715,2.35333814,0
5.814564234,29382.33526,4.131911908,0
9.313465893,41982.61066,4.493612765,0
9.239440361,14829.62421,3.471971127,1
8.832142261,12171.02455,3.914511885,1
7.366671989,15547.18663,3.394450273,1
9.519659984,17258.18835,3.994556136,0
4.26526964,25634.53328,4.900446069,0
7.080794504,16146.15711,3.772919265,1
6.514415093,21218.70287,5.200885077,0
7.080193059,39431.11265,1.492206615,1
6.730883602,22296.05965,4.359137364,0
5.903465715,25394.10472,4.587086719,0
8.02724787,7714.746969,3.480640837,1
7.984710742,40709.78166,4.567879972,0
6.438421804,26448.24509,3.380360394,1
5.345887147,22274.36837,2.950360943,0
7.423088086,31073.03134,3.712681965,1
7.080794504,20063.49033,4.565423282,0
7.519227463,16897.30704,3.275724959,1
6.549124998,7412.798059,4.421058844,1
9.149733927,30468.64183,5.436819304,0
7.080794504,14807.41355,3.434798595,0
7.775385593,15704.48209,3.309471716,0
3.719791644,23590.93213,2.718397734,0
6.904536858,32981.25838,5.058905448,0
4.788861062,28174.62052,2.896852186,1
9.11278625,20868.62798,4.567087634,0
7.080794504,16670.99601,4.304051632,1
7.080794504,14563.68265,3.957011709,1
3.722500486,37962.16799,3.662837732,0
7.110845138,25043.5328,5.712792127,1
3.882631081,7751.809491,3.734001387,1
9.564853066,17156.33671,3.182805359,0
7.484254838,30616.61515,4.781188177,0
7.080794504,20311.40247,3.887361927,0
7.812804388,42550.84182,6.204846359,0
5.225683807,16276.3986,3.695746982,1
7.457164758,31085.08343,4.106543052,0
8.218171066,22465.68756,4.246446172,0
4.405327147,15039.71041,4.086867245,0
3.846814328,26895.25796,3.584201916,0
6.532097274,8240.812709,4.599324041,0
5.588129751,8730.312436,3.165618482,0
7.080794504,28415.18435,4.052367138,1
7.240271791,23432.96269,3.832597167,0
7.894322783,11697.60697,2.865031443,0
6.158424006,26369.02657,5.080497555,0
9.02678772,27965.07215,2.019042018,0
6.898932482,15422.22089,3.688455553,0
7.080794504,20004.73363,3.882003963,0
5.898726325,21148.2419,4.899815187,1
7.580048808,31749.9244,3.959636524,1
5.345345371,10315.35397,2.362886022,0
8.182103306,19642.39442,4.605237762,1
8.73352533,24578.42122,3.1492018,1
6.707108206,10794.7839,2.640246413,1
4.563370643,13490.60815,4.825179226,0
7.605674821,9583.710441,5.554074526,1
7.774468469,22316.39828,3.891097334,1
7.080794504,14064.89915,3.732339331,0
7.719000805,13939.29402,2.884818771,0
7.130099196,9480.617796,1.986191593,0
5.701154645,41411.60171,3.403136416,0
10.04102797,16266.43445,3.807562606,1
8.829806178,17732.91467,4.423886042,0
7.080794504,21136.28676,3.310858508,0
7.393110153,13215.70638,4.431739047,1
5.711212506,21157.17973,3.953334967,1
6.175164949,32875.19206,3.341369291,0
7.080794504,23917.19015,2.857687205,0
6.102533306,24196.26441,2.292573781,0
5.429334842,15265.40756,3.08173592,1
7.080794504,27979.73622,3.439623354,0
4.775983439,19185.79188,4.382161619,0
7.277143967,18270.10506,4.931353522,0
7.080794504,3900.913892,4.071343675,0
8.080415244,18136.12886,4.070824292,0
8.32398215,21292.82875,4.153782657,1
5.039406776,19336.60807,3.1269559,0
6.252810211,27690.47478,2.921797389,1
4.103867855,22207.47023,3.808850694,0
1.757037115,41538.24273,2.96755413,1
9.879071258,14673.67067,4.218831154,0
7.860106422,34591.67815,3.499774684,1
9.036504348,21696.00324,5.661984463,0
7.882123947,5477.347215,5.364172169,0
4.443850856,24070.26365,5.038118946,0
8.249550509,32898.74937,4.284831119,1
9.597191857,21153.32283,5.145152871,1
7.456250785,9163.294448,4.279697428,0
6.86313625,23610.51756,4.319777195,0
6.922652371,14682.66584,2.877354267,0
7.080794504,21093.21741,3.589251634,1
5.202672013,23051.44186,3.927980576,0
10.60058999,21558.30874,5.477700314,0
4.301373467,26640.07219,3.067626699,0
6.944868387,16904.20109,4.241135181,1
6.593764313,25589.61059,2.346578095,1
8.085759801,32653.91036,4.068688909,0
6.877456933,27433.58729,3.827650072,0
7.261550522,24964.7777,3.636364183,0
8.811472248,12138.42295,5.587395988,0
6.891561655,26240.49298,3.561962572,0
7.080794504,36112.13463,2.43250721,0
4.574124682,22520.41864,3.086499926,1
7.080794504,29368.67418,5.052736766,0
9.076317994,14153.64338,3.436985824,0
8.107091815,24531.86944,2.769164071,0
6.17251737,10498.63515,4.129984995,0
9.612898964,16598.57751,4.016409562,1
7.651294226,11699.13355,3.258041647,0
5.685216463,17628.04306,4.066156997,1
9.769251006,8471.677381,4.636556195,0
8.96969739,9049.682595,3.983098818,0
6.643158712,32873.82002,4.562197671,1
7.080794504,11981.74019,2.678910713,0
7.822257363,22411.00686,3.080865919,0
7.080794504,38977.3308,3.261591731,1
7.40265315,19259.19394,6.226580405,1
7.831117737,19130.96153,3.807997464,0
7.080794504,31081.73526,3.345543355,1
5.801571267,15327.87972,4.425377564,0
7.022952113,15978.35525,4.971907099,1
6.406797813,17851.06402,4.573968265,0
3.691932693,9439.783993,3.846606955,0
7.446089059,17763.31099,2.948657439,0
8.746985976,22174.78114,4.763730536,0
4.745764371,33153.81298,3.699146259,0
7.080794504,32981.23946,3.231679693,0
6.457097525,18340.04681,2.637364885,0
8.116350275,16514.60809,2.526016236,1
6.05460718,10215.81242,4.88916336,0
5.694694238,7998.674511,3.8706108,1
7.080794504,25338.61934,3.13400015,0
5.728823779,12932.59039,4.41217355,1
9.074922874,21633.72173,3.84047901,0
6.967861397,13401.04439,4.893215273,1
7.503085765,32000.17894,4.305513625,1
7.59312765,18371.0572,3.377337638,0
8.136497869,30031.83918,4.20418585,0
7.080794504,20325.70213,4.032267339,1
7.080794504,28184.90053,4.456104061,0
7.22299756,21314.86979,3.96625851,1
6.256651148,16905.80152,4.181050753,0
7.497987815,30927.39428,5.738991025,1
3.590822364,33431.67112,4.144780873,0
7.490807654,6873.559885,3.716367555,1
5.840811554,16087.26971,5.049463526,0
5.584124358,29999.98701,3.852731893,0
6.283103588,26188.16217,2.663920734,1
7.619845077,37279.12895,3.779648433,0
9.419510316,33155.57822,3.298875499,1
7.388292039,12928.64443,3.846830261,0
9.221955642,26502.59577,4.294251987,1
5.527633483,22095.63716,4.59113705,0
7.205559175,24627.86756,3.710053126,0
5.859690474,19231.03329,2.747332827,0
6.848000113,26296.9483,3.815227609,1
6.385470898,26756.918,4.681716653,0
6.648849186,30733.50384,4.827527398,0
7.301563449,23441.26714,2.774960949,0
7.080794504,13766.33079,3.979296867,1
7.064789081,20567.14593,4.401627835,1
7.080794504,26552.9744,3.206995483,0
9.341091803,18254.11066,4.5987865,0
7.080794504,18318.72037,4.181264106,1
6.622791356,13900.71652,5.60929081,1
8.170588045,12806.83233,3.995857049,0
5.168340328,17914.34023,3.841162625,0
6.407963336,28460.2034,2.954092652,1
6.64879301,16388.40526,5.138047828,0
6.541007699,29616.49287,2.355934229,0
6.30497166,21046.44852,4.221305734,0
7.833361001,13394.73161,4.270973138,1
7.220165553,15658.08628,4.398685036,0
6.100245391,13886.80971,2.174898199,1
8.532377474,30268.42127,2.380088049,0
7.080794504,42268.3343,3.601735481,1
7.086877326,25524.82347,3.992848211,0
7.080794504,28266.75511,4.312289708,0
7.080794504,16429.9079,4.454964342,0
7.080794504,11562.43551,4.589161805,0
7.879543234,37000.95567,4.066229364,0
7.080794504,15380.12408,4.516869764,1
7.080794504,27418.78104,4.197595209,0
5.455599352,37620.24847,4.476348715,0
7.514835666,17017.42996,4.29973216,0
6.6249436,16360.5663,3.546696372,0
6.629985036,21495.53756,2.534499478,0
7.119824384,18730.81365,3.445756223,0
6.425873866,11965.39651,3.731936503,1
7.096098311,24548.5983,4.569760036,0
8.388322494,16795.82048,3.854771516,0
4.886379804,38633.30517,3.227849086,1
6.174750579,21504.13882,2.566048788,1
6.788291583,25661.36054,4.255948317,1
7.080794504,15255.11526,3.796737486,1
7.521920636,20139.43035,3.110932391,0
7.278910903,22184.52703,4.201577247,1
7.088940642,13839.71343,5.661104287,1
5.754212968,31871.29124,5.920233915,0
7.080794504,22539.71161,3.398592587,0
6.784279329,17569.57982,4.045547056,0
7.37533762,28767.75742,5.127394949,0
7.526680395,38468.41358,4.148223129,1
7.608750191,25410.81187,4.627464223,1
6.341751224,18058.32029,4.01901055,1
6.123193935,15135.12724,5.457830951,0
7.080794504,23727.09411,3.714469253,1
5.654118943,16431.2049,3.466264458,1
7.080794504,17382.42737,3.843405196,1
7.349653377,20443.13505,3.861684092,0
7.080794504,22060.18687,4.963535103,0
7.783305613,24789.35473,5.045619628,0
7.080794504,21626.49759,4.728123985,1
7.384048888,14417.97953,5.337987102,0
5.666446145,24383.74154,3.836823301,1
7.744772552,27648.15965,5.016321199,0
6.187938054,12682.15094,3.546183202,0
4.865444268,32858.4831,5.070254359,1
7.080794504,13568.2712,3.067033981,0
7.749773784,21995.06807,4.317186298,1
7.71408936,27336.96262,3.182582857,1
7.916669699,39431.25263,4.275192719,1
7.080794504,14550.41701,3.794033112,0
8.360795827,28722.17585,3.715951409,0
5.290666877,9265.104948,3.530573616,0
5.393345914,28099.03873,4.633854752,1
6.309891576,31062.37191,3.603040462,1
6.143921454,29072.16965,3.476213304,0
6.210647606,19330.03576,3.21212398,0
8.043889299,8896.195118,3.15994937,0
4.908899724,13516.91149,4.196429497,0
7.080794504,7460.24726,4.266869045,0
9.739561949,13623.16006,2.568079877,1
5.117913529,26215.4011,3.806700492,0
6.017260924,15157.26879,4.427712282,1
6.114332051,30606.22359,3.68040999,1
7.442023084,34565.70169,2.894651172,1
6.207432968,13442.60347,3.549298841,0
6.790838199,14348.57292,3.438279839,1
8.490571562,22989.79639,3.875556805,0
7.539742095,26716.35971,4.21067784,0
6.381977105,20709.27976,4.99189599,0
7.080794504,20278.33827,4.940014517,1
6.81170227,15149.48987,3.275008408,0
9.434005875,20474.82082,4.201054364,1
7.080794504,20886.78656,3.86034761,0
6.037428194,12988.79123,3.594217364,1
8.594217251,29706.23422,4.489544794,1
7.080794504,37030.70812,4.825792283,0
8.594677108,23220.12061,4.754072499,0
6.271012171,24846.14187,5.303581361,0
6.9641983,27408.49933,2.395683182,0
8.016279103,14034.4858,4.308222881,1
11.89807803,8296.550611,3.024968487,1
6.145148361,39657.27211,4.600885755,0
8.860450854,24085.11214,4.677713327,1
10.90507641,16099.1519,3.720264379,1
5.772769698,26693.76161,4.154685424,1
7.417502637,24389.36289,3.391240667,1
7.117578658,31528.94869,4.333401737,0
7.855906368,19850.18289,4.15188983,0
6.777506359,15228.91291,4.263180268,1
7.080794504,8076.822283,3.373936508,1
7.080794504,45243.02895,4.108856703,1
5.896339346,17420.08715,5.032854921,0
7.118980168,32528.11561,5.349210586,1
7.080794504,10634.05905,4.799012921,0
8.989900091,15921.41202,4.613842848,1
6.427365144,20920.25156,3.568823153,0
7.080794504,21875.2164,4.123239479,0
11.90773983,17083.17509,4.256415421,0
6.395359132,23827.27502,4.191217515,0
7.080794504,12224.31051,3.463172548,0
8.55409697,32112.56987,3.56360986,0
9.352719753,23558.55475,3.398264165,1
5.575920648,14553.13231,4.294447559,0
7.080794504,16219.47532,4.904366576,1
4.09141145,24252.45882,5.95232482,0
6.105140135,45249.44903,3.103089844,1
8.296344056,17468.9998,5.400810789,0
7.080794504,18406.59418,3.71095754,1
8.394509585,23961.50453,3.712472834,0
5.078274175,18125.6384,3.631042314,1
5.934279093,23249.65383,5.217895024,1
6.784133024,12827.62101,5.035822844,0
5.941942536,14778.03288,4.302179285,1
8.522567733,16446.32805,3.358284405,0
7.157337864,23718.55201,5.183622115,0
7.080794504,25795.69364,3.789195951,1
6.789820821,22527.68121,4.512068205,1
3.148712285,23257.20883,3.465637836,0
7.868147086,20434.10574,4.315898406,0
5.174896032,12871.55122,3.44502808,0
7.080794504,8906.975623,3.842113986,1
8.757110512,31040.88449,3.80879301,1
5.092757239,28390.89136,4.636728696,1
5.716755667,12641.52781,4.080674996,0
7.361599832,29169.72078,3.751588622,1
3.832917409,23535.0289,4.768660397,0
0.989912213,16922.8539,5.160603788,1
8.163076383,20335.67651,3.287243971,0
3.94012546,25911.32168,3.478004808,1
6.369111631,34456.80113,2.275903461,0
9.024845037,19859.67648,3.985250506,1
7.693555235,21856.14521,2.750695905,0
7.793039171,17398.38584,3.389270098,0
9.130795899,28273.60324,3.025707369,0
3.657123133,23736.81626,3.31462973,1
6.718249445,21043.62693,4.488904316,1
7.918087079,29565.71111,4.64004301,1
6.149185174,20596.39123,4.275614874,1
7.918150471,23823.49289,4.028958007,0
7.080794504,14916.98609,3.864931035,0
7.487573364,28837.3304,1.801326999,1
10.26841472,14694.42062,5.199864588,1
6.649705311,16191.42609,3.085178509,0
9.735889388,10897.15029,5.573210319,0
6.071183422,14852.53068,5.036334154,0
7.475536902,31359.38646,4.015574262,0
8.243090986,29461.02377,3.550716831,0
7.494391101,25058.16022,3.579651838,1
9.049166054,4343.356611,2.814000683,0
7.380104835,16862.54348,5.030452202,0
4.666148131,35680.06788,4.556863752,1
4.663492192,41452.62557,3.742293454,0
10.22386216,28749.71654,2.672988737,0
8.922409559,13291.92261,4.081728016,0
7.249257333,24311.90579,4.361486286,0
8.815357953,26780.69179,2.87588018,0
6.816416925,24170.27489,4.274738214,1
9.436637164,20724.93036,4.41111744,0
7.593176933,19214.18636,3.542092644,0
7.080794504,17835.30901,5.709690241,1
7.480728114,28357.94277,3.714874787,0
6.157443145,25937.71144,4.770154312,0
7.397650663,26730.63533,3.078478788,1
6.581878202,37169.4444,4.201662864,0
7.830607591,18821.38961,3.551568013,1
7.700362305,29432.20825,3.786486994,0
0,49456.58711,4.92883998,0
13.54124024,13475.91277,3.529190957,0
7.183108734,5097.82585,4.006424839,0
7.179864149,10859.55375,3.878447314,0
5.264283802,25556.05313,5.100239665,0
7.080794504,2808.025756,4.081328787,1
7.031839174,12653.94408,2.725564949,1
7.080794504,42617.3034,2.846501199,0
6.665495068,25319.91387,3.928495392,0
7.080794504,7845.472891,4.454641301,0
2.945469061,16829.39304,5.06998277,0
6.657793591,18844.03703,3.868925702,0
7.080794504,15873.03443,4.706774892,1
7.423586012,34451.98421,3.365397495,1
7.376161138,17181.00881,4.010235394,1
7.080794504,36290.74611,3.817778953,0
8.445219159,28966.56933,4.400705862,0
11.21913474,21871.78517,5.749585831,0
4.9456947,23000.72314,3.78251746,1
10.62882091,14054.12549,5.140449467,0
9.567822726,38787.46271,4.197919055,1
7.080794504,21762.61415,4.344804944,1
6.728004386,22888.78806,4.410697353,0
6.746934968,25137.42768,3.485535976,1
6.073684981,11795.31358,5.249069811,1
5.554436511,31344.46039,2.095914087,0
8.966835973,16764.85476,3.654354962,0
6.209697437,22610.76871,3.893766831,0
7.080794504,21410.31962,3.659974812,0
6.300755509,25668.19895,5.708111883,0
9.323583858,15751.1753,3.006650222,0
9.678050854,26402.70396,3.029700335,0
8.242558635,24042.18816,3.529427237,1
6.770095146,25887.63172,5.203461367,1
7.765635562,13736.34204,3.21444964,0
10.50966863,16786.92541,3.505078834,0
4.979468811,24167.84288,3.439021651,1
7.061830972,24991.76602,4.299018587,0
9.54025224,31683.86459,3.329503899,1
7.080794504,21862.75361,3.943290757,0
6.847863212,24456.17489,4.92119573,1
5.970578908,19952.30947,5.013281168,0
3.798391049,18529.79803,4.833507857,0
8.247958056,28327.16734,4.723230706,1
5.918953546,9712.560664,4.265547139,0
7.295141332,13706.18681,5.056104024,1
7.080794504,46931.88429,4.120931424,1
7.870853412,51731.82055,4.221613951,1
8.146185794,20506.69842,5.177963625,0
8.020869103,21759.36393,3.442121236,0
7.859489939,31725.48777,4.498069166,1
8.040144167,6879.764653,3.986459812,1
5.187471605,20060.07873,3.203257896,0
5.198067643,37200.24206,3.295033859,0
4.812433652,11465.57564,3.0209959,1
8.527142498,3413.081633,2.649423905,0
8.278752741,29381.93641,4.767722384,0
8.149437298,23978.10768,4.949257361,1
7.705711006,18476.61917,3.861956077,0
8.515977267,28553.55946,2.165681681,0
6.588207965,35263.6124,3.972255856,0
7.272362197,16404.75948,3.99658137,0
4.495357679,14080.83371,4.962899585,0
6.217255307,32911.92972,2.08142502,0
6.071838864,17162.75393,2.691610395,1
5.500276575,19911.2249,5.147535911,1
9.824706476,15120.92472,3.226035359,0
6.453605209,25257.64929,5.56826494,0
6.618186567,13776.62179,3.797067861,1
8.884934503,17621.39011,4.714163453,0
7.481535362,12088.41645,4.262065437,1
8.22708313,40546.95633,3.619181848,1
7.86978187,18608.6563,4.219575578,0
6.93208503,19530.47382,4.433285888,1
6.356511062,17538.54117,3.415525525,0
8.25121778,17617.87631,3.495062986,1
6.962324595,35229.077,4.526768327,1
5.403883692,11571.42154,3.189942299,1
7.06614184,22523.43357,4.127599073,1
7.080794504,25680.71739,4.32378488,1
5.872439859,14343.42321,3.741067233,0
4.430281212,28862.25717,4.384565156,0
4.906491593,14786.1389,3.152344905,0
3.928556492,17328.16146,5.060835979,0
5.462355935,11642.149,4.486180492,1
7.945407487,15938.28644,5.428916724,0
7.583770299,36343.40706,3.642289214,0
7.080794504,29513.80486,3.027946497,0
6.770926884,26880.22004,4.91053382,1
7.262534652,38713.11269,4.846359372,0
6.539115261,23308.29688,4.211671959,1
9.185417502,18073.96859,4.186674618,1
5.363362645,27045.92996,3.871372489,0
6.449236657,12812.55712,4.065148002,0
7.614056817,17598.20035,3.437946395,0
7.080794504,14368.12816,4.583109838,0
7.451888779,15825.18257,3.930080761,0
7.080794504,14202.1938,2.848370818,1
6.887414371,29189.13672,4.564188355,1
6.150034401,8406.723244,3.444442492,1
7.080794504,11566.87555,3.603089689,1
7.080794504,25110.03763,2.739234987,0
8.124207826,26489.1147,4.724456578,0
10.39194239,39116.68271,5.77171476,0
7.790874862,24061.3496,3.076214341,0
6.139743032,23894.13601,3.841221574,0
7.080794504,16263.16747,3.451740047,1
8.316765884,22018.41744,4.628770537,0
10.22386216,28749.71654,2.672988737,0
11.18028447,25484.50849,4.370561937,0
7.119824384,18730.81365,3.445756223,0
6.347271761,41065.23476,4.376348291,0
7.371050302,25630.32004,2.560299148,0
5.400301781,17266.59342,4.82478639,0
5.115817064,19620.54533,3.902088768,0
9.267187531,24683.72357,4.324004646,0
5.331940479,16658.8765,4.434820258,0
7.145771545,28780.34043,5.182590704,0
9.920691059,9973.934059,4.69070723,0
7.809631898,12013.55063,2.447444464,0
9.147197055,11920.61084,3.794531591,0
10.56074464,21783.65103,3.96468635,0
6.391353624,20965.47831,3.923749169,0
5.058108869,34873.93452,5.106655774,0
5.704764776,33223.58153,4.157533407,0
3.514545529,23029.66361,3.762615331,0
6.455004797,24468.04839,2.293431406,0
7.316804754,31903.39981,3.50837265,0
7.408985467,9566.12227,3.772420928,0
6.762832522,27159.38435,4.916579161,0
6.953371603,11609.10905,3.651865808,0
5.488314309,21485.1532,5.066786272,0
7.205559175,24627.86756,3.710053126,0
8.419970682,13237.9896,3.962478314,0
7.725332908,36477.73811,3.724836704,0
10.1119767,15331.30269,3.425763242,0
6.506487767,17087.0769,3.548775589,0
6.643935775,10909.19459,3.812952926,0
5.03377399,34971.80748,3.244948477,0
7.977635991,32170.06916,3.5521295,0
6.242414484,28149.41179,4.508705098,0
6.06335479,14775.1456,3.467336915,0
9.562405944,13041.82914,3.762719837,0
6.825467901,46140.12685,3.027449578,0
6.579969329,17657.08418,4.575931872,0
4.801154368,13556.7344,4.418638132,0
6.906992172,19991.23915,2.124759352,0
6.20801554,17358.79637,4.334615732,0
8.640886409,26473.71324,5.263101572,0
7.830976343,7695.063935,4.588784657,0
6.129637015,30989.94841,4.615886181,0
6.511618075,29136.81462,4.850433708,0
5.323815584,37625.75268,2.880721846,0
6.626012184,25839.8941,4.194313129,0
7.895469246,7769.616119,4.2369473,0
7.947485786,34440.77343,3.70085384,0
10.02615916,14962.17783,4.182277582,0
5.869736755,22244.21824,4.689315048,0
9.925041328,10704.60318,4.703803489,0
5.095766465,26307.29845,4.35219347,0
7.682872498,12105.72193,3.778606788,0
3.664710562,28102.75663,3.316157657,0
4.814135621,17650.40505,5.190851805,0
7.436782609,28544.61629,3.727663719,0
6.755145902,18536.69865,5.162729749,0
9.445129838,13168.52916,3.875165247,1
6.548020558,25508.38695,3.611860372,1
7.291888325,27784.04848,5.328712788,1
7.275908774,22644.76635,5.062297798,1
6.286806948,13777.37619,4.104863275,1
7.628552723,26244.03691,4.182057148,1
4.79084054,17862.369,3.258858945,1
7.710959939,6552.626314,4.28894682,1
8.291299006,20008.13496,3.424701921,1
9.032660579,15618.17025,4.927218272,1
5.667650647,16953.89874,3.633213756,1
5.862641233,44069.27216,5.50742094,1
7.82197094,23318.18798,3.532958335,1
11.301794,39227.61946,3.309580397,1
6.964225943,29957.19122,3.990437572,1
7.672909523,22989.35118,4.268227482,1
10.02622381,25510.0973,3.736228471,1
6.848331559,12837.50606,4.396604556,1
4.296247024,19672.48721,4.163328982,1
9.158445163,15797.0304,4.525236731,1
8.848586283,32033.33202,4.014681858,1
9.495456382,18088.35485,4.168541279,1
7.757269666,25259.78055,4.165432286,1
5.117390303,30914.11158,3.937188442,1
7.063646976,17941.81126,3.39586624,1
4.812433652,11465.57564,3.0209959,1
4.788861062,28174.62052,2.896852186,1
5.966000489,17350.05853,4.177139266,1
5.991283475,29983.11601,4.840562301,1
10.27244427,18894.85239,3.179884727,1
9.443358884,20438.22469,3.486646409,1
6.512900833,25151.41157,4.404040365,1
5.772718095,26124.93141,6.494249467,1
6.448931033,13979.16572,3.622195522,1
6.66400305,15902.94528,2.227727884,1
7.146976296,16911.20377,4.025762216,1
5.040331692,25653.69023,3.603325615,1
6.259651603,37356.7464,4.213405262,1
4.725785565,20834.29428,3.15633142,1
8.19576536,10389.54254,3.218709224,1
6.945224092,36438.31088,4.823082014,0
7.350378987,26736.08557,3.663922184,0
4.961352728,22229.23009,3.902837834,0
7.967344823,19384.03743,4.069358772,0
9.879071258,14673.67067,4.218831154,0
6.961891686,31101.68428,3.44672846,0
6.384824009,39960.29895,4.144998518,0
7.858662779,26703.85347,3.422470521,0
8.079808358,12677.8415,3.611057441,0
7.078659419,26177.78951,3.696640141,0
7.240351006,14462.67431,3.7829719,0
6.353110302,18409.03732,2.856175487,0
4.37047658,29542.33817,4.649382034,0
6.599593819,21078.88717,4.702310753,0
7.920794564,13454.63478,3.374326523,0
7.815121778,20229.10815,3.096163272,0
7.689358004,30253.8511,4.978556095,0
6.624806428,21443.26475,2.840910756,0
5.980357227,11826.29428,4.247240149,0
6.109073312,26853.94949,4.881101138,0
5.842933081,19156.12313,4.143224936,0
7.29195704,21891.67716,4.237643894,0
5.608745232,19835.98077,4.644211645,0
5.412762498,45510.58432,4.091205593,0
5.018132384,29072.03812,4.286478967,0
5.770620969,16173.72709,4.240821478,0
8.437875983,12856.92869,3.815468994,0
5.907078269,41839.45645,4.296479909,0
8.206499938,18949.97554,4.22512093,0
7.286167388,30879.02668,4.686019916,0
6.5036382,15000.18777,4.963184434,0
8.394397412,10603.09802,2.83390143,0
4.301373467,26640.07219,3.067626699,0
8.313773604,11310.95831,4.290071516,0
7.510943342,17100.88743,3.342409054,0
6.978290868,26189.64706,4.931878079,0
7.494212047,29252.50111,5.492704955,0
6.032188903,32882.15594,3.423831621,0
7.459144859,19436.50354,3.841052038,0
8.457901037,16061.5901,4.914276095,0
8.576739928,24897.2866,3.916114733,0
8.145632374,31350.27577,4.307547519,0
9.268281895,14333.53802,5.255703382,0
8.26994471,11889.21775,3.076479932,0
8.719764332,30681.12026,2.887725422,0
6.492638846,14625.56136,4.667770161,0
9.652562935,8508.15373,3.192569799,0
7.386837696,29122.697,4.816705216,0
6.268953337,24769.51139,4.674495973,0
6.412707042,32333.84154,5.014144884,0
5.548181849,39997.7837,3.945460484,0
9.042582866,14149.49983,4.34844014,0
6.273805782,15130.15437,4.510405324,0
8.11644657,23985.86442,2.934697437,0
7.66518778,22993.72935,2.707129162,0
7.543931305,24227.96114,3.703191306,1
8.977821883,20225.64292,3.199999614,1
7.372611796,17606.88569,3.182521119,1
6.704635426,9727.761716,3.42217862,1
8.842463656,7839.31876,4.576728706,1
7.721078494,17248.61874,3.22395109,1
9.089421098,32238.07778,4.430116016,1
1.757037115,41538.24273,2.96755413,1
9.545270521,25189.83062,4.983903465,1
5.624819996,9028.760345,4.355489162,1
7.688785916,29568.53585,3.918673156,1
9.961247709,11939.76986,3.246583097,1
3.633162829,28584.17581,3.349571655,1
9.90081484,16233.13468,2.39500211,1
7.110845138,25043.5328,5.712792127,1
8.12934172,22982.92744,4.822043564,1
7.115895266,18463.88366,3.736020547,1
7.06184552,11300.23811,3.958248504,1
7.481397772,13781.78028,4.03997629,1
7.702183099,18126.03096,4.382159162,1
8.581428694,20590.71211,3.388448222,1
8.390500572,27032.14226,4.150359337,1
7.58194468,21675.68287,4.833345774,1
9.850054687,35289.23711,4.521836127,1
9.663653196,13213.57825,4.741944305,1
6.920342899,16689.7996,3.266213475,1
5.35256598,27795.73204,4.779187009,1
5.140800528,21407.61429,4.192257449,1
9.622105987,30307.21767,3.975571849,1
5.361211666,24709.72886,1.81252894,1
6.916825973,29263.55407,4.598622246,1
9.146557556,6787.48466,3.210881939,1
9.393148442,20592.25894,4.665681059,1
8.900864697,9592.151333,4.51875067,1
7.804368874,14160.68677,4.075556975,1
4.739548767,27215.90274,2.942348225,1
9.485832873,15357.83337,3.221129819,1
5.433466239,31421.73163,2.871196031,1
4.594209164,27981.09119,4.917909887,0
6.400256164,15936.24736,4.561493819,0
7.888843574,15824.78873,3.630523985,0
7.440825031,17259.8523,2.496342612,0
7.611609817,25063.68301,2.87326121,0
8.064170137,8712.002588,3.246077223,0
4.292966858,30434.26912,2.804923583,0
9.085637102,9001.658753,2.544020276,0
6.492627157,34314.08709,3.378778493,0
7.918183321,20012.17298,4.764193594,0
8.783167624,16183.58665,4.274136884,0
8.159666704,17068.29886,2.957194849,0
7.207931097,18493.87218,4.705561884,0
6.9870415,19472.62433,4.475161103,0
6.791696907,21467.95087,2.817391374,0
4.489783796,14906.04792,3.776225631,0
5.953981878,32241.07961,4.071916487,0
10.63290961,12958.74846,3.722454851,0
7.183095932,13501.67797,3.806539439,0
4.487517479,36860.4689,2.765722248,0
5.949518764,16898.8083,4.072197622,0
10.28206797,8108.297322,4.572923004,0
6.871607245,19557.99372,4.180389312,0
5.791154373,20288.23557,4.104834817,0
6.153368957,22052.03462,4.030337485,0
7.5926723,14912.22551,3.341426728,0
4.922045466,38494.72025,2.291694536,0
7.602121475,11346.14345,3.698874769,0
8.846281957,17734.94963,2.925037558,0
6.751698586,26325.8177,3.756006672,0
5.088213197,39125.2092,2.600618679,0
6.954907217,21895.2857,3.169714976,0
10.38613293,17982.38726,4.921340625,0
10.8112895,11848.22827,4.416183694,0
8.966835973,16764.85476,3.654354962,0
6.729829904,23114.03183,4.724321913,0
6.93039147,25780.05908,3.699796036,0
7.421997644,15772.65317,3.603609581,0
6.138785152,20129.97882,4.677289618,0
5.276323544,42063.8744,3.883029041,0
7.366915284,14151.76008,3.051316563,0
6.86313625,23610.51756,4.319777195,0
6.66953238,16246.17319,1.964863097,0
7.595669984,13486.14219,3.403393177,0
8.87027826,16854.12946,4.182740665,0
8.769676022,13969.43886,3.776718462,0
6.836224939,24293.17266,3.666613686,0
6.490037175,19397.32389,2.430883294,0
9.323583858,15751.1753,3.006650222,0
7.884841993,21733.82804,4.631640754,0
4.797460182,21280.24656,4.038502789,0
5.348213659,11797.92092,3.31116811,0
5.744067537,28391.99819,3.171655208,0
9.608533594,4544.841718,3.042796944,0
7.748928548,18939.93665,3.136945007,0
5.368125754,32619.31297,2.004142586,0
7.184973119,25234.42797,3.665410662,0
5.319769073,22390.79557,2.92573204,0
6.733493842,27430.44173,3.178003605,0
6.883015402,14298.41046,4.102291769,0
8.154840855,25620.77137,3.696327575,0
9.045720545,22829.11084,4.213700444,0
7.617148871,27080.26872,2.391540006,0
3.344588533,55334.7028,2.575141031,0
7.774468469,22316.39828,3.891097334,1
6.150487601,6342.502843,3.551655811,1
6.767523658,21162.72673,3.300253498,1
7.603775446,11459.62244,3.584985024,1
8.546145555,23349.48542,3.505300168,1
5.432512085,14970.64724,3.874425315,1
7.156424495,27025.20696,2.958414712,1
4.775221956,13978.17266,3.223080865,1
7.741245059,22824.69947,3.741143366,1
4.187490815,21809.70983,4.592959344,1
6.799375518,7986.493239,3.819985377,1
8.073278952,17106.43865,4.854312786,1
5.078274175,18125.6384,3.631042314,1
9.434005875,20474.82082,4.201054364,1
5.803496976,19451.7676,2.181714167,1
7.058182608,26608.92915,3.613834771,1
7.535700191,14829.74597,4.208354354,1
8.722143777,28301.51695,3.274628642,1
6.284385791,18526.26169,5.030712169,1
5.716251354,19393.46986,3.433135385,1
6.320427823,11682.22932,4.553380743,1
5.484151254,19378.35907,4.43885846,1
9.792727769,30249.17085,3.729120402,1
5.913956688,13086.64393,5.648605949,1
8.447404488,19583.05735,5.21830711,1
6.859323726,27567.37567,4.501980015,1
5.974583248,22543.25629,3.721974696,1
6.635894308,20339.01687,4.523236866,1
5.34411687,13492.84084,4.104698561,1
7.871961403,12760.43715,2.938536287,1
6.810466517,32602.34008,4.402339513,0
5.574116595,17546.40326,5.152527698,0
4.483402761,13122.22342,2.203840524,0
5.271971378,22005.43655,4.119436475,0
5.694475546,18742.92522,4.107467119,0
5.548124947,34006.76875,4.599235865,0
5.386637962,20416.65103,4.320900175,0
7.025504335,21884.53851,2.941555123,0
7.217392781,13579.55458,3.746619824,0
6.61977546,11388.53419,4.086920567,0
6.217255307,32911.92972,2.08142502,0
6.907379615,40290.22164,1.496100943,0
4.249890379,16073.67062,4.116347641,0
3.433874059,16318.73361,4.104938403,0
7.818274839,27558.54253,3.329243166,0
6.77105029,15719.49361,3.244866832,0
6.724639342,41552.01966,2.921414772,0
7.755154227,19024.68867,2.728799592,0
6.901710203,10323.95784,3.035670597,0
7.814250247,24470.20426,4.104661963,0
6.057068041,14807.26849,4.371747854,0
6.652824348,19155.72756,3.661529274,0
5.664845758,18678.95081,3.570290456,0
8.999498939,20933.51275,3.695084055,0
5.588537191,17732.24067,4.37399858,0
6.265637344,18711.06466,3.266028669,0
8.828094375,17699.61061,3.793317686,0
8.647454007,12995.88543,3.624100659,0
6.453064803,23129.46018,3.440858802,0
7.893131973,20526.04971,3.302211725,0
8.121253676,25412.70974,4.428311683,0
9.502856746,4466.257488,4.237345252,0
6.968131313,19207.31177,3.030823583,0
5.76255225,22159.01807,2.906589212,0
8.397248096,16772.22625,2.835794284,0
5.149133288,16795.31867,4.839176158,0
7.371289877,25672.312,4.084696775,0
7.615556979,8403.284552,4.243133734,0
5.84866707,33095.3896,4.874534246,0
6.98981377,20769.51964,4.808582691,0
10.3781082,8644.831047,3.57744746,0
8.228563825,18132.0944,2.781944108,0
6.36729853,11619.7097,2.61476606,0
7.32250205,19534.42165,2.981649192,0
6.280905113,16950.01591,3.021288909,0
6.629993518,20487.92383,3.155213653,0
10.30157127,11278.82968,3.857851975,0
8.725393412,18862.67305,4.565542154,0
7.893818459,16853.67633,3.508503713,0
8.163074031,10494.57337,4.128193137,0
6.867000691,14464.11555,3.484120574,0
6.898315041,45939.68916,3.822307139,0
6.962993545,24036.59383,4.760381755,0
6.846059942,16515.67039,4.709374128,0
5.495035446,26744.30174,4.115428052,0
6.394980461,21051.25691,4.732002727,0
5.514062185,27859.74831,4.460362938,0
7.015332583,16351.22629,5.251223104,1
7.255798597,32595.12024,3.968177083,1
6.792407469,28508.21693,2.505650441,1
8.693149901,16559.87726,4.687846798,1
5.609025354,26955.33018,3.354890148,1
7.714312672,19789.63608,4.42513397,1
6.000723336,21111.6641,4.176218743,1
6.948265449,6874.586016,4.095611813,1
7.301444654,46718.55597,3.16007484,1
6.028101118,17150.10055,4.080786271,1
6.715940564,17180.18818,2.404729206,1
7.490786676,26551.3701,4.354535491,1
7.381757557,1372.091043,3.338021759,1
7.606880475,29339.92927,4.564460392,1
6.217584914,15597.64088,4.15016691,1
6.630122156,36269.70132,3.352764606,1
7.933067692,12732.88824,4.534233043,1
8.942045991,56488.67241,4.354287641,1
6.460033522,35775.7934,3.535597779,1
6.191241443,29778.35788,3.315070593,1
7.701032797,16978.92683,3.395482609,1
5.646083312,22455.69501,3.938505627,1
7.896743922,9407.664039,4.889458166,1
7.986018499,24712.99343,3.153004728,1
5.736675709,12683.48329,2.741791308,1
9.723377231,9076.646483,4.072063353,1
7.007974587,26136.31357,4.628974864,1
7.740383939,12477.77182,3.01336084,1
7.571684493,8835.555876,3.920287688,1
7.445189026,4168.196994,2.745803765,1
6.528490775,10835.20116,4.585971676,1
6.957433638,15007.42153,4.89205044,1
6.509621638,20122.19256,3.802819638,1
6.975209178,35701.15532,5.25648355,1
6.505065807,16982.13197,2.890998522,1
7.058866081,16473.06709,3.937334184,1
6.706695161,27881.50441,4.371882445,1
6.755669308,13821.55616,3.959517637,0
6.980061939,17625.46641,3.969463254,0
7.260904363,21391.16254,4.383823385,0
6.090016057,12558.89797,2.943521712,0
6.006769481,20279.70104,4.034754809,0
6.336342762,14619.62726,3.78880332,0
7.473235377,19932.58523,3.87771425,0
7.380104835,16862.54348,5.030452202,0
6.920388988,11086.25986,3.277601364,0
7.731315009,38356.2265,5.164284275,0
6.268402756,23050.33126,3.38970529,0
7.369911642,19283.40205,3.821721167,0
6.320375285,20481.64207,2.728617352,0
7.290088572,26115.61633,4.700618336,0
7.974065001,29477.7644,4.069086698,0
4.22142068,34370.19711,4.278712401,0
7.752176213,13655.68065,4.72550711,0
7.899256515,32210.8163,4.44817057,0
5.952267969,28105.96489,4.769768271,0
4.313219151,12770.83183,3.923590202,0
7.566517125,30823.73049,3.275142037,0
7.595228724,32869.47441,3.497604114,0
7.399724708,18535.04645,3.79512408,0
5.345345371,10315.35397,2.362886022,0
3.928556492,17328.16146,5.060835979,0
7.37533762,28767.75742,5.127394949,0
8.979322853,24967.323,4.264944046,0
8.532377474,30268.42127,2.380088049,0
7.213537481,34727.40856,3.497480961,0
6.841221063,28263.80372,5.092364652,0
7.146117225,33266.57158,4.775201718,0
7.953878115,18677.27922,2.86022397,0
6.26111058,8572.421509,4.753018575,0
6.957802749,20215.63285,4.587745469,0
6.732713713,33820.64576,3.885405037,0
4.886057057,15496.61172,3.079373114,0
8.518531795,32018.28963,4.147168618,0
6.950786515,21709.64771,3.997975215,0
7.946767904,24244.11196,3.038483125,0
7.703356821,12861.94654,4.732125346,0
8.885626344,19113.01191,2.993300944,0
6.306864459,22418.90819,4.619172769,0
6.513016586,26262.54548,3.729960916,0
6.110545161,21319.7944,6.06455925,0
6.980727164,30862.78446,5.437618577,0
7.161714893,13680.76414,3.909973568,0
7.309556407,22277.62602,3.707413724,0
9.264390909,19607.75492,3.175520774,0
7.191024857,23781.32874,4.270645693,0
4.477091714,26843.47036,4.32768029,0
6.548017642,38368.01262,5.930227577,0
6.581082756,24480.6718,3.511369718,0
6.94702854,17540.03022,2.600187733,0
6.203322508,29426.47378,3.487920051,0
5.921247069,17397.40286,3.74677556,0
4.293961235,24600.76069,5.105120757,0
8.662709501,20333.0795,5.120102528,0
9.494242648,21879.70421,3.18902554,1
6.309891576,31062.37191,3.603040462,1
6.879404957,20509.33196,4.70047023,1
7.916669699,39431.25263,4.275192719,1
6.405392482,20526.30684,4.531920781,1
7.795957801,27849.14209,4.25187617,1
5.284810115,11130.21136,3.990242632,1
6.728975148,26376.06229,4.593787133,1
6.864916739,20464.77269,4.493746769,1
8.458796988,29317.14244,3.827431411,1
7.288736661,31617.07541,3.531384661,1
6.742622398,15488.95675,4.96467264,1
7.041665417,25419.7695,3.099746163,1
7.185276449,25645.06723,2.959153823,1
6.281903929,17095.27007,4.457729915,1
6.50411278,20852.7645,5.396623142,1
7.080445821,36966.85332,2.664946055,1
4.704698462,5128.457646,4.109924712,1
7.976900874,15360.83507,4.753607931,1
9.014356734,49009.92466,4.549419413,1
7.78166376,35055.61649,4.822967485,1
7.15473588,32680.97799,4.629955736,1
6.718249445,21043.62693,4.488904316,1
6.866356515,13979.38175,4.346153563,1
5.892413186,11006.04851,3.311813193,1
7.91803917,22899.06291,3.386109813,1
6.804796145,17196.05471,4.847312562,1
7.17617087,25794.95019,4.742966749,1
7.776044113,38895.35614,5.425945934,1
6.266799948,27577.21362,3.652844726,1
6.630251709,22557.77958,5.181202492,1
8.164992426,29045.26114,4.16249551,1
7.657541728,35056.23223,4.792527452,1
7.544305636,34359.4008,3.714096435,1
6.559252621,30660.20967,4.216315016,1
7.035036795,19746.49325,4.557028866,1
7.880685943,19486.88184,3.579983811,1
6.538207173,12330.40657,3.426266449,1
5.756475689,8086.825999,4.002081517,1
8.81350466,40684.39001,4.242459863,1
9.175586153,47852.88887,2.959684621,1
8.11195317,38184.46957,4.430750456,1
7.927969553,27402.02,4.847262262,1
7.078361074,16648.60057,3.263464731,1
6.420640206,26034.5282,3.139940274,1
7.128062255,25227.54515,4.510595264,1
6.989442177,12150.72192,3.85304755,0
3.84645395,14686.28339,3.143430669,0
7.301563449,23441.26714,2.774960949,0
5.29419539,26811.20307,3.522454093,0
9.250491639,22749.17835,3.996339179,0
10.14629048,24649.67475,4.481552363,0
8.114665426,26631.21287,2.65459449,0
5.903993501,19399.22197,3.820021216,0
10.28412608,23259.01245,2.844632741,0
9.57822672,33080.58883,3.419238762,0
7.094830834,18975.64349,3.628459629,0
7.744772552,27648.15965,5.016321199,0
6.890274539,12218.09594,4.100696951,0
6.047380857,20278.38298,2.216729691,0
10.16483856,28915.64322,2.937686205,0
9.032563451,24897.55703,3.626135878,0
8.524296363,12658.17716,4.343059524,0
6.519847784,14284.64792,3.272286086,0
7.910640914,16461.50232,3.88660269,0
4.30002934,17639.85794,4.586448405,0
8.575939174,15778.7294,4.00212866,0
6.946717558,32946.56752,4.93498603,0
5.098967068,21682.75477,4.333667365,0
8.978997745,19030.71688,4.656316782,0
5.632040992,19345.92248,3.511984837,0
7.692523534,26686.84794,4.522431964,0
8.157518083,27931.2084,4.469430538,0
9.969273221,26944.68192,3.643379015,0
4.838571107,18328.40262,4.580371969,0
4.161111968,25815.38921,4.168242189,0
9.99980746,33462.03422,2.659977662,0
7.038092306,24607.0881,4.237697607,0
2.803563057,11920.90742,3.489938597,0
8.180755326,25623.8675,3.845422805,0
6.538084087,15979.06027,5.143750122,0
5.91580675,12431.80311,4.513200539,0
6.493764175,19821.33837,4.910911021,0
6.977405633,16100.96795,5.327584532,0
5.489248055,15979.33479,3.987012091,0
7.312109304,14540.73508,5.123871935,0
8.028304242,20408.4856,3.91599081,0
8.616824426,19126.29854,4.584565663,0
5.05074838,18252.07599,3.930290663,0
8.383761691,21923.87409,3.585736635,0
6.47613984,21165.59065,4.041580247,0
10.5779305,28652.1433,3.051607724,0
7.989376234,16746.80039,3.648743737,0
7.610509211,34538.54404,4.692217919,0
6.104925814,13539.81166,4.131932587,0
6.001382441,22554.83009,4.036719762,0
7.345138417,17032.77373,4.297994791,0
6.380717315,21250.93563,4.532019663,0
5.573201157,15613.16053,3.599624661,0
8.3032638,16548.35673,3.892667002,0
7.348611231,32742.18733,3.544537268,0
3.798391049,18529.79803,4.833507857,0
6.396341051,20115.73359,4.44590718,0
5.228506322,24855.90778,3.188805473,0
6.565319432,12875.12778,2.233894046,0
10.62882091,14054.12549,5.140449467,0
10.52460198,31965.36404,4.340986728,0
6.095511875,16404.94142,4.302015723,0
5.814564234,29382.33526,4.131911908,0
6.756659807,22112.74635,4.184873593,0
7.606066882,14609.97688,4.58147746,0
9.808258179,34132.06798,4.48126124,1
6.450805743,19002.31466,3.275581182,1
5.161878763,18666.56364,4.320100541,1
6.791992649,30471.9291,2.91405748,1
6.150595718,23890.89336,4.847520234,1
5.508155526,12137.0996,4.571406411,1
4.761105185,19197.10551,4.581395078,1
10.49074403,32092.05838,2.887022939,1
7.973307535,23517.68101,2.826111941,1
7.352146038,13714.83264,5.864497891,1
2.538115773,19872.85485,2.840097214,1
5.495975999,18333.63266,4.901038222,1
5.092757239,28390.89136,4.636728696,1
7.851925692,14763.58011,5.204044178,1
8.174186267,31114.82084,4.709402885,1
4.740056688,24069.33591,5.467935706,1
7.40265315,19259.19394,6.226580405,1
7.089184187,21065.66366,3.266028512,1
4.901906856,13614.75093,4.103534274,1
8.655298873,13676.75352,4.588758378,1
4.08359488,20555.96549,2.974870903,1
7.753936118,17169.58438,4.833026694,1
7.496990927,22631.65773,3.837926004,1
7.542300167,18877.4939,4.317553512,1
8.189213851,18432.47652,3.709508878,1
8.289857906,23884.13148,4.289236735,1
8.142660401,20111.22595,4.617093489,1
5.896432475,23022.16895,4.280792929,1
4.3107015,11842.75781,3.172375491,1
6.578680569,22374.82491,4.292042179,1
9.166758133,21736.9818,5.429266409,1
8.468694415,19148.22474,4.375598892,1
6.48615266,26807.11951,3.246794305,1
4.921093903,14126.59053,3.285186851,1
6.727185265,26012.48875,4.158248535,1
7.529929503,27062.06589,4.585321994,0
8.127710424,13227.05238,4.244173211,0
7.575757884,20855.27232,3.176432526,0
8.246369054,31080.43208,4.43325661,0
5.04562573,22557.6036,3.331786641,0
5.775330889,14710.72283,5.164259921,0
6.653649515,34816.44454,4.871406193,0
9.349469962,13137.49076,3.778022672,0
6.862936026,23580.65729,3.806093256,0
6.057904774,23603.50187,4.269753245,0
6.574083864,22723.80996,4.977323508,0
4.851103882,20227.64378,3.644106894,0
6.709336439,8238.290038,4.074387228,0
6.894050879,17475.46775,4.568843223,0
6.528479453,18533.33783,4.063276428,0
7.191493719,34933.7844,4.320683961,0
8.543216837,33037.35339,2.847875248,0
5.195920669,33473.11252,5.375901894,0
7.283913577,23112.50444,3.571862512,0
5.872439859,14343.42321,3.741067233,0
7.957113516,20425.76649,3.729873301,0
7.400238581,8136.071591,4.880119768,0
8.528292138,27352.34341,4.596923506,0
6.238053654,21919.59344,3.848306967,0
8.550525459,22377.27295,4.591997454,0
6.914868152,10343.37885,2.988611444,0
7.337924402,24266.51789,3.935513837,0
7.766114454,24145.38576,4.399902313,0
8.433974836,10823.30037,3.167712353,0
5.331799285,19693.90677,4.734873907,0
8.466013448,22523.12455,3.94662054,0
7.539337776,12610.93631,5.114128668,0
8.849702725,20129.35879,2.987671524,0
3.854617678,19639.796,4.290435046,0
7.387433763,11694.63529,3.830577272,0
5.057270546,19003.9639,4.432270873,0
7.455541163,16242.06028,2.930364596,0
9.961503137,18743.22249,5.215590495,0
3.230973106,13691.09497,3.281920559,0
4.704183667,7028.839617,4.1389944,0
8.189363356,13197.56681,3.688298056,0
4.89196004,9559.547392,3.904269955,0
5.655117422,19271.90312,4.401152242,0
5.082241432,17739.19896,5.056378662,0
6.836059947,18321.3275,4.952508247,0
7.333003447,32358.5386,2.642003806,0
9.338235018,17416.80178,1.872572601,0
6.490922996,30453.62319,4.372333382,0
7.413288341,17465.34558,3.290105906,0
7.103348375,4425.42644,4.417193561,0
4.835297728,23031.21581,3.633760608,0
8.727778876,25521.88922,3.831540451,0
6.089430846,11339.16605,4.366860919,0
6.418203057,19617.30849,2.670976747,1
6.848000113,26296.9483,3.815227609,1
6.991685153,20389.59382,3.72482356,1
6.602539772,21607.48324,3.592496085,1
8.560349291,14254.66132,2.939212581,1
8.277058198,12715.81428,3.751324091,1
5.913132933,40847.76015,3.900211314,1
5.039673104,23027.54976,4.864866409,1
6.339142826,16364.15941,3.355765016,1
6.9204487,39251.18213,4.498818336,1
6.393231345,17258.11403,3.644388127,1
7.493843861,26678.39288,3.81994656,1
9.097617417,38413.05709,5.473663249,1
8.040144167,6879.764653,3.986459812,1
7.296908882,15931.42923,4.671448183,1
8.014183072,30566.7675,3.417076199,1
9.252893397,12855.34624,3.56643473,1
7.288112707,18979.98169,3.62698996,1
5.141506877,11288.63472,4.510578266,1
9.454119448,21379.96393,4.05862601,1
7.266781486,27468.68171,3.919827045,1
8.064652809,27172.89357,3.324112614,1
6.336456502,25927.26543,4.561219815,1
8.951652135,15189.32782,1.844371604,1
7.210773702,14230.41913,4.462408041,1
7.893312711,14444.2896,4.097360116,1
5.230453969,24790.7246,3.695615112,1
8.257596525,20109.02627,4.528574925,1
6.941278904,15433.13484,4.178959772,1
6.888547603,30722.29823,2.901432044,1
7.356056778,31409.06398,4.54991684,1
8.149437298,23978.10768,4.949257361,1
9.271578533,38886.38768,3.54960841,1
6.643734376,14110.92097,3.920607408,1
6.761413709,32156.81944,4.350206872,1
7.612516823,14812.97064,2.939593472,1
6.658833572,16828.8806,3.96974044,1
5.023380784,15040.84148,4.477351412,1
8.163999618,27414.89912,3.673088094,1
6.701940912,17176.87895,4.179449581,1
5.547576263,27417.99804,4.448670726,1
9.871791232,27912.90826,3.652263831,0
4.317187354,27163.45788,4.078277145,0
5.349997297,31795.62561,3.838721385,0
6.510972335,20081.74536,3.96252511,0
6.934310583,13901.64468,4.210975273,0
3.762097646,45050.00228,4.98606933,0
13.34988856,18464.90077,2.531074855,0
7.817901281,13742.14597,4.622667687,0
6.970036694,32037.60547,4.27528772,0
4.328282516,30592.54883,3.708525863,0
5.158722568,33892.24595,4.094605278,0
5.890870359,34920.03935,4.37077656,0
5.963479205,24435.64208,3.727813323,0
6.782868548,25366.7979,5.468590847,0
8.28876546,11234.04147,3.580523461,0
10.89348473,25702.51867,3.634970396,0
5.808238634,43110.50372,4.81906373,0
7.783305613,24789.35473,5.045619628,0
6.316470521,32651.80276,4.902735486,0
7.057552646,13129.14984,4.486402627,0
5.571019711,26138.09761,3.931306748,0
9.45993051,14450.17575,3.322889738,0
5.726336216,35899.28031,3.912289082,0
5.368988344,15973.68689,3.73788278,0
3.730128007,16892.89566,4.943032174,0
4.497585145,27768.38287,4.965738556,0
10.33127328,15824.82271,2.673440871,0
6.931244178,24359.47041,4.897957118,0
6.90111102,21103.30319,3.616498342,0
10.33767086,21820.29588,5.063108915,0
7.149124568,23158.3891,3.787033415,0
5.369584181,27199.64199,3.357484436,0
8.550427815,10453.08732,4.903869628,0
7.104594899,18093.97216,4.763057991,0
6.260891634,33809.2247,4.397386192,0
6.174884306,23006.24222,3.623297793,0
5.039406776,19336.60807,3.1269559,0
9.065894194,20260.40369,4.299502546,0
7.985406394,17583.08033,4.752451739,0
10.28937961,18869.21209,3.500166976,0
5.620533436,27852.09744,3.439475848,0
8.558388775,8535.402956,3.946227719,0
8.426906357,19576.53038,4.244513927,0
10.81783108,23989.99015,3.590841128,0
5.093675135,30245.95697,4.552571442,0
7.971298747,29827.79397,2.439140009,0
1.985383359,23039.32851,3.923093197,0
6.481890279,34698.62116,5.002360533,0
8.63127,14880.6518,3.640944003,0
9.172624519,11319.10623,3.686395202,0
11.4497393,12355.34411,5.166903483,0
6.283678795,19905.43655,4.48077131,0
7.26354507,16129.70692,3.950529737,1
6.665774201,30610.0479,4.903553219,1
6.397905014,22057.05179,3.958543451,1
6.579184951,16700.03487,3.813556321,1
8.651023363,13207.86097,3.644278972,1
6.658741558,25172.58576,3.400987615,1
8.2977832,20316.42668,4.239220572,1
6.259267533,9734.677103,3.932141959,1
8.076126298,10816.27337,4.291355258,1
5.303764337,6675.682245,4.024520851,1
6.028348785,12145.5446,3.142083954,1
6.985303737,16470.95219,3.081799008,1
7.02729686,31151.61518,3.392666423,1
6.150034401,8406.723244,3.444442492,1
6.965279872,24312.0378,3.969318296,1
5.530055021,38918.77807,3.327472139,1
9.05238369,22203.48726,4.259719452,1
8.077260886,23931.28283,4.279871302,1
6.682097359,7705.298605,3.44982947,1
8.430471662,35254.02605,3.253920433,1
6.81760838,27548.61418,3.04829206,1
7.679595096,32000.84391,3.297525234,1
6.603416523,19468.7901,4.270816604,1
6.125810325,8810.89581,4.953057691,1
5.836104525,17711.48777,3.738990829,1
10.80815694,29614.34879,4.362542227,1
7.371914156,42059.38042,4.338957326,1
6.00897361,5100.094173,4.012340383,1
3.629922065,24856.63321,4.754826393,1
8.197353369,27701.79405,3.361833324,1
6.069615757,26138.78019,3.669711704,1
6.783888568,13677.10644,3.250022329,0
6.010617677,15940.57327,4.867287504,1
8.097453871,18112.28445,4.279082504,1
8.072612503,16843.36393,5.082206347,0
6.552847574,34006.42073,4.687986255,1
8.923980708,27919.77067,4.15558329,1
9.624726986,25175.75416,2.615257576,1
7.046548637,30569.81055,2.869226202,1
8.137767983,24172.70331,5.003825886,1
7.082300749,29846.71906,3.485577488,1
6.084360216,27310.06085,4.29811102,1
7.080794604,30362.68395,3.346057163,1
5.716251454,19393.46986,3.433135485,1
5.827541312,25863.34324,3.179128841,1
4.227537486,13122.32958,4.479628414,0
7.080794604,12037.77039,3.399945592,0
4.1502144,41489.63981,3.502370972,0
7.233538535,16621.49479,3.679015168,0
6.352973205,13858.70394,4.15549474,0
7.080794604,12885.51691,2.372924822,0
10.31640048,10676.50848,3.407349528,0
7.080794604,20743.3484,3.808913054,0
6.443753768,25740.41259,4.498685031,1
6.013161066,21573.74757,3.455622641,0
6.641500787,27867.48676,4.694311316,0
7.080794604,26653.76497,4.492387547,1
5.089387891,39659.8769,3.054045301,1
6.467868402,7656.413248,2.861064043,0
4.850104271,32808.3075,3.885385618,0
5.541979119,20143.06526,3.672976083,1
8.858401631,9624.300462,5.525726438,0
5.218989751,27007.88691,4.383942654,0
7.606066982,14609.97688,4.58147756,0
9.089421198,32238.07778,4.430116116,1
7.499844332,23707.4653,4.454476773,0
4.731320176,15517.39112,5.457892324,1
6.613709218,25648.5695,3.539771211,0
6.347020118,19743.14842,4.526351039,1
5.287982908,27733.7131,3.311034105,0
6.640862909,16488.04766,4.708268702,1
6.539546228,28979.7676,4.076403387,1
5.849778385,27435.30656,3.643815988,0
6.692531769,37033.15209,2.942115467,1
7.76414271,25926.07564,4.105178368,0
8.154531611,21361.19705,2.460464967,1
6.039823342,9943.637599,3.923766175,0
7.957113616,20425.76649,3.729873401,0
6.710633628,23748.18399,3.863287009,0
8.551077848,28909.29028,4.04637979,0
7.360640206,32452.61441,3.662291883,0
7.378597116,9460.322635,3.215219563,1
3.637170725,10102.48972,5.446565803,1
3.841205138,19988.64926,3.635634643,0
7.197796092,12763.26789,3.844013387,0
6.707685656,17435.34021,3.822668815,1
5.470802584,18295.37092,2.962852529,1
7.296037834,36043.70664,4.168526218,1
6.571099317,23372.88265,4.555949336,0
7.080794604,28135.07684,3.569570366,0
9.00258321,19523.12486,4.904837515,0
5.226941984,28398.5542,2.259550389,0
6.246117665,27001.33532,4.755158113,0
8.31002912,40936.15339,4.775785022,0
7.080794604,10490.83899,4.126407633,0
6.78302384,8213.772245,4.77880825,0
5.830542149,30021.25708,5.19211675,0
9.319176493,14294.24035,4.129230516,0
8.185923517,23641.47203,3.566945245,1
6.03956789,39489.00974,4.206835604,0
7.425102323,18608.94087,2.558772844,1
6.057828214,44868.45837,3.292249367,0
5.895145658,14704.90625,5.075214388,0
7.080794604,29743.8226,3.893926091,0
10.56074474,21783.65103,3.96468645,0
5.280292396,13679.0569,3.835306008,1
7.080794604,38971.05101,2.643212512,0
4.034063511,33219.07455,5.024742407,1
10.03393356,25433.2321,2.901535567,0
6.475885499,16532.82882,4.306113071,0
6.869639041,21728.8213,4.726702554,1
6.978664362,23114.44608,4.766943336,0
5.694475646,18742.92522,4.107467219,0
7.992027077,34585.08961,4.647095694,1
7.735705122,16723.97724,2.148611636,0
6.850302132,40588.43383,3.08029681,1
7.009601794,18628.69683,3.121944951,0
8.545890446,31056.57878,5.036883087,0
7.080794604,16162.26231,4.600927669,0
9.794717949,12490.55828,2.807129875,1
12.24692817,11318.14056,3.533243525,0
6.739157792,30950.6811,5.214484116,0
8.132737065,25838.12848,2.969434021,0
8.272055191,24196.52268,5.140207843,0
4.872560978,16960.43463,3.918005899,1
7.274756955,21496.74514,4.271580816,0
8.828326758,13527.98989,3.052822248,0
8.018831707,23104.52039,3.188477434,1
5.343075203,45166.91214,4.240031808,0
9.268281995,14333.53802,5.255703482,0
7.810145033,20418.88993,4.033773809,0
7.422225364,40148.12372,4.486512793,1
5.579517193,13289.20165,4.043914793,1
4.126528815,11215.9459,4.460201084,0
10.58138609,11298.45009,2.966945751,0
7.347030456,19073.25959,4.2978808,1
10.55027337,32150.97939,3.951304563,1
7.15905309,25591.84098,4.291669067,1
6.628427447,18059.33085,3.405278718,1
8.332953585,18881.79518,3.408299688,0
6.664934684,16477.35081,4.502138314,0
7.309596574,19343.14951,4.048202563,0
6.618011006,19598.86074,4.437695849,1
5.744504257,19457.63948,3.53350025,1
7.333477826,16066.55212,4.772662801,1
6.991685253,20389.59382,3.72482366,1
6.903817078,35455.70961,3.867843403,1
5.736675809,12683.48329,2.741791408,1
7.080794604,32102.19071,3.581036981,0
9.298018108,13990.5134,3.681324344,0
8.082657225,21689.6343,5.247130249,0
5.498514793,21542.83003,3.074815528,1
0.22749915,39028.59934,3.545741538,1
10.18843275,7105.800709,4.635243583,0
7.682923545,31150.51342,3.542731187,1
4.943508544,11870.42485,5.070841677,0
7.890354374,32160.53392,3.209588158,1
4.400509139,19100.08712,4.010809223,0
7.136102713,19502.53897,2.574191872,1
8.131375334,13238.0703,3.542810848,0
8.39826116,18003.25728,2.62786257,0
8.759488815,33364.91812,2.88957821,0
3.337629098,42310.8275,3.300191983,0
7.080794604,14784.75566,3.210168189,0
5.386307452,40149.31656,3.662563565,0
7.080794604,20661.41106,4.969149825,0
6.150553115,15017.74728,4.810537279,0
7.080794604,21318.96169,4.514981724,0
6.319431645,36278.71831,2.653126788,1
7.080794604,25236.70132,3.723776138,0
6.272475091,14642.20554,4.61253588,1
7.647871654,29000.58971,3.078672824,1
6.844141867,41408.11482,3.412853275,1
7.350379087,26736.08557,3.663922284,0
8.000775901,18419.13288,4.519209618,0
8.347949583,13533.23003,4.217861531,0
8.756926959,21752.02971,2.945671827,1
5.59662795,17925.35212,5.235111221,0
8.473249164,20465.58861,4.81018553,1
6.020995463,13095.14916,4.806016725,0
5.967274328,30846.58547,3.914543711,0
6.38171968,20453.8165,4.657695082,0
4.334057906,13351.41383,2.613532197,0
6.582499847,23720.48173,4.152014227,0
7.974065101,29477.7644,4.069086798,0
7.031684151,24510.50756,4.422182957,0
8.237142734,20015.39811,4.939109541,0
6.504876322,13403.08639,3.748443501,1
5.174346098,11746.60752,3.689145092,0
7.833970924,25694.87371,4.814916977,1
11.06945639,43536.02087,4.880512481,0
7.611982489,9138.029344,6.494748656,0
8.311271281,20562.51339,4.462045838,1
7.371050402,25630.32004,2.560299248,0
6.185924992,1198.943699,4.090264482,1
10.20142586,8918.8926,3.964449688,0
9.228484309,26744.23153,4.829753614,0
3.906567614,17857.71689,3.204795826,0
3.878879489,21937.47157,4.927711175,0
8.903733875,13319.49571,4.365169742,0
7.266594635,14859.05966,3.357439571,0
6.277277471,22916.57224,3.619321282,0
7.648878028,22510.97507,4.953533963,0
8.264090616,23556.93435,3.410510816,1
8.091812432,26472.6918,4.370031338,0
7.095569431,30235.1708,4.861276392,0
6.714862478,33197.15053,4.593763782,0
7.904053471,23575.99143,3.137280522,0
6.227826895,22550.49226,4.007347585,1
7.294364533,41569.95199,3.336582432,0
5.01804597,27317.09944,5.035153807,0
5.16622607,12060.00953,4.608319494,0
7.459124273,33173.49941,3.544751621,1
7.080794604,19037.46264,2.72365064,1
9.130828208,11643.66348,3.074134405,0
5.813546588,10112.20732,3.721426033,0
10.30847776,27653.23518,3.285077152,0
7.040245078,20988.42941,3.993409864,0
5.23000329,27971.89181,3.045612206,0
7.813067725,9812.122464,4.713719599,0
5.432512185,14970.64724,3.874425415,1
3.989032178,40175.20609,4.409414276,0
6.382314704,24259.75167,2.881370155,1
6.660462017,9632.730976,3.673136083,0
8.00754132,8864.68648,5.25017316,0
5.713323021,11356.58048,4.571127966,1
4.838571207,18328.40262,4.580372069,0
2.569243662,48204.17219,5.506934532,0
5.53953379,21021.41826,3.755660287,1
5.671762426,17527.71673,3.268693607,0
6.582764304,21961.52692,3.668879797,0
7.966856924,21440.73885,5.115431014,1
4.81183259,27547.80706,2.860993049,0
7.12942483,25840.57889,3.418610903,1
8.85969614,20231.51765,4.575331295,0
9.406325853,27948.58945,3.097278057,0
6.79809756,35883.78011,3.571622699,0
7.191962129,15395.46908,4.102719141,0
6.58800739,23898.97448,4.216454566,0
7.78673479,28086.8735,1.96147553,0
6.753128453,18222.93196,5.102516857,0
7.080794604,37795.76332,4.441979936,1
6.336588782,15570.14232,4.356593956,1
7.736312941,19496.84859,3.700916776,1
8.33951171,21295.74988,4.827704347,0
4.02905281,42327.16802,4.179656367,0
4.30002944,17639.85794,4.586448505,0
7.744131094,30586.59266,5.207683555,1
7.691486398,36578.22375,4.042497583,0
6.911698341,25612.14891,4.616641108,1
7.080794604,27071.11862,4.284878729,0
7.080794604,11609.99716,3.813435653,0
7.185167814,24909.78315,3.955847078,1
7.591346194,25383.76518,4.515150214,1
8.384296539,27463.65479,3.460998476,0
7.499844602,22452.63557,4.663869676,1
6.862936126,23580.65729,3.806093356,0
7.080794604,22256.95036,4.478070577,0
9.610220445,33954.43547,4.961972072,0
6.908272254,19224.98628,5.405567323,1
4.85558786,14905.25591,4.697153126,1
10.35174263,18588.30333,5.227609497,0
7.322828517,24682.12455,3.981968932,1
4.252985101,20497.82223,3.58830052,0
6.217273235,19460.38282,5.325833546,0
6.750761286,23642.9926,2.777726365,1
10.35611893,48621.56395,4.201849541,1
6.953864326,10575.18628,3.195710428,0
6.9204488,39251.18213,4.498818436,1
9.079715209,53735.89919,4.551724594,1
8.026773356,19168.52677,3.735983576,0
6.917858455,27651.6091,5.544167417,1
7.581687677,11989.24624,4.457282587,0
7.285371291,17375.97074,3.694482147,0
7.080794604,24642.81233,3.215740239,0
9.831401791,13345.3691,3.311808238,0
6.592442608,9381.239931,3.060827454,0
8.461330974,34406.77645,3.771944246,0
5.500186741,21082.85204,4.178479051,1
7.186931222,34510.753,4.275645448,1
7.694264682,22673.03447,5.707192859,1
7.080794604,32328.71481,5.493181064,0
5.791154473,20288.23557,4.104834917,0
7.340170984,12810.42316,3.919139633,1
5.984941315,33244.5556,3.488675374,0
7.201702475,37308.99416,3.883250298,1
10.25281633,18158.84212,4.559836319,1
6.511618175,29136.81462,4.850433808,0
7.080794604,25626.48105,4.219225669,1
5.80897562,7965.207919,3.599933202,1
10.81783118,23989.99015,3.590841228,0
11.49685899,12253.30339,5.005193267,0
2.376768176,11684.11164,3.629217868,0
7.080794604,18282.06928,2.757856938,0
6.572656489,14598.95191,2.820927349,1
7.080794604,26561.56949,5.136779853,1
6.587464717,28990.29785,4.096841256,0
6.751668727,32040.50567,3.735173516,1
6.79212555,17782.60441,4.042637741,0
8.523062179,24207.29803,5.112376465,0
9.868877981,15326.85591,3.355489891,0
8.77504757,21768.64074,3.830698964,0
6.129069722,22207.48287,3.83763919,1
4.916740641,23425.33132,3.613212512,0
7.080794604,10830.80125,4.266775495,0
7.664628197,33918.04082,3.48740698,0
6.709822101,20922.15446,1.687624605,0
5.62122742,11123.88616,3.440753425,0
10.19941279,28703.75114,4.384868114,0
7.080794604,4784.96788,2.380084327,0
8.018772049,27405.31621,4.356279198,0
5.923740055,33306.01254,3.884460471,0
7.399811494,28630.95442,3.803723918,0
8.66159253,27088.47646,3.67043111,0
7.675913721,23673.10061,5.040460915,0
7.080794604,21460.83816,3.955090934,0
9.066628154,22710.45837,4.055421351,0
5.729303012,34573.67879,3.556394912,1
7.362912967,20430.9067,3.249439978,1
6.028101218,17150.10055,4.080786371,1
8.761768505,14168.92487,4.673547955,0
7.833495981,28338.98146,5.580830063,0
7.080794604,32161.84009,5.53747594,1
7.080794604,16110.18364,2.840893166,0
7.633570188,16312.15497,2.927066867,0
8.326349954,35477.76664,4.395284963,0
7.080794604,27420.16742,4.620793552,0
7.080794604,36525.55088,4.64569177,1
5.477283149,29046.08352,6.35743862,0
6.825647137,12838.91437,2.804480485,0
5.226895332,7907.330441,5.13805589,1
7.139428373,19862.81126,3.771596592,1
9.320305545,16002.13832,4.205809832,0
9.241420074,39566.75435,4.718850971,1
5.671773933,15949.15318,3.833159846,1
5.006563079,27218.82198,3.665205712,0
7.148441032,30656.16311,4.308569921,0
7.240739739,23783.09956,3.556297567,0
7.426274111,36990.95595,4.363335913,0
8.882684552,4857.253807,3.827920967,1
7.080794604,26362.96501,3.991564348,0
7.080794604,12318.40389,4.742163326,0
7.139671356,16916.41354,3.151388695,0
6.977267952,20287.35977,2.367041409,1
8.561219024,16686.31276,2.813888699,0
7.080794604,29299.12335,3.497577491,1
7.080794604,29496.91016,2.475284564,1
6.204429454,35439.68784,4.106807605,0
8.205447153,17981.25478,3.73992177,0
11.56316916,19359.42882,5.107236114,0
5.757089057,32415.73362,3.730185567,1
7.309556507,22277.62602,3.707413824,0
6.09801219,39352.77584,4.590616841,0
7.756939283,16478.07143,3.870338947,0
7.808012312,17037.72537,4.165550006,1
7.55985241,29567.69893,4.550501106,1
6.565633647,19044.68007,2.770948597,0
9.370696675,15106.30865,4.380797042,1
10.2684306,13753.99337,4.304689362,1
6.26637851,28141.2165,2.936610635,1
6.441766586,11306.26151,3.682134441,0
5.972600068,23124.57798,5.164944885,0
8.549692614,17828.29452,3.039018879,1
9.395842302,9225.770911,3.530498425,0
6.344095525,14973.29736,3.843484116,0
7.080794604,27492.30731,3.048057323,0
6.057904874,23603.50187,4.269753345,0
8.006373398,45041.14914,2.396505458,0
9.380658151,15156.78983,4.034349147,0
5.198225071,11178.40354,3.807318203,0
7.080794604,19947.43447,4.387208518,1
7.039094421,28827.36019,4.366031451,1
7.257931095,24354.33518,4.266922661,0
8.128270169,19954.57555,4.678742266,1
7.080794604,21030.23453,4.691017603,0
7.080794604,26281.29781,5.185642035,0
6.652824448,19155.72756,3.661529374,0
6.333640146,18506.28861,3.982002435,1
8.692115422,2552.962804,2.283475259,0
7.777665466,16780.11615,4.683334913,1
8.892998579,22960.18064,3.619132905,1
7.992749719,14610.41283,4.062907143,0
7.819659254,16403.95238,2.402337311,0
6.83425999,21670.56989,2.658843512,1
8.430471762,35254.02605,3.253920533,1
3.272820198,7408.976196,4.318516217,0
7.080794604,28790.54768,4.476991315,0
7.511816741,15736.89396,2.285520029,1
6.152857902,24978.48318,4.403083494,0
8.352635276,33662.38905,3.939011453,1
8.30922781,24344.96669,3.756396931,1
6.616649275,17063.17211,3.881767278,1
7.846058026,23264.10997,2.487968747,0
7.948815818,19129.45837,3.692250961,0
6.68774988,17786.7633,5.559985037,0
6.641174216,10220.71236,3.154701222,1
7.080794604,47591.28318,3.685592996,1
7.732880178,47022.74585,3.510728104,1
4.865069796,15222.24644,3.974972402,1
8.408766331,27662.3971,2.372791577,0
8.040187657,11861.55085,3.221139069,0
8.783596732,19471.46544,3.470885524,1
7.32354522,21044.20266,4.898421141,0
7.181448681,15196.22999,5.088860089,0
7.558076402,16642.88418,4.169005367,0
7.884842093,21733.82804,4.631640854,0
5.628407019,28334.49194,5.050683215,1
7.033945459,15428.45092,3.931730963,1
10.84813052,14036.16366,3.133838802,0
6.879405057,20509.33196,4.70047033,1
11.18069476,16600.39275,3.809841754,0
5.72968922,14304.76308,5.100552454,1
6.0873062,11628.33668,3.666671903,0
10.25273447,9651.874826,3.290372592,0
6.351286649,22337.44839,3.707054068,1
5.70110107,17121.50592,5.956753598,0
8.15121541,13699.68071,3.523980606,0
10.2099559,18413.09682,4.112597852,0
7.080794604,18753.21176,2.373437794,0
5.251353915,34768.93342,4.072252423,1
5.602158685,29860.27578,4.067048845,0
7.710137991,31017.23942,3.898670903,0
8.639541078,7013.211787,4.192932315,0
5.189413769,12289.90092,4.8762731,0
3.410359771,49074.73041,3.721765869,0
9.055825885,20226.28794,5.45691293,0
6.430254886,26855.10561,4.805791634,0
6.871607345,19557.99372,4.180389412,0
7.00523024,26597.58645,3.58986586,0
7.521051779,26865.37374,2.880785447,0
7.726134908,21667.86874,3.720637004,0
6.080992969,31321.08243,2.09178694,1
9.347344721,13749.59604,3.615151199,0
7.283913677,23112.50444,3.571862612,0
7.080794604,2912.211247,4.093097849,0
8.693150001,16559.87726,4.687846898,1
5.608623252,43680.22252,3.777508367,1
5.609235459,14825.9345,3.224675618,1
8.107244413,18364.83142,4.688271356,1
8.53440698,22372.30327,2.544733801,0
7.080794604,14472.39155,4.41481901,1
8.330743419,28919.81178,2.408049229,0
6.334162876,23460.82138,4.038829893,1
7.038092406,24607.0881,4.237697707,0
6.300001867,40682.144,3.709437281,1
5.946160889,12767.65623,4.903632179,0
7.174135263,20401.10246,3.939895757,1
6.839415998,28508.6378,2.854526652,0
7.080794604,15629.76233,4.464243786,0
6.27695661,25590.68024,3.214286597,0
7.802426184,14382.90216,4.363529981,1
5.699873588,31977.37014,2.416402198,1
7.080794604,26210.11601,5.010163493,1
6.617862357,33245.63059,4.601351298,1
8.052894016,9025.07936,3.634844642,1
4.642953152,16115.92986,3.982867393,1
7.618119672,44539.73832,3.769699637,1
7.889079835,24974.69277,4.034040801,0
6.35403821,16174.43374,4.935240494,1
9.380007192,32471.45632,4.566253796,0
5.188776975,22648.23755,3.769504007,1
7.744125319,21403.00205,3.612260292,1
6.091382824,17279.9622,5.075519716,0
7.376449205,37191.11414,5.767354766,1
5.382489139,18189.39498,4.173330383,1
8.817402874,23173.31953,3.864098519,0
7.080794604,27355.93431,2.969136199,1
7.793833673,18344.68036,4.172935435,0
5.15348874,19115.72186,3.749920665,1
9.152284809,24560.70061,3.7927772,0
8.143483476,10673.58267,2.572830523,0
6.865125375,13529.03876,3.95515381,0
6.26011139,18577.62397,5.403614992,1
8.558388875,8535.402956,3.946227819,0
6.056817945,4440.277357,3.358060907,0
7.683156615,25475.88484,4.781323194,0
7.080794604,41461.317,4.894842563,0
5.844673896,13615.10976,4.338056188,1
5.555353073,20503.43005,4.536146014,0
10.48560375,32872.38057,4.669239958,1
7.873271793,25337.12296,3.306393009,0
8.640886509,26473.71324,5.263101672,0
8.552782516,39030.6037,2.940848096,0
6.908853183,16965.31411,4.693949516,1
7.512361316,17895.55659,3.515802647,1
8.060609724,15489.32566,3.60090577,0
3.923473733,24200.35348,4.582982466,0
6.548796621,13584.90025,4.197305225,0
6.792655198,9094.313301,1.917754493,1
9.658662076,20269.73128,4.639386655,0
5.859822204,3640.73432,3.426634175,1
3.676845093,22581.22449,5.461473196,0
7.015332683,16351.22629,5.251223204,1
8.376279825,27824.19048,5.703962907,0
7.533614923,11642.72754,3.462764087,0
6.922041928,16515.87217,4.242947316,0
6.340027728,45222.50667,3.686001424,0
9.062822425,27959.92616,3.730369957,1
4.233558717,22185.76396,3.515672179,0
8.03105532,18134.83502,3.338880226,0
5.296578904,39537.08646,3.918469901,0
7.381757657,1372.091044,3.338021859,1
7.000523321,26012.13028,4.333688687,1
11.26782848,6040.369868,4.153347101,0
7.080794604,18589.03116,4.400203569,1
5.916930588,27977.67321,3.15755962,1
8.41860675,29313.78335,3.44284792,1
10.77431819,38037.35307,3.229834259,1
5.974583348,22543.25629,3.721974796,1
6.195086958,19331.19404,4.196558362,1
6.243279104,19605.02957,3.472839313,0
6.994194775,23027.38526,4.398900809,0
6.652488191,19871.78845,3.742090526,0
5.271971478,22005.43655,4.119436575,0
8.628893515,13688.07434,3.071350471,1
6.638411549,9772.504814,5.16405672,1
5.323815684,37625.75268,2.880721946,0
7.230845407,17864.68939,5.622018181,0
8.93387771,14179.62274,4.374796622,0
8.86211281,17433.60185,4.955081893,1
4.581968828,33897.0682,4.500207725,0
7.371085173,24913.83717,4.412589637,0
8.473649423,36412.48826,3.487816407,1
7.717077052,21400.0165,4.967975892,1
7.059940334,39484.63892,2.949938923,1
7.368165677,8524.874646,3.684263483,1
5.810742157,25419.55166,3.436966962,1
7.080794604,20461.25271,4.886633885,0
7.080794604,14665.4048,4.377502197,0
7.708110089,15456.22009,4.896626008,1
5.821707014,40009.72361,3.908198946,0
5.924799569,15413.89615,4.188928004,1
6.47237115,24246.50356,4.134575297,1
9.147197155,11920.61084,3.794531691,0
2.69083134,30204.54674,4.650033879,0
7.080794604,19942.27322,2.907564015,0
7.276863225,30396.90462,6.083772454,1
6.330732865,18397.19941,3.940000523,0
6.923636114,24792.52562,4.013338901,1
7.695049537,11598.68237,3.198879105,1
6.755146002,18536.69865,5.162729849,0
8.550875569,28918.41995,3.772886707,0
4.348675093,9848.035583,4.360950151,0
6.088022589,23567.13288,4.173083596,0
5.905907054,13464.48716,2.917284156,1
6.93450369,15323.40882,3.875238137,0
7.833980582,11174.27476,4.254477277,0
4.552238511,25969.21512,3.932804434,0
7.506111557,31920.58469,4.744006791,0
6.906992272,19991.23915,2.124759452,0
7.617033594,17681.27236,4.299543496,1
6.897922817,16616.51662,4.490105379,1
5.681810848,26373.49543,5.375156709,0
5.653506235,16462.46009,5.198985604,0
7.080794604,20214.21655,4.258488837,1
7.080794604,18489.65251,4.582157398,1
7.080794604,6974.225135,4.138696667,1
7.482791376,19621.32511,4.094746386,0
6.919726255,35558.73165,4.12082798,1
7.171593655,22431.02699,4.62273621,1
8.273643684,11120.70105,3.331583835,0
8.907987218,33653.76196,4.641258632,1
7.397562518,24502.15515,2.459336941,0
6.857493858,22603.64945,4.306581168,1
7.75667905,22440.40104,2.842470808,0
7.845880029,13769.86024,3.667154305,1
7.732601809,18445.74346,3.854993846,0
7.313446856,23154.06232,2.220640023,1
8.305064084,8451.319111,4.461210832,0
5.913133033,40847.76015,3.900211414,1
4.857802724,15668.27362,3.966570945,1
6.417702576,33360.17072,4.046305772,1
7.117917846,20067.57279,4.213568057,0
4.941972257,19806.4113,5.076146846,1
8.580008659,6493.547256,3.195591156,0
7.080794604,4142.499001,3.612918863,1
1.844538466,28689.59578,5.013463451,0
8.214099864,12819.87544,3.38186401,0
7.089184287,21065.66366,3.266028612,1
10.69553259,10571.77038,4.154845428,0
7.543700566,19116.01208,3.630536678,1
8.576740028,24897.2866,3.916114833,0
7.080794604,32951.31637,4.905229839,0
7.080794604,15097.02406,3.227940899,1
4.293961335,24600.76069,5.105120857,0
9.271355547,16540.97905,4.333952998,1
7.080794604,9943.929785,3.787475637,1
5.506061604,21543.7266,2.778906051,0
7.436782709,28544.61629,3.727663819,0
6.624572628,14877.28974,4.333720949,0
5.768868131,31155.98882,3.092626479,1
7.362331287,28263.31064,3.93356507,0
4.99139699,44499.72871,3.92659883,0
7.080794604,17153.30616,4.383921914,0
4.374877732,17384.25719,3.030107947,1
7.080794604,22462.11329,5.260301215,0
2.97442951,17326.20225,2.779901942,1
5.606315326,12308.23384,3.748740607,0
6.769572969,11067.18115,5.22054037,0
5.258414837,29228.33468,3.730792888,1
7.080794604,20116.9111,3.619545737,1
7.330196977,14884.33996,2.884715198,1
7.342231349,35273.97623,4.261504464,1
7.274212667,27198.43259,4.7102564,1
7.080794604,28062.64189,5.629015736,0
4.881729694,19105.0149,3.050197685,1
7.080794604,44982.73415,3.832478803,0
8.285071627,14402.7267,4.274661433,1
7.150046215,14708.47419,2.633890904,1
7.080794604,18519.16249,2.676593619,0
5.772197494,27840.69421,3.078985939,0
7.543931405,24227.96114,3.703191406,1
7.890263453,17645.06534,4.636738863,0
7.080794604,25623.34055,3.582882469,0
6.66400315,15902.94528,2.227727984,1
8.075494608,29483.60185,3.682919745,1
7.080794604,26003.16327,4.410673978,0
7.080794604,17870.31525,2.604960025,0
7.080794604,39207.58925,2.812503735,0
5.983731394,18438.82339,3.84938287,0
8.250830109,21616.63386,2.604707945,1
3.641629877,24752.07246,3.464353135,0
6.578998262,22389.38049,3.690929517,1
5.873157237,21910.76357,5.120888065,0
6.376950564,16079.36125,4.284387196,0
2.558102899,21316.50673,2.817258217,0
6.615981752,20919.05143,4.635709227,0
3.783043738,20384.7731,4.402244246,0
7.617148971,27080.26872,2.391540106,0
6.30476873,30168.6066,5.109934858,1
5.93605721,18061.69757,3.940282439,1
10.15421917,24755.96026,3.730899369,0
5.152203822,27000.10688,4.689842918,0
7.080794604,13711.72328,5.068470098,1
7.381108634,12320.51229,4.34273763,0
7.080794604,22911.61449,4.825701898,0
7.080794604,26964.31718,4.50102464,0
7.080794604,18113.0173,3.077034993,1
7.670505964,33843.61945,3.93382656,0
7.83431934,25918.56795,3.532936196,0
8.837787015,11610.20795,2.087080317,1
7.080794604,8985.911807,5.504749497,0
7.774645343,13829.93907,3.911816866,0
4.059431568,25770.00672,4.330321664,0
7.269652353,31161.36839,3.789236857,1
6.702496316,29057.22762,4.267953034,0
6.081615458,10120.11268,4.010036899,0
6.772156638,13790.2962,3.827256061,1
8.053043782,37086.54605,3.301574995,1
8.370365065,27193.31738,2.746649934,1
5.477912395,27361.65907,3.774256221,1
5.913374964,14467.78593,2.499832069,0
7.678966989,7472.50648,3.718981659,1
7.138374417,22575.18858,4.144872351,0
7.392084138,20185.67623,3.778458596,0
8.64664305,32571.05452,3.333242782,1
6.676137419,27468.98017,4.336648585,1
8.207459013,17447.99467,4.151865953,0
6.161779599,12229.64758,4.003547129,1
6.744799175,20215.69752,4.86854273,1
11.39054321,16175.22194,2.277358732,0
4.835297828,23031.21581,3.633760708,0
8.373171025,22022.62622,2.786329767,0
7.080794604,23614.70296,3.89406126,1
8.801846146,13121.17194,4.031496053,1
5.903993601,19399.22197,3.820021316,0
5.991371182,28702.95238,4.53937125,1
7.080794604,27044.95981,4.067414144,1
6.093092014,21456.60442,4.523557874,0
6.470152059,30594.28067,3.125391212,0
8.064170237,8712.002589,3.246077323,0
7.49651078,39423.66606,3.363403358,0
7.14394209,11553.03928,3.792840407,0
6.433722453,20321.2294,3.641490072,1
8.757257497,21536.22469,3.626135542,0
4.98167215,20988.08781,4.47514859,0
6.336267197,29342.70976,3.745724986,0
8.610963132,32079.77482,4.614400505,1
4.771490769,48002.0846,3.936972673,0
7.078361174,16648.60057,3.263464831,1
6.09617999,16314.23338,5.142471232,0
8.31526772,15077.85034,4.128525461,1
7.080794604,40611.71332,3.125608801,1
6.58545033,30210.25037,4.275640348,0
7.539287495,26999.38208,5.427372765,1
7.080794604,32237.24543,4.006631671,0
7.080794604,7557.021271,4.116263345,1
3.994497706,18682.27714,3.379147451,1
7.080794604,20283.78363,2.028875273,0
8.051022303,28338.66404,3.767443226,1
6.80011919,39143.40333,3.85494,1
7.957768444,17162.39842,3.450745992,0
7.080794604,26004.52888,5.14411432,0
6.255070101,25456.27498,4.194199974,0
7.080794604,8904.799818,3.371680194,0
6.632990354,12829.09278,4.36085127,0
6.144759138,19981.31519,3.082080596,1
5.675294815,39172.38964,5.021464732,1
8.552993765,10452.72441,3.108674007,0
6.731278224,15058.13875,4.190484129,0
7.080794604,24793.45568,4.641041436,1
6.110022306,16663.53907,2.817780558,1
7.080794604,25541.15277,3.611330474,0
6.854946959,16203.0907,4.938999407,0
7.998090354,9609.740605,2.626546884,1
9.00435227,16544.8275,3.527893571,0
7.080794604,17029.53489,4.45939408,1
6.347271861,41065.23476,4.376348391,0
5.36754659,29009.01082,4.267189691,0
7.356056878,31409.06398,4.54991694,1
6.433726295,26755.71884,3.117918358,0
9.913703897,32129.99631,5.55466684,0
7.080794604,22746.06166,3.713109764,0
6.967696783,22886.96573,4.819637204,1
7.635264792,17796.37464,3.948303616,1
11.24450724,43533.65785,2.929952839,1
5.15839651,35086.39696,4.645852535,0
6.964226043,29957.19122,3.990437672,1
7.080794604,13943.24497,4.141552413,1
6.436444596,19579.38955,3.415851485,1
4.691438415,32182.26232,2.730792374,0
7.945909169,16769.89055,3.58543135,0
7.288736761,31617.07542,3.531384761,1
7.080794604,22038.51162,4.238535297,1
6.999764611,16078.45939,3.360130778,1
8.860324342,19550.29968,2.47667452,0
8.847880811,11705.07228,4.143451092,0
5.445326081,28001.11818,3.946989623,0
7.080794604,38097.3298,3.212492793,0
5.82126173,37174.00541,4.371078885,0
6.838816807,11877.23665,4.776536355,0
9.271668644,26912.22842,3.744203732,0
9.30566058,39498.65929,4.485070247,1
7.393978057,17939.7047,3.782727681,0
8.849702825,20129.35879,2.987671624,0
5.122648555,17279.51375,3.504524634,0
6.704635526,9727.761716,3.42217872,1
6.136907277,20561.69473,4.704585118,0
7.080794604,18272.50597,3.313199122,0
6.392760559,19323.67725,4.421528242,0
7.080794604,19038.9019,3.514096606,0
4.229224659,21214.37051,3.73313967,0
5.985012551,20155.43447,3.764099774,1
7.080794604,25142.73374,4.894829751,0
7.561833048,23254.00962,4.032150442,0
9.159660577,16679.33516,5.452362425,1
5.152739899,25669.71992,3.842625271,0
7.828740205,33337.10965,5.199446736,1
8.040392361,12999.1448,3.017796063,0
6.257085891,13826.25791,3.994713797,0
5.428357014,24930.19881,2.847843638,0
7.875895235,12710.24945,4.238589303,0
7.080794604,13671.41603,3.364890982,1
6.246264154,26408.88177,5.044454878,1
5.433242217,31157.11017,3.675717773,0
7.842979101,16827.19287,5.109312462,1
9.14912681,21463.05919,4.805641311,0
5.290004471,28697.00483,3.532322598,0
9.616095803,12538.97403,2.946643768,1
6.550877293,25070.00874,4.824826039,1
9.252856609,50279.26243,3.300585926,0
6.683367797,18989.31677,5.208061234,1
6.559627985,22624.03418,3.664463131,0
8.693104426,13283.77805,2.898223161,0
7.449659786,32251.35965,4.370404522,1
7.788054833,29879.06015,3.368757317,1
7.899451662,15896.36594,2.853767449,1
8.675192792,15049.5842,4.97857546,0
8.153210175,10280.9295,2.905788234,0
7.025821871,21226.66555,4.746092049,1
7.614877739,33347.9711,2.990780994,1
4.349440099,24352.0661,4.442711602,0
7.76618676,14945.29566,3.674225542,0
7.080794604,27319.56903,5.666547411,0
9.393891752,13150.20746,3.048565966,0
6.632205979,9809.904,3.44374066,0
10.43329108,22326.89205,5.057310617,0
7.172323175,14702.05907,3.08421574,0
5.097786326,23590.31371,4.829323464,0
7.961721563,11551.21568,2.286943595,1
6.512737224,22475.04687,4.612963729,1
4.95141362,20117.35906,3.870681385,1
4.695516241,24767.16711,4.641738591,0
5.14358758,32740.56466,3.09616459,0
5.093675235,30245.95697,4.552571542,0
7.080794604,17439.44406,3.458320101,0
6.888843032,27368.01434,4.512332549,1
5.779673805,24160.35432,4.656377333,0
7.889579445,41210.66698,3.227360182,1
8.433443204,12833.46124,3.824734238,1
6.376408534,33046.72761,5.404045873,1
9.756577728,17940.09908,3.749009358,0
8.809296532,18140.59427,3.87905384,0
7.876495231,15741.08163,3.913904817,0
7.080794604,12830.48413,3.439740142,0
8.736371311,24283.65879,3.802116217,1
5.324941956,35344.65805,4.427138026,1
4.303574707,7323.302301,2.010537257,1
7.457979927,14733.45876,4.497730896,1
8.029181713,19663.46943,4.388551112,1
7.080794604,28194.45265,3.855895087,1
8.460964064,13158.84836,4.728493923,0
6.040281762,20472.87459,5.761580422,0
4.281522189,22330.46679,4.371167268,0
7.080794604,26493.07621,3.241267287,0
7.077874107,23873.37821,4.764508365,0
7.760189465,34250.16393,4.590527749,1
7.369087239,28232.01841,2.715186785,1
3.678431907,23103.41044,4.480108676,0
7.080794604,31606.34883,4.775121047,0
5.452215026,14446.81239,5.19053391,1
9.497261263,33681.33014,5.24210543,0
7.080794604,20626.51594,3.236570143,0
9.606858996,18907.64284,4.405352052,0
7.811512545,20911.90467,4.54607031,0
6.988206255,33357.51586,1.899683102,0
7.080794604,21829.27315,2.545631445,0
5.392057707,19900.40784,2.978925545,0
8.758824621,19572.14708,3.527565459,0
7.417824027,320.9426114,3.470812179,0
7.762020845,15548.41667,3.256301429,0
8.470546099,26559.38041,2.935802095,0
8.509220149,10587.30493,2.519891681,0
6.607503411,26420.80956,3.447111319,1
8.369154454,12975.90033,3.629749431,0
4.638250359,34261.98589,4.124537925,1
9.418296222,8777.686784,4.604633254,0
4.197583689,31292.1277,5.206480277,0
6.583064956,17977.69394,3.772858653,0
7.080794604,36640.37137,4.849755448,1
7.912361128,34808.44278,2.878515731,0
7.080794604,27345.17429,4.407566269,0
6.584813211,24723.1063,4.404132296,0
7.443189114,13551.95334,2.664832896,1
7.213375488,27377.69978,3.453438976,1
8.512781009,33092.66935,4.026622194,1
7.780868779,40483.73039,4.602026875,1
6.862995192,11579.1134,5.343285134,1
6.975392441,22685.68444,4.931460268,0
5.866250768,19679.06267,4.281313559,0
7.12771131,19309.57045,3.396185031,0
6.342671283,21079.60621,4.582591895,0
6.702546653,17246.92035,3.442983135,1
7.094802243,30045.36774,4.084660133,0
3.514545629,23029.66361,3.762615431,0
5.608745332,19835.98077,4.644211745,0
6.466874809,14848.12949,3.408168892,0
6.043360184,24856.60711,4.745247617,1
7.33739995,18543.49936,4.981834043,1
7.080794604,27064.41841,4.599572734,1
8.416086917,28234.90686,4.93008391,1
6.455004897,24468.04839,2.293431506,0
5.467401355,12883.16353,3.717822818,0
7.080794604,27983.17942,4.290393324,1
7.036752204,13812.41042,3.285371935,1
9.927023823,19666.99279,4.051733573,0
5.525768645,16113.01055,4.401412724,0
6.361666903,25833.85171,3.681765214,0
7.256015139,44184.23046,4.534960373,1
9.504157888,19946.26467,4.343041473,0
5.87797414,13652.2932,4.032259604,0
5.803497076,19451.7676,2.181714267,1
6.745306815,21871.8387,3.90235269,0
4.270716295,24405.25054,3.763906003,0
6.630122256,36269.70132,3.352764706,1
8.165715033,16925.0123,3.92011658,1
10.22768979,9546.129215,4.78632992,0
5.365192508,16262.93925,3.180798557,0
5.895949083,37118.25544,3.659653068,1
5.739816433,15825.44032,2.722571308,0
4.993530834,13900.77927,3.153809437,1
5.999125278,19345.79133,5.046973216,0
5.628313372,22856.7429,4.061644761,1
6.604008089,23564.57966,4.458967013,0
6.767523758,21162.72674,3.300253598,1
8.099124289,19909.54173,3.05593385,0
8.228563925,18132.0944,2.781944208,0
13.17540182,19237.94968,4.10692459,1
7.080794604,32865.50953,3.574605262,1
7.95502644,32405.41386,3.955916826,0
7.721032788,35800.69927,4.168487202,0
7.793914904,25506.91224,4.220027771,1
8.322986772,28049.64628,4.052135828,1
7.795957901,27849.14209,4.25187627,1
11.62114023,15102.23743,3.472067562,0
9.012100413,13064.45059,4.962329307,0
7.080794604,23433.90177,5.128346624,0
5.945988743,12356.90562,3.793329376,1
8.742229982,9694.354896,2.842393286,0
7.080794604,8729.096218,3.399725716,1
6.062738519,25842.58128,4.369454797,0
7.080794604,26009.07526,3.706601892,0
6.739849828,34702.41785,4.379630539,0
5.036454076,29258.73814,3.534665525,1
6.552279223,15362.45238,3.443385119,0
4.767472555,48007.86813,3.893377908,1
6.937818883,12626.19792,3.724089664,0
7.958871546,26845.66101,4.007902713,1
7.080794604,30573.06632,3.109695868,0
4.723312673,22833.19204,3.917586795,0
7.488133564,24786.05053,3.474034817,0
6.578083991,24882.62516,4.890415859,1
7.002480041,20518.55543,3.352436418,0
7.280560457,29690.91716,2.919796105,1
7.895769221,28723.61763,4.391731438,1
4.618850947,27174.68764,4.322115989,0
9.489972978,15513.74038,4.219967622,0
5.735358759,28628.15186,4.085054888,0
4.3107016,11842.75781,3.172375591,1
4.137045013,17101.95157,4.327356127,0
5.30414276,25299.51156,4.165723764,0
6.020653941,10529.3103,5.217131375,0
6.760790623,19089.94856,4.905490533,0
6.715799579,16006.97259,4.999752123,1
7.079303618,24282.15477,5.553173941,0
7.348937242,15818.26132,4.725746556,0
8.468741163,21038.44261,2.876995731,1
7.080794604,27197.30244,3.19834396,0
6.001382541,22554.83009,4.036719862,0
5.090035432,34094.05718,4.83886238,0
10.8112896,11848.22827,4.416183794,0
4.668101787,47580.9916,4.43582101,1
6.966835268,12256.67829,2.957441171,0
7.080794604,19549.49934,3.777737514,0
7.606880575,29339.92927,4.564460492,1
7.895045762,10465.2616,3.084431333,0
7.080794604,14017.37207,4.167336557,0
7.773758237,21688.61694,4.040974582,1
8.69712226,27752.00024,4.180567693,0
5.742533163,21293.88975,4.272202858,0
7.798453776,32704.56929,4.107267303,1
4.624304391,22981.74941,3.424250149,0
6.499068098,23734.84621,4.355880225,0
1.431781655,12937.24689,4.948442656,0
9.609834465,22690.04587,4.308357689,1
7.080794604,21852.43794,5.076362564,1
8.555283523,18337.46092,3.687152168,0
9.056244807,17403.53217,3.319353837,0
7.814524421,17516.69936,2.901699656,0
7.080794604,28988.70234,3.666869794,0
6.589290601,34298.15294,3.181112163,1
7.080794604,32496.64022,4.296188863,0
6.958534237,13457.21113,4.1946001,0
6.39292794,21217.1586,3.271338959,1
6.483994608,29032.7811,2.688643385,0
7.95145127,6108.795734,3.886882486,1
8.520806673,28779.65001,3.94060463,0
5.596729918,44652.36387,3.826158291,0
10.89348483,25702.51867,3.634970496,0
7.486779809,25396.01178,5.048834095,0
7.080794604,18593.22264,4.122850291,0
8.899588478,17915.08597,3.92861381,0
7.080794604,26486.18144,4.148611417,0
7.171223823,13163.03128,2.2090919,0
6.741245921,23565.73271,3.500970674,0
3.906078455,32144.79993,3.902879812,0
3.426450468,21839.69596,5.97805404,1
7.266598892,36490.14303,4.952733308,0
8.307463069,18452.64557,4.625729342,0
6.277742583,15751.44915,5.255012043,1
5.530055121,38918.77807,3.327472239,1
7.184697863,13317.46811,3.904063523,1
7.080794604,20944.62081,3.679795135,0
9.128357858,10418.10834,3.762222789,0
9.960689958,15835.12282,3.434538563,1
6.435722817,9363.853988,4.925339207,1
6.417716147,31974.48163,4.210327161,1
6.93039157,25780.05908,3.699796136,0
7.080794604,19692.46439,3.261651499,1
7.080794604,11370.64917,3.266562503,0
8.064652909,27172.89357,3.324112714,1
7.080794604,17107.22423,5.459251056,0
6.451503643,7990.891468,6.307678572,1
6.427720661,12215.40908,2.9044535,1
10.08677134,17572.54747,4.334122146,0
4.808039847,19118.0503,3.597760069,0
5.585117098,22234.69674,4.148343055,0
7.080794604,21671.2783,4.246388124,0
7.466558458,16679.67362,4.991674971,1
8.141861216,25433.46502,4.136950586,0
6.509621738,20122.19256,3.802819738,1
6.446252132,11104.25051,4.976957958,1
7.080794604,34415.85315,4.4055861,0
7.080794604,43846.02527,3.572343922,0
4.736404707,28698.72996,4.995601866,1
7.33810771,30042.92851,3.736379695,0
8.151249062,15661.94034,2.799883421,1
8.529669448,18203.73003,3.776040937,1
4.758648447,23603.06542,4.405508864,0
7.308048948,14600.53952,3.696119812,0
7.727421241,18767.94163,4.60180219,1
5.924540582,44376.18738,4.224342609,0
6.098156621,27776.90105,3.977362464,0
8.14143,15494.35984,4.350922001,1
7.017295499,20169.34425,4.899611372,1
6.069363994,9323.21829,4.914809232,0
7.080794604,22289.72709,3.351767003,0
7.080794604,8721.231885,3.392134268,1
8.801933655,23659.21152,3.769832036,0
6.71477698,34558.40267,4.68485357,1
4.923178956,15990.14923,3.329600883,1
7.080794604,17423.40799,3.5681967,0
7.191024957,23781.32874,4.270645793,0
4.560916636,22939.14438,4.123621836,0
7.974248528,26848.62984,3.195944351,0
10.53809854,13867.2442,3.823092776,1
6.185951263,22198.92942,5.2057244,0
6.193170201,12883.7265,3.466645388,1
8.998375123,21790.0109,4.516933085,0
7.080794604,22900.11825,4.069165667,0
7.078659519,26177.78951,3.696640241,0
6.411525936,19505.29694,2.200678302,0
7.080794604,23172.28151,4.018446639,0
9.671796865,30220.61249,3.895103966,0
6.642755795,36505.52426,4.299209381,1
5.893103508,20526.66616,4.390701704,1
7.108140811,23688.20522,4.015246544,1
7.080794604,35434.28006,3.825936797,1
7.088251076,25399.10901,3.230645536,0
5.488135569,21715.77441,3.652991522,0
9.130768987,9929.19481,4.771443855,1
5.27418549,17605.53576,4.364426492,1
6.947915634,10337.5417,3.685079373,1
7.080794604,20894.40049,3.818404043,0
7.874671458,17404.17706,2.309149157,1
7.303052006,22053.01026,4.14487004,0
7.685396943,7324.701426,4.179187228,0
6.912607662,17973.17886,2.612249053,0
7.080794604,14971.94903,5.110414249,0
8.378108123,28474.20258,4.52469307,1
7.080794604,20197.24767,5.146442724,0
7.509350305,17045.6001,4.321856247,0
7.301463738,23778.75872,3.942709469,0
6.623613666,17167.3013,2.915166051,0
7.080794604,18592.08392,4.762871809,0
8.247148371,9913.963346,3.94196936,0
7.080794604,19486.19111,3.888177483,1
7.080794604,41325.44355,4.322325437,1
9.177869966,20868.33122,3.108770088,0
9.146557656,6787.48466,3.210882039,1
6.875746252,25422.33855,3.397302672,1
7.420640889,18463.72213,5.42376743,1
6.729830004,23114.03183,4.724322013,0
8.927906026,22139.87885,5.474354798,0
7.159398411,28954.80101,3.254926597,0
9.63066558,23641.70257,4.920091258,0
6.823642106,14053.22068,3.386362772,1
4.997770701,26849.19474,3.404633006,1
6.597292463,25039.3547,4.318305507,1
6.867301422,24112.15347,3.82359514,0
8.315959171,16123.30445,2.760212674,0
7.080794604,30280.78859,3.779554592,1
9.663653296,13213.57825,4.741944405,1
6.101955331,15976.92623,3.53559643,1
7.864649773,23045.72625,3.585933622,0
6.703486954,24316.87515,4.223883811,0
4.633202616,29307.12894,4.751858915,0
7.565198173,11246.42665,5.185000124,1
6.758851797,22540.77517,3.639971976,1
7.080794604,13427.06859,5.324638105,0
7.080794604,18085.15884,3.068919337,1
8.951652235,15189.32782,1.844371704,1
6.645657478,23432.10973,4.170657863,0
5.272156559,19015.46827,4.063825954,1
8.210358073,22619.23993,3.716663975,0
5.400700238,9968.962738,3.555737666,0
6.280978307,25972.80375,4.599432114,1
8.990317334,23728.29401,4.494544439,0
6.832217488,14015.04477,3.145415611,0
5.632731747,28315.43778,5.114607151,1
6.729191589,31991.95875,5.112254351,1
6.72958029,17975.55323,4.003458152,0
7.025306042,23502.8578,5.989542891,0
8.274069159,18091.20261,2.575423128,0
7.885679099,12359.63119,5.430350094,0
7.888424615,15761.87137,2.998066031,1
5.665266477,31883.01031,4.571823711,0
9.46712913,33365.31542,3.164188094,0
6.252410105,23920.25478,2.722908261,0
7.247701082,31561.95553,3.319952778,0
7.507575396,18328.6959,3.703001147,0
7.080794604,19290.56807,4.117288002,0
7.754884494,18857.0585,5.128390155,1
5.862641333,44069.27216,5.50742104,1
6.93365401,19026.01733,2.010728786,1
6.495435385,32775.63259,3.39047064,0
7.080794604,12229.29848,2.51676922,0
5.085429453,33455.24099,3.96173077,1
7.292141905,33991.65157,4.466912664,1
9.77693215,23971.98952,2.569468101,1
7.080794604,17317.68725,4.241935783,0
5.564342591,11245.73577,2.285987949,1
8.245186696,13909.47907,4.125731894,0
5.488314409,21485.1532,5.066786372,0
4.443238999,25008.53225,3.268324936,0
3.43485586,22690.2444,5.389510346,0
7.080794604,9959.135015,3.170543187,0
10.20064461,8016.202939,5.174719859,0
7.080794604,21051.36538,3.764703694,0
6.848329701,15908.64209,3.732202118,1
5.368988444,15973.68689,3.73788288,0
7.865757054,16147.00195,3.738618443,0
6.983860539,11848.76973,4.159566609,1
4.713116801,20070.56779,3.923356136,0
4.922045566,38494.72025,2.291694636,0
6.799375618,7986.493239,3.819985477,1
5.094164461,22957.6534,4.710936584,1
10.68296653,15758.74062,3.999775482,0
8.014183172,30566.7675,3.417076299,1
7.054266874,7450.074375,4.780615932,0
6.576845423,12772.09575,3.771313618,0
7.080794604,20412.28391,3.978932756,0
6.985192302,21944.64183,4.246201695,1
7.080794604,25498.32954,3.69194661,1
7.016836213,18014.9957,4.101398091,0
5.583833098,35278.68174,3.870157021,1
10.46450258,6700.775054,4.956358508,0
6.601407495,19635.58825,3.973576506,0
7.080794604,12674.67277,4.403876907,1
6.317576654,22577.81894,3.399048014,0
10.04967382,11557.03204,5.133477923,1
5.504452421,11950.23503,4.657361034,0
7.080794604,20134.39834,4.314495117,1
8.805177845,4728.650671,5.176205169,0
6.14524304,20417.26442,4.09094002,0
6.758656571,20666.45316,2.743890322,1
7.617524234,30308.23118,3.698317497,0
4.902159089,28278.78928,3.499048623,0
8.775485834,22113.39145,4.393944566,1
10.48680852,26453.00335,3.804352232,1
6.784116215,12736.865,4.072186708,0
7.080794604,21983.55907,4.494459802,0
7.617152022,33744.16681,3.422543531,1
6.014539931,23268.24308,2.686068841,0
7.338826211,12603.40037,4.017061219,1
8.743958645,40843.61655,4.11897318,1
9.514626722,16553.56244,2.64503647,1
3.716080175,18630.05786,4.500656375,0
7.39754411,19797.10854,3.947137988,0
7.131221959,18969.82489,4.713192705,0
6.567759713,20156.57862,3.824428139,1
7.997175923,20575.57316,4.817668311,0
5.329938915,24000.52314,5.79932245,0
7.266781586,27468.68171,3.919827145,1
5.622807235,16119.34019,3.992957001,0
5.706130989,25815.60909,4.32639447,0
5.976769718,27267.98186,2.994671196,0
7.116132706,25131.66528,3.915381778,1
8.069297993,16654.50937,3.021381655,1
7.746343215,21670.59366,3.678686131,1
9.794558799,20682.73174,2.945418838,1
5.860574255,18321.99232,4.277241202,1
7.91803927,22899.06291,3.386109913,1
6.262907382,5157.0536,4.594919256,0
7.287286475,18085.50282,3.504265155,0
6.078335937,35957.79218,4.201581006,0
7.582941777,23072.7807,4.164028719,1
7.367371953,16663.60251,3.817215205,0
7.390896779,25574.09172,4.325131745,0
6.090016157,12558.89797,2.943521812,0
7.555822859,29411.62865,4.099168791,1
7.080794604,29298.07426,3.522586273,1
7.975330001,17182.45036,3.306129117,0
7.47640856,27109.89561,3.47819388,0
6.166348323,37922.90562,4.816304344,1
8.2977833,20316.42668,4.239220672,1
7.935607425,19657.84332,3.619650837,1
7.369988721,18998.34682,3.463852537,1
9.302441288,5230.63043,3.675985598,0
6.891549322,13376.68047,4.958936941,0
5.204938863,17818.39449,3.439561119,1
9.13569436,9496.910354,3.281802296,0
7.080794604,32328.53826,5.037492316,0
6.914868252,10343.37885,2.988611544,0
7.080794604,20791.31898,2.963135481,0
5.689143088,17589.26899,4.592980051,0
8.927078248,22821.25438,4.601861059,0
3.978284727,14433.7805,3.751565869,0
7.260904463,21391.16254,4.383823485,0
8.35035114,17177.78878,3.507227681,0
8.519639143,14578.96131,3.427251507,0
7.9373923,6626.376426,4.27085125,0
7.795557729,26484.51532,3.629252382,0
7.66752096,25035.27104,4.618164805,0
6.1798099,15391.55915,3.70432432,0
8.56704392,23683.11019,2.804926924,0
9.058628524,15737.46894,3.65213457,1
5.910539838,25721.83387,4.007508248,1
8.205550819,17414.52062,5.12952792,1
6.492403222,18607.21319,4.383394792,0
7.080794604,12700.48804,3.756100523,1
7.080794604,23094.87239,2.9770475,1
7.205218364,31315.61439,3.465331189,1
9.537878729,20044.20625,3.024556741,0
8.66397492,29551.33415,3.689241461,0
7.643578462,21885.50378,3.76216296,0
6.776879188,19663.79131,3.322065107,0
5.669699309,9544.862671,1.910116745,0
8.433290924,15904.24336,3.631543032,1
7.986398806,20447.49013,4.814779291,0
7.080794604,26321.68919,3.305587898,0
7.080794604,21948.32536,4.109590374,1
6.262798967,31414.52581,4.012517658,0
5.574755948,11512.46584,4.371806261,0
7.080794604,25253.07906,3.941073932,0
5.171434194,44612.75136,2.949431603,0
5.897391221,30575.35714,2.961602518,0
5.519125756,12531.60192,3.75899596,0
7.080794604,17537.98962,2.999702421,1
4.959852911,9887.830755,3.455044918,1
6.852899185,11914.46378,4.594760714,0
6.449379539,8607.61251,3.71542885,0
6.848033569,6068.454885,4.257037643,0
7.207538708,15796.3997,4.295189293,0
6.635894408,20339.01687,4.523236966,1
7.080794604,37928.14218,3.87385345,0
7.080794604,21190.15494,2.505464127,1
7.70910646,18610.12415,4.23510822,0
7.027185759,30988.97302,5.35304344,0
9.038326169,34353.83973,3.706265992,1
7.976900974,15360.83507,4.753608031,1
6.313114832,20849.19074,4.126964696,0
7.080794604,24445.98754,4.725347555,0
8.015780495,12135.72493,3.180580287,0
7.080794604,27382.76933,4.10343906,0
8.423084572,15924.79969,3.958609084,1
7.421997744,15772.65317,3.603609681,0
8.848927472,24417.86132,5.992325127,1
7.442536575,18223.02708,2.191138522,1
8.50697917,20098.19952,3.881793935,0
7.871961503,12760.43715,2.938536387,1
7.080794604,15426.91508,3.430167423,1
6.744064361,16304.52892,3.534126063,0
5.335688909,37993.18275,3.921976481,1
7.080794604,32600.42941,3.165391001,0
7.754044454,19019.2795,3.760298185,0
7.22168954,13703.22038,3.160818581,1
6.879959552,44586.81265,5.688207049,1
7.080794604,26894.14489,4.903914579,0
6.465093629,43958.67813,3.790523793,0
6.876451143,21979.03167,4.545341027,1
5.468361032,12305.90541,4.933468049,1
6.140877657,26687.87448,5.359460395,0
8.848103119,19793.97187,3.074799406,0
7.080794604,19887.76983,4.893751092,0
6.31407757,31114.63565,4.363865863,0
4.533399214,30301.85667,3.188640842,1
6.61673079,34277.7604,3.622379342,0
8.659113127,23514.63665,2.89577438,1
7.080794604,19026.67284,3.986882435,0
7.080794604,30630.75994,2.913048543,0
11.02787996,13124.10564,4.178898009,0
5.800034277,13028.68846,4.074407672,1
6.967270864,33933.70985,3.272470839,0
7.080794604,24108.12755,5.034683057,0
7.080794604,17561.27284,3.716659441,0
5.289618537,21776.17017,4.54810045,1
7.682762574,12723.3421,5.044306192,0
6.217579712,15155.54899,3.490002114,0
7.362736602,16268.44861,4.408513282,0
10.41504411,34535.55385,4.209136605,1
9.752703327,10194.32541,3.422110575,1
6.353436944,18664.8443,3.861109302,1
6.884981184,14893.2064,4.58431928,1
5.870615601,18909.84601,3.728785337,0
4.705356596,19555.76505,3.437450234,0
6.11602408,22481.02732,3.984308929,1
7.080794604,11949.59793,3.458352314,0
7.301903591,23565.1784,3.430699288,0
4.825591558,11142.39263,3.463097254,1
7.080794604,9660.658302,3.959293715,1
8.129585614,27834.2177,3.362537235,0
4.562156583,23829.79288,4.822883864,0
7.444914115,25489.07503,2.571391606,1
5.669689666,20081.53795,3.592133524,0
6.584839433,16609.92549,3.919954669,0
5.191834427,14866.10386,3.859801039,1
5.58246992,23512.83796,4.048113358,0
7.573906033,15926.42601,4.410729244,0
6.168838639,24827.51664,4.435760173,0
6.381979096,18982.95376,3.299047319,0
5.038316883,25866.10395,3.913695876,1
5.923441515,25951.55404,4.10736373,0
7.63876187,18308.50267,4.496626699,0
8.747271624,30348.24365,4.764707608,0
8.070477227,18266.61772,3.055790575,0
7.341547212,21273.45707,4.025643796,0
7.835907089,17643.40715,3.183864193,1
7.34303204,14037.03993,5.288057654,0
7.080794604,39742.97033,3.916745627,0
5.584086738,28748.68774,2.559708328,0
7.080794604,27331.36196,4.413974283,0
7.033495155,29322.7407,3.678957192,1
6.320375385,20481.64207,2.728617452,0
7.560392123,14739.06854,4.257805208,1
5.910251829,15244.84639,3.660923008,1
6.709336539,8238.290038,4.074387328,0
9.107330483,24678.32929,4.492140049,1
8.176079715,21856.98863,4.112322558,0
3.795133005,27179.40482,3.185083268,0
9.918717164,21470.27831,3.385508544,0
7.274198151,16255.90137,3.152762894,1
9.778181913,23335.67421,4.143365419,1
8.115624607,15513.01258,4.40881204,0
5.470981922,36435.79351,3.844019971,0
10.66736403,28912.2022,4.135569009,1
7.080794604,11900.0552,3.153800319,0
4.168248561,23863.71686,2.804525151,1
7.617014209,29818.09504,3.800552699,1
8.649868725,18503.76653,3.08168134,0
6.023022841,10925.3601,3.668088679,0
7.080794604,19909.93885,4.592538079,0
7.080794604,23879.22676,4.235174515,0
3.445061964,33424.76868,4.184397069,0
9.16099764,28170.8851,3.542527893,1
7.080794604,18221.08534,3.469561186,0
9.045720645,22829.11084,4.213700544,0
6.960603602,11348.676,4.978820288,1
8.016418475,30854.83047,5.320015555,1
8.062805743,11567.88784,4.4718421,1
7.058182708,26608.92915,3.613834871,1
10.16417344,16522.71575,3.530941055,0
10.15544027,12652.36298,5.00246736,0
8.999499039,20933.51275,3.695084155,0
6.646470022,5516.874953,4.387601842,1
7.080794604,26148.53787,3.893326932,1
6.632031669,24161.25498,3.38629439,1
7.080794604,22387.31575,4.649365128,1
8.268307692,13181.67352,4.405408298,0
8.722311324,20256.35307,3.009289296,0
7.080794604,12962.38967,3.500848762,0
8.037761208,40368.42063,3.572519102,0
5.961301672,23926.07883,4.919585147,0
7.080794604,11125.44354,4.699121087,0
5.735723655,25363.01659,4.732953671,0
7.395450947,22561.50831,4.990235733,1
5.846786797,19417.76721,3.371110981,1
8.013516529,20375.66827,4.44490069,0
8.337696301,30969.04759,3.454197557,0
6.906575098,15201.33995,3.282749603,0
7.400238681,8136.071591,4.880119868,0
8.861701657,15247.12803,3.579107342,0
6.966943062,25441.05612,4.356931233,0
4.595607856,13891.03853,3.978919907,1
7.080794604,28499.10733,3.403269687,0
8.543216937,33037.35339,2.847875348,0
7.958984392,23625.81389,4.698008016,1
7.344975969,5689.804405,3.418763295,0
6.255149849,24316.16334,3.146482636,0
6.901863549,20442.61501,4.047907392,0
7.296572975,22535.08516,4.679168743,1
7.273368328,14206.35732,4.196421136,1
5.38984603,19646.23342,3.577675021,0
9.814247569,30575.9469,4.317531387,0
6.946717658,32946.56752,4.93498613,0
4.29168783,18038.47437,4.616088654,1
2.92517442,39233.09884,3.678588321,0
7.187765946,31125.74043,3.78412088,0
7.080794604,9783.368728,4.626701123,1
7.60952129,40879.78957,3.145843003,0
9.802720882,27357.45674,2.764633981,1
9.011480507,34865.35768,4.270801489,0
4.737391357,30684.21164,3.853388172,0
5.96406546,22168.33156,4.696720953,0
7.098245644,22671.47976,4.909571575,0
7.071314292,20038.79642,4.29372666,1
5.422445868,18542.95745,2.91175149,1
7.669012637,11579.44169,4.589513053,1
7.080794604,28415.57583,4.1190874,1
2.612036015,34798.25259,4.76520547,0
8.003031585,15007.27268,3.137551306,0
7.080794604,17766.25289,3.168031126,1
3.902475786,21167.5001,4.528522796,0
7.846463441,6670.659354,3.885623998,1
6.04451313,30191.69246,5.127778425,0
8.458814762,15677.97069,3.507708636,0
6.124672371,27951.61307,3.631006809,0
5.418503863,35902.71568,4.506539691,1
10.88730509,15177.21819,4.0041614,0
5.603326061,36873.55799,3.900421461,1
7.387433863,11694.63529,3.830577372,0
7.080794604,21707.49226,4.003819112,1
7.080794604,21716.42369,3.825770175,0
7.678945167,20243.0882,3.089549748,1
10.13793239,15088.82765,3.872018259,1
7.607224011,39184.84672,3.525027231,1
5.842359164,29644.81361,3.865296067,1
8.436759129,44896.98411,2.499910235,0
9.809996487,16819.42318,5.538200608,0
8.331553335,11635.77208,2.69238898,0
7.080794604,30037.22162,4.11358513,1
9.901930694,13180.6778,4.226949654,0
6.530796224,19174.59325,3.181635009,0
8.140344563,50793.89892,4.362792208,1
11.23542606,33773.10706,5.147055376,0
4.725997821,34265.83058,3.644606641,1
3.717704035,14841.242,3.780258831,0
5.376078392,36026.40156,3.629250422,1
7.080794604,30211.83299,3.840888862,1
8.575673122,15888.62521,3.506229164,0
8.875642378,28487.7086,4.006991659,0
6.791097266,20149.17967,3.084039862,0
9.396148499,25825.38701,4.606058155,0
7.080794604,18408.29497,6.7390001,0
7.239416021,13911.82663,4.531825395,0
7.183825823,14100.96899,4.597165612,0
6.297845734,21022.83503,1.680554125,0
8.034012017,25204.67408,2.452120906,0
6.450645025,27682.50745,5.241539296,0
5.327023634,13580.61848,4.855821351,1
4.931958545,31155.54022,5.045982983,1
6.335683242,26594.35208,4.57886129,1
7.463916051,27150.3954,5.075843704,1
4.140077239,40626.84781,3.167582671,0
7.080794604,19516.89804,4.169924118,0
5.473603498,14608.36315,4.957822341,1
5.590614536,35370.73552,4.726845117,0
9.186453477,27055.69626,3.453861556,1
6.442496536,11592.44562,2.891018979,1
5.423318596,18020.84243,5.224654934,0
6.848805553,20555.55957,3.130044863,0
6.53936961,21230.43141,4.527364478,0
6.195255005,16666.13081,3.138971487,0
7.080794604,14579.82207,4.161749371,0
5.84111894,17721.95956,4.237560518,0
6.79546911,15300.83867,5.163088254,1
6.931470527,35793.75779,4.249333274,0
8.174028231,19808.53777,3.986780804,0
7.184973219,25234.42797,3.665410762,0
7.096047201,17240.02106,4.785637478,1
9.462666117,12224.6246,2.850183866,0
5.600876617,20411.66438,4.362033769,0
6.903074431,17947.98811,4.473887111,1
7.79278363,21093.9322,4.047380886,1
7.080794604,24820.49309,4.25222048,0
10.01518916,9064.035831,3.846547649,1
9.869232035,29549.65882,4.736849677,1
8.285395375,19096.82237,5.438488007,0
6.394548123,31620.19079,3.042496918,1
5.099932105,21807.40013,5.159301349,1
5.651933941,16575.82126,3.872027237,0
6.323040414,24463.13742,4.749424336,0
7.080794604,18128.90829,3.502081604,0
5.742110507,26831.61041,3.323069664,0
5.678221067,18377.00826,5.42978184,1
9.181560107,24041.32628,4.503660896,0
7.861177801,25145.02412,4.157656728,0
7.080794604,25583.49201,4.514174713,1
8.926113243,15249.62024,2.752134221,0
7.080794604,18344.06944,4.515322434,0
4.319440773,30565.57839,3.241972201,0
7.965337405,25274.6103,3.390982211,0
6.321259415,8532.139517,4.501457304,0
4.700392824,35216.53427,3.481943796,0
8.52616997,11837.12336,5.083014242,0
8.297725978,20320.10845,4.166105574,0
8.065339136,21366.2836,3.756391807,1
7.080794604,10171.7101,3.757799199,1
7.414148296,32555.85254,3.160624568,0
9.092223556,17978.98634,4.075075525,0
4.031610544,15105.3731,4.037939255,0
5.381407619,15371.99994,4.364067035,0
7.080794604,12519.09066,4.43921534,0
8.237091974,24414.97349,3.686074573,0
6.449070109,16906.3313,3.331550048,0
6.394980561,21051.25691,4.732002827,0
7.080794604,24518.5743,4.174568976,0
7.080794604,13584.49034,2.364559012,0
8.261406052,24870.82594,2.80042822,0
7.664793623,20259.72585,5.481691034,1
8.304334753,18253.1811,4.181254234,1
7.243409979,20877.53484,4.466936015,1
7.080794604,20006.22911,3.4531256,1
8.11644667,23985.86442,2.934697537,0
8.238996697,25046.79864,3.089923849,1
8.142331013,29808.2369,4.70486603,0
8.184410106,17944.85238,4.5990823,0
6.681553668,26132.21181,2.956748175,0
7.739325811,30412.37233,3.645785595,0
6.978290968,26189.64706,4.931878179,0
5.842754701,13969.26156,4.490392664,1
5.331940579,16658.8765,4.434820358,0
7.080794604,32617.1246,3.232872216,0
7.417570468,23207.09284,4.671557981,0
7.080794604,19731.74918,5.294159173,1
5.646083412,22455.69501,3.938505727,1
7.60597893,10930.05567,3.242850029,0
6.021266043,19894.14759,4.028042501,0
4.238282625,29344.84448,3.787425989,1
3.623165948,26738.52536,5.370205649,1
4.692196663,24211.63077,4.009006162,0
8.248703154,24912.87971,3.540532104,0
5.214009294,34184.3084,4.453525656,0
7.080794604,11954.70073,3.282061493,0
6.069615857,26138.78019,3.669711804,1
4.032060634,14720.54483,4.814235196,0
5.92876744,19240.0582,3.59291239,1
11.56876807,39234.47018,3.761288528,0
6.769834981,34596.00187,3.655789669,1
6.549187701,19236.0125,4.190311221,1
10.00330064,46113.95749,4.746381959,1
5.669818874,27244.63447,5.600458671,0
8.839584002,21179.76259,3.118039554,0
6.569053976,29123.7083,4.204699229,1
5.456680988,20967.84061,3.799472649,1
7.539881993,21575.24522,4.53159377,0
8.758560156,25564.76756,4.444375742,0
7.080794604,25954.03176,2.951395853,0
7.985406494,17583.08033,4.752451839,0
8.886979432,26062.44722,4.731195177,0
7.080794604,5699.504942,2.27639206,0
6.415108572,19310.06201,6.073006114,1
3.961389147,24028.40541,4.092966,0
7.160467331,6743.346066,3.884891144,0
6.365497341,7040.737621,5.125416676,1
9.135452044,32105.28712,3.643686903,0
6.021051423,18966.36305,4.661057652,0
4.616439034,14982.30548,2.634341121,0
7.940713324,10762.93863,2.990150991,0
9.917092157,37215.22684,3.39332548,1
8.025220121,15457.49866,4.134942829,1
7.080794604,24711.41493,4.331691003,1
8.082148176,28407.66103,3.373484614,1
8.787668041,7035.133797,3.489945695,1
9.241338867,31598.53638,3.842577704,1
7.080794604,12635.3677,4.480574491,1
5.973951349,26804.10949,4.208923305,0
6.971577282,27959.98787,3.226348601,0
5.284096787,26532.73725,4.800963242,0
7.080794604,32768.22797,3.499453174,1
7.702183199,18126.03096,4.382159262,1
7.493290916,9465.323905,3.74874701,1
7.080794604,18668.36383,3.772078173,0
4.815766891,16392.13507,4.375223911,1
5.853560701,19790.85693,3.756873995,0
7.080794604,35418.73504,3.384648605,1
7.080794604,30524.09379,4.938389294,0
10.93311082,18846.63491,3.894988724,0
7.657991337,14245.78912,2.437296388,1
3.975752758,17430.84194,3.666823899,1
6.363836478,9844.702293,4.038983602,0
7.080794604,23084.06659,5.564901643,0
6.715719188,19966.7447,2.443008106,0
5.63692366,27283.78065,3.007138199,1
7.0517859,30980.60079,4.268428958,0
7.080794604,22444.09007,3.594444516,0
8.59639128,14518.9745,3.519884466,1
4.858055702,32886.5289,4.130972347,0
7.455541263,16242.06028,2.930364696,0
5.606856231,32423.46269,4.070966198,0
6.179312178,21532.51923,2.951961035,1
11.49670255,14158.15728,3.132253396,0
6.505065907,16982.13197,2.890998622,1
6.225152113,29533.60883,2.770822753,0
7.080794604,37861.44001,5.113869806,1
7.074251544,16739.26664,4.878944216,1
5.230454069,24790.7246,3.695615212,1
5.899936667,30379.35944,3.858978915,0
6.35716682,14782.80422,5.222077391,0
7.080794604,20827.98384,4.23825308,0
6.823930237,13467.87978,4.016144176,0
6.96820906,39995.18627,3.63264399,0
6.747415383,24539.71316,3.377450624,1
8.310373772,23260.472,3.493053986,1
7.137428797,17506.6088,2.96418145,1
7.080794604,21174.40848,4.217553478,0
6.115180139,24699.5239,3.69086196,0
7.886591327,38852.02964,4.589983608,1
7.159614012,30897.99004,4.943842701,1
7.080794604,11724.62332,3.56139793,1
6.332386966,23073.06397,5.159001849,1
14.0000001,24008.99204,3.170993974,0
7.080794604,25973.32663,3.151767924,0
4.96577366,21802.7449,3.421766949,0
9.888941501,19892.38891,3.75016361,1
6.002414712,16136.43327,4.315308115,1
4.016590333,28612.26611,4.417134253,0
6.580043395,27668.48572,4.756446379,0
6.277463193,22807.33885,3.123166259,1
8.544708762,31429.37903,2.31815258,1
8.410460743,27554.34526,2.977360046,0
9.22858173,10345.39931,3.8391855,0
8.054885844,12642.06595,3.514097875,0
6.155738724,30284.49487,3.685975928,0
7.091885917,29091.2071,5.116406685,0
7.8564712,5619.135558,4.534681198,0
8.87027836,16854.12946,4.182740765,0
8.896419088,8870.902966,3.700945833,0
5.91375542,12044.62469,4.023776002,1
6.103731405,17977.52565,3.38304902,1
7.080794604,14101.86929,3.62463535,1
7.822491983,22308.82173,3.835332268,0
8.028304342,20408.4856,3.91599091,0
5.524296631,26220.17421,4.033391318,0
6.917920316,17862.14273,2.691485235,0
8.29372021,35216.38597,3.954715383,0
6.505872609,29534.69029,4.497528697,1
6.48819334,34864.42789,4.592073671,0
6.990452777,17679.3511,5.184442095,1
11.49101101,37188.82602,4.369264414,1
7.950816684,20827.91758,4.543685506,0
10.7618979,25999.95367,4.661798616,1
7.080794604,28864.91028,4.697040786,0
4.933106238,27771.08013,1.4500001,0
6.323942173,23234.78893,3.575010676,1
6.609680422,17963.86685,3.589146541,0
6.990800931,19713.41152,4.332639972,1
6.340809122,15288.21377,5.45860979,0
7.943882577,32071.17937,4.111691445,0
7.080794604,17092.22583,4.31606335,0
5.746529294,35633.26851,3.808372106,0
9.680474878,32916.33148,2.79584023,0
7.125211176,16701.56598,3.908075446,1
5.652501387,25868.59873,4.856444292,1
6.603640817,14598.02579,3.403798535,1
8.167792732,27141.3629,4.289395584,0
6.833111119,31461.19676,3.021573695,1
7.464485286,26559.3609,3.880576117,1
9.293621713,50166.53332,3.661882314,1
7.460147918,25480.91841,2.413628952,0
6.542281887,35965.74458,3.794055533,1
5.624820096,9028.760345,4.355489262,1
6.070091052,26764.49443,4.699457511,0
4.999413911,24323.8659,4.460684032,0
5.041405128,17342.31408,4.543685861,0
7.080794604,25717.93618,4.306218331,0
7.636454191,18136.26158,3.332906597,0
5.497580421,29493.42297,5.060115029,0
8.596767312,15173.47115,3.238693033,1
8.895574558,27622.74627,4.754234902,0
7.752176313,13655.68065,4.72550721,0
9.130607344,19968.67784,5.288486893,0
6.793698735,14470.05355,4.822958146,0
5.970035757,16324.1152,5.428674172,0
7.080794604,18570.28534,4.135745429,1
7.042793977,16733.1241,3.965647167,0
7.080794604,15908.56187,4.380978404,0
7.397413399,8855.114121,3.14915761,0
11.53488059,4111.785432,3.000096339,0
7.080794604,23572.1578,3.09381455,1
8.764495719,15978.03656,5.790838106,1
5.483974209,21144.97526,4.063613721,0
7.248991298,33123.44298,4.255979751,0
3.681076371,26726.77111,3.893070503,1
5.140800628,21407.61429,4.192257549,1
9.764658234,38781.45742,3.024571278,0
9.687260128,18752.5764,3.085835567,0
7.080794604,17705.60862,3.9991256,0
8.628301174,31548.00646,5.100857954,1
7.374775514,12285.89148,3.592264828,1
6.98440563,18194.54531,3.406210558,1
6.106759736,39430.30782,3.924967164,0
8.384623252,29956.36302,3.682780438,0
9.318614016,24497.87394,4.642719386,1
4.921094003,14126.59053,3.285186951,1
7.080794604,18257.56927,4.358298441,0
7.948488472,23602.18783,3.891124446,0
9.864727192,12978.19713,3.701895398,0
8.581042921,19970.43429,2.883145477,1
7.080794604,25355.99892,3.279888438,0
6.124847429,15092.01764,4.211967754,0
7.080794604,11429.2012,3.802426844,0
9.314522492,23087.21766,3.092940573,0
7.102446718,23493.12086,3.065508472,0
7.704410352,22057.37917,3.031364469,0
7.260319782,8127.071254,4.282314856,0
9.484703354,56351.3963,4.132274338,1
7.080794604,36819.98684,3.524413942,0
5.77119915,24909.44401,4.688959165,0
5.324641531,728.7508297,3.652003455,1
7.164478395,32751.92896,4.998203535,1
7.445189393,24741.535,3.637894681,0
7.207886881,35804.29261,3.762741172,1
9.515140715,9082.816176,3.812887761,0
8.719240307,17430.91972,3.912836137,1
5.796237002,15671.11929,2.483643497,1
6.910765212,7764.438022,4.340149044,1
7.080794604,5576.628297,3.216414102,0
8.179890543,17291.61826,4.295737831,0
8.891674151,41801.44184,4.522599329,0
7.080794604,9344.653322,4.559336742,0
5.626339628,14442.41888,1.943318877,1
2.128531534,24905.28452,3.842109517,0
8.67993507,22984.05095,3.873470398,0
6.20964236,13116.70771,3.612519715,0
4.337119569,34355.61843,4.40163536,1
6.730427872,9258.767076,3.961942135,1
6.768060149,23793.03136,4.145806802,0
8.357613093,34989.04708,4.366242328,1
8.215123607,30579.37107,4.511384149,1
7.080794604,24634.55244,3.498716919,1
7.021617581,12352.81111,3.85563635,1
7.080794604,21687.47345,3.242545548,1
8.96724421,34446.78226,3.742256044,1
8.684778772,40799.36033,3.877349285,1
5.906441865,27296.29405,4.807496042,0
5.057736511,11229.13778,3.163936037,1
5.33418368,28897.49153,5.091357201,1
7.080794604,25703.1552,1.659799485,1
7.080794604,29721.91163,3.355164742,0
7.080794604,23469.22087,3.600220538,1
5.767349697,15417.93283,3.896090587,1
9.161088713,26618.05964,4.888061237,1
8.570129221,9782.344284,4.604404661,0
7.080794604,33798.10896,3.845127266,0
7.436537327,31935.69071,4.497629268,0
9.925041428,10704.60318,4.703803589,0
6.360195919,13742.13949,2.713248479,1
5.368125854,32619.31297,2.004142686,0
7.080794604,22656.71462,3.735204551,1
7.62350002,36267.26666,4.764995284,1
7.010243476,26395.24878,3.279006427,0
6.155249261,19781.6106,3.803908614,0
7.080794604,20857.90822,3.77609982,0
7.080794604,12675.93896,3.240419197,0
8.111101131,35200.79883,3.663775041,1
8.310938876,7929.504749,4.408559784,0
7.080794604,40710.52439,5.486132409,0
6.724639442,41552.01966,2.921414872,0
5.613562747,16615.90815,3.465088776,0
7.080794604,18327.43843,4.54358127,0
7.080794604,30797.52,3.36517454,0
7.02729696,31151.61518,3.392666523,1
6.328553181,33315.94708,3.265854237,1
10.5047603,31320.24559,4.681366462,0
3.388090711,20230.12558,2.798601048,0
7.080794604,11532.22318,4.086175737,0
6.510855711,15147.17146,4.225608476,1
7.203438949,22826.4847,6.389161109,1
7.734569303,21776.59446,3.821456075,0
8.558663224,38767.75637,2.590635563,0
8.736126484,12726.29864,3.368532711,0
7.080794604,39802.51492,4.989876268,1
6.867521804,20247.20103,4.837268104,0
6.655605126,20571.84571,2.951644815,0
7.080794604,18964.09226,4.600663496,1
7.992320464,17076.66379,4.342796888,1
5.700785047,27365.10636,3.978141379,0
5.620533536,27852.09744,3.439475948,0
8.210443665,13933.08536,4.97605526,1
9.58789513,11351.86186,4.666917074,0
5.690387524,14083.82989,2.988621131,0
7.080794604,10643.18677,3.065910472,1
6.684699837,34157.18447,4.030659931,0
6.9777442,18622.4448,3.530622794,0
7.74045397,19713.50437,3.54131677,0
8.651389827,15901.28516,3.26640984,0
6.427512543,25993.71141,6.032994977,0
7.47102677,15736.58099,3.70797418,1
6.599593919,21078.88717,4.702310853,0
5.660736411,16488.01751,5.016187659,0
8.85411964,19258.80307,3.461350524,0
7.917608695,15805.65015,3.784085481,1
8.238879089,11451.31222,2.784712897,0
5.941265656,26562.44718,2.227370975,0
5.412119645,2835.303165,5.680346687,1
6.45278085,22034.9546,3.425065196,0
7.498372559,21736.37332,4.242241899,1
4.556656819,14400.71863,4.392257425,0
5.782079134,25366.12069,5.059361668,1
9.842056394,6785.145303,4.179197863,0
9.638222368,30739.68909,4.614369774,1
8.92814218,27884.43425,4.111101646,1
10.19166534,13630.04731,3.403422798,0
10.02615926,14962.17783,4.182277682,0
8.65479275,14799.31146,5.148137988,0
6.775631233,15525.39396,3.017544406,1
5.49978783,43195.47367,3.668220583,0
9.894562229,26436.03333,4.61753298,0
6.412707142,32333.84154,5.014144984,0
7.744098631,30809.7057,5.104188346,0
7.46072732,25222.956,3.949014718,0
7.038347617,23951.10599,4.575578505,0
5.492156083,26422.09789,3.294129466,0
3.102075665,45148.80812,4.248075469,0
8.192210256,13528.54938,3.489283178,0
8.937802508,10562.46054,2.831234526,0
8.240945915,18001.45919,4.666295431,0
7.2261273,23129.74806,4.153559001,0
6.74881165,22475.09296,3.312512866,1
4.709186847,22291.41858,3.860084052,0
7.808856118,17329.80216,2.798242942,1
7.086168501,4304.492483,3.416539853,0
7.36876863,18452.02299,3.813881376,1
8.27579573,22013.96491,4.72133965,1
6.364155774,22958.00999,4.764412142,0
7.080794604,11703.92391,3.510004145,0
6.887864044,19947.92418,5.454487752,0
9.445129938,13168.52916,3.875165347,1
8.721726811,28608.05208,2.555027004,0
9.001822965,15379.91276,3.976873552,1
8.862868031,17465.09589,5.758675819,0
7.080794604,28894.47697,2.959749714,1
6.643026638,20511.36924,3.709988762,0
5.963479305,24435.64208,3.727813423,0
7.080794604,11582.46258,4.374332647,0
4.964070442,17694.57483,4.761700904,0
7.080794604,15618.13524,4.575874248,1
9.919478526,16544.27559,4.11748814,0
7.080794604,20406.92767,4.102529582,0
7.468617119,36701.97435,3.384178941,0
7.763415207,20019.26121,4.113536287,0
7.080794604,10540.34228,4.149483365,0
8.142660501,20111.22595,4.617093589,1
5.940475976,17177.07104,3.997969771,1
7.032818826,29370.26418,3.633373389,0
6.660212126,30944.36359,3.749701341,0
6.164480327,27312.16838,4.834023196,1
6.897322241,25650.77764,5.02278373,0
7.528980505,8129.734919,3.644409865,0
7.080794604,23133.66235,3.517153123,0
6.769769439,16980.25848,3.846612001,1
6.044671853,13593.60002,4.914883856,1
6.622103036,16010.52415,5.290920816,0
7.917049543,27192.28056,3.659484725,0
7.080794604,17388.98256,4.217743845,0
7.080794604,9626.893206,4.654177435,0
8.935116026,23774.25828,5.168297908,0
6.628256297,15911.35751,4.464457284,0
8.589202444,7263.056749,4.041445771,1
6.904121473,10836.96978,4.141819303,0
10.94747274,27671.5226,3.112317582,0
6.630251809,22557.77958,5.181202592,1
7.808641236,15694.50719,2.472720425,1
8.058136097,29298.35949,3.13060904,0
7.437216753,20185.58716,3.866874673,0
7.080794604,31251.64373,3.906526385,0
5.499489386,13902.96865,5.846827058,0
7.080794604,18908.62826,4.013477162,0
7.053116839,19500.34998,5.67199895,0
7.080794604,19575.47536,4.32920415,1
7.377036604,15340.95184,4.531658788,0
5.019984867,19272.70448,4.089485528,0
6.593174557,21857.83889,3.931653271,1
6.115637646,15765.78672,3.723625573,0
7.226592811,22097.41322,4.337116999,1
6.14301858,34865.32463,5.37040351,1
4.275159773,26098.63796,3.732856151,0
7.55796373,32833.43117,3.292270253,1
7.080794604,12190.1716,5.026270826,0
5.731042239,1351.906979,3.675807127,1
8.635848819,13672.09176,4.401424815,0
7.021295406,23109.85423,3.675558056,0
7.080794604,25305.10293,4.133069439,0
7.083779161,8580.245561,3.887680785,0
7.080794604,44506.44156,4.124780778,1
6.44455527,24855.83004,3.551905459,1
6.18969936,15229.70287,3.02737158,1
6.163519115,37282.52249,3.477244989,1
5.487876463,20162.01862,4.223576582,0
8.281120755,17995.40522,3.687995164,0
7.080794604,21919.47016,3.954964392,0
7.080794604,18752.26968,3.293552731,0
8.719764432,30681.12026,2.887725522,0
7.051396526,15423.38728,3.172091214,0
10.28937971,18869.21209,3.500167076,0
7.163999323,34226.07213,3.354322367,0
5.068795602,22781.36453,4.362085753,1
7.080794604,27030.755,3.993125842,1
7.080794604,35971.02511,2.934137101,0
7.918183421,20012.17298,4.764193694,0
7.080794604,33784.82623,4.678745135,1
6.128425735,9615.83271,4.633823962,0
10.14708968,20642.58872,2.799440718,0
5.9159444,6967.735565,2.585849415,0
6.27629509,28653.47234,4.342759377,0
4.004248433,32821.85009,4.445946536,0
7.080794604,45141.68604,4.604724896,1
7.044375419,12575.27963,4.276699174,1
4.894278174,10922.54199,3.594990964,0
7.586235888,16409.93656,4.351335181,0
7.080794604,36152.8209,3.995973887,0
5.404510774,10168.17654,3.998175986,0
6.153496024,48175.85209,4.819970558,0
3.71517146,15900.79715,2.35333824,0
5.814564334,29382.33526,4.131912008,0
9.313465993,41982.61066,4.493612865,0
9.239440461,14829.62421,3.471971227,1
8.832142361,12171.02455,3.914511985,1
7.366672089,15547.18663,3.394450373,1
9.519660084,17258.18836,3.994556236,0
4.26526974,25634.53328,4.900446169,0
7.080794604,16146.15711,3.772919365,1
6.514415193,21218.70287,5.200885177,0
7.080193159,39431.11265,1.492206715,1
6.730883702,22296.05965,4.359137464,0
5.903465815,25394.10472,4.587086819,0
8.02724797,7714.746969,3.480640937,1
7.984710842,40709.78166,4.567880072,0
6.438421904,26448.24509,3.380360494,1
5.345887247,22274.36837,2.950361043,0
7.423088186,31073.03134,3.712682065,1
7.080794604,20063.49033,4.565423382,0
7.519227563,16897.30704,3.275725059,1
6.549125098,7412.798059,4.421058944,1
9.149734027,30468.64183,5.436819404,0
7.080794604,14807.41355,3.434798695,0
7.775385693,15704.48209,3.309471816,0
3.719791744,23590.93213,2.718397834,0
6.904536958,32981.25838,5.058905548,0
4.788861162,28174.62052,2.896852286,1
9.11278635,20868.62798,4.567087734,0
7.080794604,16670.99601,4.304051732,1
7.080794604,14563.68265,3.957011809,1
3.722500586,37962.16799,3.662837832,0
7.110845238,25043.5328,5.712792227,1
3.882631181,7751.809491,3.734001487,1
9.564853166,17156.33671,3.182805459,0
7.484254938,30616.61515,4.781188277,0
7.080794604,20311.40247,3.887362027,0
7.812804488,42550.84182,6.204846459,0
5.225683907,16276.3986,3.695747082,1
7.457164858,31085.08343,4.106543152,0
8.218171166,22465.68756,4.246446272,0
4.405327247,15039.71041,4.086867345,0
3.846814428,26895.25796,3.584202016,0
6.532097374,8240.812709,4.599324141,0
5.588129851,8730.312436,3.165618582,0
7.080794604,28415.18435,4.052367238,1
7.240271891,23432.96269,3.832597267,0
7.894322883,11697.60697,2.865031543,0
6.158424106,26369.02657,5.080497655,0
9.02678782,27965.07215,2.019042118,0
6.898932582,15422.22089,3.688455653,0
7.080794604,20004.73363,3.882004063,0
5.898726425,21148.2419,4.899815287,1
7.580048908,31749.9244,3.959636624,1
5.345345471,10315.35397,2.362886122,0
8.182103406,19642.39442,4.605237862,1
8.73352543,24578.42122,3.1492019,1
6.707108306,10794.7839,2.640246513,1
4.563370743,13490.60815,4.825179326,0
7.605674921,9583.710441,5.554074626,1
7.774468569,22316.39828,3.891097434,1
7.080794604,14064.89915,3.732339431,0
7.719000905,13939.29402,2.884818871,0
7.130099296,9480.617797,1.986191693,0
5.701154745,41411.60171,3.403136516,0
10.04102807,16266.43445,3.807562706,1
8.829806278,17732.91467,4.423886142,0
7.080794604,21136.28676,3.310858608,0
7.393110253,13215.70638,4.431739147,1
5.711212606,21157.17973,3.953335067,1
6.175165049,32875.19206,3.341369391,0
7.080794604,23917.19015,2.857687305,0
6.102533406,24196.26442,2.292573881,0
5.429334942,15265.40756,3.08173602,1
7.080794604,27979.73622,3.439623454,0
4.775983539,19185.79188,4.382161719,0
7.277144067,18270.10506,4.931353622,0
7.080794604,3900.913892,4.071343775,0
8.080415344,18136.12886,4.070824392,0
8.32398225,21292.82875,4.153782757,1
5.039406876,19336.60807,3.126956,0
6.252810311,27690.47478,2.921797489,1
4.103867955,22207.47023,3.808850794,0
1.757037215,41538.24273,2.96755423,1
9.879071358,14673.67067,4.218831254,0
7.860106522,34591.67815,3.499774784,1
9.036504448,21696.00324,5.661984563,0
7.882124047,5477.347215,5.364172269,0
4.443850956,24070.26365,5.038119046,0
8.249550609,32898.74937,4.284831219,1
9.597191957,21153.32283,5.145152971,1
7.456250885,9163.294448,4.279697528,0
6.86313635,23610.51756,4.319777295,0
6.922652471,14682.66584,2.877354367,0
7.080794604,21093.21741,3.589251734,1
5.202672113,23051.44186,3.927980676,0
10.60059009,21558.30874,5.477700414,0
4.301373567,26640.07219,3.067626799,0
6.944868487,16904.20109,4.241135281,1
6.593764413,25589.61059,2.346578195,1
8.085759901,32653.91036,4.068689009,0
6.877457033,27433.58729,3.827650172,0
7.261550622,24964.7777,3.636364283,0
8.811472348,12138.42295,5.587396088,0
6.891561755,26240.49298,3.561962672,0
7.080794604,36112.13463,2.43250731,0
4.574124782,22520.41864,3.086500026,1
7.080794604,29368.67418,5.052736866,0
9.076318094,14153.64338,3.436985924,0
8.107091915,24531.86944,2.769164171,0
6.17251747,10498.63515,4.129985095,0
9.612899064,16598.57751,4.016409662,1
7.651294326,11699.13355,3.258041747,0
5.685216563,17628.04306,4.066157097,1
9.769251106,8471.677382,4.636556295,0
8.96969749,9049.682595,3.983098918,0
6.643158812,32873.82002,4.562197771,1
7.080794604,11981.74019,2.678910813,0
7.822257463,22411.00686,3.080866019,0
7.080794604,38977.3308,3.261591831,1
7.40265325,19259.19394,6.226580505,1
7.831117837,19130.96153,3.807997564,0
7.080794604,31081.73526,3.345543455,1
5.801571367,15327.87972,4.425377664,0
7.022952213,15978.35525,4.971907199,1
6.406797913,17851.06402,4.573968365,0
3.691932793,9439.783993,3.846607055,0
7.446089159,17763.31099,2.948657539,0
8.746986076,22174.78114,4.763730636,0
4.745764471,33153.81298,3.699146359,0
7.080794604,32981.23946,3.231679793,0
6.457097625,18340.04681,2.637364985,0
8.116350375,16514.60809,2.526016336,1
6.05460728,10215.81242,4.88916346,0
5.694694338,7998.674511,3.8706109,1
7.080794604,25338.61934,3.13400025,0
5.728823879,12932.59039,4.41217365,1
9.074922974,21633.72173,3.84047911,0
6.967861497,13401.04439,4.893215373,1
7.503085865,32000.17894,4.305513725,1
7.59312775,18371.0572,3.377337738,0
8.136497969,30031.83918,4.20418595,0
7.080794604,20325.70213,4.032267439,1
7.080794604,28184.90053,4.456104161,0
7.22299766,21314.86979,3.96625861,1
6.256651248,16905.80152,4.181050853,0
7.497987915,30927.39428,5.738991125,1
3.590822464,33431.67112,4.144780973,0
7.490807754,6873.559885,3.716367655,1
5.840811654,16087.26971,5.049463626,0
5.584124458,29999.98701,3.852731993,0
6.283103688,26188.16217,2.663920834,1
7.619845177,37279.12895,3.779648533,0
9.419510416,33155.57822,3.298875599,1
7.388292139,12928.64443,3.846830361,0
9.221955742,26502.59577,4.294252087,1
5.527633583,22095.63716,4.59113715,0
7.205559275,24627.86756,3.710053226,0
5.859690574,19231.03329,2.747332927,0
6.848000213,26296.9483,3.815227709,1
6.385470998,26756.918,4.681716753,0
6.648849286,30733.50384,4.827527498,0
7.301563549,23441.26714,2.774961049,0
7.080794604,13766.33079,3.979296967,1
7.064789181,20567.14593,4.401627935,1
7.080794604,26552.9744,3.206995583,0
9.341091903,18254.11066,4.5987866,0
7.080794604,18318.72037,4.181264206,1
6.622791456,13900.71652,5.60929091,1
8.170588145,12806.83233,3.995857149,0
5.168340428,17914.34023,3.841162725,0
6.407963436,28460.2034,2.954092752,1
6.64879311,16388.40527,5.138047928,0
6.541007799,29616.49287,2.355934329,0
6.30497176,21046.44852,4.221305834,0
7.833361101,13394.73161,4.270973238,1
7.220165653,15658.08628,4.398685136,0
6.100245491,13886.80971,2.174898299,1
8.532377574,30268.42127,2.380088149,0
7.080794604,42268.3343,3.601735581,1
7.086877426,25524.82347,3.992848311,0
7.080794604,28266.75511,4.312289808,0
7.080794604,16429.9079,4.454964442,0
7.080794604,11562.43551,4.589161905,0
7.879543334,37000.95567,4.066229464,0
7.080794604,15380.12408,4.516869864,1
7.080794604,27418.78104,4.197595309,0
5.455599452,37620.24847,4.476348815,0
7.514835766,17017.42996,4.29973226,0
6.6249437,16360.5663,3.546696472,0
6.629985136,21495.53756,2.534499578,0
7.119824484,18730.81365,3.445756323,0
6.425873966,11965.39651,3.731936603,1
7.096098411,24548.5983,4.569760136,0
8.388322594,16795.82048,3.854771616,0
4.886379904,38633.30517,3.227849186,1
6.174750679,21504.13882,2.566048888,1
6.788291683,25661.36054,4.255948417,1
7.080794604,15255.11526,3.796737586,1
7.521920736,20139.43035,3.110932491,0
7.278911003,22184.52703,4.201577347,1
7.088940742,13839.71343,5.661104387,1
5.754213068,31871.29124,5.920234015,0
7.080794604,22539.71161,3.398592687,0
6.784279429,17569.57982,4.045547156,0
7.37533772,28767.75742,5.127395049,0
7.526680495,38468.41358,4.148223229,1
7.608750291,25410.81187,4.627464323,1
6.341751324,18058.32029,4.01901065,1
6.123194035,15135.12724,5.457831051,0
7.080794604,23727.09411,3.714469353,1
5.654119043,16431.2049,3.466264558,1
7.080794604,17382.42737,3.843405296,1
7.349653477,20443.13506,3.861684192,0
7.080794604,22060.18687,4.963535203,0
7.783305713,24789.35473,5.045619728,0
7.080794604,21626.49759,4.728124085,1
7.384048988,14417.97953,5.337987202,0
5.666446245,24383.74154,3.836823401,1
7.744772652,27648.15965,5.016321299,0
6.187938154,12682.15094,3.546183302,0
4.865444368,32858.4831,5.070254459,1
7.080794604,13568.2712,3.067034081,0
7.749773884,21995.06807,4.317186398,1
7.71408946,27336.96262,3.182582957,1
7.916669799,39431.25263,4.275192819,1
7.080794604,14550.41701,3.794033212,0
8.360795927,28722.17585,3.715951509,0
5.290666977,9265.104948,3.530573716,0
5.393346014,28099.03873,4.633854852,1
6.309891676,31062.37191,3.603040562,1
6.143921554,29072.16965,3.476213404,0
6.210647706,19330.03577,3.21212408,0
8.043889399,8896.195119,3.15994947,0
4.908899824,13516.91149,4.196429597,0
7.080794604,7460.24726,4.266869145,0
9.739562049,13623.16006,2.568079977,1
5.117913629,26215.4011,3.806700592,0
6.017261024,15157.26879,4.427712382,1
6.114332151,30606.22359,3.68041009,1
7.442023184,34565.70169,2.894651272,1
6.207433068,13442.60347,3.549298941,0
6.790838299,14348.57292,3.438279939,1
8.490571662,22989.79639,3.875556905,0
7.539742195,26716.35971,4.21067794,0
6.381977205,20709.27976,4.99189609,0
7.080794604,20278.33827,4.940014617,1
6.81170237,15149.48987,3.275008508,0
9.434005975,20474.82082,4.201054464,1
7.080794604,20886.78656,3.86034771,0
6.037428294,12988.79123,3.594217464,1
8.594217351,29706.23422,4.489544894,1
7.080794604,37030.70812,4.825792383,0
8.594677208,23220.12061,4.754072599,0
6.271012271,24846.14187,5.303581461,0
6.9641984,27408.49933,2.395683282,0
8.016279203,14034.4858,4.308222981,1
11.89807813,8296.550611,3.024968587,1
6.145148461,39657.27211,4.600885855,0
8.860450954,24085.11214,4.677713427,1
10.90507651,16099.1519,3.720264479,1
5.772769798,26693.76161,4.154685524,1
7.417502737,24389.36289,3.391240767,1
7.117578758,31528.94869,4.333401837,0
7.855906468,19850.18289,4.15188993,0
6.777506459,15228.91291,4.263180368,1
7.080794604,8076.822283,3.373936608,1
7.080794604,45243.02895,4.108856803,1
5.896339446,17420.08715,5.032855021,0
7.118980268,32528.11561,5.349210686,1
7.080794604,10634.05905,4.799013021,0
8.989900191,15921.41202,4.613842948,1
6.427365244,20920.25156,3.568823253,0
7.080794604,21875.2164,4.123239579,0
11.90773993,17083.17509,4.256415521,0
6.395359232,23827.27502,4.191217615,0
7.080794604,12224.31051,3.463172648,0
8.55409707,32112.56987,3.56360996,0
9.352719853,23558.55475,3.398264265,1
5.575920748,14553.13231,4.294447659,0
7.080794604,16219.47532,4.904366676,1
4.09141155,24252.45882,5.95232492,0
6.105140235,45249.44903,3.103089944,1
8.296344156,17468.9998,5.400810889,0
7.080794604,18406.59418,3.71095764,1
8.394509685,23961.50453,3.712472934,0
5.078274275,18125.6384,3.631042414,1
5.934279193,23249.65383,5.217895124,1
6.784133124,12827.62101,5.035822944,0
5.941942636,14778.03288,4.302179385,1
8.522567833,16446.32805,3.358284505,0
7.157337964,23718.55201,5.183622215,0
7.080794604,25795.69364,3.789196051,1
6.789820921,22527.68121,4.512068305,1
3.148712385,23257.20883,3.465637936,0
7.868147186,20434.10574,4.315898506,0
5.174896132,12871.55122,3.44502818,0
7.080794604,8906.975623,3.842114086,1
8.757110612,31040.88449,3.80879311,1
5.092757339,28390.89136,4.636728796,1
5.716755767,12641.52781,4.080675096,0
7.361599932,29169.72078,3.751588722,1
3.832917509,23535.0289,4.768660497,0
0.989912313,16922.8539,5.160603888,1
8.163076483,20335.67651,3.287244071,0
3.94012556,25911.32168,3.478004908,1
6.369111731,34456.80113,2.275903561,0
9.024845137,19859.67648,3.985250606,1
7.693555335,21856.14521,2.750696005,0
7.793039271,17398.38584,3.389270198,0
9.130795999,28273.60324,3.025707469,0
3.657123233,23736.81626,3.31462983,1
6.718249545,21043.62693,4.488904416,1
7.918087179,29565.71111,4.64004311,1
6.149185274,20596.39123,4.275614974,1
7.918150571,23823.49289,4.028958107,0
7.080794604,14916.98609,3.864931135,0
7.487573464,28837.3304,1.801327099,1
10.26841482,14694.42063,5.199864688,1
6.649705411,16191.42609,3.085178609,0
9.735889488,10897.15029,5.573210419,0
6.071183522,14852.53068,5.036334254,0
7.475537002,31359.38646,4.015574362,0
8.243091086,29461.02377,3.550716931,0
7.494391201,25058.16022,3.579651938,1
9.049166154,4343.356611,2.814000783,0
7.380104935,16862.54348,5.030452302,0
4.666148231,35680.06788,4.556863852,1
4.663492292,41452.62557,3.742293554,0
10.22386226,28749.71654,2.672988837,0
8.922409659,13291.92261,4.081728116,0
7.249257433,24311.90579,4.361486386,0
8.815358053,26780.69179,2.87588028,0
6.816417025,24170.27489,4.274738314,1
9.436637264,20724.93036,4.41111754,0
7.593177033,19214.18636,3.542092744,0
7.080794604,17835.30901,5.709690341,1
7.480728214,28357.94277,3.714874887,0
6.157443245,25937.71144,4.770154412,0
7.397650763,26730.63533,3.078478888,1
6.581878302,37169.4444,4.201662964,0
7.830607691,18821.38961,3.551568113,1
7.700362405,29432.20825,3.786487094,0
1.00E-07,49456.58711,4.92884008,0
13.54124034,13475.91277,3.529191057,0
7.183108834,5097.82585,4.006424939,0
7.179864249,10859.55375,3.878447414,0
5.264283902,25556.05313,5.100239765,0
7.080794604,2808.025756,4.081328887,1
7.031839274,12653.94408,2.725565049,1
7.080794604,42617.3034,2.846501299,0
6.665495168,25319.91387,3.928495492,0
7.080794604,7845.472891,4.454641401,0
2.945469161,16829.39304,5.06998287,0
6.657793691,18844.03703,3.868925802,0
7.080794604,15873.03443,4.706774992,1
7.423586112,34451.98421,3.365397595,1
7.376161238,17181.00881,4.010235494,1
7.080794604,36290.74611,3.817779053,0
8.445219259,28966.56933,4.400705962,0
11.21913484,21871.78517,5.749585931,0
4.9456948,23000.72314,3.78251756,1
10.62882101,14054.12549,5.140449567,0
9.567822826,38787.46271,4.197919155,1
7.080794604,21762.61415,4.344805044,1
6.728004486,22888.78806,4.410697453,0
6.746935068,25137.42768,3.485536076,1
6.073685081,11795.31358,5.249069911,1
5.554436611,31344.46039,2.095914187,0
8.966836073,16764.85476,3.654355062,0
6.209697537,22610.76871,3.893766931,0
7.080794604,21410.31962,3.659974912,0
6.300755609,25668.19895,5.708111983,0
9.323583958,15751.1753,3.006650322,0
9.678050954,26402.70396,3.029700435,0
8.242558735,24042.18816,3.529427337,1
6.770095246,25887.63172,5.203461467,1
7.765635662,13736.34204,3.21444974,0
10.50966873,16786.92541,3.505078934,0
4.979468911,24167.84288,3.439021751,1
7.061831072,24991.76602,4.299018687,0
9.54025234,31683.86459,3.329503999,1
7.080794604,21862.75361,3.943290857,0
6.847863312,24456.17489,4.92119583,1
5.970579008,19952.30947,5.013281268,0
3.798391149,18529.79803,4.833507957,0
8.247958156,28327.16734,4.723230806,1
5.918953646,9712.560664,4.265547239,0
7.295141432,13706.18681,5.056104124,1
7.080794604,46931.88429,4.120931524,1
7.870853512,51731.82055,4.221614051,1
8.146185894,20506.69842,5.177963725,0
8.020869203,21759.36393,3.442121336,0
7.859490039,31725.48777,4.498069266,1
8.040144267,6879.764653,3.986459912,1
5.187471705,20060.07873,3.203257996,0
5.198067743,37200.24206,3.295033959,0
4.812433752,11465.57564,3.020996,1
8.527142598,3413.081634,2.649424005,0
8.278752841,29381.93641,4.767722484,0
8.149437398,23978.10768,4.949257461,1
7.705711106,18476.61917,3.861956177,0
8.515977367,28553.55946,2.165681781,0
6.588208065,35263.6124,3.972255956,0
7.272362297,16404.75948,3.99658147,0
4.495357779,14080.83371,4.962899685,0
6.217255407,32911.92972,2.08142512,0
6.071838964,17162.75393,2.691610495,1
5.500276675,19911.2249,5.147536011,1
9.824706576,15120.92472,3.226035459,0
6.453605309,25257.64929,5.56826504,0
6.618186667,13776.62179,3.797067961,1
8.884934603,17621.39011,4.714163553,0
7.481535462,12088.41645,4.262065537,1
8.22708323,40546.95633,3.619181948,1
7.86978197,18608.6563,4.219575678,0
6.93208513,19530.47382,4.433285988,1
6.356511162,17538.54117,3.415525625,0
8.25121788,17617.87631,3.495063086,1
6.962324695,35229.077,4.526768427,1
5.403883792,11571.42154,3.189942399,1
7.06614194,22523.43357,4.127599173,1
7.080794604,25680.71739,4.32378498,1
5.872439959,14343.42321,3.741067333,0
4.430281312,28862.25717,4.384565256,0
4.906491693,14786.1389,3.152345005,0
3.928556592,17328.16146,5.060836079,0
5.462356035,11642.149,4.486180592,1
7.945407587,15938.28644,5.428916824,0
7.583770399,36343.40706,3.642289314,0
7.080794604,29513.80486,3.027946597,0
6.770926984,26880.22004,4.91053392,1
7.262534752,38713.11269,4.846359472,0
6.539115361,23308.29688,4.211672059,1
9.185417602,18073.96859,4.186674718,1
5.363362745,27045.92996,3.871372589,0
6.449236757,12812.55712,4.065148102,0
7.614056917,17598.20035,3.437946495,0
7.080794604,14368.12816,4.583109938,0
7.451888879,15825.18257,3.930080861,0
7.080794604,14202.19381,2.848370918,1
6.887414471,29189.13672,4.564188455,1
6.150034501,8406.723244,3.444442592,1
7.080794604,11566.87555,3.603089789,1
7.080794604,25110.03763,2.739235087,0
8.124207926,26489.1147,4.724456678,0
10.39194249,39116.68271,5.77171486,0
7.790874962,24061.3496,3.076214441,0
6.139743132,23894.13601,3.841221674,0
7.080794604,16263.16747,3.451740147,1
8.316765984,22018.41744,4.628770637,0
10.22386226,28749.71654,2.672988837,0
11.18028457,25484.50849,4.370562037,0
7.119824484,18730.81365,3.445756323,0
6.347271861,41065.23476,4.376348391,0
7.371050402,25630.32004,2.560299248,0
5.400301881,17266.59342,4.82478649,0
5.115817164,19620.54533,3.902088868,0
9.267187631,24683.72357,4.324004746,0
5.331940579,16658.8765,4.434820358,0
7.145771645,28780.34043,5.182590804,0
9.920691159,9973.934059,4.69070733,0
7.809631998,12013.55063,2.447444564,0
9.147197155,11920.61084,3.794531691,0
10.56074474,21783.65103,3.96468645,0
6.391353724,20965.47831,3.923749269,0
5.058108969,34873.93452,5.106655874,0
5.704764876,33223.58153,4.157533507,0
3.514545629,23029.66361,3.762615431,0
6.455004897,24468.04839,2.293431506,0
7.316804854,31903.39981,3.50837275,0
7.408985567,9566.12227,3.772421028,0
6.762832622,27159.38435,4.916579261,0
6.953371703,11609.10905,3.651865908,0
5.488314409,21485.1532,5.066786372,0
7.205559275,24627.86756,3.710053226,0
8.419970782,13237.9896,3.962478414,0
7.725333008,36477.73811,3.724836804,0
10.1119768,15331.30269,3.425763342,0
6.506487867,17087.0769,3.548775689,0
6.643935875,10909.19459,3.812953026,0
5.03377409,34971.80748,3.244948577,0
7.977636091,32170.06916,3.5521296,0
6.242414584,28149.41179,4.508705198,0
6.06335489,14775.1456,3.467337015,0
9.562406044,13041.82914,3.762719937,0
6.825468001,46140.12685,3.027449678,0
6.579969429,17657.08418,4.575931972,0
4.801154468,13556.7344,4.418638232,0
6.906992272,19991.23915,2.124759452,0
6.20801564,17358.79637,4.334615832,0
8.640886509,26473.71324,5.263101672,0
7.830976443,7695.063935,4.588784757,0
6.129637115,30989.94841,4.615886281,0
6.511618175,29136.81462,4.850433808,0
5.323815684,37625.75268,2.880721946,0
6.626012284,25839.8941,4.194313229,0
7.895469346,7769.616119,4.2369474,0
7.947485886,34440.77343,3.70085394,0
10.02615926,14962.17783,4.182277682,0
5.869736855,22244.21824,4.689315148,0
9.925041428,10704.60318,4.703803589,0
5.095766565,26307.29845,4.35219357,0
7.682872598,12105.72193,3.778606888,0
3.664710662,28102.75663,3.316157757,0
4.814135721,17650.40505,5.190851905,0
7.436782709,28544.61629,3.727663819,0
6.755146002,18536.69865,5.162729849,0
9.445129938,13168.52916,3.875165347,1
6.548020658,25508.38695,3.611860472,1
7.291888425,27784.04848,5.328712888,1
7.275908874,22644.76635,5.062297898,1
6.286807048,13777.37619,4.104863375,1
7.628552823,26244.03691,4.182057248,1
4.79084064,17862.369,3.258859045,1
7.710960039,6552.626314,4.28894692,1
8.291299106,20008.13496,3.424702021,1
9.032660679,15618.17025,4.927218372,1
5.667650747,16953.89874,3.633213856,1
5.862641333,44069.27216,5.50742104,1
7.82197104,23318.18798,3.532958435,1
11.3017941,39227.61946,3.309580497,1
6.964226043,29957.19122,3.990437672,1
7.672909623,22989.35118,4.268227582,1
10.02622391,25510.0973,3.736228571,1
6.848331659,12837.50606,4.396604656,1
4.296247124,19672.48721,4.163329082,1
9.158445263,15797.0304,4.525236831,1
8.848586383,32033.33202,4.014681958,1
9.495456482,18088.35485,4.168541379,1
7.757269766,25259.78055,4.165432386,1
5.117390403,30914.11158,3.937188542,1
7.063647076,17941.81126,3.39586634,1
4.812433752,11465.57564,3.020996,1
4.788861162,28174.62052,2.896852286,1
5.966000589,17350.05853,4.177139366,1
5.991283575,29983.11601,4.840562401,1
10.27244437,18894.85239,3.179884827,1
9.443358984,20438.22469,3.486646509,1
6.512900933,25151.41157,4.404040465,1
5.772718195,26124.93141,6.494249567,1
6.448931133,13979.16572,3.622195622,1
6.66400315,15902.94528,2.227727984,1
7.146976396,16911.20377,4.025762316,1
5.040331792,25653.69023,3.603325715,1
6.259651703,37356.7464,4.213405362,1
4.725785665,20834.29428,3.15633152,1
8.19576546,10389.54254,3.218709324,1
6.945224192,36438.31088,4.823082114,0
7.350379087,26736.08557,3.663922284,0
4.961352828,22229.23009,3.902837934,0
7.967344923,19384.03743,4.069358872,0
9.879071358,14673.67067,4.218831254,0
6.961891786,31101.68428,3.44672856,0
6.384824109,39960.29895,4.144998618,0
7.858662879,26703.85347,3.422470621,0
8.079808458,12677.8415,3.611057541,0
7.078659519,26177.78951,3.696640241,0
7.240351106,14462.67431,3.782972,0
6.353110402,18409.03732,2.856175587,0
4.37047668,29542.33817,4.649382134,0
6.599593919,21078.88717,4.702310853,0
7.920794664,13454.63478,3.374326623,0
7.815121878,20229.10815,3.096163372,0
7.689358104,30253.8511,4.978556195,0
6.624806528,21443.26475,2.840910856,0
5.980357327,11826.29428,4.247240249,0
6.109073412,26853.94949,4.881101238,0
5.842933181,19156.12313,4.143225036,0
7.29195714,21891.67716,4.237643994,0
5.608745332,19835.98077,4.644211745,0
5.412762598,45510.58432,4.091205693,0
5.018132484,29072.03812,4.286479067,0
5.770621069,16173.72709,4.240821578,0
8.437876083,12856.9287,3.815469094,0
5.907078369,41839.45645,4.296480009,0
8.206500038,18949.97554,4.22512103,0
7.286167488,30879.02668,4.686020016,0
6.5036383,15000.18777,4.963184534,0
8.394397512,10603.09802,2.83390153,0
4.301373567,26640.07219,3.067626799,0
8.313773704,11310.95831,4.290071616,0
7.510943442,17100.88743,3.342409154,0
6.978290968,26189.64706,4.931878179,0
7.494212147,29252.50111,5.492705055,0
6.032189003,32882.15594,3.423831721,0
7.459144959,19436.50354,3.841052138,0
8.457901137,16061.5901,4.914276195,0
8.576740028,24897.2866,3.916114833,0
8.145632474,31350.27577,4.307547619,0
9.268281995,14333.53802,5.255703482,0
8.26994481,11889.21775,3.076480032,0
8.719764432,30681.12026,2.887725522,0
6.492638946,14625.56136,4.667770261,0
9.652563035,8508.15373,3.192569899,0
7.386837796,29122.697,4.816705316,0
6.268953437,24769.51139,4.674496073,0
6.412707142,32333.84154,5.014144984,0
5.548181949,39997.7837,3.945460584,0
9.042582966,14149.49983,4.34844024,0
6.273805882,15130.15437,4.510405424,0
8.11644667,23985.86442,2.934697537,0
7.66518788,22993.72935,2.707129262,0
7.543931405,24227.96114,3.703191406,1
8.977821983,20225.64292,3.199999714,1
7.372611896,17606.88569,3.182521219,1
6.704635526,9727.761716,3.42217872,1
8.842463756,7839.31876,4.576728806,1
7.721078594,17248.61874,3.22395119,1
9.089421198,32238.07778,4.430116116,1
1.757037215,41538.24273,2.96755423,1
9.545270621,25189.83062,4.983903565,1
5.624820096,9028.760345,4.355489262,1
7.688786016,29568.53585,3.918673256,1
9.961247809,11939.76986,3.246583197,1
3.633162929,28584.17581,3.349571755,1
9.90081494,16233.13468,2.39500221,1
7.110845238,25043.5328,5.712792227,1
8.12934182,22982.92744,4.822043664,1
7.115895366,18463.88366,3.736020647,1
7.06184562,11300.23811,3.958248604,1
7.481397872,13781.78028,4.03997639,1
7.702183199,18126.03096,4.382159262,1
8.581428794,20590.71211,3.388448322,1
8.390500672,27032.14226,4.150359437,1
7.58194478,21675.68287,4.833345874,1
9.850054787,35289.23711,4.521836227,1
9.663653296,13213.57825,4.741944405,1
6.920342999,16689.7996,3.266213575,1
5.35256608,27795.73204,4.779187109,1
5.140800628,21407.61429,4.192257549,1
9.622106087,30307.21768,3.975571949,1
5.361211766,24709.72886,1.81252904,1
6.916826073,29263.55407,4.598622346,1
9.146557656,6787.48466,3.210882039,1
9.393148542,20592.25894,4.665681159,1
8.900864797,9592.151333,4.51875077,1
7.804368974,14160.68677,4.075557075,1
4.739548867,27215.90274,2.942348325,1
9.485832973,15357.83337,3.221129919,1
5.433466339,31421.73163,2.871196131,1
4.594209264,27981.09119,4.917909987,0
6.400256264,15936.24736,4.561493919,0
7.888843674,15824.78873,3.630524085,0
7.440825131,17259.8523,2.496342712,0
7.611609917,25063.68301,2.87326131,0
8.064170237,8712.002589,3.246077323,0
4.292966958,30434.26912,2.804923683,0
9.085637202,9001.658753,2.544020376,0
6.492627257,34314.08709,3.378778593,0
7.918183421,20012.17298,4.764193694,0
8.783167724,16183.58665,4.274136984,0
8.159666804,17068.29886,2.957194949,0
7.207931197,18493.87218,4.705561984,0
6.9870416,19472.62433,4.475161203,0
6.791697007,21467.95087,2.817391474,0
4.489783896,14906.04792,3.776225731,0
5.953981978,32241.07961,4.071916587,0
10.63290971,12958.74846,3.722454951,0
7.183096032,13501.67797,3.806539539,0
4.487517579,36860.4689,2.765722348,0
5.949518864,16898.8083,4.072197722,0
10.28206807,8108.297322,4.572923104,0
6.871607345,19557.99372,4.180389412,0
5.791154473,20288.23557,4.104834917,0
6.153369057,22052.03462,4.030337585,0
7.5926724,14912.22551,3.341426828,0
4.922045566,38494.72025,2.291694636,0
7.602121575,11346.14345,3.698874869,0
8.846282057,17734.94963,2.925037658,0
6.751698686,26325.8177,3.756006772,0
5.088213297,39125.2092,2.600618779,0
6.954907317,21895.2857,3.169715076,0
10.38613303,17982.38726,4.921340725,0
10.8112896,11848.22827,4.416183794,0
8.966836073,16764.85476,3.654355062,0
6.729830004,23114.03183,4.724322013,0
6.93039157,25780.05908,3.699796136,0
7.421997744,15772.65317,3.603609681,0
6.138785252,20129.97882,4.677289718,0
5.276323644,42063.8744,3.883029141,0
7.366915384,14151.76008,3.051316663,0
6.86313635,23610.51756,4.319777295,0
6.66953248,16246.17319,1.964863197,0
7.595670084,13486.14219,3.403393277,0
8.87027836,16854.12946,4.182740765,0
8.769676122,13969.43886,3.776718562,0
6.836225039,24293.17266,3.666613786,0
6.490037275,19397.32389,2.430883394,0
9.323583958,15751.1753,3.006650322,0
7.884842093,21733.82804,4.631640854,0
4.797460282,21280.24656,4.038502889,0
5.348213759,11797.92092,3.31116821,0
5.744067637,28391.99819,3.171655308,0
9.608533694,4544.841718,3.042797044,0
7.748928648,18939.93665,3.136945107,0
5.368125854,32619.31297,2.004142686,0
7.184973219,25234.42797,3.665410762,0
5.319769173,22390.79557,2.92573214,0
6.733493942,27430.44173,3.178003705,0
6.883015502,14298.41046,4.102291869,0
8.154840955,25620.77137,3.696327675,0
9.045720645,22829.11084,4.213700544,0
7.617148971,27080.26872,2.391540106,0
3.344588633,55334.7028,2.575141131,0
7.774468569,22316.39828,3.891097434,1
6.150487701,6342.502843,3.551655911,1
6.767523758,21162.72674,3.300253598,1
7.603775546,11459.62245,3.584985124,1
8.546145655,23349.48542,3.505300268,1
5.432512185,14970.64724,3.874425415,1
7.156424595,27025.20696,2.958414812,1
4.775222056,13978.17266,3.223080965,1
7.741245159,22824.69947,3.741143466,1
4.187490915,21809.70983,4.592959444,1
6.799375618,7986.493239,3.819985477,1
8.073279052,17106.43865,4.854312886,1
5.078274275,18125.6384,3.631042414,1
9.434005975,20474.82082,4.201054464,1
5.803497076,19451.7676,2.181714267,1
7.058182708,26608.92915,3.613834871,1
7.535700291,14829.74597,4.208354454,1
8.722143877,28301.51695,3.274628742,1
6.284385891,18526.26169,5.030712269,1
5.716251454,19393.46986,3.433135485,1
6.320427923,11682.22932,4.553380843,1
5.484151354,19378.35907,4.43885856,1
9.792727869,30249.17085,3.729120502,1
5.913956788,13086.64393,5.648606049,1
8.447404588,19583.05735,5.21830721,1
6.859323826,27567.37567,4.501980115,1
5.974583348,22543.25629,3.721974796,1
6.635894408,20339.01687,4.523236966,1
5.34411697,13492.84084,4.104698661,1
7.871961503,12760.43715,2.938536387,1
6.810466617,32602.34008,4.402339613,0
5.574116695,17546.40326,5.152527798,0
4.483402861,13122.22342,2.203840624,0
5.271971478,22005.43655,4.119436575,0
5.694475646,18742.92522,4.107467219,0
5.548125047,34006.76875,4.599235965,0
5.386638062,20416.65103,4.320900275,0
7.025504435,21884.53851,2.941555223,0
7.217392881,13579.55458,3.746619924,0
6.61977556,11388.53419,4.086920667,0
6.217255407,32911.92972,2.08142512,0
6.907379715,40290.22164,1.496101043,0
4.249890479,16073.67062,4.116347741,0
3.433874159,16318.73361,4.104938503,0
7.818274939,27558.54253,3.329243266,0
6.77105039,15719.49361,3.244866932,0
6.724639442,41552.01966,2.921414872,0
7.755154327,19024.68867,2.728799692,0
6.901710303,10323.95784,3.035670697,0
7.814250347,24470.20426,4.104662063,0
6.057068141,14807.26849,4.371747954,0
6.652824448,19155.72756,3.661529374,0
5.664845858,18678.95081,3.570290556,0
8.999499039,20933.51275,3.695084155,0
5.588537291,17732.24067,4.37399868,0
6.265637444,18711.06466,3.266028769,0
8.828094475,17699.61061,3.793317786,0
8.647454107,12995.88543,3.624100759,0
6.453064903,23129.46018,3.440858902,0
7.893132073,20526.04971,3.302211825,0
8.121253776,25412.70974,4.428311783,0
9.502856846,4466.257488,4.237345352,0
6.968131413,19207.31177,3.030823683,0
5.76255235,22159.01807,2.906589312,0
8.397248196,16772.22625,2.835794384,0
5.149133388,16795.31867,4.839176258,0
7.371289977,25672.312,4.084696875,0
7.615557079,8403.284552,4.243133834,0
5.84866717,33095.3896,4.874534346,0
6.98981387,20769.51964,4.808582791,0
10.3781083,8644.831047,3.57744756,0
8.228563925,18132.0944,2.781944208,0
6.36729863,11619.7097,2.61476616,0
7.32250215,19534.42165,2.981649292,0
6.280905213,16950.01591,3.021289009,0
6.629993618,20487.92383,3.155213753,0
10.30157137,11278.82968,3.857852075,0
8.725393512,18862.67305,4.565542254,0
7.893818559,16853.67633,3.508503813,0
8.163074131,10494.57337,4.128193237,0
6.867000791,14464.11555,3.484120674,0
6.898315141,45939.68916,3.822307239,0
6.962993645,24036.59383,4.760381855,0
6.846060042,16515.67039,4.709374228,0
5.495035546,26744.30174,4.115428152,0
6.394980561,21051.25691,4.732002827,0
5.514062285,27859.74831,4.460363038,0
7.015332683,16351.22629,5.251223204,1
7.255798697,32595.12024,3.968177183,1
6.792407569,28508.21693,2.505650541,1
8.693150001,16559.87726,4.687846898,1
5.609025454,26955.33018,3.354890248,1
7.714312772,19789.63608,4.42513407,1
6.000723436,21111.6641,4.176218843,1
6.948265549,6874.586016,4.095611913,1
7.301444754,46718.55597,3.16007494,1
6.028101218,17150.10055,4.080786371,1
6.715940664,17180.18818,2.404729306,1
7.490786776,26551.3701,4.354535591,1
7.381757657,1372.091044,3.338021859,1
7.606880575,29339.92927,4.564460492,1
6.217585014,15597.64088,4.15016701,1
6.630122256,36269.70132,3.352764706,1
7.933067792,12732.88824,4.534233143,1
8.942046091,56488.67241,4.354287741,1
6.460033622,35775.7934,3.535597879,1
6.191241543,29778.35788,3.315070693,1
7.701032897,16978.92683,3.395482709,1
5.646083412,22455.69501,3.938505727,1
7.896744022,9407.664039,4.889458266,1
7.986018599,24712.99343,3.153004828,1
5.736675809,12683.48329,2.741791408,1
9.723377331,9076.646484,4.072063453,1
7.007974687,26136.31357,4.628974964,1
7.740384039,12477.77182,3.01336094,1
7.571684593,8835.555876,3.920287788,1
7.445189126,4168.196994,2.745803865,1
6.528490875,10835.20116,4.585971776,1
6.957433738,15007.42153,4.89205054,1
6.509621738,20122.19256,3.802819738,1
6.975209278,35701.15532,5.25648365,1
6.505065907,16982.13197,2.890998622,1
7.058866181,16473.06709,3.937334284,1
6.706695261,27881.50441,4.371882545,1
6.755669408,13821.55616,3.959517737,0
6.980062039,17625.46641,3.969463354,0
7.260904463,21391.16254,4.383823485,0
6.090016157,12558.89797,2.943521812,0
6.006769581,20279.70104,4.034754909,0
6.336342862,14619.62726,3.78880342,0
7.473235477,19932.58523,3.87771435,0
7.380104935,16862.54348,5.030452302,0
6.920389088,11086.25986,3.277601464,0
7.731315109,38356.2265,5.164284375,0
6.268402856,23050.33126,3.38970539,0
7.369911742,19283.40205,3.821721267,0
6.320375385,20481.64207,2.728617452,0
7.290088672,26115.61633,4.700618436,0
7.974065101,29477.7644,4.069086798,0
4.22142078,34370.19711,4.278712501,0
7.752176313,13655.68065,4.72550721,0
7.899256615,32210.8163,4.44817067,0
5.952268069,28105.96489,4.769768371,0
4.313219251,12770.83183,3.923590302,0
7.566517225,30823.73049,3.275142137,0
7.595228824,32869.47441,3.497604214,0
7.399724808,18535.04645,3.79512418,0
5.345345471,10315.35397,2.362886122,0
3.928556592,17328.16146,5.060836079,0
7.37533772,28767.75742,5.127395049,0
8.979322953,24967.323,4.264944146,0
8.532377574,30268.42127,2.380088149,0
7.213537581,34727.40856,3.497481061,0
6.841221163,28263.80372,5.092364752,0
7.146117325,33266.57158,4.775201818,0
7.953878215,18677.27922,2.86022407,0
6.26111068,8572.421509,4.753018675,0
6.957802849,20215.63285,4.587745569,0
6.732713813,33820.64576,3.885405137,0
4.886057157,15496.61172,3.079373214,0
8.518531895,32018.28963,4.147168718,0
6.950786615,21709.64771,3.997975315,0
7.946768004,24244.11196,3.038483225,0
7.703356921,12861.94654,4.732125446,0
8.885626444,19113.01191,2.993301044,0
6.306864559,22418.90819,4.619172869,0
6.513016686,26262.54548,3.729961016,0
6.110545261,21319.7944,6.06455935,0
6.980727264,30862.78446,5.437618677,0
7.161714993,13680.76414,3.909973668,0
7.309556507,22277.62602,3.707413824,0
9.264391009,19607.75492,3.175520874,0
7.191024957,23781.32874,4.270645793,0
4.477091814,26843.47036,4.32768039,0
6.548017742,38368.01262,5.930227677,0
6.581082856,24480.6718,3.511369818,0
6.94702864,17540.03022,2.600187833,0
6.203322608,29426.47378,3.487920151,0
5.921247169,17397.40286,3.74677566,0
4.293961335,24600.76069,5.105120857,0
8.662709601,20333.0795,5.120102628,0
9.494242748,21879.70421,3.18902564,1
6.309891676,31062.37191,3.603040562,1
6.879405057,20509.33196,4.70047033,1
7.916669799,39431.25263,4.275192819,1
6.405392582,20526.30684,4.531920881,1
7.795957901,27849.14209,4.25187627,1
5.284810215,11130.21136,3.990242732,1
6.728975248,26376.06229,4.593787233,1
6.864916839,20464.77269,4.493746869,1
8.458797088,29317.14244,3.827431511,1
7.288736761,31617.07542,3.531384761,1
6.742622498,15488.95675,4.96467274,1
7.041665517,25419.7695,3.099746263,1
7.185276549,25645.06723,2.959153923,1
6.281904029,17095.27007,4.457730015,1
6.50411288,20852.7645,5.396623242,1
7.080445921,36966.85332,2.664946155,1
4.704698562,5128.457646,4.109924812,1
7.976900974,15360.83507,4.753608031,1
9.014356834,49009.92466,4.549419513,1
7.78166386,35055.61649,4.822967585,1
7.15473598,32680.97799,4.629955836,1
6.718249545,21043.62693,4.488904416,1
6.866356615,13979.38175,4.346153663,1
5.892413286,11006.04851,3.311813293,1
7.91803927,22899.06291,3.386109913,1
6.804796245,17196.05471,4.847312662,1
7.17617097,25794.95019,4.742966849,1
7.776044213,38895.35614,5.425946034,1
6.266800048,27577.21362,3.652844826,1
6.630251809,22557.77958,5.181202592,1
8.164992526,29045.26114,4.16249561,1
7.657541828,35056.23223,4.792527552,1
7.544305736,34359.4008,3.714096535,1
6.559252721,30660.20967,4.216315116,1
7.035036895,19746.49325,4.557028966,1
7.880686043,19486.88184,3.579983911,1
6.538207273,12330.40657,3.426266549,1
5.756475789,8086.825999,4.002081617,1
8.81350476,40684.39001,4.242459963,1
9.175586253,47852.88887,2.959684721,1
8.11195327,38184.46957,4.430750556,1
7.927969653,27402.02,4.847262362,1
7.078361174,16648.60057,3.263464831,1
6.420640306,26034.5282,3.139940374,1
7.128062355,25227.54515,4.510595364,1
6.989442277,12150.72192,3.85304765,0
3.84645405,14686.28339,3.143430769,0
7.301563549,23441.26714,2.774961049,0
5.29419549,26811.20307,3.522454193,0
9.250491739,22749.17835,3.996339279,0
10.14629058,24649.67475,4.481552463,0
8.114665526,26631.21287,2.65459459,0
5.903993601,19399.22197,3.820021316,0
10.28412618,23259.01245,2.844632841,0
9.57822682,33080.58883,3.419238862,0
7.094830934,18975.6435,3.628459729,0
7.744772652,27648.15965,5.016321299,0
6.890274639,12218.09594,4.100697051,0
6.047380957,20278.38299,2.216729791,0
10.16483866,28915.64322,2.937686305,0
9.032563551,24897.55703,3.626135978,0
8.524296463,12658.17716,4.343059624,0
6.519847884,14284.64792,3.272286186,0
7.910641014,16461.50232,3.88660279,0
4.30002944,17639.85794,4.586448505,0
8.575939274,15778.7294,4.00212876,0
6.946717658,32946.56752,4.93498613,0
5.098967168,21682.75477,4.333667465,0
8.978997845,19030.71688,4.656316882,0
5.632041092,19345.92248,3.511984937,0
7.692523634,26686.84794,4.522432064,0
8.157518183,27931.2084,4.469430638,0
9.969273321,26944.68192,3.643379115,0
4.838571207,18328.40262,4.580372069,0
4.161112068,25815.38921,4.168242289,0
9.99980756,33462.03422,2.659977762,0
7.038092406,24607.0881,4.237697707,0
2.803563157,11920.90742,3.489938697,0
8.180755426,25623.8675,3.845422905,0
6.538084187,15979.06027,5.143750222,0
5.91580685,12431.80311,4.513200639,0
6.493764275,19821.33837,4.910911121,0
6.977405733,16100.96795,5.327584632,0
5.489248155,15979.33479,3.987012191,0
7.312109404,14540.73508,5.123872035,0
8.028304342,20408.4856,3.91599091,0
8.616824526,19126.29854,4.584565763,0
5.05074848,18252.07599,3.930290763,0
8.383761791,21923.87409,3.585736735,0
6.47613994,21165.59065,4.041580347,0
10.5779306,28652.1433,3.051607824,0
7.989376334,16746.80039,3.648743837,0
7.610509311,34538.54404,4.692218019,0
6.104925914,13539.81166,4.131932687,0
6.001382541,22554.83009,4.036719862,0
7.345138517,17032.77373,4.297994891,0
6.380717415,21250.93563,4.532019763,0
5.573201257,15613.16053,3.599624761,0
8.3032639,16548.35673,3.892667102,0
7.348611331,32742.18733,3.544537368,0
3.798391149,18529.79803,4.833507957,0
6.396341151,20115.73359,4.44590728,0
5.228506422,24855.90778,3.188805573,0
6.565319532,12875.12778,2.233894146,0
10.62882101,14054.12549,5.140449567,0
10.52460208,31965.36404,4.340986828,0
6.095511975,16404.94142,4.302015823,0
5.814564334,29382.33526,4.131912008,0
6.756659907,22112.74635,4.184873693,0
7.606066982,14609.97688,4.58147756,0
9.808258279,34132.06798,4.48126134,1
6.450805843,19002.31466,3.275581282,1
5.161878863,18666.56364,4.320100641,1
6.791992749,30471.9291,2.91405758,1
6.150595818,23890.89336,4.847520334,1
5.508155626,12137.0996,4.571406511,1
4.761105285,19197.10551,4.581395178,1
10.49074413,32092.05838,2.887023039,1
7.973307635,23517.68101,2.826112041,1
7.352146138,13714.83264,5.864497991,1
2.538115873,19872.85485,2.840097314,1
5.495976099,18333.63266,4.901038322,1
5.092757339,28390.89136,4.636728796,1
7.851925792,14763.58011,5.204044278,1
8.174186367,31114.82084,4.709402985,1
4.740056788,24069.33591,5.467935806,1
7.40265325,19259.19394,6.226580505,1
7.089184287,21065.66366,3.266028612,1
4.901906956,13614.75093,4.103534374,1
8.655298973,13676.75352,4.588758478,1
4.08359498,20555.96549,2.974871003,1
7.753936218,17169.58438,4.833026794,1
7.496991027,22631.65773,3.837926104,1
7.542300267,18877.4939,4.317553612,1
8.189213951,18432.47652,3.709508978,1
8.289858006,23884.13148,4.289236835,1
8.142660501,20111.22595,4.617093589,1
5.896432575,23022.16895,4.280793029,1
4.3107016,11842.75781,3.172375591,1
6.578680669,22374.82491,4.292042279,1
9.166758233,21736.9818,5.429266509,1
8.468694515,19148.22474,4.375598992,1
6.48615276,26807.11951,3.246794405,1
4.921094003,14126.59053,3.285186951,1
6.727185365,26012.48875,4.158248635,1
7.529929603,27062.06589,4.585322094,0
8.127710524,13227.05238,4.244173311,0
7.575757984,20855.27232,3.176432626,0
8.246369154,31080.43208,4.43325671,0
5.04562583,22557.6036,3.331786741,0
5.775330989,14710.72283,5.164260021,0
6.653649615,34816.44454,4.871406293,0
9.349470062,13137.49076,3.778022772,0
6.862936126,23580.65729,3.806093356,0
6.057904874,23603.50187,4.269753345,0
6.574083964,22723.80996,4.977323608,0
4.851103982,20227.64378,3.644106994,0
6.709336539,8238.290038,4.074387328,0
6.894050979,17475.46775,4.568843323,0
6.528479553,18533.33783,4.063276528,0
7.191493819,34933.7844,4.320684061,0
8.543216937,33037.35339,2.847875348,0
5.195920769,33473.11252,5.375901994,0
7.283913677,23112.50444,3.571862612,0
5.872439959,14343.42321,3.741067333,0
7.957113616,20425.76649,3.729873401,0
7.400238681,8136.071591,4.880119868,0
8.528292238,27352.34341,4.596923606,0
6.238053754,21919.59344,3.848307067,0
8.550525559,22377.27295,4.591997554,0
6.914868252,10343.37885,2.988611544,0
7.337924502,24266.51789,3.935513937,0
7.766114554,24145.38576,4.399902413,0
8.433974936,10823.30037,3.167712453,0
5.331799385,19693.90677,4.734874007,0
8.466013548,22523.12455,3.94662064,0
7.539337876,12610.93631,5.114128768,0
8.849702825,20129.35879,2.987671624,0
3.854617778,19639.796,4.290435146,0
7.387433863,11694.63529,3.830577372,0
5.057270646,19003.9639,4.432270973,0
7.455541263,16242.06028,2.930364696,0
9.961503237,18743.22249,5.215590595,0
3.230973206,13691.09497,3.281920659,0
4.704183767,7028.839617,4.1389945,0
8.189363456,13197.56681,3.688298156,0
4.89196014,9559.547392,3.904270055,0
5.655117522,19271.90312,4.401152342,0
5.082241532,17739.19896,5.056378762,0
6.836060047,18321.3275,4.952508347,0
7.333003547,32358.5386,2.642003906,0
9.338235118,17416.80178,1.872572701,0
6.490923096,30453.62319,4.372333482,0
7.413288441,17465.34558,3.290106006,0
7.103348475,4425.42644,4.417193661,0
4.835297828,23031.21581,3.633760708,0
8.727778976,25521.88922,3.831540551,0
6.089430946,11339.16605,4.366861019,0
6.418203157,19617.30849,2.670976847,1
6.848000213,26296.9483,3.815227709,1
6.991685253,20389.59382,3.72482366,1
6.602539872,21607.48324,3.592496185,1
8.560349391,14254.66132,2.939212681,1
8.277058298,12715.81428,3.751324191,1
5.913133033,40847.76015,3.900211414,1
5.039673204,23027.54976,4.864866509,1
6.339142926,16364.15941,3.355765116,1
6.9204488,39251.18213,4.498818436,1
6.393231445,17258.11403,3.644388227,1
7.493843961,26678.39288,3.81994666,1
9.097617517,38413.05709,5.473663349,1
8.040144267,6879.764653,3.986459912,1
7.296908982,15931.42923,4.671448283,1
8.014183172,30566.7675,3.417076299,1
9.252893497,12855.34624,3.56643483,1
7.288112807,18979.98169,3.62699006,1
5.141506977,11288.63472,4.510578366,1
9.454119548,21379.96393,4.05862611,1
7.266781586,27468.68171,3.919827145,1
8.064652909,27172.89357,3.324112714,1
6.336456602,25927.26543,4.561219915,1
8.951652235,15189.32782,1.844371704,1
7.210773802,14230.41913,4.462408141,1
7.893312811,14444.2896,4.097360216,1
5.230454069,24790.7246,3.695615212,1
8.257596625,20109.02627,4.528575025,1
6.941279004,15433.13484,4.178959872,1
6.888547703,30722.29823,2.901432144,1
7.356056878,31409.06398,4.54991694,1
8.149437398,23978.10768,4.949257461,1
9.271578633,38886.38768,3.54960851,1
6.643734476,14110.92097,3.920607508,1
6.761413809,32156.81944,4.350206972,1
7.612516923,14812.97064,2.939593572,1
6.658833672,16828.8806,3.96974054,1
5.023380884,15040.84148,4.477351512,1
8.163999718,27414.89912,3.673088194,1
6.701941012,17176.87895,4.179449681,1
5.547576363,27417.99804,4.448670826,1
9.871791332,27912.90826,3.652263931,0
4.317187454,27163.45788,4.078277245,0
5.349997397,31795.62561,3.838721485,0
6.510972435,20081.74536,3.96252521,0
6.934310683,13901.64468,4.210975373,0
3.762097746,45050.00228,4.98606943,0
13.34988866,18464.90077,2.531074955,0
7.817901381,13742.14597,4.622667787,0
6.970036794,32037.60547,4.27528782,0
4.328282616,30592.54883,3.708525963,0
5.158722668,33892.24595,4.094605378,0
5.890870459,34920.03935,4.37077666,0
5.963479305,24435.64208,3.727813423,0
6.782868648,25366.7979,5.468590947,0
8.28876556,11234.04147,3.580523561,0
10.89348483,25702.51867,3.634970496,0
5.808238734,43110.50372,4.81906383,0
7.783305713,24789.35473,5.045619728,0
6.316470621,32651.80276,4.902735586,0
7.057552746,13129.14984,4.486402727,0
5.571019811,26138.09761,3.931306848,0
9.45993061,14450.17575,3.322889838,0
5.726336316,35899.28031,3.912289182,0
5.368988444,15973.68689,3.73788288,0
3.730128107,16892.89566,4.943032274,0
4.497585245,27768.38287,4.965738656,0
10.33127338,15824.82271,2.673440971,0
6.931244278,24359.47041,4.897957218,0
6.90111112,21103.30319,3.616498442,0
10.33767096,21820.29588,5.063109015,0
7.149124668,23158.3891,3.787033515,0
5.369584281,27199.64199,3.357484536,0
8.550427915,10453.08732,4.903869728,0
7.104594999,18093.97216,4.763058091,0
6.260891734,33809.2247,4.397386292,0
6.174884406,23006.24222,3.623297893,0
5.039406876,19336.60807,3.126956,0
9.065894294,20260.40369,4.299502646,0
7.985406494,17583.08033,4.752451839,0
10.28937971,18869.21209,3.500167076,0
5.620533536,27852.09744,3.439475948,0
8.558388875,8535.402956,3.946227819,0
8.426906457,19576.53038,4.244514027,0
10.81783118,23989.99015,3.590841228,0
5.093675235,30245.95697,4.552571542,0
7.971298847,29827.79397,2.439140109,0
1.985383459,23039.32851,3.923093297,0
6.481890379,34698.62116,5.002360633,0
8.6312701,14880.6518,3.640944103,0
9.172624619,11319.10623,3.686395302,0
11.4497394,12355.34411,5.166903583,0
6.283678895,19905.43655,4.48077141,0
7.26354517,16129.70692,3.950529837,1
6.665774301,30610.0479,4.903553319,1
6.397905114,22057.05179,3.958543551,1
6.579185051,16700.03487,3.813556421,1
8.651023463,13207.86097,3.644279072,1
6.658741658,25172.58576,3.400987715,1
8.2977833,20316.42668,4.239220672,1
6.259267633,9734.677103,3.932142059,1
8.076126398,10816.27337,4.291355358,1
5.303764437,6675.682245,4.024520951,1
6.028348885,12145.5446,3.142084054,1
6.985303837,16470.95219,3.081799108,1
7.02729696,31151.61518,3.392666523,1
6.150034501,8406.723244,3.444442592,1
6.965279972,24312.0378,3.969318396,1
5.530055121,38918.77807,3.327472239,1
9.05238379,22203.48726,4.259719552,1
8.077260986,23931.28283,4.279871402,1
6.682097459,7705.298605,3.44982957,1
8.430471762,35254.02605,3.253920533,1
6.81760848,27548.61418,3.04829216,1
7.679595196,32000.84391,3.297525334,1
6.603416623,19468.7901,4.270816704,1
6.125810425,8810.89581,4.953057791,1
5.836104625,17711.48777,3.738990929,1
10.80815704,29614.34879,4.362542327,1
7.371914256,42059.38042,4.338957426,1
6.00897371,5100.094173,4.012340483,1
3.629922165,24856.63321,4.754826493,1
8.197353469,27701.79405,3.361833424,1
6.069615857,26138.78019,3.669711804,1
6.783888668,13677.10644,3.250022429,0
6.010617777,15940.57327,4.867287604,1
8.097453971,18112.28445,4.279082604,1
8.072612603,16843.36393,5.082206447,0
6.552847674,34006.42073,4.687986355,1
8.923980808,27919.77067,4.15558339,1
9.624727086,25175.75416,2.615257676,1
7.046548737,30569.81055,2.869226302,1
8.137768083,24172.70331,5.003825986,1
7.082300849,29846.71906,3.485577588,1
6.084360316,27310.06085,4.29811112,1
7.080794704,30362.68395,3.346057263,1
5.716251554,19393.46986,3.433135585,1
5.827541412,25863.34324,3.179128941,1
4.227537586,13122.32958,4.479628514,0
7.080794704,12037.77039,3.399945692,0
4.1502145,41489.63981,3.502371072,0
7.233538635,16621.49479,3.679015268,0
6.352973305,13858.70394,4.15549484,0
7.080794704,12885.51691,2.372924922,0
10.31640058,10676.50848,3.407349628,0
7.080794704,20743.3484,3.808913154,0
6.443753868,25740.41259,4.498685131,1
6.013161166,21573.74757,3.455622741,0
6.641500887,27867.48676,4.694311416,0
7.080794704,26653.76497,4.492387647,1
5.089387991,39659.8769,3.054045401,1
6.467868502,7656.413248,2.861064143,0
4.850104371,32808.3075,3.885385718,0
5.541979219,20143.06526,3.672976183,1
8.858401731,9624.300462,5.525726538,0
5.218989851,27007.88691,4.383942754,0
7.606067082,14609.97688,4.58147766,0
9.089421298,32238.07778,4.430116216,1
7.499844432,23707.4653,4.454476873,0
4.731320276,15517.39112,5.457892424,1
6.613709318,25648.5695,3.539771311,0
6.347020218,19743.14842,4.526351139,1
5.287983008,27733.7131,3.311034205,0
6.640863009,16488.04766,4.708268802,1
6.539546328,28979.7676,4.076403487,1
5.849778485,27435.30656,3.643816088,0
6.692531869,37033.15209,2.942115567,1
7.76414281,25926.07564,4.105178468,0
8.154531711,21361.19705,2.460465067,1
6.039823442,9943.637599,3.923766275,0
7.957113716,20425.76649,3.729873501,0
6.710633728,23748.18399,3.863287109,0
8.551077948,28909.29028,4.04637989,0
7.360640306,32452.61441,3.662291983,0
7.378597216,9460.322636,3.215219663,1
3.637170825,10102.48972,5.446565903,1
3.841205238,19988.64926,3.635634743,0
7.197796192,12763.26789,3.844013487,0
6.707685756,17435.34021,3.822668915,1
5.470802684,18295.37092,2.962852629,1
7.296037934,36043.70664,4.168526318,1
6.571099417,23372.88265,4.555949436,0
7.080794704,28135.07684,3.569570466,0
9.00258331,19523.12486,4.904837615,0
5.226942084,28398.5542,2.259550489,0
6.246117765,27001.33532,4.755158213,0
8.31002922,40936.15339,4.775785122,0
7.080794704,10490.83899,4.126407733,0
6.78302394,8213.772245,4.77880835,0
5.830542249,30021.25708,5.19211685,0
9.319176593,14294.24035,4.129230616,0
8.185923617,23641.47203,3.566945345,1
6.03956799,39489.00974,4.206835704,0
7.425102423,18608.94087,2.558772944,1
6.057828314,44868.45837,3.292249467,0
5.895145758,14704.90625,5.075214488,0
7.080794704,29743.8226,3.893926191,0
10.56074484,21783.65103,3.96468655,0
5.280292496,13679.0569,3.835306108,1
7.080794704,38971.05101,2.643212612,0
4.034063611,33219.07455,5.024742507,1
10.03393366,25433.2321,2.901535667,0
6.475885599,16532.82882,4.306113171,0
6.869639141,21728.8213,4.726702654,1
6.978664462,23114.44608,4.766943436,0
5.694475746,18742.92522,4.107467319,0
7.992027177,34585.08961,4.647095794,1
7.735705222,16723.97724,2.148611736,0
6.850302232,40588.43383,3.08029691,1
7.009601894,18628.69683,3.121945051,0
8.545890546,31056.57878,5.036883187,0
7.080794704,16162.26231,4.600927769,0
9.794718049,12490.55828,2.807129975,1
12.24692827,11318.14056,3.533243625,0
6.739157892,30950.6811,5.214484216,0
8.132737165,25838.12848,2.969434121,0
8.272055291,24196.52268,5.140207943,0
4.872561078,16960.43463,3.918005999,1
7.274757055,21496.74514,4.271580916,0
8.828326858,13527.98989,3.052822348,0
8.018831807,23104.52039,3.188477534,1
5.343075303,45166.91214,4.240031908,0
9.268282095,14333.53802,5.255703582,0
7.810145133,20418.88993,4.033773909,0
7.422225464,40148.12372,4.486512893,1
5.579517293,13289.20165,4.043914893,1
4.126528915,11215.9459,4.460201184,0
10.58138619,11298.45009,2.966945851,0
7.347030556,19073.25959,4.2978809,1
10.55027347,32150.97939,3.951304663,1
7.15905319,25591.84098,4.291669167,1
6.628427547,18059.33085,3.405278818,1
8.332953685,18881.79518,3.408299788,0
6.664934784,16477.35081,4.502138414,0
7.309596674,19343.14951,4.048202663,0
6.618011106,19598.86074,4.437695949,1
5.744504357,19457.63948,3.53350035,1
7.333477926,16066.55212,4.772662901,1
6.991685353,20389.59382,3.72482376,1
6.903817178,35455.70961,3.867843503,1
5.736675909,12683.48329,2.741791508,1
7.080794704,32102.19071,3.581037081,0
9.298018208,13990.5134,3.681324444,0
8.082657325,21689.6343,5.247130349,0
5.498514893,21542.83003,3.074815628,1
0.22749925,39028.59934,3.545741638,1
10.18843285,7105.800709,4.635243683,0
7.682923645,31150.51342,3.542731287,1
4.943508644,11870.42485,5.070841777,0
7.890354474,32160.53392,3.209588258,1
4.400509239,19100.08712,4.010809323,0
7.136102813,19502.53897,2.574191972,1
8.131375434,13238.0703,3.542810948,0
8.39826126,18003.25728,2.62786267,0
8.759488915,33364.91812,2.88957831,0
3.337629198,42310.8275,3.300192083,0
7.080794704,14784.75566,3.210168289,0
5.386307552,40149.31656,3.662563665,0
7.080794704,20661.41106,4.969149925,0
6.150553215,15017.74728,4.810537379,0
7.080794704,21318.96169,4.514981824,0
6.319431745,36278.71831,2.653126888,1
7.080794704,25236.70132,3.723776238,0
6.272475191,14642.20554,4.61253598,1
7.647871754,29000.58971,3.078672924,1
6.844141967,41408.11482,3.412853375,1
7.350379187,26736.08557,3.663922384,0
8.000776001,18419.13288,4.519209718,0
8.347949683,13533.23003,4.217861631,0
8.756927059,21752.02971,2.945671927,1
5.59662805,17925.35212,5.235111321,0
8.473249264,20465.58861,4.81018563,1
6.020995563,13095.14916,4.806016825,0
5.967274428,30846.58547,3.914543811,0
6.38171978,20453.8165,4.657695182,0
4.334058006,13351.41383,2.613532297,0
6.582499947,23720.48173,4.152014327,0
7.974065201,29477.7644,4.069086898,0
7.031684251,24510.50756,4.422183057,0
8.237142834,20015.39811,4.939109641,0
6.504876422,13403.08639,3.748443601,1
5.174346198,11746.60752,3.689145192,0
7.833971024,25694.87371,4.814917077,1
11.06945649,43536.02087,4.880512581,0
7.611982589,9138.029344,6.494748756,0
8.311271381,20562.51339,4.462045938,1
7.371050502,25630.32004,2.560299348,0
6.185925092,1198.943699,4.090264582,1
10.20142596,8918.8926,3.964449788,0
9.228484409,26744.23153,4.829753714,0
3.906567714,17857.71689,3.204795926,0
3.878879589,21937.47157,4.927711275,0
8.903733975,13319.49571,4.365169842,0
7.266594735,14859.05966,3.357439671,0
6.277277571,22916.57224,3.619321382,0
7.648878128,22510.97507,4.953534063,0
8.264090716,23556.93435,3.410510916,1
8.091812532,26472.6918,4.370031438,0
7.095569531,30235.1708,4.861276492,0
6.714862578,33197.15053,4.593763882,0
7.904053571,23575.99143,3.137280622,0
6.227826995,22550.49226,4.007347685,1
7.294364633,41569.95199,3.336582532,0
5.01804607,27317.09944,5.035153907,0
5.16622617,12060.00953,4.608319594,0
7.459124373,33173.49941,3.544751721,1
7.080794704,19037.46264,2.72365074,1
9.130828308,11643.66348,3.074134505,0
5.813546688,10112.20732,3.721426133,0
10.30847786,27653.23518,3.285077252,0
7.040245178,20988.42941,3.993409964,0
5.23000339,27971.89181,3.045612306,0
7.813067825,9812.122464,4.713719699,0
5.432512285,14970.64724,3.874425515,1
3.989032278,40175.20609,4.409414376,0
6.382314804,24259.75167,2.881370255,1
6.660462117,9632.730977,3.673136183,0
8.00754142,8864.68648,5.25017326,0
5.713323121,11356.58048,4.571128066,1
4.838571307,18328.40262,4.580372169,0
2.569243762,48204.17219,5.506934632,0
5.53953389,21021.41826,3.755660387,1
5.671762526,17527.71673,3.268693707,0
6.582764404,21961.52692,3.668879897,0
7.966857024,21440.73885,5.115431114,1
4.81183269,27547.80706,2.860993149,0
7.12942493,25840.57889,3.418611003,1
8.85969624,20231.51765,4.575331395,0
9.406325953,27948.58945,3.097278157,0
6.79809766,35883.78011,3.571622799,0
7.191962229,15395.46908,4.102719241,0
6.58800749,23898.97448,4.216454666,0
7.78673489,28086.8735,1.96147563,0
6.753128553,18222.93196,5.102516957,0
7.080794704,37795.76332,4.441980036,1
6.336588882,15570.14232,4.356594056,1
7.736313041,19496.84859,3.700916876,1
8.33951181,21295.74988,4.827704447,0
4.02905291,42327.16802,4.179656467,0
4.30002954,17639.85794,4.586448605,0
7.744131194,30586.59266,5.207683655,1
7.691486498,36578.22375,4.042497683,0
6.911698441,25612.14891,4.616641208,1
7.080794704,27071.11862,4.284878829,0
7.080794704,11609.99716,3.813435753,0
7.185167914,24909.78315,3.955847178,1
7.591346294,25383.76518,4.515150314,1
8.384296639,27463.65479,3.460998576,0
7.499844702,22452.63557,4.663869776,1
6.862936226,23580.65729,3.806093456,0
7.080794704,22256.95036,4.478070677,0
9.610220545,33954.43547,4.961972172,0
6.908272354,19224.98628,5.405567423,1
4.85558796,14905.25591,4.697153226,1
10.35174273,18588.30333,5.227609597,0
7.322828617,24682.12455,3.981969032,1
4.252985201,20497.82223,3.58830062,0
6.217273335,19460.38282,5.325833646,0
6.750761386,23642.9926,2.777726465,1
10.35611903,48621.56395,4.201849641,1
6.953864426,10575.18628,3.195710528,0
6.9204489,39251.18213,4.498818536,1
9.079715309,53735.89919,4.551724694,1
8.026773456,19168.52677,3.735983676,0
6.917858555,27651.6091,5.544167517,1
7.581687777,11989.24624,4.457282687,0
7.285371391,17375.97075,3.694482247,0
7.080794704,24642.81233,3.215740339,0
9.831401891,13345.3691,3.311808338,0
6.592442708,9381.239931,3.060827554,0
8.461331074,34406.77645,3.771944346,0
5.500186841,21082.85204,4.178479151,1
7.186931322,34510.753,4.275645548,1
7.694264782,22673.03447,5.707192959,1
7.080794704,32328.71481,5.493181164,0
5.791154573,20288.23557,4.104835017,0
7.340171084,12810.42316,3.919139733,1
5.984941415,33244.5556,3.488675474,0
7.201702575,37308.99416,3.883250398,1
10.25281643,18158.84212,4.559836419,1
6.511618275,29136.81462,4.850433908,0
7.080794704,25626.48105,4.219225769,1
5.80897572,7965.207919,3.599933302,1
10.81783128,23989.99015,3.590841328,0
11.49685909,12253.30339,5.005193367,0
2.376768276,11684.11164,3.629217968,0
7.080794704,18282.06928,2.757857038,0
6.572656589,14598.95191,2.820927449,1
7.080794704,26561.56949,5.136779953,1
6.587464817,28990.29785,4.096841356,0
6.751668827,32040.50567,3.735173616,1
6.79212565,17782.60441,4.042637841,0
8.523062279,24207.29803,5.112376565,0
9.868878081,15326.85591,3.355489991,0
8.77504767,21768.64074,3.830699064,0
6.129069822,22207.48287,3.83763929,1
4.916740741,23425.33132,3.613212612,0
7.080794704,10830.80125,4.266775595,0
7.664628297,33918.04082,3.48740708,0
6.709822201,20922.15446,1.687624705,0
5.62122752,11123.88616,3.440753525,0
10.19941289,28703.75114,4.384868214,0
7.080794704,4784.96788,2.380084427,0
8.018772149,27405.31621,4.356279298,0
5.923740155,33306.01254,3.884460571,0
7.399811594,28630.95442,3.803724018,0
8.66159263,27088.47646,3.67043121,0
7.675913821,23673.10061,5.040461015,0
7.080794704,21460.83816,3.955091034,0
9.066628254,22710.45837,4.055421451,0
5.729303112,34573.67879,3.556395012,1
7.362913067,20430.9067,3.249440078,1
6.028101318,17150.10055,4.080786471,1
8.761768605,14168.92487,4.673548055,0
7.833496081,28338.98146,5.580830163,0
7.080794704,32161.84009,5.53747604,1
7.080794704,16110.18364,2.840893266,0
7.633570288,16312.15497,2.927066967,0
8.326350054,35477.76664,4.395285063,0
7.080794704,27420.16742,4.620793652,0
7.080794704,36525.55088,4.64569187,1
5.477283249,29046.08352,6.35743872,0
6.825647237,12838.91437,2.804480585,0
5.226895432,7907.330441,5.13805599,1
7.139428473,19862.81126,3.771596692,1
9.320305645,16002.13832,4.205809932,0
9.241420174,39566.75435,4.718851071,1
5.671774033,15949.15318,3.833159946,1
5.006563179,27218.82198,3.665205812,0
7.148441132,30656.16311,4.308570021,0
7.240739839,23783.09956,3.556297667,0
7.426274211,36990.95595,4.363336013,0
8.882684652,4857.253807,3.827921067,1
7.080794704,26362.96501,3.991564448,0
7.080794704,12318.40389,4.742163426,0
7.139671456,16916.41354,3.151388795,0
6.977268052,20287.35977,2.367041509,1
8.561219124,16686.31276,2.813888799,0
7.080794704,29299.12335,3.497577591,1
7.080794704,29496.91016,2.475284664,1
6.204429554,35439.68784,4.106807705,0
8.205447253,17981.25478,3.73992187,0
11.56316926,19359.42882,5.107236214,0
5.757089157,32415.73362,3.730185667,1
7.309556607,22277.62602,3.707413924,0
6.09801229,39352.77584,4.590616941,0
7.756939383,16478.07143,3.870339047,0
7.808012412,17037.72537,4.165550106,1
7.55985251,29567.69893,4.550501206,1
6.565633747,19044.68007,2.770948697,0
9.370696775,15106.30865,4.380797142,1
10.2684307,13753.99337,4.304689462,1
6.26637861,28141.2165,2.936610735,1
6.441766686,11306.26151,3.682134541,0
5.972600168,23124.57798,5.164944985,0
8.549692714,17828.29452,3.039018979,1
9.395842402,9225.770911,3.530498525,0
6.344095625,14973.29736,3.843484216,0
7.080794704,27492.30731,3.048057423,0
6.057904974,23603.50187,4.269753445,0
8.006373498,45041.14914,2.396505558,0
9.380658251,15156.78983,4.034349247,0
5.198225171,11178.40354,3.807318303,0
7.080794704,19947.43447,4.387208618,1
7.039094521,28827.36019,4.366031551,1
7.257931195,24354.33518,4.266922761,0
8.128270269,19954.57555,4.678742366,1
7.080794704,21030.23453,4.691017703,0
7.080794704,26281.29781,5.185642135,0
6.652824548,19155.72756,3.661529474,0
6.333640246,18506.28861,3.982002535,1
8.692115522,2552.962804,2.283475359,0
7.777665566,16780.11615,4.683335013,1
8.892998679,22960.18064,3.619133005,1
7.992749819,14610.41283,4.062907243,0
7.819659354,16403.95238,2.402337411,0
6.83426009,21670.56989,2.658843612,1
8.430471862,35254.02605,3.253920633,1
3.272820298,7408.976196,4.318516317,0
7.080794704,28790.54768,4.476991415,0
7.511816841,15736.89396,2.285520129,1
6.152858002,24978.48318,4.403083594,0
8.352635376,33662.38905,3.939011553,1
8.30922791,24344.96669,3.756397031,1
6.616649375,17063.17211,3.881767378,1
7.846058126,23264.10997,2.487968847,0
7.948815918,19129.45837,3.692251061,0
6.68774998,17786.7633,5.559985137,0
6.641174316,10220.71236,3.154701322,1
7.080794704,47591.28318,3.685593096,1
7.732880278,47022.74585,3.510728204,1
4.865069896,15222.24644,3.974972502,1
8.408766431,27662.3971,2.372791677,0
8.040187757,11861.55085,3.221139169,0
8.783596832,19471.46544,3.470885624,1
7.32354532,21044.20266,4.898421241,0
7.181448781,15196.22999,5.088860189,0
7.558076502,16642.88418,4.169005467,0
7.884842193,21733.82804,4.631640954,0
5.628407119,28334.49194,5.050683315,1
7.033945559,15428.45092,3.931731063,1
10.84813062,14036.16366,3.133838902,0
6.879405157,20509.33196,4.70047043,1
11.18069486,16600.39275,3.809841854,0
5.72968932,14304.76308,5.100552554,1
6.0873063,11628.33668,3.666672003,0
10.25273457,9651.874826,3.290372692,0
6.351286749,22337.44839,3.707054168,1
5.70110117,17121.50592,5.956753698,0
8.15121551,13699.68071,3.523980706,0
10.209956,18413.09682,4.112597952,0
7.080794704,18753.21176,2.373437894,0
5.251354015,34768.93342,4.072252523,1
5.602158785,29860.27578,4.067048945,0
7.710138091,31017.23942,3.898671003,0
8.639541178,7013.211787,4.192932415,0
5.189413869,12289.90092,4.8762732,0
3.410359871,49074.73041,3.721765969,0
9.055825985,20226.28795,5.45691303,0
6.430254986,26855.10561,4.805791734,0
6.871607445,19557.99372,4.180389512,0
7.00523034,26597.58645,3.58986596,0
7.521051879,26865.37374,2.880785547,0
7.726135008,21667.86874,3.720637104,0
6.080993069,31321.08243,2.09178704,1
9.347344821,13749.59604,3.615151299,0
7.283913777,23112.50444,3.571862712,0
7.080794704,2912.211247,4.093097949,0
8.693150101,16559.87726,4.687846998,1
5.608623352,43680.22252,3.777508467,1
5.609235559,14825.9345,3.224675718,1
8.107244513,18364.83142,4.688271456,1
8.53440708,22372.30327,2.544733901,0
7.080794704,14472.39155,4.41481911,1
8.330743519,28919.81178,2.408049329,0
6.334162976,23460.82138,4.038829993,1
7.038092506,24607.0881,4.237697807,0
6.300001967,40682.144,3.709437381,1
5.946160989,12767.65623,4.903632279,0
7.174135363,20401.10246,3.939895857,1
6.839416098,28508.6378,2.854526752,0
7.080794704,15629.76233,4.464243886,0
6.27695671,25590.68024,3.214286697,0
7.802426284,14382.90216,4.363530081,1
5.699873688,31977.37014,2.416402298,1
7.080794704,26210.11601,5.010163593,1
6.617862457,33245.63059,4.601351398,1
8.052894116,9025.07936,3.634844742,1
4.642953252,16115.92986,3.982867493,1
7.618119772,44539.73832,3.769699737,1
7.889079935,24974.69277,4.034040901,0
6.35403831,16174.43374,4.935240594,1
9.380007292,32471.45632,4.566253896,0
5.188777075,22648.23755,3.769504107,1
7.744125419,21403.00205,3.612260392,1
6.091382924,17279.9622,5.075519816,0
7.376449305,37191.11414,5.767354866,1
5.382489239,18189.39498,4.173330483,1
8.817402974,23173.31953,3.864098619,0
7.080794704,27355.93431,2.969136299,1
7.793833773,18344.68036,4.172935535,0
5.15348884,19115.72186,3.749920765,1
9.152284909,24560.70061,3.7927773,0
8.143483576,10673.58267,2.572830623,0
6.865125475,13529.03876,3.95515391,0
6.26011149,18577.62397,5.403615092,1
8.558388975,8535.402956,3.946227919,0
6.056818045,4440.277358,3.358061007,0
7.683156715,25475.88484,4.781323294,0
7.080794704,41461.317,4.894842663,0
5.844673996,13615.10976,4.338056288,1
5.555353173,20503.43005,4.536146114,0
10.48560385,32872.38057,4.669240058,1
7.873271893,25337.12296,3.306393109,0
8.640886609,26473.71324,5.263101772,0
8.552782616,39030.6037,2.940848196,0
6.908853283,16965.31411,4.693949616,1
7.512361416,17895.55659,3.515802747,1
8.060609824,15489.32566,3.60090587,0
3.923473833,24200.35348,4.582982566,0
6.548796721,13584.90025,4.197305325,0
6.792655298,9094.313301,1.917754593,1
9.658662176,20269.73128,4.639386755,0
5.859822304,3640.73432,3.426634275,1
3.676845193,22581.22449,5.461473296,0
7.015332783,16351.22629,5.251223304,1
8.376279925,27824.19048,5.703963007,0
7.533615023,11642.72754,3.462764187,0
6.922042028,16515.87217,4.242947416,0
6.340027828,45222.50667,3.686001524,0
9.062822525,27959.92616,3.730370057,1
4.233558817,22185.76396,3.515672279,0
8.03105542,18134.83502,3.338880326,0
5.296579004,39537.08646,3.918470001,0
7.381757757,1372.091044,3.338021959,1
7.000523421,26012.13028,4.333688787,1
11.26782858,6040.369868,4.153347201,0
7.080794704,18589.03116,4.400203669,1
5.916930688,27977.67321,3.15755972,1
8.41860685,29313.78335,3.44284802,1
10.77431829,38037.35307,3.229834359,1
5.974583448,22543.25629,3.721974896,1
6.195087058,19331.19404,4.196558462,1
6.243279204,19605.02957,3.472839413,0
6.994194875,23027.38526,4.398900909,0
6.652488291,19871.78845,3.742090626,0
5.271971578,22005.43655,4.119436675,0
8.628893615,13688.07434,3.071350571,1
6.638411649,9772.504814,5.16405682,1
5.323815784,37625.75268,2.880722046,0
7.230845507,17864.68939,5.622018281,0
8.93387781,14179.62274,4.374796722,0
8.86211291,17433.60185,4.955081993,1
4.581968928,33897.0682,4.500207825,0
7.371085273,24913.83717,4.412589737,0
8.473649523,36412.48826,3.487816507,1
7.717077152,21400.0165,4.967975992,1
7.059940434,39484.63892,2.949939023,1
7.368165777,8524.874646,3.684263583,1
5.810742257,25419.55166,3.436967062,1
7.080794704,20461.25271,4.886633985,0
7.080794704,14665.4048,4.377502297,0
7.708110189,15456.22009,4.896626108,1
5.821707114,40009.72361,3.908199046,0
5.924799669,15413.89615,4.188928104,1
6.47237125,24246.50356,4.134575397,1
9.147197255,11920.61084,3.794531791,0
2.69083144,30204.54674,4.650033979,0
7.080794704,19942.27322,2.907564115,0
7.276863325,30396.90462,6.083772554,1
6.330732965,18397.19941,3.940000623,0
6.923636214,24792.52562,4.013339001,1
7.695049637,11598.68237,3.198879205,1
6.755146102,18536.69865,5.162729949,0
8.550875669,28918.41995,3.772886807,0
4.348675193,9848.035583,4.360950251,0
6.088022689,23567.13288,4.173083696,0
5.905907154,13464.48716,2.917284256,1
6.93450379,15323.40882,3.875238237,0
7.833980682,11174.27476,4.254477377,0
4.552238611,25969.21512,3.932804534,0
7.506111657,31920.58469,4.744006891,0
6.906992372,19991.23915,2.124759552,0
7.617033694,17681.27236,4.299543596,1
6.897922917,16616.51662,4.490105479,1
5.681810948,26373.49543,5.375156809,0
5.653506335,16462.46009,5.198985704,0
7.080794704,20214.21655,4.258488937,1
7.080794704,18489.65251,4.582157498,1
7.080794704,6974.225135,4.138696767,1
7.482791476,19621.32511,4.094746486,0
6.919726355,35558.73165,4.12082808,1
7.171593755,22431.02699,4.62273631,1
8.273643784,11120.70105,3.331583935,0
8.907987318,33653.76196,4.641258732,1
7.397562618,24502.15515,2.459337041,0
6.857493958,22603.64945,4.306581268,1
7.75667915,22440.40104,2.842470908,0
7.845880129,13769.86024,3.667154405,1
7.732601909,18445.74346,3.854993946,0
7.313446956,23154.06232,2.220640123,1
8.305064184,8451.319111,4.461210932,0
5.913133133,40847.76015,3.900211514,1
4.857802824,15668.27362,3.966571045,1
6.417702676,33360.17072,4.046305872,1
7.117917946,20067.57279,4.213568157,0
4.941972357,19806.4113,5.076146946,1
8.580008759,6493.547257,3.195591256,0
7.080794704,4142.499001,3.612918963,1
1.844538566,28689.59578,5.013463551,0
8.214099964,12819.87544,3.38186411,0
7.089184387,21065.66366,3.266028712,1
10.69553269,10571.77038,4.154845528,0
7.543700666,19116.01208,3.630536778,1
8.576740128,24897.2866,3.916114933,0
7.080794704,32951.31637,4.905229939,0
7.080794704,15097.02406,3.227940999,1
4.293961435,24600.76069,5.105120957,0
9.271355647,16540.97905,4.333953098,1
7.080794704,9943.929785,3.787475737,1
5.506061704,21543.7266,2.778906151,0
7.436782809,28544.61629,3.727663919,0
6.624572728,14877.28974,4.333721049,0
5.768868231,31155.98882,3.092626579,1
7.362331387,28263.31064,3.93356517,0
4.99139709,44499.72871,3.92659893,0
7.080794704,17153.30616,4.383922014,0
4.374877832,17384.25719,3.030108047,1
7.080794704,22462.11329,5.260301315,0
2.97442961,17326.20225,2.779902042,1
5.606315426,12308.23384,3.748740707,0
6.769573069,11067.18115,5.22054047,0
5.258414937,29228.33468,3.730792988,1
7.080794704,20116.9111,3.619545837,1
7.330197077,14884.33996,2.884715298,1
7.342231449,35273.97623,4.261504564,1
7.274212767,27198.43259,4.7102565,1
7.080794704,28062.64189,5.629015836,0
4.881729794,19105.0149,3.050197785,1
7.080794704,44982.73415,3.832478903,0
8.285071727,14402.7267,4.274661533,1
7.150046315,14708.47419,2.633891004,1
7.080794704,18519.16249,2.676593719,0
5.772197594,27840.69421,3.078986039,0
7.543931505,24227.96114,3.703191506,1
7.890263553,17645.06534,4.636738963,0
7.080794704,25623.34055,3.582882569,0
6.66400325,15902.94528,2.227728084,1
8.075494708,29483.60185,3.682919845,1
7.080794704,26003.16327,4.410674078,0
7.080794704,17870.31525,2.604960125,0
7.080794704,39207.58925,2.812503835,0
5.983731494,18438.82339,3.84938297,0
8.250830209,21616.63386,2.604708045,1
3.641629977,24752.07246,3.464353235,0
6.578998362,22389.38049,3.690929617,1
5.873157337,21910.76357,5.120888165,0
6.376950664,16079.36125,4.284387296,0
2.558102999,21316.50673,2.817258317,0
6.615981852,20919.05143,4.635709327,0
3.783043838,20384.7731,4.402244346,0
7.617149071,27080.26872,2.391540206,0
6.30476883,30168.6066,5.109934958,1
5.93605731,18061.69757,3.940282539,1
10.15421927,24755.96026,3.730899469,0
5.152203922,27000.10688,4.689843018,0
7.080794704,13711.72328,5.068470198,1
7.381108734,12320.51229,4.34273773,0
7.080794704,22911.61449,4.825701998,0
7.080794704,26964.31718,4.50102474,0
7.080794704,18113.0173,3.077035093,1
7.670506064,33843.61945,3.93382666,0
7.83431944,25918.56795,3.532936296,0
8.837787115,11610.20795,2.087080417,1
7.080794704,8985.911807,5.504749597,0
7.774645443,13829.93907,3.911816966,0
4.059431668,25770.00672,4.330321764,0
7.269652453,31161.36839,3.789236957,1
6.702496416,29057.22762,4.267953134,0
6.081615558,10120.11268,4.010036999,0
6.772156738,13790.2962,3.827256161,1
8.053043882,37086.54605,3.301575095,1
8.370365165,27193.31738,2.746650034,1
5.477912495,27361.65907,3.774256321,1
5.913375064,14467.78593,2.499832169,0
7.678967089,7472.50648,3.718981759,1
7.138374517,22575.18858,4.144872451,0
7.392084238,20185.67623,3.778458696,0
8.64664315,32571.05452,3.333242882,1
6.676137519,27468.98017,4.336648685,1
8.207459113,17447.99467,4.151866053,0
6.161779699,12229.64758,4.003547229,1
6.744799275,20215.69752,4.86854283,1
11.39054331,16175.22194,2.277358832,0
4.835297928,23031.21581,3.633760808,0
8.373171125,22022.62622,2.786329867,0
7.080794704,23614.70296,3.89406136,1
8.801846246,13121.17194,4.031496153,1
5.903993701,19399.22197,3.820021416,0
5.991371282,28702.95238,4.53937135,1
7.080794704,27044.95981,4.067414244,1
6.093092114,21456.60442,4.523557974,0
6.470152159,30594.28067,3.125391312,0
8.064170337,8712.002589,3.246077423,0
7.49651088,39423.66607,3.363403458,0
7.14394219,11553.03928,3.792840507,0
6.433722553,20321.2294,3.641490172,1
8.757257597,21536.22469,3.626135642,0
4.98167225,20988.08781,4.47514869,0
6.336267297,29342.70976,3.745725086,0
8.610963232,32079.77482,4.614400605,1
4.771490869,48002.0846,3.936972773,0
7.078361274,16648.60057,3.263464931,1
6.09618009,16314.23338,5.142471332,0
8.31526782,15077.85034,4.128525561,1
7.080794704,40611.71332,3.125608901,1
6.58545043,30210.25037,4.275640448,0
7.539287595,26999.38208,5.427372865,1
7.080794704,32237.24543,4.006631771,0
7.080794704,7557.021272,4.116263445,1
3.994497806,18682.27714,3.379147551,1
7.080794704,20283.78363,2.028875373,0
8.051022403,28338.66404,3.767443326,1
6.80011929,39143.40333,3.8549401,1
7.957768544,17162.39842,3.450746092,0
7.080794704,26004.52888,5.14411442,0
6.255070201,25456.27498,4.194200074,0
7.080794704,8904.799818,3.371680294,0
6.632990454,12829.09278,4.36085137,0
6.144759238,19981.31519,3.082080696,1
5.675294915,39172.38964,5.021464832,1
8.552993865,10452.72441,3.108674107,0
6.731278324,15058.13875,4.190484229,0
7.080794704,24793.45568,4.641041536,1
6.110022406,16663.53907,2.817780658,1
7.080794704,25541.15277,3.611330574,0
6.854947059,16203.0907,4.938999507,0
7.998090454,9609.740605,2.626546984,1
9.00435237,16544.8275,3.527893671,0
7.080794704,17029.53489,4.45939418,1
6.347271961,41065.23476,4.376348491,0
5.36754669,29009.01082,4.267189791,0
7.356056978,31409.06398,4.54991704,1
6.433726395,26755.71884,3.117918458,0
9.913703997,32129.99631,5.55466694,0
7.080794704,22746.06166,3.713109864,0
6.967696883,22886.96573,4.819637304,1
7.635264892,17796.37464,3.948303716,1
11.24450734,43533.65785,2.929952939,1
5.15839661,35086.39696,4.645852635,0
6.964226143,29957.19122,3.990437772,1
7.080794704,13943.24497,4.141552513,1
6.436444696,19579.38955,3.415851585,1
4.691438515,32182.26232,2.730792474,0
7.945909269,16769.89055,3.58543145,0
7.288736861,31617.07542,3.531384861,1
7.080794704,22038.51162,4.238535397,1
6.999764711,16078.45939,3.360130878,1
8.860324442,19550.29968,2.47667462,0
8.847880911,11705.07228,4.143451192,0
5.445326181,28001.11818,3.946989723,0
7.080794704,38097.3298,3.212492893,0
5.82126183,37174.00541,4.371078985,0
6.838816907,11877.23665,4.776536455,0
9.271668744,26912.22842,3.744203832,0
9.30566068,39498.65929,4.485070347,1
7.393978157,17939.7047,3.782727781,0
8.849702925,20129.35879,2.987671724,0
5.122648655,17279.51375,3.504524734,0
6.704635626,9727.761716,3.42217882,1
6.136907377,20561.69473,4.704585218,0
7.080794704,18272.50597,3.313199222,0
6.392760659,19323.67725,4.421528342,0
7.080794704,19038.9019,3.514096706,0
4.229224759,21214.37052,3.73313977,0
5.985012651,20155.43447,3.764099874,1
7.080794704,25142.73374,4.894829851,0
7.561833148,23254.00962,4.032150542,0
9.159660677,16679.33516,5.452362525,1
5.152739999,25669.71992,3.842625371,0
7.828740305,33337.10965,5.199446836,1
8.040392461,12999.1448,3.017796163,0
6.257085991,13826.25791,3.994713897,0
5.428357114,24930.19881,2.847843738,0
7.875895335,12710.24945,4.238589403,0
7.080794704,13671.41603,3.364891082,1
6.246264254,26408.88177,5.044454978,1
5.433242317,31157.11017,3.675717873,0
7.842979201,16827.19287,5.109312562,1
9.14912691,21463.05919,4.805641411,0
5.290004571,28697.00483,3.532322698,0
9.616095903,12538.97403,2.946643868,1
6.550877393,25070.00874,4.824826139,1
9.252856709,50279.26243,3.300586026,0
6.683367897,18989.31677,5.208061334,1
6.559628085,22624.03418,3.664463231,0
8.693104526,13283.77805,2.898223261,0
7.449659886,32251.35965,4.370404622,1
7.788054933,29879.06015,3.368757417,1
7.899451762,15896.36594,2.853767549,1
8.675192892,15049.5842,4.97857556,0
8.153210275,10280.9295,2.905788334,0
7.025821971,21226.66555,4.746092149,1
7.614877839,33347.9711,2.990781094,1
4.349440199,24352.0661,4.442711702,0
7.76618686,14945.29566,3.674225642,0
7.080794704,27319.56903,5.666547511,0
9.393891852,13150.20746,3.048566066,0
6.632206079,9809.904,3.44374076,0
10.43329118,22326.89205,5.057310717,0
7.172323275,14702.05907,3.08421584,0
5.097786426,23590.31371,4.829323564,0
7.961721663,11551.21568,2.286943695,1
6.512737324,22475.04687,4.612963829,1
4.95141372,20117.35906,3.870681485,1
4.695516341,24767.16711,4.641738691,0
5.14358768,32740.56466,3.09616469,0
5.093675335,30245.95698,4.552571642,0
7.080794704,17439.44406,3.458320201,0
6.888843132,27368.01434,4.512332649,1
5.779673905,24160.35432,4.656377433,0
7.889579545,41210.66698,3.227360282,1
8.433443304,12833.46124,3.824734338,1
6.376408634,33046.72761,5.404045973,1
9.756577828,17940.09908,3.749009458,0
8.809296632,18140.59427,3.87905394,0
7.876495331,15741.08163,3.913904917,0
7.080794704,12830.48413,3.439740242,0
8.736371411,24283.65879,3.802116317,1
5.324942056,35344.65805,4.427138126,1
4.303574807,7323.302301,2.010537357,1
7.457980027,14733.45876,4.497730996,1
8.029181813,19663.46943,4.388551212,1
7.080794704,28194.45265,3.855895187,1
8.460964164,13158.84836,4.728494023,0
6.040281862,20472.87459,5.761580522,0
4.281522289,22330.46679,4.371167368,0
7.080794704,26493.07621,3.241267387,0
7.077874207,23873.37821,4.764508465,0
7.760189565,34250.16393,4.590527849,1
7.369087339,28232.01841,2.715186885,1
3.678432007,23103.41044,4.480108776,0
7.080794704,31606.34883,4.775121147,0
5.452215126,14446.81239,5.19053401,1
9.497261363,33681.33014,5.24210553,0
7.080794704,20626.51594,3.236570243,0
9.606859096,18907.64284,4.405352152,0
7.811512645,20911.90467,4.54607041,0
6.988206355,33357.51586,1.899683202,0
7.080794704,21829.27315,2.545631545,0
5.392057807,19900.40784,2.978925645,0
8.758824721,19572.14708,3.527565559,0
7.417824127,320.9426115,3.470812279,0
7.762020945,15548.41667,3.256301529,0
8.470546199,26559.38041,2.935802195,0
8.509220249,10587.30493,2.519891781,0
6.607503511,26420.80956,3.447111419,1
8.369154554,12975.90033,3.629749531,0
4.638250459,34261.98589,4.124538025,1
9.418296322,8777.686784,4.604633354,0
4.197583789,31292.1277,5.206480377,0
6.583065056,17977.69394,3.772858753,0
7.080794704,36640.37137,4.849755548,1
7.912361228,34808.44278,2.878515831,0
7.080794704,27345.17429,4.407566369,0
6.584813311,24723.1063,4.404132396,0
7.443189214,13551.95334,2.664832996,1
7.213375588,27377.69978,3.453439076,1
8.512781109,33092.66935,4.026622294,1
7.780868879,40483.73039,4.602026975,1
6.862995292,11579.1134,5.343285234,1
6.975392541,22685.68444,4.931460368,0
5.866250868,19679.06267,4.281313659,0
7.12771141,19309.57045,3.396185131,0
6.342671383,21079.60621,4.582591995,0
6.702546753,17246.92035,3.442983235,1
7.094802343,30045.36774,4.084660233,0
3.514545729,23029.66361,3.762615531,0
5.608745432,19835.98077,4.644211845,0
6.466874909,14848.12949,3.408168992,0
6.043360284,24856.60711,4.745247717,1
7.33740005,18543.49936,4.981834143,1
7.080794704,27064.41841,4.599572834,1
8.416087017,28234.90686,4.93008401,1
6.455004997,24468.04839,2.293431606,0
5.467401455,12883.16353,3.717822918,0
7.080794704,27983.17942,4.290393424,1
7.036752304,13812.41042,3.285372035,1
9.927023923,19666.99279,4.051733673,0
5.525768745,16113.01055,4.401412824,0
6.361667003,25833.85171,3.681765314,0
7.256015239,44184.23046,4.534960473,1
9.504157988,19946.26467,4.343041573,0
5.87797424,13652.2932,4.032259704,0
5.803497176,19451.7676,2.181714367,1
6.745306915,21871.8387,3.90235279,0
4.270716395,24405.25054,3.763906103,0
6.630122356,36269.70132,3.352764806,1
8.165715133,16925.0123,3.92011668,1
10.22768989,9546.129215,4.78633002,0
5.365192608,16262.93925,3.180798657,0
5.895949183,37118.25544,3.659653168,1
5.739816533,15825.44032,2.722571408,0
4.993530934,13900.77927,3.153809537,1
5.999125378,19345.79133,5.046973316,0
5.628313472,22856.7429,4.061644861,1
6.604008189,23564.57966,4.458967113,0
6.767523858,21162.72674,3.300253698,1
8.099124389,19909.54173,3.05593395,0
8.228564025,18132.0944,2.781944308,0
13.17540192,19237.94968,4.10692469,1
7.080794704,32865.50953,3.574605362,1
7.95502654,32405.41386,3.955916926,0
7.721032888,35800.69927,4.168487302,0
7.793915004,25506.91224,4.220027871,1
8.322986872,28049.64628,4.052135928,1
7.795958001,27849.14209,4.25187637,1
11.62114033,15102.23743,3.472067662,0
9.012100513,13064.45059,4.962329407,0
7.080794704,23433.90177,5.128346724,0
5.945988843,12356.90562,3.793329476,1
8.742230082,9694.354896,2.842393386,0
7.080794704,8729.096218,3.399725816,1
6.062738619,25842.58128,4.369454897,0
7.080794704,26009.07526,3.706601992,0
6.739849928,34702.41785,4.379630639,0
5.036454176,29258.73814,3.534665625,1
6.552279323,15362.45238,3.443385219,0
4.767472655,48007.86813,3.893378008,1
6.937818983,12626.19792,3.724089764,0
7.958871646,26845.66101,4.007902813,1
7.080794704,30573.06632,3.109695968,0
4.723312773,22833.19204,3.917586895,0
7.488133664,24786.05053,3.474034917,0
6.578084091,24882.62516,4.890415959,1
7.002480141,20518.55543,3.352436518,0
7.280560557,29690.91716,2.919796205,1
7.895769321,28723.61763,4.391731538,1
4.618851047,27174.68764,4.322116089,0
9.489973078,15513.74038,4.219967722,0
5.735358859,28628.15186,4.085054988,0
4.3107017,11842.75781,3.172375691,1
4.137045113,17101.95157,4.327356227,0
5.30414286,25299.51156,4.165723864,0
6.020654041,10529.3103,5.217131475,0
6.760790723,19089.94856,4.905490633,0
6.715799679,16006.97259,4.999752223,1
7.079303718,24282.15477,5.553174041,0
7.348937342,15818.26132,4.725746656,0
8.468741263,21038.44261,2.876995831,1
7.080794704,27197.30244,3.19834406,0
6.001382641,22554.83009,4.036719962,0
5.090035532,34094.05718,4.83886248,0
10.8112897,11848.22827,4.416183894,0
4.668101887,47580.9916,4.43582111,1
6.966835368,12256.67829,2.957441271,0
7.080794704,19549.49934,3.777737614,0
7.606880675,29339.92927,4.564460592,1
7.895045862,10465.2616,3.084431433,0
7.080794704,14017.37207,4.167336657,0
7.773758337,21688.61694,4.040974682,1
8.69712236,27752.00024,4.180567793,0
5.742533263,21293.88975,4.272202958,0
7.798453876,32704.56929,4.107267403,1
4.624304491,22981.74941,3.424250249,0
6.499068198,23734.84621,4.355880325,0
1.431781755,12937.24689,4.948442756,0
9.609834565,22690.04587,4.308357789,1
7.080794704,21852.43794,5.076362664,1
8.555283623,18337.46092,3.687152268,0
9.056244907,17403.53217,3.319353937,0
7.814524521,17516.69936,2.901699756,0
7.080794704,28988.70234,3.666869894,0
6.589290701,34298.15294,3.181112263,1
7.080794704,32496.64022,4.296188963,0
6.958534337,13457.21113,4.1946002,0
6.39292804,21217.1586,3.271339059,1
6.483994708,29032.7811,2.688643485,0
7.95145137,6108.795734,3.886882586,1
8.520806773,28779.65001,3.94060473,0
5.596730018,44652.36387,3.826158391,0
10.89348493,25702.51867,3.634970596,0
7.486779909,25396.01178,5.048834195,0
7.080794704,18593.22264,4.122850391,0
8.899588578,17915.08597,3.92861391,0
7.080794704,26486.18144,4.148611517,0
7.171223923,13163.03128,2.209092,0
6.741246021,23565.73271,3.500970774,0
3.906078555,32144.79993,3.902879912,0
3.426450568,21839.69596,5.97805414,1
7.266598992,36490.14303,4.952733408,0
8.307463169,18452.64557,4.625729442,0
6.277742683,15751.44915,5.255012143,1
5.530055221,38918.77807,3.327472339,1
7.184697963,13317.46811,3.904063623,1
7.080794704,20944.62081,3.679795235,0
9.128357958,10418.10834,3.762222889,0
9.960690058,15835.12282,3.434538663,1
6.435722917,9363.853988,4.925339307,1
6.417716247,31974.48163,4.210327261,1
6.93039167,25780.05908,3.699796236,0
7.080794704,19692.46439,3.261651599,1
7.080794704,11370.64917,3.266562603,0
8.064653009,27172.89357,3.324112814,1
7.080794704,17107.22423,5.459251156,0
6.451503743,7990.891468,6.307678672,1
6.427720761,12215.40908,2.9044536,1
10.08677144,17572.54747,4.334122246,0
4.808039947,19118.0503,3.597760169,0
5.585117198,22234.69674,4.148343155,0
7.080794704,21671.2783,4.246388224,0
7.466558558,16679.67362,4.991675071,1
8.141861316,25433.46502,4.136950686,0
6.509621838,20122.19256,3.802819838,1
6.446252232,11104.25051,4.976958058,1
7.080794704,34415.85315,4.4055862,0
7.080794704,43846.02527,3.572344022,0
4.736404807,28698.72997,4.995601966,1
7.33810781,30042.92851,3.736379795,0
8.151249162,15661.94034,2.799883521,1
8.529669548,18203.73003,3.776041037,1
4.758648547,23603.06542,4.405508964,0
7.308049048,14600.53952,3.696119912,0
7.727421341,18767.94163,4.60180229,1
5.924540682,44376.18738,4.224342709,0
6.098156721,27776.90105,3.977362564,0
8.1414301,15494.35984,4.350922101,1
7.017295599,20169.34425,4.899611472,1
6.069364094,9323.21829,4.914809332,0
7.080794704,22289.72709,3.351767103,0
7.080794704,8721.231885,3.392134368,1
8.801933755,23659.21152,3.769832136,0
6.71477708,34558.40267,4.68485367,1
4.923179056,15990.14923,3.329600983,1
7.080794704,17423.40799,3.5681968,0
7.191025057,23781.32874,4.270645893,0
4.560916736,22939.14438,4.123621936,0
7.974248628,26848.62984,3.195944451,0
10.53809864,13867.2442,3.823092876,1
6.185951363,22198.92942,5.2057245,0
6.193170301,12883.7265,3.466645488,1
8.998375223,21790.0109,4.516933185,0
7.080794704,22900.11825,4.069165767,0
7.078659619,26177.78951,3.696640341,0
6.411526036,19505.29694,2.200678402,0
7.080794704,23172.28151,4.018446739,0
9.671796965,30220.61249,3.895104066,0
6.642755895,36505.52426,4.299209481,1
5.893103608,20526.66616,4.390701804,1
7.108140911,23688.20522,4.015246644,1
7.080794704,35434.28006,3.825936897,1
7.088251176,25399.10901,3.230645636,0
5.488135669,21715.77441,3.652991622,0
9.130769087,9929.19481,4.771443955,1
5.27418559,17605.53576,4.364426592,1
6.947915734,10337.5417,3.685079473,1
7.080794704,20894.40049,3.818404143,0
7.874671558,17404.17706,2.309149257,1
7.303052106,22053.01026,4.14487014,0
7.685397043,7324.701426,4.179187328,0
6.912607762,17973.17886,2.612249153,0
7.080794704,14971.94903,5.110414349,0
8.378108223,28474.20258,4.52469317,1
7.080794704,20197.24767,5.146442824,0
7.509350405,17045.6001,4.321856347,0
7.301463838,23778.75872,3.942709569,0
6.623613766,17167.3013,2.915166151,0
7.080794704,18592.08392,4.762871909,0
8.247148471,9913.963346,3.94196946,0
7.080794704,19486.19111,3.888177583,1
7.080794704,41325.44355,4.322325537,1
9.177870066,20868.33122,3.108770188,0
9.146557756,6787.48466,3.210882139,1
6.875746352,25422.33855,3.397302772,1
7.420640989,18463.72213,5.42376753,1
6.729830104,23114.03183,4.724322113,0
8.927906126,22139.87885,5.474354898,0
7.159398511,28954.80101,3.254926697,0
9.63066568,23641.70257,4.920091358,0
6.823642206,14053.22068,3.386362872,1
4.997770801,26849.19474,3.404633106,1
6.597292563,25039.3547,4.318305607,1
6.867301522,24112.15347,3.82359524,0
8.315959271,16123.30445,2.760212774,0
7.080794704,30280.78859,3.779554692,1
9.663653396,13213.57825,4.741944505,1
6.101955431,15976.92623,3.53559653,1
7.864649873,23045.72625,3.585933722,0
6.703487054,24316.87515,4.223883911,0
4.633202716,29307.12894,4.751859015,0
7.565198273,11246.42665,5.185000224,1
6.758851897,22540.77517,3.639972076,1
7.080794704,13427.06859,5.324638205,0
7.080794704,18085.15884,3.068919437,1
8.951652335,15189.32782,1.844371804,1
6.645657578,23432.10973,4.170657963,0
5.272156659,19015.46828,4.063826054,1
8.210358173,22619.23993,3.716664075,0
5.400700338,9968.962738,3.555737766,0
6.280978407,25972.80375,4.599432214,1
8.990317434,23728.29401,4.494544539,0
6.832217588,14015.04477,3.145415711,0
5.632731847,28315.43778,5.114607251,1
6.729191689,31991.95875,5.112254451,1
6.72958039,17975.55323,4.003458252,0
7.025306142,23502.8578,5.989542991,0
8.274069259,18091.20261,2.575423228,0
7.885679199,12359.63119,5.430350194,0
7.888424715,15761.87137,2.998066131,1
5.665266577,31883.01031,4.571823811,0
9.46712923,33365.31542,3.164188194,0
6.252410205,23920.25478,2.722908361,0
7.247701182,31561.95553,3.319952878,0
7.507575496,18328.6959,3.703001247,0
7.080794704,19290.56807,4.117288102,0
7.754884594,18857.0585,5.128390255,1
5.862641433,44069.27216,5.50742114,1
6.93365411,19026.01733,2.010728886,1
6.495435485,32775.63259,3.39047074,0
7.080794704,12229.29848,2.51676932,0
5.085429553,33455.241,3.96173087,1
7.292142005,33991.65157,4.466912764,1
9.77693225,23971.98952,2.569468201,1
7.080794704,17317.68725,4.241935883,0
5.564342691,11245.73577,2.285988049,1
8.245186796,13909.47907,4.125731994,0
5.488314509,21485.1532,5.066786472,0
4.443239099,25008.53225,3.268325036,0
3.43485596,22690.2444,5.389510446,0
7.080794704,9959.135016,3.170543287,0
10.20064471,8016.202939,5.174719959,0
7.080794704,21051.36538,3.764703794,0
6.848329801,15908.64209,3.732202218,1
5.368988544,15973.68689,3.73788298,0
7.865757154,16147.00195,3.738618543,0
6.983860639,11848.76973,4.159566709,1
4.713116901,20070.56779,3.923356236,0
4.922045666,38494.72025,2.291694736,0
6.799375718,7986.493239,3.819985577,1
5.094164561,22957.6534,4.710936684,1
10.68296663,15758.74062,3.999775582,0
8.014183272,30566.7675,3.417076399,1
7.054266974,7450.074375,4.780616032,0
6.576845523,12772.09575,3.771313718,0
7.080794704,20412.28391,3.978932856,0
6.985192402,21944.64183,4.246201795,1
7.080794704,25498.32954,3.69194671,1
7.016836313,18014.9957,4.101398191,0
5.583833198,35278.68174,3.870157121,1
10.46450268,6700.775054,4.956358608,0
6.601407595,19635.58825,3.973576606,0
7.080794704,12674.67277,4.403877007,1
6.317576754,22577.81894,3.399048114,0
10.04967392,11557.03204,5.133478023,1
5.504452521,11950.23503,4.657361134,0
7.080794704,20134.39834,4.314495217,1
8.805177945,4728.650671,5.176205269,0
6.14524314,20417.26442,4.09094012,0
6.758656671,20666.45316,2.743890422,1
7.617524334,30308.23118,3.698317597,0
4.902159189,28278.78928,3.499048723,0
8.775485934,22113.39145,4.393944666,1
10.48680862,26453.00335,3.804352332,1
6.784116315,12736.865,4.072186808,0
7.080794704,21983.55907,4.494459902,0
7.617152122,33744.16681,3.422543631,1
6.014540031,23268.24308,2.686068941,0
7.338826311,12603.40037,4.017061319,1
8.743958745,40843.61655,4.11897328,1
9.514626822,16553.56244,2.64503657,1
3.716080275,18630.05786,4.500656475,0
7.39754421,19797.10854,3.947138088,0
7.131222059,18969.82489,4.713192805,0
6.567759813,20156.57862,3.824428239,1
7.997176023,20575.57316,4.817668411,0
5.329939015,24000.52314,5.79932255,0
7.266781686,27468.68171,3.919827245,1
5.622807335,16119.34019,3.992957101,0
5.706131089,25815.60909,4.32639457,0
5.976769818,27267.98186,2.994671296,0
7.116132806,25131.66528,3.915381878,1
8.069298093,16654.50937,3.021381755,1
7.746343315,21670.59366,3.678686231,1
9.794558899,20682.73174,2.945418938,1
5.860574355,18321.99232,4.277241302,1
7.91803937,22899.06291,3.386110013,1
6.262907482,5157.0536,4.594919356,0
7.287286575,18085.50282,3.504265255,0
6.078336037,35957.79218,4.201581106,0
7.582941877,23072.7807,4.164028819,1
7.367372053,16663.60251,3.817215305,0
7.390896879,25574.09172,4.325131845,0
6.090016257,12558.89797,2.943521912,0
7.555822959,29411.62865,4.099168891,1
7.080794704,29298.07426,3.522586373,1
7.975330101,17182.45036,3.306129217,0
7.47640866,27109.89561,3.47819398,0
6.166348423,37922.90562,4.816304444,1
8.2977834,20316.42668,4.239220772,1
7.935607525,19657.84332,3.619650937,1
7.369988821,18998.34682,3.463852637,1
9.302441388,5230.63043,3.675985698,0
6.891549422,13376.68047,4.958937041,0
5.204938963,17818.39449,3.439561219,1
9.13569446,9496.910354,3.281802396,0
7.080794704,32328.53826,5.037492416,0
6.914868352,10343.37885,2.988611644,0
7.080794704,20791.31898,2.963135581,0
5.689143188,17589.26899,4.592980151,0
8.927078348,22821.25438,4.601861159,0
3.978284827,14433.7805,3.751565969,0
7.260904563,21391.16254,4.383823585,0
8.35035124,17177.78878,3.507227781,0
8.519639243,14578.96131,3.427251607,0
7.9373924,6626.376426,4.27085135,0
7.795557829,26484.51532,3.629252482,0
7.66752106,25035.27104,4.618164905,0
6.17981,15391.55915,3.70432442,0
8.56704402,23683.11019,2.804927024,0
9.058628624,15737.46894,3.65213467,1
5.910539938,25721.83387,4.007508348,1
8.205550919,17414.52062,5.12952802,1
6.492403322,18607.21319,4.383394892,0
7.080794704,12700.48804,3.756100623,1
7.080794704,23094.87239,2.9770476,1
7.205218464,31315.61439,3.465331289,1
9.537878829,20044.20625,3.024556841,0
8.66397502,29551.33415,3.689241561,0
7.643578562,21885.50378,3.76216306,0
6.776879288,19663.79131,3.322065207,0
5.669699409,9544.862671,1.910116845,0
8.433291024,15904.24336,3.631543132,1
7.986398906,20447.49013,4.814779391,0
7.080794704,26321.68919,3.305587998,0
7.080794704,21948.32536,4.109590474,1
6.262799067,31414.52581,4.012517758,0
5.574756048,11512.46584,4.371806361,0
7.080794704,25253.07906,3.941074032,0
5.171434294,44612.75136,2.949431703,0
5.897391321,30575.35714,2.961602618,0
5.519125856,12531.60192,3.75899606,0
7.080794704,17537.98962,2.999702521,1
4.959853011,9887.830755,3.455045018,1
6.852899285,11914.46378,4.594760814,0
6.449379639,8607.61251,3.71542895,0
6.848033669,6068.454885,4.257037743,0
7.207538808,15796.3997,4.295189393,0
6.635894508,20339.01687,4.523237066,1
7.080794704,37928.14218,3.87385355,0
7.080794704,21190.15494,2.505464227,1
7.70910656,18610.12415,4.23510832,0
7.027185859,30988.97302,5.35304354,0
9.038326269,34353.83973,3.706266092,1
7.976901074,15360.83507,4.753608131,1
6.313114932,20849.19074,4.126964796,0
7.080794704,24445.98754,4.725347655,0
8.015780595,12135.72493,3.180580387,0
7.080794704,27382.76933,4.10343916,0
8.423084672,15924.79969,3.958609184,1
7.421997844,15772.65317,3.603609781,0
8.848927572,24417.86132,5.992325227,1
7.442536675,18223.02708,2.191138622,1
8.50697927,20098.19952,3.881794035,0
7.871961603,12760.43715,2.938536487,1
7.080794704,15426.91508,3.430167523,1
6.744064461,16304.52892,3.534126163,0
5.335689009,37993.18275,3.921976581,1
7.080794704,32600.42941,3.165391101,0
7.754044554,19019.2795,3.760298285,0
7.22168964,13703.22038,3.160818681,1
6.879959652,44586.81265,5.688207149,1
7.080794704,26894.14489,4.903914679,0
6.465093729,43958.67813,3.790523893,0
6.876451243,21979.03167,4.545341127,1
5.468361132,12305.90541,4.933468149,1
6.140877757,26687.87448,5.359460495,0
8.848103219,19793.97187,3.074799506,0
7.080794704,19887.76983,4.893751192,0
6.31407767,31114.63565,4.363865963,0
4.533399314,30301.85667,3.188640942,1
6.61673089,34277.7604,3.622379442,0
8.659113227,23514.63665,2.89577448,1
7.080794704,19026.67284,3.986882535,0
7.080794704,30630.75994,2.913048643,0
11.02788006,13124.10564,4.178898109,0
5.800034377,13028.68846,4.074407772,1
6.967270964,33933.70985,3.272470939,0
7.080794704,24108.12755,5.034683157,0
7.080794704,17561.27284,3.716659541,0
5.289618637,21776.17017,4.54810055,1
7.682762674,12723.3421,5.044306292,0
6.217579812,15155.54899,3.490002214,0
7.362736702,16268.44861,4.408513382,0
10.41504421,34535.55385,4.209136705,1
9.752703427,10194.32541,3.422110675,1
6.353437044,18664.8443,3.861109402,1
6.884981284,14893.2064,4.58431938,1
5.870615701,18909.84601,3.728785437,0
4.705356696,19555.76505,3.437450334,0
6.11602418,22481.02732,3.984309029,1
7.080794704,11949.59793,3.458352414,0
7.301903691,23565.1784,3.430699388,0
4.825591658,11142.39263,3.463097354,1
7.080794704,9660.658302,3.959293815,1
8.129585714,27834.2177,3.362537335,0
4.562156683,23829.79288,4.822883964,0
7.444914215,25489.07503,2.571391706,1
5.669689766,20081.53795,3.592133624,0
6.584839533,16609.92549,3.919954769,0
5.191834527,14866.10386,3.859801139,1
5.58247002,23512.83796,4.048113458,0
7.573906133,15926.42601,4.410729344,0
6.168838739,24827.51664,4.435760273,0
6.381979196,18982.95376,3.299047419,0
5.038316983,25866.10395,3.913695976,1
5.923441615,25951.55404,4.10736383,0
7.63876197,18308.50267,4.496626799,0
8.747271724,30348.24365,4.764707708,0
8.070477327,18266.61772,3.055790675,0
7.341547312,21273.45707,4.025643896,0
7.835907189,17643.40715,3.183864293,1
7.34303214,14037.03993,5.288057754,0
7.080794704,39742.97033,3.916745727,0
5.584086838,28748.68774,2.559708428,0
7.080794704,27331.36196,4.413974383,0
7.033495255,29322.7407,3.678957292,1
6.320375485,20481.64207,2.728617552,0
7.560392223,14739.06854,4.257805308,1
5.910251929,15244.84639,3.660923108,1
6.709336639,8238.290039,4.074387428,0
9.107330583,24678.32929,4.492140149,1
8.176079815,21856.98863,4.112322658,0
3.795133105,27179.40482,3.185083368,0
9.918717264,21470.27831,3.385508644,0
7.274198251,16255.90137,3.152762994,1
9.778182013,23335.67421,4.143365519,1
8.115624707,15513.01258,4.40881214,0
5.470982022,36435.79351,3.844020071,0
10.66736413,28912.2022,4.135569109,1
7.080794704,11900.0552,3.153800419,0
4.168248661,23863.71686,2.804525251,1
7.617014309,29818.09504,3.800552799,1
8.649868825,18503.76653,3.08168144,0
6.023022941,10925.3601,3.668088779,0
7.080794704,19909.93885,4.592538179,0
7.080794704,23879.22676,4.235174615,0
3.445062064,33424.76868,4.184397169,0
9.16099774,28170.8851,3.542527993,1
7.080794704,18221.08534,3.469561286,0
9.045720745,22829.11084,4.213700644,0
6.960603702,11348.676,4.978820388,1
8.016418575,30854.83047,5.320015655,1
8.062805843,11567.88784,4.4718422,1
7.058182808,26608.92915,3.613834971,1
10.16417354,16522.71575,3.530941155,0
10.15544037,12652.36298,5.00246746,0
8.999499139,20933.51275,3.695084255,0
6.646470122,5516.874953,4.387601942,1
7.080794704,26148.53787,3.893327032,1
6.632031769,24161.25498,3.38629449,1
7.080794704,22387.31575,4.649365228,1
8.268307792,13181.67352,4.405408398,0
8.722311424,20256.35307,3.009289396,0
7.080794704,12962.38967,3.500848862,0
8.037761308,40368.42063,3.572519202,0
5.961301772,23926.07883,4.919585247,0
7.080794704,11125.44354,4.699121187,0
5.735723755,25363.01659,4.732953771,0
7.395451047,22561.50831,4.990235833,1
5.846786897,19417.76721,3.371111081,1
8.013516629,20375.66827,4.44490079,0
8.337696401,30969.04759,3.454197657,0
6.906575198,15201.33995,3.282749703,0
7.400238781,8136.071591,4.880119968,0
8.861701757,15247.12803,3.579107442,0
6.966943162,25441.05612,4.356931333,0
4.595607956,13891.03853,3.978920007,1
7.080794704,28499.10733,3.403269787,0
8.543217037,33037.35339,2.847875448,0
7.958984492,23625.81389,4.698008116,1
7.344976069,5689.804405,3.418763395,0
6.255149949,24316.16334,3.146482736,0
6.901863649,20442.61501,4.047907492,0
7.296573075,22535.08516,4.679168843,1
7.273368428,14206.35732,4.196421236,1
5.38984613,19646.23342,3.577675121,0
9.814247669,30575.9469,4.317531487,0
6.946717758,32946.56752,4.93498623,0
4.29168793,18038.47437,4.616088754,1
2.92517452,39233.09884,3.678588421,0
7.187766046,31125.74043,3.78412098,0
7.080794704,9783.368728,4.626701223,1
7.60952139,40879.78957,3.145843103,0
9.802720982,27357.45674,2.764634081,1
9.011480607,34865.35768,4.270801589,0
4.737391457,30684.21164,3.853388272,0
5.96406556,22168.33156,4.696721053,0
7.098245744,22671.47976,4.909571675,0
7.071314392,20038.79642,4.29372676,1
5.422445968,18542.95745,2.91175159,1
7.669012737,11579.44169,4.589513153,1
7.080794704,28415.57583,4.1190875,1
2.612036115,34798.25259,4.76520557,0
8.003031685,15007.27268,3.137551406,0
7.080794704,17766.25289,3.168031226,1
3.902475886,21167.5001,4.528522896,0
7.846463541,6670.659354,3.885624098,1
6.04451323,30191.69246,5.127778525,0
8.458814862,15677.97069,3.507708736,0
6.124672471,27951.61307,3.631006909,0
5.418503963,35902.71568,4.506539791,1
10.88730519,15177.21819,4.0041615,0
5.603326161,36873.55799,3.900421561,1
7.387433963,11694.63529,3.830577472,0
7.080794704,21707.49226,4.003819212,1
7.080794704,21716.42369,3.825770275,0
7.678945267,20243.0882,3.089549848,1
10.13793249,15088.82765,3.872018359,1
7.607224111,39184.84672,3.525027331,1
5.842359264,29644.81361,3.865296167,1
8.436759229,44896.98411,2.499910335,0
9.809996587,16819.42318,5.538200708,0
8.331553435,11635.77208,2.69238908,0
7.080794704,30037.22162,4.11358523,1
9.901930794,13180.6778,4.226949754,0
6.530796324,19174.59325,3.181635109,0
8.140344663,50793.89892,4.362792308,1
11.23542616,33773.10706,5.147055476,0
4.725997921,34265.83058,3.644606741,1
3.717704135,14841.242,3.780258931,0
5.376078492,36026.40156,3.629250522,1
7.080794704,30211.83299,3.840888962,1
8.575673222,15888.62521,3.506229264,0
8.875642478,28487.7086,4.006991759,0
6.791097366,20149.17967,3.084039962,0
9.396148599,25825.38701,4.606058255,0
7.080794704,18408.29497,6.7390002,0
7.239416121,13911.82663,4.531825495,0
7.183825923,14100.96899,4.597165712,0
6.297845834,21022.83503,1.680554225,0
8.034012117,25204.67408,2.452121006,0
6.450645125,27682.50745,5.241539396,0
5.327023734,13580.61848,4.855821451,1
4.931958645,31155.54022,5.045983083,1
6.335683342,26594.35208,4.57886139,1
7.463916151,27150.3954,5.075843804,1
4.140077339,40626.84781,3.167582771,0
7.080794704,19516.89804,4.169924218,0
5.473603598,14608.36315,4.957822441,1
5.590614636,35370.73552,4.726845217,0
9.186453577,27055.69626,3.453861656,1
6.442496636,11592.44562,2.891019079,1
5.423318696,18020.84243,5.224655034,0
6.848805653,20555.55957,3.130044963,0
6.53936971,21230.43141,4.527364578,0
6.195255105,16666.13081,3.138971587,0
7.080794704,14579.82207,4.161749471,0
5.84111904,17721.95956,4.237560618,0
6.79546921,15300.83867,5.163088354,1
6.931470627,35793.75779,4.249333374,0
8.174028331,19808.53777,3.986780904,0
7.184973319,25234.42797,3.665410862,0
7.096047301,17240.02106,4.785637578,1
9.462666217,12224.6246,2.850183966,0
5.600876717,20411.66438,4.362033869,0
6.903074531,17947.98811,4.473887211,1
7.79278373,21093.9322,4.047380986,1
7.080794704,24820.49309,4.25222058,0
10.01518926,9064.035831,3.846547749,1
9.869232135,29549.65882,4.736849777,1
8.285395475,19096.82237,5.438488107,0
6.394548223,31620.19079,3.042497018,1
5.099932205,21807.40013,5.159301449,1
5.651934041,16575.82126,3.872027337,0
6.323040514,24463.13742,4.749424436,0
7.080794704,18128.90829,3.502081704,0
5.742110607,26831.61041,3.323069764,0
5.678221167,18377.00826,5.42978194,1
9.181560207,24041.32628,4.503660996,0
7.861177901,25145.02412,4.157656828,0
7.080794704,25583.49201,4.514174813,1
8.926113343,15249.62024,2.752134321,0
7.080794704,18344.06944,4.515322534,0
4.319440873,30565.57839,3.241972301,0
7.965337505,25274.61031,3.390982311,0
6.321259515,8532.139517,4.501457404,0
4.700392924,35216.53427,3.481943896,0
8.52617007,11837.12336,5.083014342,0
8.297726078,20320.10845,4.166105674,0
8.065339236,21366.2836,3.756391907,1
7.080794704,10171.7101,3.757799299,1
7.414148396,32555.85254,3.160624668,0
9.092223656,17978.98634,4.075075625,0
4.031610644,15105.3731,4.037939355,0
5.381407719,15371.99994,4.364067135,0
7.080794704,12519.09066,4.43921544,0
8.237092074,24414.97349,3.686074673,0
6.449070209,16906.3313,3.331550148,0
6.394980661,21051.25691,4.732002927,0
7.080794704,24518.5743,4.174569076,0
7.080794704,13584.49034,2.364559112,0
8.261406152,24870.82594,2.80042832,0
7.664793723,20259.72585,5.481691134,1
8.304334853,18253.1811,4.181254334,1
7.243410079,20877.53484,4.466936115,1
7.080794704,20006.22911,3.4531257,1
8.11644677,23985.86442,2.934697637,0
8.238996797,25046.79864,3.089923949,1
8.142331113,29808.2369,4.70486613,0
8.184410206,17944.85238,4.5990824,0
6.681553768,26132.21181,2.956748275,0
7.739325911,30412.37233,3.645785695,0
6.978291068,26189.64706,4.931878279,0
5.842754801,13969.26156,4.490392764,1
5.331940679,16658.8765,4.434820458,0
7.080794704,32617.1246,3.232872316,0
7.417570568,23207.09284,4.671558081,0
7.080794704,19731.74918,5.294159273,1
5.646083512,22455.69501,3.938505827,1
7.60597903,10930.05567,3.242850129,0
6.021266143,19894.14759,4.028042601,0
4.238282725,29344.84448,3.787426089,1
3.623166048,26738.52536,5.370205749,1
4.692196763,24211.63077,4.009006262,0
8.248703254,24912.87971,3.540532204,0
5.214009394,34184.3084,4.453525756,0
7.080794704,11954.70073,3.282061593,0
6.069615957,26138.78019,3.669711904,1
4.032060734,14720.54483,4.814235296,0
5.92876754,19240.0582,3.59291249,1
11.56876817,39234.47018,3.761288628,0
6.769835081,34596.00187,3.655789769,1
6.549187801,19236.0125,4.190311321,1
10.00330074,46113.95749,4.746382059,1
5.669818974,27244.63447,5.600458771,0
8.839584102,21179.76259,3.118039654,0
6.569054076,29123.7083,4.204699329,1
5.456681088,20967.84061,3.799472749,1
7.539882093,21575.24522,4.53159387,0
8.758560256,25564.76756,4.444375842,0
7.080794704,25954.03176,2.951395953,0
7.985406594,17583.08034,4.752451939,0
8.886979532,26062.44722,4.731195277,0
7.080794704,5699.504942,2.27639216,0
6.415108672,19310.06201,6.073006214,1
3.961389247,24028.40541,4.0929661,0
7.160467431,6743.346066,3.884891244,0
6.365497441,7040.737621,5.125416776,1
9.135452144,32105.28712,3.643687003,0
6.021051523,18966.36305,4.661057752,0
4.616439134,14982.30548,2.634341221,0
7.940713424,10762.93863,2.990151091,0
9.917092257,37215.22684,3.39332558,1
8.025220221,15457.49866,4.134942929,1
7.080794704,24711.41493,4.331691103,1
8.082148276,28407.66103,3.373484714,1
8.787668141,7035.133797,3.489945795,1
9.241338967,31598.53638,3.842577804,1
7.080794704,12635.3677,4.480574591,1
5.973951449,26804.10949,4.208923405,0
6.971577382,27959.98787,3.226348701,0
5.284096887,26532.73725,4.800963342,0
7.080794704,32768.22797,3.499453274,1
7.702183299,18126.03096,4.382159362,1
7.493291016,9465.323905,3.74874711,1
7.080794704,18668.36383,3.772078273,0
4.815766991,16392.13507,4.375224011,1
5.853560801,19790.85693,3.756874095,0
7.080794704,35418.73504,3.384648705,1
7.080794704,30524.09379,4.938389394,0
10.93311092,18846.63491,3.894988824,0
7.657991437,14245.78912,2.437296488,1
3.975752858,17430.84194,3.666823999,1
6.363836578,9844.702293,4.038983702,0
7.080794704,23084.06659,5.564901743,0
6.715719288,19966.7447,2.443008206,0
5.63692376,27283.78065,3.007138299,1
7.051786,30980.60079,4.268429058,0
7.080794704,22444.09007,3.594444616,0
8.59639138,14518.9745,3.519884566,1
4.858055802,32886.5289,4.130972447,0
7.455541363,16242.06028,2.930364796,0
5.606856331,32423.46269,4.070966298,0
6.179312278,21532.51923,2.951961135,1
11.49670265,14158.15728,3.132253496,0
6.505066007,16982.13197,2.890998722,1
6.225152213,29533.60883,2.770822853,0
7.080794704,37861.44001,5.113869906,1
7.074251644,16739.26664,4.878944316,1
5.230454169,24790.7246,3.695615312,1
5.899936767,30379.35944,3.858979015,0
6.35716692,14782.80422,5.222077491,0
7.080794704,20827.98384,4.23825318,0
6.823930337,13467.87978,4.016144276,0
6.96820916,39995.18627,3.63264409,0
6.747415483,24539.71316,3.377450724,1
8.310373872,23260.472,3.493054086,1
7.137428897,17506.6088,2.96418155,1
7.080794704,21174.40848,4.217553578,0
6.115180239,24699.5239,3.69086206,0
7.886591427,38852.02964,4.589983708,1
7.159614112,30897.99004,4.943842801,1
7.080794704,11724.62332,3.56139803,1
6.332387066,23073.06397,5.159001949,1
14.0000002,24008.99204,3.170994074,0
7.080794704,25973.32663,3.151768024,0
4.96577376,21802.7449,3.421767049,0
9.888941601,19892.38891,3.75016371,1
6.002414812,16136.43327,4.315308215,1
4.016590433,28612.26611,4.417134353,0
6.580043495,27668.48572,4.756446479,0
6.277463293,22807.33885,3.123166359,1
8.544708862,31429.37903,2.31815268,1
8.410460843,27554.34526,2.977360146,0
9.22858183,10345.39931,3.8391856,0
8.054885944,12642.06595,3.514097975,0
6.155738824,30284.49487,3.685976028,0
7.091886017,29091.2071,5.116406785,0
7.8564713,5619.135558,4.534681298,0
8.87027846,16854.12946,4.182740865,0
8.896419188,8870.902966,3.700945933,0
5.91375552,12044.62469,4.023776102,1
6.103731505,17977.52565,3.38304912,1
7.080794704,14101.86929,3.62463545,1
7.822492083,22308.82173,3.835332368,0
8.028304442,20408.4856,3.91599101,0
5.524296731,26220.17421,4.033391418,0
6.917920416,17862.14273,2.691485335,0
8.29372031,35216.38597,3.954715483,0
6.505872709,29534.69029,4.497528797,1
6.48819344,34864.42789,4.592073771,0
6.990452877,17679.3511,5.184442195,1
11.49101111,37188.82602,4.369264514,1
7.950816784,20827.91758,4.543685606,0
10.761898,25999.95367,4.661798716,1
7.080794704,28864.91028,4.697040886,0
4.933106338,27771.08013,1.4500002,0
6.323942273,23234.78893,3.575010776,1
6.609680522,17963.86685,3.589146641,0
6.990801031,19713.41152,4.332640072,1
6.340809222,15288.21377,5.45860989,0
7.943882677,32071.17937,4.111691545,0
7.080794704,17092.22583,4.31606345,0
5.746529394,35633.26851,3.808372206,0
9.680474978,32916.33148,2.79584033,0
7.125211276,16701.56598,3.908075546,1
5.652501487,25868.59873,4.856444392,1
6.603640917,14598.02579,3.403798635,1
8.167792832,27141.3629,4.289395684,0
6.833111219,31461.19676,3.021573795,1
7.464485386,26559.3609,3.880576217,1
9.293621813,50166.53332,3.661882414,1
7.460148018,25480.91841,2.413629052,0
6.542281987,35965.74458,3.794055633,1
5.624820196,9028.760345,4.355489362,1
6.070091152,26764.49443,4.699457611,0
4.999414011,24323.8659,4.460684132,0
5.041405228,17342.31408,4.543685961,0
7.080794704,25717.93618,4.306218431,0
7.636454291,18136.26158,3.332906697,0
5.497580521,29493.42297,5.060115129,0
8.596767412,15173.47115,3.238693133,1
8.895574658,27622.74627,4.754235002,0
7.752176413,13655.68065,4.72550731,0
9.130607444,19968.67784,5.288486993,0
6.793698835,14470.05355,4.822958246,0
5.970035857,16324.1152,5.428674272,0
7.080794704,18570.28534,4.135745529,1
7.042794077,16733.1241,3.965647267,0
7.080794704,15908.56187,4.380978504,0
7.397413499,8855.114122,3.14915771,0
11.53488069,4111.785432,3.000096439,0
7.080794704,23572.1578,3.09381465,1
8.764495819,15978.03656,5.790838206,1
5.483974309,21144.97526,4.063613821,0
7.248991398,33123.44298,4.255979851,0
3.681076471,26726.77111,3.893070603,1
5.140800728,21407.61429,4.192257649,1
9.764658334,38781.45742,3.024571378,0
9.687260228,18752.5764,3.085835667,0
7.080794704,17705.60862,3.9991257,0
8.628301274,31548.00646,5.100858054,1
7.374775614,12285.89148,3.592264928,1
6.98440573,18194.54531,3.406210658,1
6.106759836,39430.30782,3.924967264,0
8.384623352,29956.36302,3.682780538,0
9.318614116,24497.87394,4.642719486,1
4.921094103,14126.59053,3.285187051,1
7.080794704,18257.56927,4.358298541,0
7.948488572,23602.18783,3.891124546,0
9.864727292,12978.19713,3.701895498,0
8.581043021,19970.43429,2.883145577,1
7.080794704,25355.99892,3.279888538,0
6.124847529,15092.01764,4.211967854,0
7.080794704,11429.2012,3.802426944,0
9.314522592,23087.21766,3.092940673,0
7.102446818,23493.12086,3.065508572,0
7.704410452,22057.37917,3.031364569,0
7.260319882,8127.071254,4.282314956,0
9.484703454,56351.3963,4.132274438,1
7.080794704,36819.98684,3.524414042,0
5.77119925,24909.44401,4.688959265,0
5.324641631,728.7508298,3.652003555,1
7.164478495,32751.92896,4.998203635,1
7.445189493,24741.535,3.637894781,0
7.207886981,35804.29261,3.762741272,1
9.515140815,9082.816176,3.812887861,0
8.719240407,17430.91972,3.912836237,1
5.796237102,15671.11929,2.483643597,1
6.910765312,7764.438022,4.340149144,1
7.080794704,5576.628297,3.216414202,0
8.179890643,17291.61826,4.295737931,0
8.891674251,41801.44184,4.522599429,0
7.080794704,9344.653323,4.559336842,0
5.626339728,14442.41888,1.943318977,1
2.128531634,24905.28452,3.842109617,0
8.67993517,22984.05095,3.873470498,0
6.20964246,13116.70771,3.612519815,0
4.337119669,34355.61843,4.40163546,1
6.730427972,9258.767076,3.961942235,1
6.768060249,23793.03136,4.145806902,0
8.357613193,34989.04708,4.366242428,1
8.215123707,30579.37107,4.511384249,1
7.080794704,24634.55244,3.498717019,1
7.021617681,12352.81111,3.85563645,1
7.080794704,21687.47345,3.242545648,1
8.96724431,34446.78226,3.742256144,1
8.684778872,40799.36033,3.877349385,1
5.906441965,27296.29405,4.807496142,0
5.057736611,11229.13778,3.163936137,1
5.33418378,28897.49153,5.091357301,1
7.080794704,25703.1552,1.659799585,1
7.080794704,29721.91163,3.355164842,0
7.080794704,23469.22087,3.600220638,1
5.767349797,15417.93283,3.896090687,1
9.161088813,26618.05964,4.888061337,1
8.570129321,9782.344284,4.604404761,0
7.080794704,33798.10896,3.845127366,0
7.436537427,31935.69071,4.497629368,0
9.925041528,10704.60318,4.703803689,0
6.360196019,13742.13949,2.713248579,1
5.368125954,32619.31297,2.004142786,0
7.080794704,22656.71463,3.735204651,1
7.62350012,36267.26666,4.764995384,1
7.010243576,26395.24878,3.279006527,0
6.155249361,19781.6106,3.803908714,0
7.080794704,20857.90822,3.77609992,0
7.080794704,12675.93896,3.240419297,0
8.111101231,35200.79883,3.663775141,1
8.310938976,7929.504749,4.408559884,0
7.080794704,40710.52439,5.486132509,0
6.724639542,41552.01966,2.921414972,0
5.613562847,16615.90815,3.465088876,0
7.080794704,18327.43843,4.54358137,0
7.080794704,30797.52,3.36517464,0
7.02729706,31151.61518,3.392666623,1
6.328553281,33315.94708,3.265854337,1
10.5047604,31320.24559,4.681366562,0
3.388090811,20230.12558,2.798601148,0
7.080794704,11532.22318,4.086175837,0
6.510855811,15147.17146,4.225608576,1
7.203439049,22826.4847,6.389161209,1
7.734569403,21776.59446,3.821456175,0
8.558663324,38767.75637,2.590635663,0
8.736126584,12726.29864,3.368532811,0
7.080794704,39802.51492,4.989876368,1
6.867521904,20247.20103,4.837268204,0
6.655605226,20571.84571,2.951644915,0
7.080794704,18964.09226,4.600663596,1
7.992320564,17076.66379,4.342796988,1
5.700785147,27365.10636,3.978141479,0
5.620533636,27852.09744,3.439476048,0
8.210443765,13933.08536,4.97605536,1
9.58789523,11351.86186,4.666917174,0
5.690387624,14083.82989,2.988621231,0
7.080794704,10643.18677,3.065910572,1
6.684699937,34157.18447,4.030660031,0
6.9777443,18622.4448,3.530622894,0
7.74045407,19713.50437,3.54131687,0
8.651389927,15901.28516,3.26640994,0
6.427512643,25993.71141,6.032995077,0
7.47102687,15736.58099,3.70797428,1
6.599594019,21078.88717,4.702310953,0
5.660736511,16488.01751,5.016187759,0
8.85411974,19258.80307,3.461350624,0
7.917608795,15805.65015,3.784085581,1
8.238879189,11451.31222,2.784712997,0
5.941265756,26562.44718,2.227371075,0
5.412119745,2835.303165,5.680346787,1
6.45278095,22034.9546,3.425065296,0
7.498372659,21736.37332,4.242241999,1
4.556656919,14400.71863,4.392257525,0
5.782079234,25366.12069,5.059361768,1
9.842056494,6785.145303,4.179197963,0
9.638222468,30739.68909,4.614369874,1
8.92814228,27884.43425,4.111101746,1
10.19166544,13630.04731,3.403422898,0
10.02615936,14962.17783,4.182277782,0
8.65479285,14799.31146,5.148138088,0
6.775631333,15525.39396,3.017544506,1
5.49978793,43195.47367,3.668220683,0
9.894562329,26436.03333,4.61753308,0
6.412707242,32333.84154,5.014145084,0
7.744098731,30809.7057,5.104188446,0
7.46072742,25222.956,3.949014818,0
7.038347717,23951.10599,4.575578605,0
5.492156183,26422.09789,3.294129566,0
3.102075765,45148.80812,4.248075569,0
8.192210356,13528.54938,3.489283278,0
8.937802608,10562.46054,2.831234626,0
8.240946015,18001.45919,4.666295531,0
7.2261274,23129.74806,4.153559101,0
6.74881175,22475.09296,3.312512966,1
4.709186947,22291.41858,3.860084152,0
7.808856218,17329.80216,2.798243042,1
7.086168601,4304.492483,3.416539953,0
7.36876873,18452.02299,3.813881476,1
8.27579583,22013.96491,4.72133975,1
6.364155874,22958.00999,4.764412242,0
7.080794704,11703.92391,3.510004245,0
6.887864144,19947.92418,5.454487852,0
9.445130038,13168.52916,3.875165447,1
8.721726911,28608.05208,2.555027104,0
9.001823065,15379.91276,3.976873652,1
8.862868131,17465.09589,5.758675919,0
7.080794704,28894.47697,2.959749814,1
6.643026738,20511.36924,3.709988862,0
5.963479405,24435.64208,3.727813523,0
7.080794704,11582.46258,4.374332747,0
4.964070542,17694.57483,4.761701004,0
7.080794704,15618.13524,4.575874348,1
9.919478626,16544.27559,4.11748824,0
7.080794704,20406.92767,4.102529682,0
7.468617219,36701.97435,3.384179041,0
7.763415307,20019.26122,4.113536387,0
7.080794704,10540.34228,4.149483465,0
8.142660601,20111.22595,4.617093689,1
5.940476076,17177.07104,3.997969871,1
7.032818926,29370.26418,3.633373489,0
6.660212226,30944.36359,3.749701441,0
6.164480427,27312.16838,4.834023296,1
6.897322341,25650.77764,5.02278383,0
7.528980605,8129.734919,3.644409965,0
7.080794704,23133.66235,3.517153223,0
6.769769539,16980.25848,3.846612101,1
6.044671953,13593.60002,4.914883956,1
6.622103136,16010.52415,5.290920916,0
7.917049643,27192.28056,3.659484825,0
7.080794704,17388.98257,4.217743945,0
7.080794704,9626.893206,4.654177535,0
8.935116126,23774.25828,5.168298008,0
6.628256397,15911.35751,4.464457384,0
8.589202544,7263.056749,4.041445871,1
6.904121573,10836.96978,4.141819403,0
10.94747284,27671.5226,3.112317682,0
6.630251909,22557.77958,5.181202692,1
7.808641336,15694.50719,2.472720525,1
8.058136197,29298.35949,3.13060914,0
7.437216853,20185.58716,3.866874773,0
7.080794704,31251.64373,3.906526485,0
5.499489486,13902.96865,5.846827158,0
7.080794704,18908.62826,4.013477262,0
7.053116939,19500.34998,5.67199905,0
7.080794704,19575.47536,4.32920425,1
7.377036704,15340.95184,4.531658888,0
5.019984967,19272.70448,4.089485628,0
6.593174657,21857.83889,3.931653371,1
6.115637746,15765.78672,3.723625673,0
7.226592911,22097.41322,4.337117099,1
6.14301868,34865.32463,5.37040361,1
4.275159873,26098.63796,3.732856251,0
7.55796383,32833.43117,3.292270353,1
7.080794704,12190.1716,5.026270926,0
5.731042339,1351.906979,3.675807227,1
8.635848919,13672.09176,4.401424915,0
7.021295506,23109.85423,3.675558156,0
7.080794704,25305.10293,4.133069539,0
7.083779261,8580.245561,3.887680885,0
7.080794704,44506.44156,4.124780878,1
6.44455537,24855.83004,3.551905559,1
6.18969946,15229.70287,3.02737168,1
6.163519215,37282.52249,3.477245089,1
5.487876563,20162.01862,4.223576682,0
8.281120855,17995.40522,3.687995264,0
7.080794704,21919.47016,3.954964492,0
7.080794704,18752.26968,3.293552831,0
8.719764532,30681.12026,2.887725622,0
7.051396626,15423.38728,3.172091314,0
10.28937981,18869.21209,3.500167176,0
7.163999423,34226.07213,3.354322467,0
5.068795702,22781.36453,4.362085853,1
7.080794704,27030.755,3.993125942,1
7.080794704,35971.02511,2.934137201,0
7.918183521,20012.17298,4.764193794,0
7.080794704,33784.82623,4.678745235,1
6.128425835,9615.83271,4.633824062,0
10.14708978,20642.58872,2.799440818,0
5.9159445,6967.735565,2.585849515,0
6.27629519,28653.47234,4.342759477,0
4.004248533,32821.85009,4.445946636,0
7.080794704,45141.68604,4.604724996,1
7.044375519,12575.27963,4.276699274,1
4.894278274,10922.54199,3.594991064,0
7.586235988,16409.93656,4.351335281,0
7.080794704,36152.8209,3.995973987,0
5.404510874,10168.17654,3.998176086,0
6.153496124,48175.85209,4.819970658,0
3.71517156,15900.79715,2.35333834,0
5.814564434,29382.33526,4.131912108,0
9.313466093,41982.61066,4.493612965,0
9.239440561,14829.62421,3.471971327,1
8.832142461,12171.02455,3.914512085,1
7.366672189,15547.18663,3.394450473,1
9.519660184,17258.18836,3.994556336,0
4.26526984,25634.53328,4.900446269,0
7.080794704,16146.15711,3.772919465,1
6.514415293,21218.70287,5.200885277,0
7.080193259,39431.11265,1.492206815,1
6.730883802,22296.05965,4.359137564,0
5.903465915,25394.10472,4.587086919,0
8.02724807,7714.746969,3.480641037,1
7.984710942,40709.78166,4.567880172,0
6.438422004,26448.24509,3.380360594,1
5.345887347,22274.36837,2.950361143,0
7.423088286,31073.03134,3.712682165,1
7.080794704,20063.49033,4.565423482,0
7.519227663,16897.30704,3.275725159,1
6.549125198,7412.798059,4.421059044,1
9.149734127,30468.64183,5.436819504,0
7.080794704,14807.41355,3.434798795,0
7.775385793,15704.48209,3.309471916,0
3.719791844,23590.93213,2.718397934,0
6.904537058,32981.25838,5.058905648,0
4.788861262,28174.62052,2.896852386,1
9.11278645,20868.62798,4.567087834,0
7.080794704,16670.99601,4.304051832,1
7.080794704,14563.68265,3.957011909,1
3.722500686,37962.16799,3.662837932,0
7.110845338,25043.5328,5.712792327,1
3.882631281,7751.809491,3.734001587,1
9.564853266,17156.33671,3.182805559,0
7.484255038,30616.61515,4.781188377,0
7.080794704,20311.40247,3.887362127,0
7.812804588,42550.84182,6.204846559,0
5.225684007,16276.3986,3.695747182,1
7.457164958,31085.08343,4.106543252,0
8.218171266,22465.68756,4.246446372,0
4.405327347,15039.71041,4.086867445,0
3.846814528,26895.25796,3.584202116,0
6.532097474,8240.81271,4.599324241,0
5.588129951,8730.312436,3.165618682,0
7.080794704,28415.18435,4.052367338,1
7.240271991,23432.96269,3.832597367,0
7.894322983,11697.60697,2.865031643,0
6.158424206,26369.02657,5.080497755,0
9.02678792,27965.07215,2.019042218,0
6.898932682,15422.22089,3.688455753,0
7.080794704,20004.73363,3.882004163,0
5.898726525,21148.2419,4.899815387,1
7.580049008,31749.9244,3.959636724,1
5.345345571,10315.35397,2.362886222,0
8.182103506,19642.39442,4.605237962,1
8.73352553,24578.42122,3.149202,1
6.707108406,10794.7839,2.640246613,1
4.563370843,13490.60815,4.825179426,0
7.605675021,9583.710442,5.554074726,1
7.774468669,22316.39828,3.891097534,1
7.080794704,14064.89916,3.732339531,0
7.719001005,13939.29402,2.884818971,0
7.130099396,9480.617797,1.986191793,0
5.701154845,41411.60171,3.403136616,0
10.04102817,16266.43445,3.807562806,1
8.829806378,17732.91467,4.423886242,0
7.080794704,21136.28676,3.310858708,0
7.393110353,13215.70638,4.431739247,1
5.711212706,21157.17973,3.953335167,1
6.175165149,32875.19206,3.341369491,0
7.080794704,23917.19015,2.857687405,0
6.102533506,24196.26442,2.292573981,0
5.429335042,15265.40756,3.08173612,1
7.080794704,27979.73622,3.439623554,0
4.775983639,19185.79188,4.382161819,0
7.277144167,18270.10506,4.931353722,0
7.080794704,3900.913892,4.071343875,0
8.080415444,18136.12886,4.070824492,0
8.32398235,21292.82875,4.153782857,1
5.039406976,19336.60807,3.1269561,0
6.252810411,27690.47478,2.921797589,1
4.103868055,22207.47023,3.808850894,0
1.757037315,41538.24273,2.96755433,1
9.879071458,14673.67067,4.218831354,0
7.860106622,34591.67815,3.499774884,1
9.036504548,21696.00324,5.661984663,0
7.882124147,5477.347215,5.364172369,0
4.443851056,24070.26365,5.038119146,0
8.249550709,32898.74937,4.284831319,1
9.597192057,21153.32283,5.145153071,1
7.456250985,9163.294448,4.279697628,0
6.86313645,23610.51756,4.319777395,0
6.922652571,14682.66584,2.877354467,0
7.080794704,21093.21741,3.589251834,1
5.202672213,23051.44186,3.927980776,0
10.60059019,21558.30874,5.477700514,0
4.301373667,26640.07219,3.067626899,0
6.944868587,16904.20109,4.241135381,1
6.593764513,25589.61059,2.346578295,1
8.085760001,32653.91036,4.068689109,0
6.877457133,27433.58729,3.827650272,0
7.261550722,24964.7777,3.636364383,0
8.811472448,12138.42295,5.587396188,0
6.891561855,26240.49298,3.561962772,0
7.080794704,36112.13463,2.43250741,0
4.574124882,22520.41864,3.086500126,1
7.080794704,29368.67418,5.052736966,0
9.076318194,14153.64338,3.436986024,0
8.107092015,24531.86944,2.769164271,0
6.17251757,10498.63515,4.129985195,0
9.612899164,16598.57751,4.016409762,1
7.651294426,11699.13355,3.258041847,0
5.685216663,17628.04306,4.066157197,1
9.769251206,8471.677382,4.636556395,0
8.96969759,9049.682595,3.983099018,0
6.643158912,32873.82002,4.562197871,1
7.080794704,11981.74019,2.678910913,0
7.822257563,22411.00686,3.080866119,0
7.080794704,38977.3308,3.261591931,1
7.40265335,19259.19394,6.226580605,1
7.831117937,19130.96153,3.807997664,0
7.080794704,31081.73526,3.345543555,1
5.801571467,15327.87972,4.425377764,0
7.022952313,15978.35525,4.971907299,1
6.406798013,17851.06402,4.573968465,0
3.691932893,9439.783993,3.846607155,0
7.446089259,17763.31099,2.948657639,0
8.746986176,22174.78114,4.763730736,0
4.745764571,33153.81298,3.699146459,0
7.080794704,32981.23946,3.231679893,0
6.457097725,18340.04681,2.637365085,0
8.116350475,16514.60809,2.526016436,1
6.05460738,10215.81242,4.88916356,0
5.694694438,7998.674511,3.870611,1
7.080794704,25338.61934,3.13400035,0
5.728823979,12932.59039,4.41217375,1
9.074923074,21633.72173,3.84047921,0
6.967861597,13401.04439,4.893215473,1
7.503085965,32000.17894,4.305513825,1
7.59312785,18371.0572,3.377337838,0
8.136498069,30031.83918,4.20418605,0
7.080794704,20325.70213,4.032267539,1
7.080794704,28184.90053,4.456104261,0
7.22299776,21314.86979,3.96625871,1
6.256651348,16905.80152,4.181050953,0
7.497988015,30927.39428,5.738991225,1
3.590822564,33431.67112,4.144781073,0
7.490807854,6873.559886,3.716367755,1
5.840811754,16087.26971,5.049463726,0
5.584124558,29999.98701,3.852732093,0
6.283103788,26188.16217,2.663920934,1
7.619845277,37279.12895,3.779648633,0
9.419510516,33155.57822,3.298875699,1
7.388292239,12928.64443,3.846830461,0
9.221955842,26502.59577,4.294252187,1
5.527633683,22095.63716,4.59113725,0
7.205559375,24627.86756,3.710053326,0
5.859690674,19231.03329,2.747333027,0
6.848000313,26296.9483,3.815227809,1
6.385471098,26756.918,4.681716853,0
6.648849386,30733.50384,4.827527598,0
7.301563649,23441.26714,2.774961149,0
7.080794704,13766.33079,3.979297067,1
7.064789281,20567.14593,4.401628035,1
7.080794704,26552.9744,3.206995683,0
9.341092003,18254.11066,4.5987867,0
7.080794704,18318.72037,4.181264306,1
6.622791556,13900.71652,5.60929101,1
8.170588245,12806.83233,3.995857249,0
5.168340528,17914.34023,3.841162825,0
6.407963536,28460.2034,2.954092852,1
6.64879321,16388.40527,5.138048028,0
6.541007899,29616.49287,2.355934429,0
6.30497186,21046.44852,4.221305934,0
7.833361201,13394.73161,4.270973338,1
7.220165753,15658.08628,4.398685236,0
6.100245591,13886.80971,2.174898399,1
8.532377674,30268.42127,2.380088249,0
7.080794704,42268.3343,3.601735681,1
7.086877526,25524.82347,3.992848411,0
7.080794704,28266.75511,4.312289908,0
7.080794704,16429.9079,4.454964542,0
7.080794704,11562.43551,4.589162005,0
7.879543434,37000.95567,4.066229564,0
7.080794704,15380.12408,4.516869964,1
7.080794704,27418.78104,4.197595409,0
5.455599552,37620.24847,4.476348915,0
7.514835866,17017.42996,4.29973236,0
6.6249438,16360.5663,3.546696572,0
6.629985236,21495.53756,2.534499678,0
7.119824584,18730.81365,3.445756423,0
6.425874066,11965.39651,3.731936703,1
7.096098511,24548.5983,4.569760236,0
8.388322694,16795.82048,3.854771716,0
4.886380004,38633.30517,3.227849286,1
6.174750779,21504.13882,2.566048988,1
6.788291783,25661.36054,4.255948517,1
7.080794704,15255.11526,3.796737686,1
7.521920836,20139.43035,3.110932591,0
7.278911103,22184.52703,4.201577447,1
7.088940842,13839.71343,5.661104487,1
5.754213168,31871.29124,5.920234115,0
7.080794704,22539.71161,3.398592787,0
6.784279529,17569.57982,4.045547256,0
7.37533782,28767.75742,5.127395149,0
7.526680595,38468.41358,4.148223329,1
7.608750391,25410.81187,4.627464423,1
6.341751424,18058.32029,4.01901075,1
6.123194135,15135.12724,5.457831151,0
7.080794704,23727.09411,3.714469453,1
5.654119143,16431.2049,3.466264658,1
7.080794704,17382.42737,3.843405396,1
7.349653577,20443.13506,3.861684292,0
7.080794704,22060.18687,4.963535303,0
7.783305813,24789.35473,5.045619828,0
7.080794704,21626.49759,4.728124185,1
7.384049088,14417.97953,5.337987302,0
5.666446345,24383.74154,3.836823501,1
7.744772752,27648.15965,5.016321399,0
6.187938254,12682.15094,3.546183402,0
4.865444468,32858.4831,5.070254559,1
7.080794704,13568.2712,3.067034181,0
7.749773984,21995.06807,4.317186498,1
7.71408956,27336.96262,3.182583057,1
7.916669899,39431.25263,4.275192919,1
7.080794704,14550.41701,3.794033312,0
8.360796027,28722.17585,3.715951609,0
5.290667077,9265.104948,3.530573816,0
5.393346114,28099.03873,4.633854952,1
6.309891776,31062.37192,3.603040662,1
6.143921654,29072.16965,3.476213504,0
6.210647806,19330.03577,3.21212418,0
8.043889499,8896.195119,3.15994957,0
4.908899924,13516.91149,4.196429697,0
7.080794704,7460.247261,4.266869245,0
9.739562149,13623.16006,2.568080077,1
5.117913729,26215.4011,3.806700692,0
6.017261124,15157.26879,4.427712482,1
6.114332251,30606.22359,3.68041019,1
7.442023284,34565.70169,2.894651372,1
6.207433168,13442.60347,3.549299041,0
6.790838399,14348.57292,3.438280039,1
8.490571762,22989.79639,3.875557005,0
7.539742295,26716.35971,4.21067804,0
6.381977305,20709.27976,4.99189619,0
7.080794704,20278.33827,4.940014717,1
6.81170247,15149.48987,3.275008608,0
9.434006075,20474.82082,4.201054564,1
7.080794704,20886.78656,3.86034781,0
6.037428394,12988.79123,3.594217564,1
8.594217451,29706.23422,4.489544994,1
7.080794704,37030.70812,4.825792483,0
8.594677308,23220.12061,4.754072699,0
6.271012371,24846.14187,5.303581561,0
6.9641985,27408.49933,2.395683382,0
8.016279303,14034.4858,4.308223081,1
11.89807823,8296.550611,3.024968687,1
6.145148561,39657.27211,4.600885955,0
8.860451054,24085.11214,4.677713527,1
10.90507661,16099.1519,3.720264579,1
5.772769898,26693.76161,4.154685624,1
7.417502837,24389.36289,3.391240867,1
7.117578858,31528.94869,4.333401937,0
7.855906568,19850.18289,4.15189003,0
6.777506559,15228.91291,4.263180468,1
7.080794704,8076.822283,3.373936708,1
7.080794704,45243.02895,4.108856903,1
5.896339546,17420.08715,5.032855121,0
7.118980368,32528.11561,5.349210786,1
7.080794704,10634.05905,4.799013121,0
8.989900291,15921.41202,4.613843048,1
6.427365344,20920.25156,3.568823353,0
7.080794704,21875.2164,4.123239679,0
11.90774003,17083.17509,4.256415621,0
6.395359332,23827.27502,4.191217715,0
7.080794704,12224.31051,3.463172748,0
8.55409717,32112.56987,3.56361006,0
9.352719953,23558.55475,3.398264365,1
5.575920848,14553.13231,4.294447759,0
7.080794704,16219.47532,4.904366776,1
4.09141165,24252.45882,5.95232502,0
6.105140335,45249.44903,3.103090044,1
8.296344256,17468.9998,5.400810989,0
7.080794704,18406.59418,3.71095774,1
8.394509785,23961.50454,3.712473034,0
5.078274375,18125.6384,3.631042514,1
5.934279293,23249.65383,5.217895224,1
6.784133224,12827.62101,5.035823044,0
5.941942736,14778.03288,4.302179485,1
8.522567933,16446.32805,3.358284605,0
7.157338064,23718.55201,5.183622315,0
7.080794704,25795.69364,3.789196151,1
6.789821021,22527.68121,4.512068405,1
3.148712485,23257.20883,3.465638036,0
7.868147286,20434.10574,4.315898606,0
5.174896232,12871.55122,3.44502828,0
7.080794704,8906.975623,3.842114186,1
8.757110712,31040.88449,3.80879321,1
5.092757439,28390.89136,4.636728896,1
5.716755867,12641.52781,4.080675196,0
7.361600032,29169.72078,3.751588822,1
3.832917609,23535.0289,4.768660597,0
0.989912413,16922.8539,5.160603988,1
8.163076583,20335.67651,3.287244171,0
3.94012566,25911.32168,3.478005008,1
6.369111831,34456.80113,2.275903661,0
9.024845237,19859.67648,3.985250706,1
7.693555435,21856.14521,2.750696105,0
7.793039371,17398.38584,3.389270298,0
9.130796099,28273.60324,3.025707569,0
3.657123333,23736.81626,3.31462993,1
6.718249645,21043.62693,4.488904516,1
7.918087279,29565.71111,4.64004321,1
6.149185374,20596.39123,4.275615074,1
7.918150671,23823.49289,4.028958207,0
7.080794704,14916.98609,3.864931235,0
7.487573564,28837.3304,1.801327199,1
10.26841492,14694.42063,5.199864788,1
6.649705511,16191.42609,3.085178709,0
9.735889588,10897.15029,5.573210519,0
6.071183622,14852.53068,5.036334354,0
7.475537102,31359.38646,4.015574462,0
8.243091186,29461.02377,3.550717031,0
7.494391301,25058.16022,3.579652038,1
9.049166254,4343.356611,2.814000883,0
7.380105035,16862.54348,5.030452402,0
4.666148331,35680.06788,4.556863952,1
4.663492392,41452.62557,3.742293654,0
10.22386236,28749.71654,2.672988937,0
8.922409759,13291.92261,4.081728216,0
7.249257533,24311.90579,4.361486486,0
8.815358153,26780.69179,2.87588038,0
6.816417125,24170.27489,4.274738414,1
9.436637364,20724.93036,4.41111764,0
7.593177133,19214.18636,3.542092844,0
7.080794704,17835.30901,5.709690441,1
7.480728314,28357.94277,3.714874987,0
6.157443345,25937.71144,4.770154512,0
7.397650863,26730.63533,3.078478988,1
6.581878402,37169.4444,4.201663064,0
7.830607791,18821.38961,3.551568213,1
7.700362505,29432.20825,3.786487194,0
2.00E-07,49456.58711,4.92884018,0
13.54124044,13475.91277,3.529191157,0
7.183108934,5097.82585,4.006425039,0
7.179864349,10859.55375,3.878447514,0
5.264284002,25556.05313,5.100239865,0
7.080794704,2808.025756,4.081328987,1
7.031839374,12653.94408,2.725565149,1
7.080794704,42617.3034,2.846501399,0
6.665495268,25319.91387,3.928495592,0
7.080794704,7845.472891,4.454641501,0
2.945469261,16829.39304,5.06998297,0
6.657793791,18844.03703,3.868925902,0
7.080794704,15873.03443,4.706775092,1
7.423586212,34451.98421,3.365397695,1
7.376161338,17181.00881,4.010235594,1
7.080794704,36290.74611,3.817779153,0
8.445219359,28966.56933,4.400706062,0
11.21913494,21871.78517,5.749586031,0
4.9456949,23000.72314,3.78251766,1
10.62882111,14054.12549,5.140449667,0
9.567822926,38787.46271,4.197919255,1
7.080794704,21762.61415,4.344805144,1
6.728004586,22888.78806,4.410697553,0
6.746935168,25137.42768,3.485536176,1
6.073685181,11795.31358,5.249070011,1
5.554436711,31344.46039,2.095914287,0
8.966836173,16764.85476,3.654355162,0
6.209697637,22610.76871,3.893767031,0
7.080794704,21410.31962,3.659975012,0
6.300755709,25668.19895,5.708112083,0
9.323584058,15751.1753,3.006650422,0
9.678051054,26402.70396,3.029700535,0
8.242558835,24042.18816,3.529427437,1
6.770095346,25887.63172,5.203461567,1
7.765635762,13736.34204,3.21444984,0
10.50966883,16786.92541,3.505079034,0
4.979469011,24167.84288,3.439021851,1
7.061831172,24991.76602,4.299018787,0
9.54025244,31683.86459,3.329504099,1
7.080794704,21862.75361,3.943290957,0
6.847863412,24456.17489,4.92119593,1
5.970579108,19952.30947,5.013281368,0
3.798391249,18529.79803,4.833508057,0
8.247958256,28327.16734,4.723230906,1
5.918953746,9712.560664,4.265547339,0
7.295141532,13706.18681,5.056104224,1
7.080794704,46931.88429,4.120931624,1
7.870853612,51731.82055,4.221614151,1
8.146185994,20506.69842,5.177963825,0
8.020869303,21759.36393,3.442121436,0
7.859490139,31725.48777,4.498069366,1
8.040144367,6879.764654,3.986460012,1
5.187471805,20060.07873,3.203258096,0
5.198067843,37200.24206,3.295034059,0
4.812433852,11465.57564,3.0209961,1
8.527142698,3413.081634,2.649424105,0
8.278752941,29381.93641,4.767722584,0
8.149437498,23978.10768,4.949257561,1
7.705711206,18476.61917,3.861956277,0
8.515977467,28553.55946,2.165681881,0
6.588208165,35263.6124,3.972256056,0
7.272362397,16404.75949,3.99658157,0
4.495357879,14080.83371,4.962899785,0
6.217255507,32911.92972,2.08142522,0
6.071839064,17162.75393,2.691610595,1
5.500276775,19911.2249,5.147536111,1
9.824706676,15120.92472,3.226035559,0
6.453605409,25257.64929,5.56826514,0
6.618186767,13776.62179,3.797068061,1
8.884934703,17621.39011,4.714163653,0
7.481535562,12088.41645,4.262065637,1
8.22708333,40546.95633,3.619182048,1
7.86978207,18608.6563,4.219575778,0
6.93208523,19530.47382,4.433286088,1
6.356511262,17538.54117,3.415525725,0
8.25121798,17617.87631,3.495063186,1
6.962324795,35229.077,4.526768527,1
5.403883892,11571.42154,3.189942499,1
7.06614204,22523.43357,4.127599273,1
7.080794704,25680.71739,4.32378508,1
5.872440059,14343.42321,3.741067433,0
4.430281412,28862.25717,4.384565356,0
4.906491793,14786.1389,3.152345105,0
3.928556692,17328.16146,5.060836179,0
5.462356135,11642.149,4.486180692,1
7.945407687,15938.28644,5.428916924,0
7.583770499,36343.40706,3.642289414,0
7.080794704,29513.80486,3.027946697,0
6.770927084,26880.22004,4.91053402,1
7.262534852,38713.11269,4.846359572,0
6.539115461,23308.29688,4.211672159,1
9.185417702,18073.96859,4.186674818,1
5.363362845,27045.92996,3.871372689,0
6.449236857,12812.55712,4.065148202,0
7.614057017,17598.20035,3.437946595,0
7.080794704,14368.12816,4.583110038,0
7.451888979,15825.18257,3.930080961,0
7.080794704,14202.19381,2.848371018,1
6.887414571,29189.13672,4.564188555,1
6.150034601,8406.723244,3.444442692,1
7.080794704,11566.87555,3.603089889,1
7.080794704,25110.03763,2.739235187,0
8.124208026,26489.1147,4.724456778,0
10.39194259,39116.68271,5.77171496,0
7.790875062,24061.3496,3.076214541,0
6.139743232,23894.13601,3.841221774,0
7.080794704,16263.16747,3.451740247,1
8.316766084,22018.41744,4.628770737,0
10.22386236,28749.71654,2.672988937,0
11.18028467,25484.50849,4.370562137,0
7.119824584,18730.81365,3.445756423,0
6.347271961,41065.23476,4.376348491,0
7.371050502,25630.32004,2.560299348,0
5.400301981,17266.59342,4.82478659,0
5.115817264,19620.54533,3.902088968,0
9.267187731,24683.72357,4.324004846,0
5.331940679,16658.8765,4.434820458,0
7.145771745,28780.34043,5.182590904,0
9.920691259,9973.934059,4.69070743,0
7.809632098,12013.55063,2.447444664,0
9.147197255,11920.61084,3.794531791,0
10.56074484,21783.65103,3.96468655,0
6.391353824,20965.47831,3.923749369,0
5.058109069,34873.93452,5.106655974,0
5.704764976,33223.58153,4.157533607,0
3.514545729,23029.66361,3.762615531,0
6.455004997,24468.04839,2.293431606,0
7.316804954,31903.39981,3.50837285,0
7.408985667,9566.12227,3.772421128,0
6.762832722,27159.38435,4.916579361,0
6.953371803,11609.10905,3.651866008,0
5.488314509,21485.1532,5.066786472,0
7.205559375,24627.86756,3.710053326,0
8.419970882,13237.9896,3.962478514,0
7.725333108,36477.73811,3.724836904,0
10.1119769,15331.30269,3.425763442,0
6.506487967,17087.0769,3.548775789,0
6.643935975,10909.19459,3.812953126,0
5.03377419,34971.80748,3.244948677,0
7.977636191,32170.06916,3.5521297,0
6.242414684,28149.41179,4.508705298,0
6.06335499,14775.1456,3.467337115,0
9.562406144,13041.82914,3.762720037,0
6.825468101,46140.12685,3.027449778,0
6.579969529,17657.08418,4.575932072,0
4.801154568,13556.7344,4.418638332,0
6.906992372,19991.23915,2.124759552,0
6.20801574,17358.79637,4.334615932,0
8.640886609,26473.71324,5.263101772,0
7.830976543,7695.063935,4.588784857,0
6.129637215,30989.94841,4.615886381,0
6.511618275,29136.81462,4.850433908,0
5.323815784,37625.75268,2.880722046,0
6.626012384,25839.8941,4.194313329,0
7.895469446,7769.616119,4.2369475,0
7.947485986,34440.77343,3.70085404,0
10.02615936,14962.17783,4.182277782,0
5.869736955,22244.21824,4.689315248,0
9.925041528,10704.60318,4.703803689,0
5.095766665,26307.29845,4.35219367,0
7.682872698,12105.72193,3.778606988,0
3.664710762,28102.75663,3.316157857,0
4.814135821,17650.40505,5.190852005,0
7.436782809,28544.61629,3.727663919,0
6.755146102,18536.69865,5.162729949,0
9.445130038,13168.52916,3.875165447,1
6.548020758,25508.38695,3.611860572,1
7.291888525,27784.04848,5.328712988,1
7.275908974,22644.76635,5.062297998,1
6.286807148,13777.37619,4.104863475,1
7.628552923,26244.03691,4.182057348,1
4.79084074,17862.369,3.258859145,1
7.710960139,6552.626314,4.28894702,1
8.291299206,20008.13496,3.424702121,1
9.032660779,15618.17025,4.927218472,1
5.667650847,16953.89874,3.633213956,1
5.862641433,44069.27216,5.50742114,1
7.82197114,23318.18798,3.532958535,1
11.3017942,39227.61946,3.309580597,1
6.964226143,29957.19122,3.990437772,1
7.672909723,22989.35118,4.268227682,1
10.02622401,25510.0973,3.736228671,1
6.848331759,12837.50606,4.396604756,1
4.296247224,19672.48721,4.163329182,1
9.158445363,15797.0304,4.525236931,1
8.848586483,32033.33202,4.014682058,1
9.495456582,18088.35485,4.168541479,1
7.757269866,25259.78055,4.165432486,1
5.117390503,30914.11158,3.937188642,1
7.063647176,17941.81126,3.39586644,1
4.812433852,11465.57564,3.0209961,1
4.788861262,28174.62052,2.896852386,1
5.966000689,17350.05853,4.177139466,1
5.991283675,29983.11601,4.840562501,1
10.27244447,18894.85239,3.179884927,1
9.443359084,20438.22469,3.486646609,1
6.512901033,25151.41157,4.404040565,1
5.772718295,26124.93141,6.494249667,1
6.448931233,13979.16572,3.622195722,1
6.66400325,15902.94528,2.227728084,1
7.146976496,16911.20377,4.025762416,1
5.040331892,25653.69023,3.603325815,1
6.259651803,37356.7464,4.213405462,1
4.725785765,20834.29428,3.15633162,1
8.19576556,10389.54254,3.218709424,1
6.945224292,36438.31088,4.823082214,0
7.350379187,26736.08557,3.663922384,0
4.961352928,22229.23009,3.902838034,0
7.967345023,19384.03743,4.069358972,0
9.879071458,14673.67067,4.218831354,0
6.961891886,31101.68428,3.44672866,0
6.384824209,39960.29895,4.144998718,0
7.858662979,26703.85347,3.422470721,0
8.079808558,12677.8415,3.611057641,0
7.078659619,26177.78951,3.696640341,0
7.240351206,14462.67431,3.7829721,0
6.353110502,18409.03732,2.856175687,0
4.37047678,29542.33817,4.649382234,0
6.599594019,21078.88717,4.702310953,0
7.920794764,13454.63478,3.374326723,0
7.815121978,20229.10815,3.096163472,0
7.689358204,30253.8511,4.978556295,0
6.624806628,21443.26475,2.840910956,0
5.980357427,11826.29428,4.247240349,0
6.109073512,26853.94949,4.881101338,0
5.842933281,19156.12313,4.143225136,0
7.29195724,21891.67716,4.237644094,0
5.608745432,19835.98077,4.644211845,0
5.412762698,45510.58432,4.091205793,0
5.018132584,29072.03812,4.286479167,0
5.770621169,16173.72709,4.240821678,0
8.437876183,12856.9287,3.815469194,0
5.907078469,41839.45645,4.296480109,0
8.206500138,18949.97554,4.22512113,0
7.286167588,30879.02668,4.686020116,0
6.5036384,15000.18777,4.963184634,0
8.394397612,10603.09802,2.83390163,0
4.301373667,26640.07219,3.067626899,0
8.313773804,11310.95831,4.290071716,0
7.510943542,17100.88743,3.342409254,0
6.978291068,26189.64706,4.931878279,0
7.494212247,29252.50111,5.492705155,0
6.032189103,32882.15594,3.423831821,0
7.459145059,19436.50354,3.841052238,0
8.457901237,16061.5901,4.914276295,0
8.576740128,24897.2866,3.916114933,0
8.145632574,31350.27577,4.307547719,0
9.268282095,14333.53802,5.255703582,0
8.26994491,11889.21775,3.076480132,0
8.719764532,30681.12026,2.887725622,0
6.492639046,14625.56136,4.667770361,0
9.652563135,8508.15373,3.192569999,0
7.386837896,29122.697,4.816705416,0
6.268953537,24769.51139,4.674496173,0
6.412707242,32333.84154,5.014145084,0
5.548182049,39997.7837,3.945460684,0
9.042583066,14149.49983,4.34844034,0
6.273805982,15130.15437,4.510405524,0
8.11644677,23985.86442,2.934697637,0
7.66518798,22993.72935,2.707129362,0
7.543931505,24227.96114,3.703191506,1
8.977822083,20225.64292,3.199999814,1
7.372611996,17606.88569,3.182521319,1
6.704635626,9727.761716,3.42217882,1
8.842463856,7839.31876,4.576728906,1
7.721078694,17248.61874,3.22395129,1
9.089421298,32238.07778,4.430116216,1
1.757037315,41538.24273,2.96755433,1
9.545270721,25189.83062,4.983903665,1
5.624820196,9028.760345,4.355489362,1
7.688786116,29568.53585,3.918673356,1
9.961247909,11939.76986,3.246583297,1
3.633163029,28584.17581,3.349571855,1
9.90081504,16233.13468,2.39500231,1
7.110845338,25043.5328,5.712792327,1
8.12934192,22982.92744,4.822043764,1
7.115895466,18463.88366,3.736020747,1
7.06184572,11300.23811,3.958248704,1
7.481397972,13781.78028,4.03997649,1
7.702183299,18126.03096,4.382159362,1
8.581428894,20590.71211,3.388448422,1
8.390500772,27032.14226,4.150359537,1
7.58194488,21675.68287,4.833345974,1
9.850054887,35289.23711,4.521836327,1
9.663653396,13213.57825,4.741944505,1
6.920343099,16689.7996,3.266213675,1
5.35256618,27795.73204,4.779187209,1
5.140800728,21407.61429,4.192257649,1
9.622106187,30307.21768,3.975572049,1
5.361211866,24709.72886,1.81252914,1
6.916826173,29263.55407,4.598622446,1
9.146557756,6787.48466,3.210882139,1
9.393148642,20592.25894,4.665681259,1
8.900864897,9592.151333,4.51875087,1
7.804369074,14160.68677,4.075557175,1
4.739548967,27215.90274,2.942348425,1
9.485833073,15357.83337,3.221130019,1
5.433466439,31421.73163,2.871196231,1
4.594209364,27981.09119,4.917910087,0
6.400256364,15936.24736,4.561494019,0
7.888843774,15824.78873,3.630524185,0
7.440825231,17259.8523,2.496342812,0
7.611610017,25063.68301,2.87326141,0
8.064170337,8712.002589,3.246077423,0
4.292967058,30434.26912,2.804923783,0
9.085637302,9001.658753,2.544020476,0
6.492627357,34314.08709,3.378778693,0
7.918183521,20012.17298,4.764193794,0
8.783167824,16183.58665,4.274137084,0
8.159666904,17068.29886,2.957195049,0
7.207931297,18493.87218,4.705562084,0
6.9870417,19472.62433,4.475161303,0
6.791697107,21467.95087,2.817391574,0
4.489783996,14906.04792,3.776225831,0
5.953982078,32241.07961,4.071916687,0
10.63290981,12958.74846,3.722455051,0
7.183096132,13501.67797,3.806539639,0
4.487517679,36860.4689,2.765722448,0
5.949518964,16898.8083,4.072197822,0
10.28206817,8108.297322,4.572923204,0
6.871607445,19557.99372,4.180389512,0
5.791154573,20288.23557,4.104835017,0
6.153369157,22052.03462,4.030337685,0
7.5926725,14912.22551,3.341426928,0
4.922045666,38494.72025,2.291694736,0
7.602121675,11346.14345,3.698874969,0
8.846282157,17734.94963,2.925037758,0
6.751698786,26325.8177,3.756006872,0
5.088213397,39125.2092,2.600618879,0
6.954907417,21895.2857,3.169715176,0
10.38613313,17982.38726,4.921340825,0
10.8112897,11848.22827,4.416183894,0
8.966836173,16764.85476,3.654355162,0
6.729830104,23114.03183,4.724322113,0
6.93039167,25780.05908,3.699796236,0
7.421997844,15772.65317,3.603609781,0
6.138785352,20129.97882,4.677289818,0
5.276323744,42063.8744,3.883029241,0
7.366915484,14151.76008,3.051316763,0
6.86313645,23610.51756,4.319777395,0
6.66953258,16246.17319,1.964863297,0
7.595670184,13486.14219,3.403393377,0
8.87027846,16854.12946,4.182740865,0
8.769676222,13969.43886,3.776718662,0
6.836225139,24293.17266,3.666613886,0
6.490037375,19397.32389,2.430883494,0
9.323584058,15751.1753,3.006650422,0
7.884842193,21733.82804,4.631640954,0
4.797460382,21280.24656,4.038502989,0
5.348213859,11797.92092,3.31116831,0
5.744067737,28391.99819,3.171655408,0
9.608533794,4544.841718,3.042797144,0
7.748928748,18939.93666,3.136945207,0
5.368125954,32619.31297,2.004142786,0
7.184973319,25234.42797,3.665410862,0
5.319769273,22390.79557,2.92573224,0
6.733494042,27430.44173,3.178003805,0
6.883015602,14298.41046,4.102291969,0
8.154841055,25620.77137,3.696327775,0
9.045720745,22829.11084,4.213700644,0
7.617149071,27080.26872,2.391540206,0
3.344588733,55334.7028,2.575141231,0
7.774468669,22316.39828,3.891097534,1
6.150487801,6342.502843,3.551656011,1
6.767523858,21162.72674,3.300253698,1
7.603775646,11459.62245,3.584985224,1
8.546145755,23349.48542,3.505300368,1
5.432512285,14970.64724,3.874425515,1
7.156424695,27025.20696,2.958414912,1
4.775222156,13978.17266,3.223081065,1
7.741245259,22824.69947,3.741143566,1
4.187491015,21809.70983,4.592959544,1
6.799375718,7986.493239,3.819985577,1
8.073279152,17106.43865,4.854312986,1
5.078274375,18125.6384,3.631042514,1
9.434006075,20474.82082,4.201054564,1
5.803497176,19451.7676,2.181714367,1
7.058182808,26608.92915,3.613834971,1
7.535700391,14829.74597,4.208354554,1
8.722143977,28301.51695,3.274628842,1
6.284385991,18526.26169,5.030712369,1
5.716251554,19393.46986,3.433135585,1
6.320428023,11682.22932,4.553380943,1
5.484151454,19378.35907,4.43885866,1
9.792727969,30249.17085,3.729120602,1
5.913956888,13086.64393,5.648606149,1
8.447404688,19583.05735,5.21830731,1
6.859323926,27567.37567,4.501980215,1
5.974583448,22543.25629,3.721974896,1
6.635894508,20339.01687,4.523237066,1
5.34411707,13492.84084,4.104698761,1
7.871961603,12760.43715,2.938536487,1
6.810466717,32602.34008,4.402339713,0
5.574116795,17546.40326,5.152527898,0
4.483402961,13122.22342,2.203840724,0
5.271971578,22005.43655,4.119436675,0
5.694475746,18742.92522,4.107467319,0
5.548125147,34006.76875,4.599236065,0
5.386638162,20416.65103,4.320900375,0
7.025504535,21884.53851,2.941555323,0
7.217392981,13579.55458,3.746620024,0
6.61977566,11388.53419,4.086920767,0
6.217255507,32911.92972,2.08142522,0
6.907379815,40290.22164,1.496101143,0
4.249890579,16073.67062,4.116347841,0
3.433874259,16318.73361,4.104938603,0
7.818275039,27558.54253,3.329243366,0
6.77105049,15719.49361,3.244867032,0
6.724639542,41552.01966,2.921414972,0
7.755154427,19024.68867,2.728799792,0
6.901710403,10323.95784,3.035670797,0
7.814250447,24470.20426,4.104662163,0
6.057068241,14807.26849,4.371748054,0
6.652824548,19155.72756,3.661529474,0
5.664845958,18678.95081,3.570290656,0
8.999499139,20933.51275,3.695084255,0
5.588537391,17732.24067,4.37399878,0
6.265637544,18711.06466,3.266028869,0
8.828094575,17699.61061,3.793317886,0
8.647454207,12995.88543,3.624100859,0
6.453065003,23129.46018,3.440859002,0
7.893132173,20526.04971,3.302211925,0
8.121253876,25412.70974,4.428311883,0
9.502856946,4466.257488,4.237345452,0
6.968131513,19207.31177,3.030823783,0
5.76255245,22159.01807,2.906589412,0
8.397248296,16772.22625,2.835794484,0
5.149133488,16795.31867,4.839176358,0
7.371290077,25672.312,4.084696975,0
7.615557179,8403.284552,4.243133934,0
5.84866727,33095.3896,4.874534446,0
6.98981397,20769.51964,4.808582891,0
10.3781084,8644.831047,3.57744766,0
8.228564025,18132.0944,2.781944308,0
6.36729873,11619.7097,2.61476626,0
7.32250225,19534.42165,2.981649392,0
6.280905313,16950.01591,3.021289109,0
6.629993718,20487.92383,3.155213853,0
10.30157147,11278.82968,3.857852175,0
8.725393612,18862.67305,4.565542354,0
7.893818659,16853.67633,3.508503913,0
8.163074231,10494.57337,4.128193337,0
6.867000891,14464.11555,3.484120774,0
6.898315241,45939.68916,3.822307339,0
6.962993745,24036.59383,4.760381955,0
6.846060142,16515.67039,4.709374328,0
5.495035646,26744.30174,4.115428252,0
6.394980661,21051.25691,4.732002927,0
5.514062385,27859.74831,4.460363138,0
7.015332783,16351.22629,5.251223304,1
7.255798797,32595.12024,3.968177283,1
6.792407669,28508.21693,2.505650641,1
8.693150101,16559.87726,4.687846998,1
5.609025554,26955.33018,3.354890348,1
7.714312872,19789.63608,4.42513417,1
6.000723536,21111.6641,4.176218943,1
6.948265649,6874.586017,4.095612013,1
7.301444854,46718.55597,3.16007504,1
6.028101318,17150.10055,4.080786471,1
6.715940764,17180.18818,2.404729406,1
7.490786876,26551.3701,4.354535691,1
7.381757757,1372.091044,3.338021959,1
7.606880675,29339.92927,4.564460592,1
6.217585114,15597.64088,4.15016711,1
6.630122356,36269.70132,3.352764806,1
7.933067892,12732.88824,4.534233243,1
8.942046191,56488.67241,4.354287841,1
6.460033722,35775.7934,3.535597979,1
6.191241643,29778.35788,3.315070793,1
7.701032997,16978.92683,3.395482809,1
5.646083512,22455.69501,3.938505827,1
7.896744122,9407.664039,4.889458366,1
7.986018699,24712.99343,3.153004928,1
5.736675909,12683.48329,2.741791508,1
9.723377431,9076.646484,4.072063553,1
7.007974787,26136.31357,4.628975064,1
7.740384139,12477.77182,3.01336104,1
7.571684693,8835.555876,3.920287888,1
7.445189226,4168.196994,2.745803965,1
6.528490975,10835.20116,4.585971876,1
6.957433838,15007.42153,4.89205064,1
6.509621838,20122.19256,3.802819838,1
6.975209378,35701.15532,5.25648375,1
6.505066007,16982.13197,2.890998722,1
7.058866281,16473.06709,3.937334384,1
6.706695361,27881.50441,4.371882645,1
6.755669508,13821.55616,3.959517837,0
6.980062139,17625.46641,3.969463454,0
7.260904563,21391.16254,4.383823585,0
6.090016257,12558.89797,2.943521912,0
6.006769681,20279.70104,4.034755009,0
6.336342962,14619.62726,3.78880352,0
7.473235577,19932.58523,3.87771445,0
7.380105035,16862.54348,5.030452402,0
6.920389188,11086.25986,3.277601564,0
7.731315209,38356.2265,5.164284475,0
6.268402956,23050.33126,3.38970549,0
7.369911842,19283.40205,3.821721367,0
6.320375485,20481.64207,2.728617552,0
7.290088772,26115.61633,4.700618536,0
7.974065201,29477.7644,4.069086898,0
4.22142088,34370.19711,4.278712601,0
7.752176413,13655.68065,4.72550731,0
7.899256715,32210.8163,4.44817077,0
5.952268169,28105.96489,4.769768471,0
4.313219351,12770.83183,3.923590402,0
7.566517325,30823.73049,3.275142237,0
7.595228924,32869.47441,3.497604314,0
7.399724908,18535.04645,3.79512428,0
5.345345571,10315.35397,2.362886222,0
3.928556692,17328.16146,5.060836179,0
7.37533782,28767.75742,5.127395149,0
8.979323053,24967.323,4.264944246,0
8.532377674,30268.42127,2.380088249,0
7.213537681,34727.40856,3.497481161,0
6.841221263,28263.80372,5.092364852,0
7.146117425,33266.57158,4.775201918,0
7.953878315,18677.27922,2.86022417,0
6.26111078,8572.421509,4.753018775,0
6.957802949,20215.63285,4.587745669,0
6.732713913,33820.64576,3.885405237,0
4.886057257,15496.61172,3.079373314,0
8.518531995,32018.28963,4.147168818,0
6.950786715,21709.64771,3.997975415,0
7.946768104,24244.11196,3.038483325,0
7.703357021,12861.94654,4.732125546,0
8.885626544,19113.01191,2.993301144,0
6.306864659,22418.90819,4.619172969,0
6.513016786,26262.54548,3.729961116,0
6.110545361,21319.7944,6.06455945,0
6.980727364,30862.78446,5.437618777,0
7.161715093,13680.76414,3.909973768,0
7.309556607,22277.62602,3.707413924,0
9.264391109,19607.75492,3.175520974,0
7.191025057,23781.32874,4.270645893,0
4.477091914,26843.47036,4.32768049,0
6.548017842,38368.01262,5.930227777,0
6.581082956,24480.6718,3.511369918,0
6.94702874,17540.03022,2.600187933,0
6.203322708,29426.47378,3.487920251,0
5.921247269,17397.40286,3.74677576,0
4.293961435,24600.76069,5.105120957,0
8.662709701,20333.0795,5.120102728,0
9.494242848,21879.70421,3.18902574,1
6.309891776,31062.37192,3.603040662,1
6.879405157,20509.33196,4.70047043,1
7.916669899,39431.25263,4.275192919,1
6.405392682,20526.30684,4.531920981,1
7.795958001,27849.14209,4.25187637,1
5.284810315,11130.21137,3.990242832,1
6.728975348,26376.06229,4.593787333,1
6.864916939,20464.77269,4.493746969,1
8.458797188,29317.14244,3.827431611,1
7.288736861,31617.07542,3.531384861,1
6.742622598,15488.95675,4.96467284,1
7.041665617,25419.7695,3.099746363,1
7.185276649,25645.06723,2.959154023,1
6.281904129,17095.27007,4.457730115,1
6.50411298,20852.7645,5.396623342,1
7.080446021,36966.85332,2.664946255,1
4.704698662,5128.457646,4.109924912,1
7.976901074,15360.83507,4.753608131,1
9.014356934,49009.92466,4.549419613,1
7.78166396,35055.61649,4.822967685,1
7.15473608,32680.97799,4.629955936,1
6.718249645,21043.62693,4.488904516,1
6.866356715,13979.38175,4.346153763,1
5.892413386,11006.04851,3.311813393,1
7.91803937,22899.06291,3.386110013,1
6.804796345,17196.05471,4.847312762,1
7.17617107,25794.95019,4.742966949,1
7.776044313,38895.35614,5.425946134,1
6.266800148,27577.21362,3.652844926,1
6.630251909,22557.77958,5.181202692,1
8.164992626,29045.26114,4.16249571,1
7.657541928,35056.23223,4.792527652,1
7.544305836,34359.4008,3.714096635,1
6.559252821,30660.20967,4.216315216,1
7.035036995,19746.49325,4.557029066,1
7.880686143,19486.88184,3.579984011,1
6.538207373,12330.40657,3.426266649,1
5.756475889,8086.825999,4.002081717,1
8.81350486,40684.39001,4.242460063,1
9.175586353,47852.88887,2.959684821,1
8.11195337,38184.46957,4.430750656,1
7.927969753,27402.02,4.847262462,1
7.078361274,16648.60057,3.263464931,1
6.420640406,26034.5282,3.139940474,1
7.128062455,25227.54515,4.510595464,1
6.989442377,12150.72192,3.85304775,0
3.84645415,14686.28339,3.143430869,0
7.301563649,23441.26714,2.774961149,0
5.29419559,26811.20307,3.522454293,0
9.250491839,22749.17835,3.996339379,0
10.14629068,24649.67475,4.481552563,0
8.114665626,26631.21287,2.65459469,0
5.903993701,19399.22197,3.820021416,0
10.28412628,23259.01245,2.844632941,0
9.57822692,33080.58883,3.419238962,0
7.094831034,18975.6435,3.628459829,0
7.744772752,27648.15965,5.016321399,0
6.890274739,12218.09594,4.100697151,0
6.047381057,20278.38299,2.216729891,0
10.16483876,28915.64322,2.937686405,0
9.032563651,24897.55703,3.626136078,0
8.524296563,12658.17716,4.343059724,0
6.519847984,14284.64792,3.272286286,0
7.910641114,16461.50232,3.88660289,0
4.30002954,17639.85794,4.586448605,0
8.575939374,15778.7294,4.00212886,0
6.946717758,32946.56752,4.93498623,0
5.098967268,21682.75477,4.333667565,0
8.978997945,19030.71688,4.656316982,0
5.632041192,19345.92248,3.511985037,0
7.692523734,26686.84794,4.522432164,0
8.157518283,27931.2084,4.469430738,0
9.969273421,26944.68192,3.643379215,0
4.838571307,18328.40262,4.580372169,0
4.161112168,25815.38921,4.168242389,0
9.99980766,33462.03422,2.659977862,0
7.038092506,24607.0881,4.237697807,0
2.803563257,11920.90742,3.489938797,0
8.180755526,25623.8675,3.845423005,0
6.538084287,15979.06027,5.143750322,0
5.91580695,12431.80311,4.513200739,0
6.493764375,19821.33837,4.910911221,0
6.977405833,16100.96795,5.327584732,0
5.489248255,15979.33479,3.987012291,0
7.312109504,14540.73508,5.123872135,0
8.028304442,20408.4856,3.91599101,0
8.616824626,19126.29854,4.584565863,0
5.05074858,18252.07599,3.930290863,0
8.383761891,21923.87409,3.585736835,0
6.47614004,21165.59065,4.041580447,0
10.5779307,28652.1433,3.051607924,0
7.989376434,16746.80039,3.648743937,0
7.610509411,34538.54404,4.692218119,0
6.104926014,13539.81166,4.131932787,0
6.001382641,22554.83009,4.036719962,0
7.345138617,17032.77373,4.297994991,0
6.380717515,21250.93563,4.532019863,0
5.573201357,15613.16053,3.599624861,0
8.303264,16548.35673,3.892667202,0
7.348611431,32742.18733,3.544537468,0
3.798391249,18529.79803,4.833508057,0
6.396341251,20115.73359,4.44590738,0
5.228506522,24855.90778,3.188805673,0
6.565319632,12875.12778,2.233894246,0
10.62882111,14054.12549,5.140449667,0
10.52460218,31965.36404,4.340986928,0
6.095512075,16404.94142,4.302015923,0
5.814564434,29382.33526,4.131912108,0
6.756660007,22112.74635,4.184873793,0
7.606067082,14609.97688,4.58147766,0
9.808258379,34132.06798,4.48126144,1
6.450805943,19002.31466,3.275581382,1
5.161878963,18666.56364,4.320100741,1
6.791992849,30471.9291,2.91405768,1
6.150595918,23890.89336,4.847520434,1
5.508155726,12137.0996,4.571406611,1
4.761105385,19197.10552,4.581395278,1
10.49074423,32092.05838,2.887023139,1
7.973307735,23517.68101,2.826112141,1
7.352146238,13714.83264,5.864498091,1
2.538115973,19872.85485,2.840097414,1
5.495976199,18333.63266,4.901038422,1
5.092757439,28390.89136,4.636728896,1
7.851925892,14763.58011,5.204044378,1
8.174186467,31114.82084,4.709403085,1
4.740056888,24069.33591,5.467935906,1
7.40265335,19259.19394,6.226580605,1
7.089184387,21065.66366,3.266028712,1
4.901907056,13614.75093,4.103534474,1
8.655299073,13676.75352,4.588758578,1
4.08359508,20555.96549,2.974871103,1
7.753936318,17169.58438,4.833026894,1
7.496991127,22631.65773,3.837926204,1
7.542300367,18877.4939,4.317553712,1
8.189214051,18432.47652,3.709509078,1
8.289858106,23884.13148,4.289236935,1
8.142660601,20111.22595,4.617093689,1
5.896432675,23022.16895,4.280793129,1
4.3107017,11842.75781,3.172375691,1
6.578680769,22374.82491,4.292042379,1
9.166758333,21736.9818,5.429266609,1
8.468694615,19148.22474,4.375599092,1
6.48615286,26807.11951,3.246794505,1
4.921094103,14126.59053,3.285187051,1
6.727185465,26012.48875,4.158248735,1
7.529929703,27062.06589,4.585322194,0
8.127710624,13227.05238,4.244173411,0
7.575758084,20855.27232,3.176432726,0
8.246369254,31080.43208,4.43325681,0
5.04562593,22557.6036,3.331786841,0
5.775331089,14710.72283,5.164260121,0
6.653649715,34816.44454,4.871406393,0
9.349470162,13137.49076,3.778022872,0
6.862936226,23580.65729,3.806093456,0
6.057904974,23603.50187,4.269753445,0
6.574084064,22723.80996,4.977323708,0
4.851104082,20227.64378,3.644107094,0
6.709336639,8238.290039,4.074387428,0
6.894051079,17475.46775,4.568843423,0
6.528479653,18533.33783,4.063276628,0
7.191493919,34933.7844,4.320684161,0
8.543217037,33037.35339,2.847875448,0
5.195920869,33473.11252,5.375902094,0
7.283913777,23112.50444,3.571862712,0
5.872440059,14343.42321,3.741067433,0
7.957113716,20425.76649,3.729873501,0
7.400238781,8136.071591,4.880119968,0
8.528292338,27352.34341,4.596923706,0
6.238053854,21919.59344,3.848307167,0
8.550525659,22377.27295,4.591997654,0
6.914868352,10343.37885,2.988611644,0
7.337924602,24266.51789,3.935514037,0
7.766114654,24145.38576,4.399902513,0
8.433975036,10823.30037,3.167712553,0
5.331799485,19693.90677,4.734874107,0
8.466013648,22523.12455,3.94662074,0
7.539337976,12610.93631,5.114128868,0
8.849702925,20129.35879,2.987671724,0
3.854617878,19639.796,4.290435246,0
7.387433963,11694.63529,3.830577472,0
5.057270746,19003.9639,4.432271073,0
7.455541363,16242.06028,2.930364796,0
9.961503337,18743.22249,5.215590695,0
3.230973306,13691.09497,3.281920759,0
4.704183867,7028.839617,4.1389946,0
8.189363556,13197.56681,3.688298256,0
4.89196024,9559.547393,3.904270155,0
5.655117622,19271.90312,4.401152442,0
5.082241632,17739.19896,5.056378862,0
6.836060147,18321.3275,4.952508447,0
7.333003647,32358.5386,2.642004006,0
9.338235218,17416.80178,1.872572801,0
6.490923196,30453.62319,4.372333582,0
7.413288541,17465.34558,3.290106106,0
7.103348575,4425.42644,4.417193761,0
4.835297928,23031.21581,3.633760808,0
8.727779076,25521.88922,3.831540651,0
6.089431046,11339.16605,4.366861119,0
6.418203257,19617.30849,2.670976947,1
6.848000313,26296.9483,3.815227809,1
6.991685353,20389.59382,3.72482376,1
6.602539972,21607.48324,3.592496285,1
8.560349491,14254.66132,2.939212781,1
8.277058398,12715.81428,3.751324291,1
5.913133133,40847.76015,3.900211514,1
5.039673304,23027.54976,4.864866609,1
6.339143026,16364.15941,3.355765216,1
6.9204489,39251.18213,4.498818536,1
6.393231545,17258.11404,3.644388327,1
7.493844061,26678.39288,3.81994676,1
9.097617617,38413.05709,5.473663449,1
8.040144367,6879.764654,3.986460012,1
7.296909082,15931.42923,4.671448383,1
8.014183272,30566.7675,3.417076399,1
9.252893597,12855.34624,3.56643493,1
7.288112907,18979.98169,3.62699016,1
5.141507077,11288.63472,4.510578466,1
9.454119648,21379.96393,4.05862621,1
7.266781686,27468.68171,3.919827245,1
8.064653009,27172.89357,3.324112814,1
6.336456702,25927.26543,4.561220015,1
8.951652335,15189.32782,1.844371804,1
7.210773902,14230.41913,4.462408241,1
7.893312911,14444.2896,4.097360316,1
5.230454169,24790.7246,3.695615312,1
8.257596725,20109.02627,4.528575125,1
6.941279104,15433.13484,4.178959972,1
6.888547803,30722.29823,2.901432244,1
7.356056978,31409.06398,4.54991704,1
8.149437498,23978.10768,4.949257561,1
9.271578733,38886.38768,3.54960861,1
6.643734576,14110.92097,3.920607608,1
6.761413909,32156.81944,4.350207072,1
7.612517023,14812.97065,2.939593672,1
6.658833772,16828.8806,3.96974064,1
5.023380984,15040.84148,4.477351612,1
8.163999818,27414.89912,3.673088294,1
6.701941112,17176.87895,4.179449781,1
5.547576463,27417.99804,4.448670926,1
9.871791432,27912.90826,3.652264031,0
4.317187554,27163.45788,4.078277345,0
5.349997497,31795.62561,3.838721585,0
6.510972535,20081.74536,3.96252531,0
6.934310783,13901.64468,4.210975473,0
3.762097846,45050.00228,4.98606953,0
13.34988876,18464.90077,2.531075055,0
7.817901481,13742.14597,4.622667887,0
6.970036894,32037.60547,4.27528792,0
4.328282716,30592.54883,3.708526063,0
5.158722768,33892.24595,4.094605478,0
5.890870559,34920.03935,4.37077676,0
5.963479405,24435.64208,3.727813523,0
6.782868748,25366.79791,5.468591047,0
8.28876566,11234.04147,3.580523661,0
10.89348493,25702.51867,3.634970596,0
5.808238834,43110.50372,4.81906393,0
7.783305813,24789.35473,5.045619828,0
6.316470721,32651.80276,4.902735686,0
7.057552846,13129.14984,4.486402827,0
5.571019911,26138.09761,3.931306948,0
9.45993071,14450.17575,3.322889938,0
5.726336416,35899.28031,3.912289282,0
5.368988544,15973.68689,3.73788298,0
3.730128207,16892.89566,4.943032374,0
4.497585345,27768.38287,4.965738756,0
10.33127348,15824.82271,2.673441071,0
6.931244378,24359.47041,4.897957318,0
6.90111122,21103.30319,3.616498542,0
10.33767106,21820.29588,5.063109115,0
7.149124768,23158.3891,3.787033615,0
5.369584381,27199.64199,3.357484636,0
8.550428015,10453.08732,4.903869828,0
7.104595099,18093.97216,4.763058191,0
6.260891834,33809.2247,4.397386392,0
6.174884506,23006.24222,3.623297993,0
5.039406976,19336.60807,3.1269561,0
9.065894394,20260.40369,4.299502746,0
7.985406594,17583.08034,4.752451939,0
10.28937981,18869.21209,3.500167176,0
5.620533636,27852.09744,3.439476048,0
8.558388975,8535.402956,3.946227919,0
8.426906557,19576.53038,4.244514127,0
10.81783128,23989.99015,3.590841328,0
5.093675335,30245.95698,4.552571642,0
7.971298947,29827.79397,2.439140209,0
1.985383559,23039.32851,3.923093397,0
6.481890479,34698.62116,5.002360733,0
8.6312702,14880.6518,3.640944203,0
9.172624719,11319.10623,3.686395402,0
11.4497395,12355.34411,5.166903683,0
6.283678995,19905.43655,4.48077151,0
7.26354527,16129.70692,3.950529937,1
6.665774401,30610.0479,4.903553419,1
6.397905214,22057.05179,3.958543651,1
6.579185151,16700.03487,3.813556521,1
8.651023563,13207.86097,3.644279172,1
6.658741758,25172.58576,3.400987815,1
8.2977834,20316.42668,4.239220772,1
6.259267733,9734.677103,3.932142159,1
8.076126498,10816.27337,4.291355458,1
5.303764537,6675.682245,4.024521051,1
6.028348985,12145.5446,3.142084154,1
6.985303937,16470.95219,3.081799208,1
7.02729706,31151.61518,3.392666623,1
6.150034601,8406.723244,3.444442692,1
6.965280072,24312.0378,3.969318496,1
5.530055221,38918.77807,3.327472339,1
9.05238389,22203.48726,4.259719652,1
8.077261086,23931.28283,4.279871502,1
6.682097559,7705.298605,3.44982967,1
8.430471862,35254.02605,3.253920633,1
6.81760858,27548.61418,3.04829226,1
7.679595296,32000.84391,3.297525434,1
6.603416723,19468.7901,4.270816804,1
6.125810525,8810.89581,4.953057891,1
5.836104725,17711.48777,3.738991029,1
10.80815714,29614.34879,4.362542427,1
7.371914356,42059.38042,4.338957526,1
6.00897381,5100.094173,4.012340583,1
3.629922265,24856.63321,4.754826593,1
8.197353569,27701.79405,3.361833524,1
6.069615957,26138.78019,3.669711904,1
